<?xml version="1.0" encoding="utf-8"?>
<document id="47054">
  <s id="1">
    <time id="T1S" value="00:00:50,831" />
112, hvem talerjegmed?
    <time id="T1E" value="00:00:53,140" />
  </s>
  <s id="2">
    <time id="T2S" value="00:00:53,951" />
Der er en mand i mit hjem.
  </s>
  <s id="3">
Jeg har et lille barn.
    <time id="T2E" value="00:00:57,421" />
  </s>
  <s id="4">
    <time id="T3S" value="00:00:58,551" />
Han vil slå os ihjel.
    <time id="T3E" value="00:01:00,587" />
  </s>
  <s id="5">
    <time id="T4S" value="00:01:01,151" />
Hvem erhan?
  </s>
  <s id="6">
Du må ikke læggepå.
    <time id="T4E" value="00:01:04,382" />
  </s>
  <s id="7">
    <time id="T5S" value="00:01:05,471" />
Skynd jer.
    <time id="T5E" value="00:01:07,905" />
  </s>
  <s id="8">
    <time id="T6S" value="00:01:12,271" />
Åh gud, nu kommer han.
    <time id="T6E" value="00:01:14,626" />
  </s>
  <s id="9">
    <time id="T7S" value="00:01:15,871" />
Han kommer.
    <time id="T7E" value="00:01:17,827" />
  </s>
  <s id="10">
    <time id="T8S" value="00:01:18,711" />
Mor og barn forsøges muligvis myrdet.
    <time id="T8E" value="00:01:20,827" />
  </s>
  <s id="11">
    <time id="T9S" value="00:01:21,031" />
Sendalle vogneiområdet.
  </s>
  <s id="12">
Blivhængende.
    <time id="T9E" value="00:01:24,580" />
  </s>
  <s id="13">
    <time id="T10S" value="00:01:40,271" />
Hvorfor gør du det her?
    <time id="T10E" value="00:01:42,990" />
  </s>
  <s id="14">
    <time id="T11S" value="00:01:43,511" />
Du er en dårlig mor.
    <time id="T11E" value="00:01:45,547" />
  </s>
  <s id="15">
    <time id="T12S" value="00:01:58,151" />
Sov, lille baby sov og bliv stor og mens du sover, våger din mor slet intet ondt din vugge skal nå
    <time id="T15E" value="00:02:15,306" />
  </s>
  <s id="16">
    <time id="T16S" value="00:02:16,511" />
mor er jo hos dig   hun passer på.
    <time id="T17E" value="00:02:23,746" />
  </s>
  <s id="17">
    <time id="T18S" value="00:02:25,631" />
Lad mig gøre en ende på dit mareridt, knægt.
    <time id="T18E" value="00:02:28,589" />
  </s>
  <s id="18">
    <time id="T19S" value="00:02:36,991" />
Er specialstyrken kommet?
    <time id="T19E" value="00:02:38,583" />
  </s>
  <s id="19">
    <time id="T20S" value="00:02:38,791" />
Afspær området.
    <time id="T20E" value="00:02:41,066" />
  </s>
  <s id="20">
    <time id="T21S" value="00:02:49,271" />
- Hvad venter du på?
  </s>
  <s id="21">
- Specialstyrken.
    <time id="T21E" value="00:02:51,421" />
  </s>
  <s id="22">
    <time id="T22S" value="00:02:51,631" />
Så kan du vente hele natten.
    <time id="T22E" value="00:02:53,587" />
  </s>
  <s id="23">
    <time id="T23S" value="00:03:17,631" />
Der kommer røg ind.
    <time id="T23E" value="00:03:19,542" />
  </s>
  <s id="24">
    <time id="T24S" value="00:03:22,431" />
Så er det ham.
    <time id="T24E" value="00:03:24,581" />
  </s>
  <s id="25">
    <time id="T25S" value="00:03:40,311" />
Af sted.
    <time id="T25E" value="00:03:41,824" />
  </s>
  <s id="26">
    <time id="T26S" value="00:03:43,791" />
- l må ikke skyde!
  </s>
  <s id="27">
- Er der andre derinde?
    <time id="T26E" value="00:03:46,146" />
  </s>
  <s id="28">
    <time id="T27S" value="00:03:46,391" />
- Chris, tag dem med ned.
  </s>
  <s id="29">
- Få dem ud.
    <time id="T27E" value="00:03:50,066" />
  </s>
  <s id="30">
    <time id="T28S" value="00:03:50,271" />
Tjek det.
    <time id="T28E" value="00:03:52,023" />
  </s>
  <s id="31">
    <time id="T29S" value="00:03:53,831" />
- Jake, vi må vente på brandvæsnet.
  </s>
  <s id="32">
- Helt sikkert.
    <time id="T29E" value="00:03:56,868" />
  </s>
  <s id="33">
    <time id="T30S" value="00:04:03,351" />
Få åbnet vinduerne. 
  </s>
  <s id="34">
Af sted.
    <time id="T30E" value="00:04:05,911" />
  </s>
  <s id="35">
    <time id="T31S" value="00:04:06,071" />
Kom så i gang!
    <time id="T31E" value="00:04:07,823" />
  </s>
  <s id="36">
    <time id="T32S" value="00:04:44,911" />
Kom så, lille skat.
    <time id="T32E" value="00:04:46,947" />
  </s>
  <s id="37">
    <time id="T33S" value="00:04:55,631" />
Jake!
    <time id="T33E" value="00:04:57,428" />
  </s>
  <s id="38">
    <time id="T34S" value="00:05:07,351" />
Jake!
    <time id="T34E" value="00:05:09,467" />
  </s>
  <s id="39">
    <time id="T35S" value="00:05:09,991" />
Ud!
    <time id="T35E" value="00:05:11,185" />
  </s>
  <s id="40">
    <time id="T36S" value="00:05:14,911" />
Kom så, skat.
    <time id="T36E" value="00:05:16,583" />
  </s>
  <s id="41">
    <time id="T37S" value="00:05:17,551" />
Jeg er okay! 
  </s>
  <s id="42">
Se at komme ud!
    <time id="T37E" value="00:05:19,746" />
  </s>
  <s id="43">
    <time id="T38S" value="00:05:45,511" />
Hvad fanden laver du?
    <time id="T38E" value="00:05:47,183" />
  </s>
  <s id="44">
    <time id="T39S" value="00:06:11,071" />
Tag barnet. 
  </s>
  <s id="45">
Få ham på hospitalet.
    <time id="T39E" value="00:06:13,904" />
  </s>
  <s id="46">
    <time id="T40S" value="00:06:14,631" />
Mistænkte er en hvid mand.
  </s>
  <s id="47">
Han er til fods og har sort jakke på.
    <time id="T40E" value="00:06:18,704" />
  </s>
  <s id="48">
    <time id="T41S" value="00:06:42,271" />
Hold tilbage!
    <time id="T41E" value="00:06:43,829" />
  </s>
  <s id="49">
    <time id="T42S" value="00:06:44,031" />
Stop bussen!
    <time id="T42E" value="00:06:46,101" />
  </s>
  <s id="50">
    <time id="T43S" value="00:06:47,511" />
Luk op!
    <time id="T43E" value="00:06:49,069" />
  </s>
  <s id="51">
    <time id="T44S" value="00:06:50,751" />
Beklager, folkens. 
  </s>
  <s id="52">
Det er ren rutine.
  </s>
  <s id="53">
l skal ikke være urolige.
    <time id="T44E" value="00:06:55,984" />
  </s>
  <s id="54">
    <time id="T45S" value="00:07:01,671" />
Hvad sker der?
    <time id="T45E" value="00:07:03,548" />
  </s>
  <s id="55">
    <time id="T46S" value="00:07:03,751" />
Undskyld ulejligheden.
    <time id="T46E" value="00:07:05,901" />
  </s>
  <s id="56">
    <time id="T47S" value="00:07:12,071" />
Rejs jer op! 
  </s>
  <s id="57">
Over til vinduerne!
  </s>
  <s id="58">
l skal ikke se på mig!
    <time id="T47E" value="00:07:15,984" />
  </s>
  <s id="59">
    <time id="T48S" value="00:07:39,591" />
Stop!
    <time id="T48E" value="00:07:40,580" />
  </s>
  <s id="60">
    <time id="T49S" value="00:08:29,991" />
Vær bange, Jake.
    <time id="T49E" value="00:08:32,300" />
  </s>
  <s id="61">
    <time id="T50S" value="00:08:32,551" />
Vær meget bange.
    <time id="T50E" value="00:08:34,826" />
  </s>
  <s id="62">
    <time id="T51S" value="00:09:57,511" />
Jeg var så tæt på!
    <time id="T51E" value="00:09:59,308" />
  </s>
  <s id="63">
    <time id="T52S" value="00:09:59,511" />
Det er ikke dit problem længere.
  </s>
  <s id="64">
Du gik på pension for en time siden.
    <time id="T52E" value="00:10:04,266" />
  </s>
  <s id="65">
    <time id="T53S" value="00:10:04,511" />
Det ved jeg godt.
    <time id="T53E" value="00:10:06,820" />
  </s>
  <s id="66">
    <time id="T54S" value="00:10:07,031" />
- Husk at undersøge bilen for blod.
  </s>
  <s id="67">
- Klap i. 
  </s>
  <s id="68">
Det er ikke din sag mere.
    <time id="T54E" value="00:10:10,865" />
  </s>
  <s id="69">
    <time id="T55S" value="00:10:11,071" />
- Jeg ramte ham. 
  </s>
  <s id="70">
Find noget blod.
  </s>
  <s id="71">
- Du skulle absolut smække med døren.
    <time id="T55E" value="00:10:16,020" />
  </s>
  <s id="72">
    <time id="T56S" value="00:10:16,271" />
Nej, Hal. 
  </s>
  <s id="73">
Jeg ville have en sidste lærerig prædiken af dig.
    <time id="T56E" value="00:10:20,423" />
  </s>
  <s id="74">
    <time id="T57S" value="00:10:20,591" />
l dine ti år har du hørt det hele.
    <time id="T57E" value="00:10:23,105" />
  </s>
  <s id="75">
    <time id="T58S" value="00:10:23,351" />
lnden du går, vil FBl tale med dig.
    <time id="T58E" value="00:10:26,104" />
  </s>
  <s id="76">
    <time id="T59S" value="00:10:26,311" />
Med mig? 
  </s>
  <s id="77">
Det er da klart.
    <time id="T59E" value="00:10:29,189" />
  </s>
  <s id="78">
    <time id="T60S" value="00:10:31,511" />
De herrer.
    <time id="T60E" value="00:10:32,864" />
  </s>
  <s id="79">
    <time id="T61S" value="00:10:33,031" />
- Jake? 
  </s>
  <s id="80">
Stan Reisman. 
  </s>
  <s id="81">
Hvordan går det?
  </s>
  <s id="82">
- Udmærket.
    <time id="T61E" value="00:10:36,910" />
  </s>
  <s id="83">
    <time id="T62S" value="00:10:37,071" />
- Hvad vil du?
  </s>
  <s id="84">
- Du stopper hos politiet?
    <time id="T62E" value="00:10:39,460" />
  </s>
  <s id="85">
    <time id="T63S" value="00:10:39,671" />
- Nemlig.
  </s>
  <s id="86">
- Vi vil gerne tilbyde dig et job.
    <time id="T63E" value="00:10:44,187" />
  </s>
  <s id="87">
    <time id="T64S" value="00:10:44,391" />
- Jeg har ikke brug for et.
  </s>
  <s id="88">
- Vi kan hjælpe dig med at fange ham.
    <time id="T64E" value="00:10:48,066" />
  </s>
  <s id="89">
    <time id="T65S" value="00:10:48,751" />
Han vil myrde igen.
    <time id="T65E" value="00:10:50,662" />
  </s>
  <s id="90">
    <time id="T66S" value="00:10:57,991" />
lgårnatkrævede Torch sit offernummer elleve.
    <time id="T66E" value="00:11:00,630" />
  </s>
  <s id="91">
    <time id="T67S" value="00:11:00,831" />
Denne snumassemorder har væretpå frifodiovertre år   og myrdetmødreiSeattle-området.
    <time id="T68E" value="00:11:07,181" />
  </s>
  <s id="92">
    <time id="T69S" value="00:11:07,431" />
KriminalbetjentJake Riley harfølgende atsige om Torch.;
    <time id="T69E" value="00:11:11,390" />
  </s>
  <s id="93">
    <time id="T70S" value="00:11:11,631" />
- Hvordan er detatmåttegive op?
  </s>
  <s id="94">
- lngen kommentarer.
    <time id="T70E" value="00:11:14,668" />
  </s>
  <s id="95">
    <time id="T71S" value="00:11:14,831" />
Harhan ringettildig?
    <time id="T71E" value="00:11:16,662" />
  </s>
  <s id="96">
    <time id="T72S" value="00:11:16,911" />
- Stopper dupågrundafmorderen?
  </s>
  <s id="97">
- Jeg stopperafpersonlige årsager.
    <time id="T72E" value="00:11:21,746" />
  </s>
  <s id="98">
    <time id="T73S" value="00:11:21,911" />
- Komnu, Jake.
  </s>
  <s id="99">
- Okay, nuskallhøre.
    <time id="T73E" value="00:11:24,789" />
  </s>
  <s id="100">
    <time id="T74S" value="00:11:24,991" />
Den store styggebussemand erbare en sengevædende tøsedreng.
    <time id="T74E" value="00:11:30,668" />
  </s>
  <s id="101">
    <time id="T75S" value="00:11:30,871" />
Hanpisseribukserne.
    <time id="T75E" value="00:11:32,782" />
  </s>
  <s id="102">
    <time id="T76S" value="00:11:32,991" />
Han erynkelig.
  </s>
  <s id="103">
Han er etsygtsvin. 
  </s>
  <s id="104">
Erlgladenu?
    <time id="T76E" value="00:11:37,462" />
  </s>
  <s id="105">
    <time id="T77S" value="00:11:37,671" />
- Fikldetmed?
  </s>
  <s id="106">
- Fik videtmed?
    <time id="T77E" value="00:11:39,821" />
  </s>
  <s id="107">
    <time id="T78S" value="00:11:40,031" />
Fiklbåndet det?
    <time id="T78E" value="00:11:41,430" />
  </s>
  <s id="108">
    <time id="T79S" value="00:12:23,031" />
- Jacob, min skat. 
  </s>
  <s id="109">
Der er telefon.
  </s>
  <s id="110">
- Tak, mor.
    <time id="T79E" value="00:12:26,660" />
  </s>
  <s id="111">
    <time id="T80S" value="00:12:29,071" />
Du varrigtig ledmodmig ifjernsynet, Jake.
    <time id="T80E" value="00:12:31,869" />
  </s>
  <s id="112">
    <time id="T81S" value="00:12:32,071" />
Du er bare for nærtagende.
    <time id="T81E" value="00:12:34,631" />
  </s>
  <s id="113">
    <time id="T82S" value="00:12:34,831" />
Drop det. 
  </s>
  <s id="114">
Jeg ergåetpåpension.
    <time id="T82E" value="00:12:36,901" />
  </s>
  <s id="115">
    <time id="T83S" value="00:12:37,111" />
Gå bare på pension, men du slipper aldrig for mig.
    <time id="T83E" value="00:12:40,183" />
  </s>
  <s id="116">
    <time id="T84S" value="00:12:40,391" />
- Jeg erforklog.
  </s>
  <s id="117">
- Mor er nok stolt af sin psykopatsøn.
    <time id="T84E" value="00:12:43,986" />
  </s>
  <s id="118">
    <time id="T85S" value="00:12:44,191" />
Hold op. 
  </s>
  <s id="119">
Se på dig selv.
    <time id="T85E" value="00:12:46,546" />
  </s>
  <s id="120">
    <time id="T86S" value="00:12:46,711" />
ltre århar du forsøgtatfange mig.
  </s>
  <s id="121">
Men detmislykkedes. 
  </s>
  <s id="122">
Du duerikke.
    <time id="T86E" value="00:12:52,183" />
  </s>
  <s id="123">
    <time id="T87S" value="00:12:52,391" />
Troede du, jeg ville holde op nu?
    <time id="T87E" value="00:12:54,586" />
  </s>
  <s id="124">
    <time id="T88S" value="00:12:54,791" />
Jeg bliver vedmedatmyrde, din nar.
    <time id="T88E" value="00:12:57,863" />
  </s>
  <s id="125">
    <time id="T89S" value="00:12:58,111" />
- Du er en taber.
  </s>
  <s id="126">
- Rend mig, dit dumme svin!
    <time id="T89E" value="00:13:01,501" />
  </s>
  <s id="127">
    <time id="T90S" value="00:13:01,751" />
Jeg jagter dig som den hund, du er!
  </s>
  <s id="128">
Er det forstået, dit møgsvin?
    <time id="T90E" value="00:13:05,346" />
  </s>
  <s id="129">
    <time id="T91S" value="00:13:05,511" />
- Fuck digl - l lige måde.
    <time id="T91E" value="00:13:07,945" />
  </s>
  <s id="130">
    <time id="T92S" value="00:13:13,111" />
Det er altid samme fremgangsmåde.
    <time id="T92E" value="00:13:15,625" />
  </s>
  <s id="131">
    <time id="T93S" value="00:13:15,871" />
Enlig mor. 
  </s>
  <s id="132">
Skønhedsplet.
  </s>
  <s id="133">
Han brænder liget.
    <time id="T93E" value="00:13:19,705" />
  </s>
  <s id="134">
    <time id="T94S" value="00:13:19,951" />
Vi har delvise fingeraftryk.
  </s>
  <s id="135">
Spor. 
  </s>
  <s id="136">
Blodprøver tilmed.
    <time id="T94E" value="00:13:24,547" />
  </s>
  <s id="137">
    <time id="T95S" value="00:13:24,791" />
- Men ingen Torch.
  </s>
  <s id="138">
- Det siger du ikke?
    <time id="T95E" value="00:13:27,908" />
  </s>
  <s id="139">
    <time id="T96S" value="00:13:28,111" />
Fortæl mig noget nyt.
    <time id="T96E" value="00:13:30,545" />
  </s>
  <s id="140">
    <time id="T97S" value="00:13:43,671" />
Vi har taget alle oplysninger om Torch og indlæst dem i vores supercomputer.
    <time id="T97E" value="00:13:47,869" />
  </s>
  <s id="141">
    <time id="T98S" value="00:13:48,071" />
Vi tror, det er en hvid mand i trediverne. 
  </s>
  <s id="142">
Yderst veltrænet.
    <time id="T98E" value="00:13:51,984" />
  </s>
  <s id="143">
    <time id="T99S" value="00:14:02,391" />
Gå frem til mærket.
    <time id="T99E" value="00:14:03,983" />
  </s>
  <s id="144">
    <time id="T100S" value="00:14:16,511" />
Velkommen, Jacob Riley.
    <time id="T100E" value="00:14:18,422" />
  </s>
  <s id="145">
    <time id="T101S" value="00:14:44,431" />
Martucci-mordene sidste år.
  </s>
  <s id="146">
Vi fandt en hårsæk fra ham.
    <time id="T101E" value="00:14:48,549" />
  </s>
  <s id="147">
    <time id="T102S" value="00:14:48,751" />
Det var nok til at lave en dna-profil.
    <time id="T102E" value="00:14:51,060" />
  </s>
  <s id="148">
    <time id="T103S" value="00:14:53,311" />
Se nærmere på ham.
    <time id="T103E" value="00:14:55,222" />
  </s>
  <s id="149">
    <time id="T104S" value="00:15:04,871" />
- Er det en klon af morderen?
  </s>
  <s id="150">
- En replikant.
    <time id="T104E" value="00:15:07,305" />
  </s>
  <s id="151">
    <time id="T105S" value="00:15:07,471" />
Gud skabte mennesket på seks dage.
  </s>
  <s id="152">
Vi var længere om det.
    <time id="T105E" value="00:15:10,508" />
  </s>
  <s id="153">
    <time id="T106S" value="00:15:10,751" />
- Siden hvornår er FBl ...
  </s>
  <s id="154">
- Vi er ikke FBl.
    <time id="T106E" value="00:15:13,902" />
  </s>
  <s id="155">
    <time id="T107S" value="00:15:14,111" />
Vi er sikkerhedstjenesten.
    <time id="T107E" value="00:15:16,341" />
  </s>
  <s id="156">
    <time id="T108S" value="00:15:19,711" />
Vi er ligeglade med din morder.
    <time id="T108E" value="00:15:21,906" />
  </s>
  <s id="157">
    <time id="T109S" value="00:15:22,111" />
Det blev udviklet for nationens sikkerhed. 
  </s>
  <s id="158">
Antiterror.
    <time id="T109E" value="00:15:26,389" />
  </s>
  <s id="159">
    <time id="T110S" value="00:15:28,471" />
Moderne efterretningsarbejde har ikke fået bugt med terrorisme.
    <time id="T110E" value="00:15:32,180" />
  </s>
  <s id="160">
    <time id="T111S" value="00:15:32,831" />
Vi vil skabe replikanter, der kan føre os til terroristerne.
    <time id="T111E" value="00:15:36,221" />
  </s>
  <s id="161">
    <time id="T112S" value="00:15:36,391" />
Det er jeg med på.
    <time id="T112E" value="00:15:37,983" />
  </s>
  <s id="162">
    <time id="T113S" value="00:15:38,871" />
- Men han er nu ikke terrorist.
  </s>
  <s id="163">
- Nej, men adfærdsmønstrene er ens.
    <time id="T113E" value="00:15:43,422" />
  </s>
  <s id="164">
    <time id="T114S" value="00:15:45,831" />
- Hvorfor mig?
  </s>
  <s id="165">
- Han valgte dig.
    <time id="T114E" value="00:15:48,743" />
  </s>
  <s id="166">
    <time id="T115S" value="00:15:48,991" />
- Hvad mener du?
  </s>
  <s id="167">
- Når han er klar, overtager du ham.
    <time id="T115E" value="00:15:52,779" />
  </s>
  <s id="168">
    <time id="T116S" value="00:15:52,991" />
Du må hjælpe ham med at udvikle sig.
  </s>
  <s id="169">
Så ser vi, om han kan finde morderen.
    <time id="T116E" value="00:15:57,906" />
  </s>
  <s id="170">
    <time id="T117S" value="00:15:58,071" />
Er det ikke nemmere at vise hans ansigt i nyhederne?
    <time id="T117E" value="00:16:01,188" />
  </s>
  <s id="171">
    <time id="T118S" value="00:16:01,431" />
Projektet er hemmeligt.
  </s>
  <s id="172">
lngen billeder.
    <time id="T118E" value="00:16:04,548" />
  </s>
  <s id="173">
    <time id="T119S" value="00:16:04,791" />
lngen konventionelle metoder.
    <time id="T119E" value="00:16:07,351" />
  </s>
  <s id="174">
    <time id="T120S" value="00:16:07,511" />
Du må nøjes med replikanten.
    <time id="T120E" value="00:16:09,900" />
  </s>
  <s id="175">
    <time id="T121S" value="00:16:29,791" />
- Hvad sker der?
  </s>
  <s id="176">
- Kroppen afviser væksthormonet.
    <time id="T121E" value="00:16:33,306" />
  </s>
  <s id="177">
    <time id="T122S" value="00:16:40,031" />
Hvad kan vi gøre?
    <time id="T122E" value="00:16:41,749" />
  </s>
  <s id="178">
    <time id="T123S" value="00:16:41,951" />
lngen puls!
    <time id="T123E" value="00:16:43,748" />
  </s>
  <s id="179">
    <time id="T124S" value="00:16:44,751" />
Få ham ud!
    <time id="T124E" value="00:16:46,343" />
  </s>
  <s id="180">
    <time id="T125S" value="00:16:46,551" />
Nu!
    <time id="T125E" value="00:16:47,904" />
  </s>
  <s id="181">
    <time id="T126S" value="00:17:13,231" />
Velkommen til min verden   røvhul.
    <time id="T127E" value="00:17:16,943" />
  </s>
  <s id="182">
    <time id="T128S" value="00:17:29,551" />
Godmorgen, nummer et.
    <time id="T128E" value="00:17:31,667" />
  </s>
  <s id="183">
    <time id="T129S" value="00:17:32,911" />
Det ertidtilatstå op.
    <time id="T129E" value="00:17:35,106" />
  </s>
  <s id="184">
    <time id="T130S" value="00:17:37,071" />
ldaggennemgår videtgrundlæggende.
  </s>
  <s id="185">
Hvordan man sidder, står, går   og stopper.
    <time id="T131E" value="00:17:44,982" />
  </s>
  <s id="186">
    <time id="T132S" value="00:17:45,551" />
Nugårjeg.
    <time id="T132E" value="00:17:47,746" />
  </s>
  <s id="187">
    <time id="T133S" value="00:17:50,671" />
Jeg sidder.
    <time id="T133E" value="00:17:52,946" />
  </s>
  <s id="188">
    <time id="T134S" value="00:17:54,111" />
Jeg står.
    <time id="T134E" value="00:17:55,942" />
  </s>
  <s id="189">
    <time id="T135S" value="00:17:57,831" />
Jeg ermiss Johnson.
  </s>
  <s id="190">
Hvordan har du det?
    <time id="T135E" value="00:18:00,743" />
  </s>
  <s id="191">
    <time id="T136S" value="00:18:03,311" />
Slog du dig?
    <time id="T136E" value="00:18:05,541" />
  </s>
  <s id="192">
    <time id="T137S" value="00:18:07,271" />
- Måske er knægten retarderet.
  </s>
  <s id="193">
- Hjerneimpulsernes udslag er svage.
    <time id="T137E" value="00:18:11,708" />
  </s>
  <s id="194">
    <time id="T138S" value="00:18:14,551" />
Vi har øget hans telepatiske evner ved hjælp af genmanipulation.
    <time id="T138E" value="00:18:18,430" />
  </s>
  <s id="195">
    <time id="T139S" value="00:18:18,671" />
Genetisk hukommelse er videnskabeligt bevist.
    <time id="T139E" value="00:18:22,949" />
  </s>
  <s id="196">
    <time id="T140S" value="00:18:23,151" />
Han mangler blot menneskelig kontakt.
    <time id="T140E" value="00:18:26,223" />
  </s>
  <s id="197">
    <time id="T141S" value="00:18:26,431" />
Det ertoilettet.
    <time id="T141E" value="00:18:27,989" />
  </s>
  <s id="198">
    <time id="T142S" value="00:18:28,191" />
Der kommer du ind i billedet.
  </s>
  <s id="199">
Hans første kontakt med mennesker.
    <time id="T142E" value="00:18:32,309" />
  </s>
  <s id="200">
    <time id="T143S" value="00:19:18,751" />
Godtforsøgt.
  </s>
  <s id="201">
Se videoen, ogprøvså igen.
    <time id="T143E" value="00:19:21,629" />
  </s>
  <s id="202">
    <time id="T144S" value="00:19:38,591" />
- lmponerende, ikke?
  </s>
  <s id="203">
- Over al forventning.
    <time id="T144E" value="00:19:41,151" />
  </s>
  <s id="204">
    <time id="T145S" value="00:19:42,991" />
l synes rigtigt nok, l er dygtige.
    <time id="T145E" value="00:19:45,027" />
  </s>
  <s id="205">
    <time id="T146S" value="00:19:46,591" />
l aner ikke, hvad l roder jer ud i.
    <time id="T146E" value="00:19:49,151" />
  </s>
  <s id="206">
    <time id="T147S" value="00:19:49,431" />
Jeg har set, hvad han er i stand til at gøre ved elleve kvinder.
    <time id="T147E" value="00:19:53,026" />
  </s>
  <s id="207">
    <time id="T148S" value="00:19:53,191" />
Hvis han viser sig at slægte originalen på,   så vil vi fortryde det.
    <time id="T149E" value="00:19:58,747" />
  </s>
  <s id="208">
    <time id="T150S" value="00:19:58,951" />
l så fald kan replikanten kasseres.
    <time id="T150E" value="00:20:02,261" />
  </s>
  <s id="209">
    <time id="T151S" value="00:20:08,591" />
Tag det helt roligt.
    <time id="T151E" value="00:20:10,343" />
  </s>
  <s id="210">
    <time id="T152S" value="00:20:14,271" />
Mad.
    <time id="T152E" value="00:20:16,023" />
  </s>
  <s id="211">
    <time id="T153S" value="00:20:21,671" />
Spis.
    <time id="T153E" value="00:20:23,343" />
  </s>
  <s id="212">
    <time id="T154S" value="00:20:29,231" />
Jeg hedder Jake.
    <time id="T154E" value="00:20:31,301" />
  </s>
  <s id="213">
    <time id="T155S" value="00:20:45,911" />
Kan du godt lide dem?
    <time id="T155E" value="00:20:47,788" />
  </s>
  <s id="214">
    <time id="T156S" value="00:20:47,951" />
Så se bare her.
    <time id="T156E" value="00:20:49,862" />
  </s>
  <s id="215">
    <time id="T157S" value="00:20:51,991" />
Hvad siger du så?
    <time id="T157E" value="00:20:53,663" />
  </s>
  <s id="216">
    <time id="T158S" value="00:20:57,831" />
Her ...
    <time id="T158E" value="00:20:59,423" />
  </s>
  <s id="217">
    <time id="T159S" value="00:21:08,431" />
Se her.
    <time id="T159E" value="00:21:10,183" />
  </s>
  <s id="218">
    <time id="T160S" value="00:21:17,111" />
Kan du godt lide det?
    <time id="T160E" value="00:21:18,749" />
  </s>
  <s id="219">
    <time id="T161S" value="00:21:25,951" />
Den er stærk, hva`?
    <time id="T161E" value="00:21:27,623" />
  </s>
  <s id="220">
    <time id="T162S" value="00:21:27,831" />
Tag det roligt!
    <time id="T162E" value="00:21:29,787" />
  </s>
  <s id="221">
    <time id="T163S" value="00:21:38,271" />
Tilbage!
    <time id="T163E" value="00:21:40,421" />
  </s>
  <s id="222">
    <time id="T164S" value="00:21:40,671" />
Slap af!
    <time id="T164E" value="00:21:42,582" />
  </s>
  <s id="223">
    <time id="T165S" value="00:21:48,711" />
Sæt dig så!
    <time id="T165E" value="00:21:50,383" />
  </s>
  <s id="224">
    <time id="T166S" value="00:21:51,871" />
Sæt dig!
    <time id="T166E" value="00:21:53,463" />
  </s>
  <s id="225">
    <time id="T167S" value="00:21:58,071" />
Jeg står op.
    <time id="T167E" value="00:21:59,868" />
  </s>
  <s id="226">
    <time id="T168S" value="00:22:01,591" />
Jeg går.
    <time id="T168E" value="00:22:03,627" />
  </s>
  <s id="227">
    <time id="T169S" value="00:22:04,911" />
Jeg sidder.
    <time id="T169E" value="00:22:06,663" />
  </s>
  <s id="228">
    <time id="T170S" value="00:22:06,831" />
Jeg står op.
    <time id="T170E" value="00:22:08,583" />
  </s>
  <s id="229">
    <time id="T171S" value="00:22:09,591" />
Jeggår.
    <time id="T171E" value="00:22:11,309" />
  </s>
  <s id="230">
    <time id="T172S" value="00:22:11,511" />
Jeg sidderned.
    <time id="T172E" value="00:22:13,627" />
  </s>
  <s id="231">
    <time id="T173S" value="00:22:13,831" />
Bliv siddende!
    <time id="T173E" value="00:22:15,469" />
  </s>
  <s id="232">
    <time id="T174S" value="00:22:24,191" />
Nej. 
  </s>
  <s id="233">
Gå.
    <time id="T174E" value="00:22:26,910" />
  </s>
  <s id="234">
    <time id="T175S" value="00:22:31,311" />
Af sted.
    <time id="T175E" value="00:22:32,790" />
  </s>
  <s id="235">
    <time id="T176S" value="00:22:44,911" />
Giv mig dine briller.
    <time id="T176E" value="00:22:46,663" />
  </s>
  <s id="236">
    <time id="T177S" value="00:22:48,591" />
De solbriller koster 500 dollars.
    <time id="T177E" value="00:22:51,105" />
  </s>
  <s id="237">
    <time id="T178S" value="00:22:53,871" />
Kig på mig.
    <time id="T178E" value="00:22:55,702" />
  </s>
  <s id="238">
    <time id="T179S" value="00:22:58,151" />
Tak.
    <time id="T179E" value="00:23:00,028" />
  </s>
  <s id="239">
    <time id="T180S" value="00:23:05,871" />
Får jeg en brugsanvisning med til ham?
    <time id="T180E" value="00:23:08,510" />
  </s>
  <s id="240">
    <time id="T181S" value="00:23:08,671" />
Gør, hvad der skal til for at vække morderen i ham.
    <time id="T181E" value="00:23:11,629" />
  </s>
  <s id="241">
    <time id="T182S" value="00:23:11,831" />
Her er din midlertidige legitimation og din pistol.
    <time id="T182E" value="00:23:15,028" />
  </s>
  <s id="242">
    <time id="T183S" value="00:23:16,071" />
Du aflægger rapport hver tolvte time.
    <time id="T183E" value="00:23:18,904" />
  </s>
  <s id="243">
    <time id="T184S" value="00:23:19,151" />
Kom så. 
  </s>
  <s id="244">
Gå.
    <time id="T184E" value="00:23:21,301" />
  </s>
  <s id="245">
    <time id="T185S" value="00:23:33,351" />
Sæt dig.
    <time id="T185E" value="00:23:35,023" />
  </s>
  <s id="246">
    <time id="T186S" value="00:23:44,751" />
Morderen sover. 
  </s>
  <s id="247">
Hvor sødt.
    <time id="T186E" value="00:23:47,026" />
  </s>
  <s id="248">
    <time id="T187S" value="00:23:49,871" />
Vi har fået selskab.
    <time id="T187E" value="00:23:51,941" />
  </s>
  <s id="249">
    <time id="T188S" value="00:24:48,071" />
Okay, dit misfoster.
    <time id="T188E" value="00:24:50,505" />
  </s>
  <s id="250">
    <time id="T189S" value="00:24:50,711" />
Så skal der arbejdes.
  </s>
  <s id="251">
Hvad kan du huske?
    <time id="T189E" value="00:24:53,669" />
  </s>
  <s id="252">
    <time id="T190S" value="00:24:55,271" />
Hvad kan du huske?
    <time id="T190E" value="00:24:56,943" />
  </s>
  <s id="253">
    <time id="T191S" value="00:24:58,071" />
Er du morder? 
  </s>
  <s id="254">
Vil du slå nogen ihjel?
    <time id="T191E" value="00:25:01,222" />
  </s>
  <s id="255">
    <time id="T192S" value="00:25:01,471" />
Vil du myrde en, der ikke er kvinde?
  </s>
  <s id="256">
Vis mig, hvordan du gjorde.
    <time id="T192E" value="00:25:05,100" />
  </s>
  <s id="257">
    <time id="T193S" value="00:25:05,711" />
Vis mig det nu.
    <time id="T193E" value="00:25:07,827" />
  </s>
  <s id="258">
    <time id="T194S" value="00:25:08,071" />
Vis mig for helvede, hvordan du gjorde det!
    <time id="T194E" value="00:25:10,631" />
  </s>
  <s id="259">
    <time id="T195S" value="00:25:12,311" />
Kan du huske den?
    <time id="T195E" value="00:25:14,142" />
  </s>
  <s id="260">
    <time id="T196S" value="00:25:20,031" />
Tag den.
    <time id="T196E" value="00:25:22,226" />
  </s>
  <s id="261">
    <time id="T197S" value="00:25:27,471" />
Sådan.
    <time id="T197E" value="00:25:29,029" />
  </s>
  <s id="262">
    <time id="T198S" value="00:25:30,111" />
Vil du slå mig ihjel?
    <time id="T198E" value="00:25:31,942" />
  </s>
  <s id="263">
    <time id="T199S" value="00:25:32,191" />
Nu har du chancen.
    <time id="T199E" value="00:25:33,988" />
  </s>
  <s id="264">
    <time id="T200S" value="00:25:36,111" />
Gør det.
    <time id="T200E" value="00:25:38,022" />
  </s>
  <s id="265">
    <time id="T201S" value="00:25:39,871" />
Gør det.
    <time id="T201E" value="00:25:41,782" />
  </s>
  <s id="266">
    <time id="T202S" value="00:25:43,671" />
Smid pistolen!
    <time id="T202E" value="00:25:46,902" />
  </s>
  <s id="267">
    <time id="T203S" value="00:25:47,071" />
Rip, Rap og Rup klarer ærterne.
    <time id="T203E" value="00:25:49,062" />
  </s>
  <s id="268">
    <time id="T204S" value="00:25:50,191" />
Tag det roligt. l må ikke skyde.
  </s>
  <s id="269">
Jake, bed ham falde til ro.
    <time id="T204E" value="00:25:53,786" />
  </s>
  <s id="270">
    <time id="T205S" value="00:25:53,991" />
Nej, skyd ham bare.
    <time id="T205E" value="00:25:56,380" />
  </s>
  <s id="271">
    <time id="T206S" value="00:25:57,151" />
For fanden, Jake.
    <time id="T206E" value="00:25:58,869" />
  </s>
  <s id="272">
    <time id="T207S" value="00:25:59,071" />
Okay, slap af.
    <time id="T207E" value="00:26:01,062" />
  </s>
  <s id="273">
    <time id="T208S" value="00:26:01,231" />
Hvis l sænker jeres pistoler, gør han nok det samme.
    <time id="T208E" value="00:26:04,667" />
  </s>
  <s id="274">
    <time id="T209S" value="00:26:15,911" />
Godt.
    <time id="T209E" value="00:26:17,663" />
  </s>
  <s id="275">
    <time id="T210S" value="00:26:19,951" />
Du satte et fortroligt projekt på spil! 
  </s>
  <s id="276">
Vi tager ham med tilbage.
    <time id="T210E" value="00:26:23,830" />
  </s>
  <s id="277">
    <time id="T211S" value="00:26:25,391" />
Det er godt det samme.
    <time id="T211E" value="00:26:27,063" />
  </s>
  <s id="278">
    <time id="T212S" value="00:26:27,231" />
Han er uduelig.
    <time id="T212E" value="00:26:29,028" />
  </s>
  <s id="279">
    <time id="T213S" value="00:27:00,151" />
Jake!
    <time id="T213E" value="00:27:01,948" />
  </s>
  <s id="280">
    <time id="T214S" value="00:27:48,031" />
- Flot.
  </s>
  <s id="281">
- Du brækkede min arm!
    <time id="T214E" value="00:27:51,228" />
  </s>
  <s id="282">
    <time id="T215S" value="00:27:51,391" />
Du skulle ikke have vist ham, hvordan man gør.
    <time id="T215E" value="00:27:54,224" />
  </s>
  <s id="283">
    <time id="T216S" value="00:27:59,871" />
Det gør ondt, ikke?
    <time id="T216E" value="00:28:01,509" />
  </s>
  <s id="284">
    <time id="T217S" value="00:28:05,151" />
Stop!
    <time id="T217E" value="00:28:07,221" />
  </s>
  <s id="285">
    <time id="T218S" value="00:28:07,391" />
Millionprojektet. lkke skyde.
    <time id="T218E" value="00:28:09,905" />
  </s>
  <s id="286">
    <time id="T219S" value="00:28:10,111" />
Læg den fra dig.
    <time id="T219E" value="00:28:12,147" />
  </s>
  <s id="287">
    <time id="T220S" value="00:28:12,391" />
Sådan, ja.
    <time id="T220E" value="00:28:14,268" />
  </s>
  <s id="288">
    <time id="T221S" value="00:28:15,511" />
Stop!
    <time id="T221E" value="00:28:17,149" />
  </s>
  <s id="289">
    <time id="T222S" value="00:28:18,391" />
Stop!
    <time id="T222E" value="00:28:20,109" />
  </s>
  <s id="290">
    <time id="T223S" value="00:28:21,471" />
Sæt dig.
    <time id="T223E" value="00:28:23,587" />
  </s>
  <s id="291">
    <time id="T224S" value="00:28:26,271" />
Bliv der.
    <time id="T224E" value="00:28:28,068" />
  </s>
  <s id="292">
    <time id="T225S" value="00:28:31,071" />
Jeg ringer efter en taxa. 
  </s>
  <s id="293">
Gå så.
    <time id="T225E" value="00:28:33,710" />
  </s>
  <s id="294">
    <time id="T226S" value="00:28:52,871" />
Jeg vil gerne se huset på Berkeley.
  </s>
  <s id="295">
Mit navn er Jake Riley.
    <time id="T226E" value="00:28:57,342" />
  </s>
  <s id="296">
    <time id="T227S" value="00:28:57,591" />
Smid pistolen.
    <time id="T227E" value="00:28:58,990" />
  </s>
  <s id="297">
    <time id="T228S" value="00:28:59,511" />
Hold din kæft.
    <time id="T228E" value="00:29:00,990" />
  </s>
  <s id="298">
    <time id="T229S" value="00:29:01,231" />
Undskyld. 
  </s>
  <s id="299">
Det var radioen.
    <time id="T229E" value="00:29:03,984" />
  </s>
  <s id="300">
    <time id="T230S" value="00:29:05,111" />
Om en halv time? 
  </s>
  <s id="301">
Tak.
    <time id="T230E" value="00:29:07,420" />
  </s>
  <s id="302">
    <time id="T231S" value="00:29:20,871" />
Kender du det her sted?
    <time id="T231E" value="00:29:23,180" />
  </s>
  <s id="303">
    <time id="T232S" value="00:29:23,391" />
For et år siden gjorde du det til landets mest berygtede.
    <time id="T232E" value="00:29:26,747" />
  </s>
  <s id="304">
    <time id="T233S" value="00:29:26,951" />
Et rigtigt svineri.
    <time id="T233E" value="00:29:28,942" />
  </s>
  <s id="305">
    <time id="T234S" value="00:29:36,391" />
Sæt dig ned. 
  </s>
  <s id="306">
Slap for helvede af.
    <time id="T234E" value="00:29:39,542" />
  </s>
  <s id="307">
    <time id="T235S" value="00:29:39,711" />
Slap så for helvede af.
    <time id="T235E" value="00:29:41,941" />
  </s>
  <s id="308">
    <time id="T236S" value="00:29:46,151" />
Kom så.
    <time id="T236E" value="00:29:47,789" />
  </s>
  <s id="309">
    <time id="T237S" value="00:29:52,391" />
Det er bare regn. 
  </s>
  <s id="310">
Kom!
    <time id="T237E" value="00:29:54,541" />
  </s>
  <s id="311">
    <time id="T238S" value="00:29:57,511" />
Sikke et vejr, hva`? 
  </s>
  <s id="312">
Jake Riley?
    <time id="T238E" value="00:30:00,867" />
  </s>
  <s id="313">
    <time id="T239S" value="00:30:01,031" />
Wendy Wickham.
    <time id="T239E" value="00:30:02,783" />
  </s>
  <s id="314">
    <time id="T240S" value="00:30:05,431" />
- Slap så for helvede af.
  </s>
  <s id="315">
- Nej.
    <time id="T240E" value="00:30:08,025" />
  </s>
  <s id="316">
    <time id="T241S" value="00:30:09,071" />
Beklager.
  </s>
  <s id="317">
Min fætter Ron er lidt speciel.
    <time id="T241E" value="00:30:12,302" />
  </s>
  <s id="318">
    <time id="T242S" value="00:30:13,911" />
Kom med ind.
    <time id="T242E" value="00:30:15,424" />
  </s>
  <s id="319">
    <time id="T243S" value="00:30:15,631" />
Opfør dig ordentligt. 
  </s>
  <s id="320">
Kom så.
    <time id="T243E" value="00:30:18,270" />
  </s>
  <s id="321">
    <time id="T244S" value="00:30:18,471" />
Huset blev bygget i 1 926.
    <time id="T244E" value="00:30:20,462" />
  </s>
  <s id="322">
    <time id="T245S" value="00:30:20,711" />
Alt træværket er originalt.
    <time id="T245E" value="00:30:23,384" />
  </s>
  <s id="323">
    <time id="T246S" value="00:30:23,631" />
Den hyggelige pejs gør entreen til noget ganske særligt.
    <time id="T246E" value="00:30:27,909" />
  </s>
  <s id="324">
    <time id="T247S" value="00:30:28,071" />
Herovre har vi en rummelig stue.
    <time id="T247E" value="00:30:30,426" />
  </s>
  <s id="325">
    <time id="T248S" value="00:30:33,391" />
Denne vej.
    <time id="T248E" value="00:30:35,427" />
  </s>
  <s id="326">
    <time id="T249S" value="00:30:36,431" />
Her er køkkenet, som er nyistandsat.
    <time id="T249E" value="00:30:40,106" />
  </s>
  <s id="327">
    <time id="T250S" value="00:30:40,311" />
Al marmoret er naturligvis importeret fra Firenze.
    <time id="T250E" value="00:30:43,383" />
  </s>
  <s id="328">
    <time id="T251S" value="00:30:43,591" />
- Her har vi spisestuen.
  </s>
  <s id="329">
- Bliv der.
    <time id="T251E" value="00:30:48,028" />
  </s>
  <s id="330">
    <time id="T252S" value="00:30:48,231" />
- Hvad sagde De, Deres profession var?
  </s>
  <s id="331">
- Jeg er betjent.
    <time id="T252E" value="00:30:52,383" />
  </s>
  <s id="332">
    <time id="T253S" value="00:30:52,631" />
Det er sandt.
  </s>
  <s id="333">
De er ham fra tv med Torch-sagen.
    <time id="T253E" value="00:30:57,785" />
  </s>
  <s id="334">
    <time id="T254S" value="00:30:57,991" />
Så kender De husets historie.
    <time id="T254E" value="00:31:00,551" />
  </s>
  <s id="335">
    <time id="T255S" value="00:31:00,791" />
Ja, det gør jeg.
    <time id="T255E" value="00:31:02,622" />
  </s>
  <s id="336">
    <time id="T256S" value="00:31:02,791" />
Det er en skam, for det skræmmer folk, men det er virkelig et fund.
    <time id="T256E" value="00:31:07,342" />
  </s>
  <s id="337">
    <time id="T257S" value="00:31:08,071" />
Langt under markedsprisen.
    <time id="T257E" value="00:31:09,948" />
  </s>
  <s id="338">
    <time id="T258S" value="00:31:11,591" />
Er han okay?
    <time id="T258E" value="00:31:13,468" />
  </s>
  <s id="339">
    <time id="T259S" value="00:31:13,711" />
- Må vi være alene lidt?
  </s>
  <s id="340">
- Helt sikkert.
    <time id="T259E" value="00:31:17,306" />
  </s>
  <s id="341">
    <time id="T260S" value="00:31:20,351" />
Kom så.
    <time id="T260E" value="00:31:21,943" />
  </s>
  <s id="342">
    <time id="T261S" value="00:31:22,831" />
Gå.
    <time id="T261E" value="00:31:24,469" />
  </s>
  <s id="343">
    <time id="T262S" value="00:31:34,831" />
Denne vej.
    <time id="T262E" value="00:31:36,628" />
  </s>
  <s id="344">
    <time id="T263S" value="00:31:58,871" />
Hvad kan du huske?
    <time id="T263E" value="00:32:00,987" />
  </s>
  <s id="345">
    <time id="T264S" value="00:32:13,991" />
Hvad kan du se?
    <time id="T264E" value="00:32:16,630" />
  </s>
  <s id="346">
    <time id="T265S" value="00:33:07,511" />
- Har han været her før?
  </s>
  <s id="347">
- l et tidligere liv.
    <time id="T265E" value="00:33:11,629" />
  </s>
  <s id="348">
    <time id="T266S" value="00:33:13,831" />
Kom.
    <time id="T266E" value="00:33:15,549" />
  </s>
  <s id="349">
    <time id="T267S" value="00:33:17,071" />
Jeg vil over i parken!
    <time id="T267E" value="00:33:19,346" />
  </s>
  <s id="350">
    <time id="T268S" value="00:33:20,151" />
Johnny, hold så op!
  </s>
  <s id="351">
Du er en uartig dreng.
    <time id="T268E" value="00:33:23,427" />
  </s>
  <s id="352">
    <time id="T269S" value="00:33:45,791" />
- Jake!
  </s>
  <s id="353">
- Hvordan går det, knægt?
    <time id="T269E" value="00:33:47,668" />
  </s>
  <s id="354">
    <time id="T270S" value="00:33:47,831" />
Kom her.
    <time id="T270E" value="00:33:49,628" />
  </s>
  <s id="355">
    <time id="T271S" value="00:33:50,191" />
Hop op til mig.
    <time id="T271E" value="00:33:51,749" />
  </s>
  <s id="356">
    <time id="T272S" value="00:33:54,511" />
Hvordan går det?
  </s>
  <s id="357">
Har du været en god dreng?
    <time id="T272E" value="00:33:57,344" />
  </s>
  <s id="358">
    <time id="T273S" value="00:33:57,551" />
Opsedasse.
    <time id="T273E" value="00:33:59,428" />
  </s>
  <s id="359">
    <time id="T274S" value="00:34:01,671" />
- Hvordan har du det?
  </s>
  <s id="360">
- Godt. 
  </s>
  <s id="361">
Mor laver din yndlingsmad.
    <time id="T274E" value="00:34:05,710" />
  </s>
  <s id="362">
    <time id="T275S" value="00:34:06,871" />
Giv mor et knus fra mig.
    <time id="T275E" value="00:34:09,101" />
  </s>
  <s id="363">
    <time id="T276S" value="00:34:18,831" />
- Opfør dig pænt.
  </s>
  <s id="364">
- Danny, gå ovenpå sammen med Scout.
    <time id="T276E" value="00:34:22,585" />
  </s>
  <s id="365">
    <time id="T277S" value="00:34:22,831" />
Kom her, Scout.
    <time id="T277E" value="00:34:24,503" />
  </s>
  <s id="366">
    <time id="T278S" value="00:34:28,791" />
Kom nu.
    <time id="T278E" value="00:34:30,588" />
  </s>
  <s id="367">
    <time id="T279S" value="00:34:38,791" />
Sæt dig.
    <time id="T279E" value="00:34:40,827" />
  </s>
  <s id="368">
    <time id="T280S" value="00:34:47,391" />
Gider du fortælle mig, hvad der foregår?
    <time id="T280E" value="00:34:50,508" />
  </s>
  <s id="369">
    <time id="T281S" value="00:34:50,711" />
Det er fortroligt. 
  </s>
  <s id="370">
Hvis jeg siger det, er jeg nødt til at dræbe dig.
    <time id="T281E" value="00:34:54,181" />
  </s>
  <s id="371">
    <time id="T282S" value="00:34:54,351" />
Det er ikke sjovt.
    <time id="T282E" value="00:34:56,581" />
  </s>
  <s id="372">
    <time id="T283S" value="00:34:56,791" />
Undskyld. 
  </s>
  <s id="373">
Du må gøre mig en tjeneste.
    <time id="T283E" value="00:34:59,464" />
  </s>
  <s id="374">
    <time id="T284S" value="00:34:59,631" />
Jeg skal bruge en profil af ham hurtigst muligt.
    <time id="T284E" value="00:35:02,509" />
  </s>
  <s id="375">
    <time id="T285S" value="00:35:03,951" />
Det kan jeg ikke hjælpe dig med.
  </s>
  <s id="376">
Det er imod politiets politik.
    <time id="T285E" value="00:35:08,581" />
  </s>
  <s id="377">
    <time id="T286S" value="00:35:10,271" />
Det er derfor, jeg beder dig gøre mig en tjeneste.
    <time id="T286E" value="00:35:13,388" />
  </s>
  <s id="378">
    <time id="T287S" value="00:35:35,551" />
Ad, hvor ulækkert.
  </s>
  <s id="379">
Det skal du ikke spise.
    <time id="T287E" value="00:35:39,510" />
  </s>
  <s id="380">
    <time id="T288S" value="00:35:39,671" />
Det er til hunde.
  </s>
  <s id="381">
Her. 
  </s>
  <s id="382">
Prøv det her.
    <time id="T288E" value="00:35:43,346" />
  </s>
  <s id="383">
    <time id="T289S" value="00:35:51,591" />
Vil du have mere?
    <time id="T289E" value="00:35:53,468" />
  </s>
  <s id="384">
    <time id="T290S" value="00:35:59,631" />
Du skal sige tak.
    <time id="T290E" value="00:36:02,304" />
  </s>
  <s id="385">
    <time id="T291S" value="00:36:13,791" />
Danny, hvad er der sket?
    <time id="T291E" value="00:36:15,588" />
  </s>
  <s id="386">
    <time id="T292S" value="00:36:24,871" />
Op med dig!
    <time id="T292E" value="00:36:26,429" />
  </s>
  <s id="387">
    <time id="T293S" value="00:36:26,671" />
Se på mig, din psykopat!
  </s>
  <s id="388">
Hvad har du gjort!
    <time id="T293E" value="00:36:29,743" />
  </s>
  <s id="389">
    <time id="T294S" value="00:36:29,991" />
Scout ramte min mund.
    <time id="T294E" value="00:36:32,710" />
  </s>
  <s id="390">
    <time id="T295S" value="00:36:34,391" />
Vent lidt.
    <time id="T295E" value="00:36:36,188" />
  </s>
  <s id="391">
    <time id="T296S" value="00:36:36,391" />
Jake, stop! 
  </s>
  <s id="392">
Det var ikke ham.
  </s>
  <s id="393">
Scout slog hans tand ud.
    <time id="T296E" value="00:36:39,667" />
  </s>
  <s id="394">
    <time id="T297S" value="00:36:41,111" />
Det var hunden. 
  </s>
  <s id="395">
Det var ikke ham.
    <time id="T297E" value="00:36:44,421" />
  </s>
  <s id="396">
    <time id="T298S" value="00:37:21,631" />
Hvad er der sket?
    <time id="T298E" value="00:37:23,462" />
  </s>
  <s id="397">
    <time id="T299S" value="00:37:23,711" />
Jeg gav ham en røvfuld.
    <time id="T299E" value="00:37:25,588" />
  </s>
  <s id="398">
    <time id="T300S" value="00:37:25,831" />
Der er gået 1 8 timer.
  </s>
  <s id="399">
Du forsvinder,   lader ham angribe os, og nu har du mishandlet min replikant?
    <time id="T301E" value="00:37:31,821" />
  </s>
  <s id="400">
    <time id="T302S" value="00:37:32,031" />
- Måske tog jeg fejl af dig.
  </s>
  <s id="401">
- Ja, måske.
    <time id="T302E" value="00:37:34,591" />
  </s>
  <s id="402">
    <time id="T303S" value="00:37:34,791" />
Tag dit eksperiment og skrub af.
  </s>
  <s id="403">
Jeg har ikke brug for dit lort.
    <time id="T303E" value="00:37:39,467" />
  </s>
  <s id="404">
    <time id="T304S" value="00:37:40,231" />
Efter det, Torch sagde til dig, troede jeg, du ville have ram på ham.
    <time id="T304E" value="00:37:44,429" />
  </s>
  <s id="405">
    <time id="T305S" value="00:37:44,591" />
Hvor fanden ved du fra, hvad han sagde?
    <time id="T305E" value="00:37:46,821" />
  </s>
  <s id="406">
    <time id="T306S" value="00:37:47,911" />
Har l aflyttet mig?
    <time id="T306E" value="00:37:50,379" />
  </s>
  <s id="407">
    <time id="T307S" value="00:37:51,671" />
Og hvor fanden vidste l fra, hvor vi var? 
  </s>
  <s id="408">
Har vi en sender på os?
    <time id="T307E" value="00:37:55,380" />
  </s>
  <s id="409">
    <time id="T308S" value="00:37:55,591" />
Skulle vi bare lade dig gå ud af døren med nationens fremtidige sikkerhed?
    <time id="T308E" value="00:38:00,665" />
  </s>
  <s id="410">
    <time id="T309S" value="00:38:00,911" />
Jeg forventer, at du aflægger rapport hver tolvte time. 
  </s>
  <s id="411">
Uden undtagelse.
    <time id="T309E" value="00:38:06,190" />
  </s>
  <s id="412">
    <time id="T310S" value="00:38:19,351" />
- Jake, er det dig?
  </s>
  <s id="413">
- Ja, det er mig, mor!
    <time id="T310E" value="00:38:21,785" />
  </s>
  <s id="414">
    <time id="T311S" value="00:38:25,111" />
Af med tøjet.
    <time id="T311E" value="00:38:26,590" />
  </s>
  <s id="415">
    <time id="T312S" value="00:38:26,791" />
Ja, sådan.
    <time id="T312E" value="00:38:28,941" />
  </s>
  <s id="416">
    <time id="T313S" value="00:38:29,871" />
Stå stille.
    <time id="T313E" value="00:38:31,668" />
  </s>
  <s id="417">
    <time id="T314S" value="00:38:34,271" />
Hvor er den?
    <time id="T314E" value="00:38:36,262" />
  </s>
  <s id="418">
    <time id="T315S" value="00:38:36,431" />
lkke i bilen. 
  </s>
  <s id="419">
Det er for åbenlyst.
    <time id="T315E" value="00:38:38,501" />
  </s>
  <s id="420">
    <time id="T316S" value="00:38:40,991" />
l kroppen? 
  </s>
  <s id="421">
Luk op!
    <time id="T316E" value="00:38:43,061" />
  </s>
  <s id="422">
    <time id="T317S" value="00:38:44,111" />
Sporingsudstyr i kroppen.
  </s>
  <s id="423">
De tror nok, de er kloge.
    <time id="T317E" value="00:38:48,263" />
  </s>
  <s id="424">
    <time id="T318S" value="00:38:48,511" />
l kroppen ... 
  </s>
  <s id="425">
Kløgtigt.
    <time id="T318E" value="00:38:51,469" />
  </s>
  <s id="426">
    <time id="T319S" value="00:38:54,351" />
Det er okay. 
  </s>
  <s id="427">
Slap af.
    <time id="T319E" value="00:38:56,546" />
  </s>
  <s id="428">
    <time id="T320S" value="00:39:07,351" />
Hvad laver du?
    <time id="T320E" value="00:39:08,909" />
  </s>
  <s id="429">
    <time id="T321S" value="00:39:09,151" />
Jeg arbejder, mor.
  </s>
  <s id="430">
Det er ikke, hvad du tror.
    <time id="T321E" value="00:39:13,110" />
  </s>
  <s id="431">
    <time id="T322S" value="00:39:17,951" />
Kom her, mor.
    <time id="T322E" value="00:39:19,748" />
  </s>
  <s id="432">
    <time id="T323S" value="00:39:21,071" />
- Jacob, manden var gul og blå.
  </s>
  <s id="433">
- Du kender ham ikke engang.
    <time id="T323E" value="00:39:26,350" />
  </s>
  <s id="434">
    <time id="T324S" value="00:39:27,111" />
Stop en halv, Jacob.
  </s>
  <s id="435">
Det er dig, jeg taler om.
    <time id="T324E" value="00:39:30,387" />
  </s>
  <s id="436">
    <time id="T325S" value="00:39:31,031" />
- Hvad er der galt? 
  </s>
  <s id="437">
Hvad er der sket?
  </s>
  <s id="438">
- Hvad er der galt med dig?
    <time id="T325E" value="00:39:34,660" />
  </s>
  <s id="439">
    <time id="T326S" value="00:39:34,911" />
- Hvorfor behandler du folk sådan?
  </s>
  <s id="440">
- Mor, hold så op.
    <time id="T326E" value="00:39:39,109" />
  </s>
  <s id="441">
    <time id="T327S" value="00:39:41,071" />
Men husk på:
    <time id="T327E" value="00:39:42,743" />
  </s>
  <s id="442">
    <time id="T328S" value="00:39:42,911" />
Hvis du behandler folk som forbrydere, så ender de med at blive det.
    <time id="T328E" value="00:39:48,508" />
  </s>
  <s id="443">
    <time id="T329S" value="00:39:48,711" />
Din aftensmad står i køleskabet.
  </s>
  <s id="444">
Jeg tager hjem.
    <time id="T329E" value="00:39:51,748" />
  </s>
  <s id="445">
    <time id="T330S" value="00:40:12,391" />
Tak.
    <time id="T330E" value="00:40:14,382" />
  </s>
  <s id="446">
    <time id="T331S" value="00:40:36,791" />
Jeg kan ikke holde det ud.
  </s>
  <s id="447">
Du har ødelagt mit liv.
    <time id="T331E" value="00:40:41,069" />
  </s>
  <s id="448">
    <time id="T332S" value="00:40:43,191" />
Hvor er du?
    <time id="T332E" value="00:40:45,421" />
  </s>
  <s id="449">
    <time id="T333S" value="00:40:46,711" />
Uartige dreng.
    <time id="T333E" value="00:40:48,781" />
  </s>
  <s id="450">
    <time id="T334S" value="00:40:51,191" />
Du skal straffes.
    <time id="T334E" value="00:40:53,386" />
  </s>
  <s id="451">
    <time id="T335S" value="00:40:57,111" />
Du er en dårlig mor.
    <time id="T335E" value="00:40:58,749" />
  </s>
  <s id="452">
    <time id="T336S" value="00:40:59,711" />
Er der noget galt?
    <time id="T336E" value="00:41:01,110" />
  </s>
  <s id="453">
    <time id="T337S" value="00:41:02,991" />
Lad hende være!
    <time id="T337E" value="00:41:04,709" />
  </s>
  <s id="454">
    <time id="T338S" value="00:41:35,191" />
Slap af, mand.
    <time id="T338E" value="00:41:36,510" />
  </s>
  <s id="455">
    <time id="T339S" value="00:41:42,151" />
Tak for hjælpen.
  </s>
  <s id="456">
Jeg skylder dig en tjeneste.
    <time id="T339E" value="00:41:45,188" />
  </s>
  <s id="457">
    <time id="T340S" value="00:41:45,391" />
Glem det.
    <time id="T340E" value="00:41:47,109" />
  </s>
  <s id="458">
    <time id="T341S" value="00:41:47,871" />
Se her. 
  </s>
  <s id="459">
Bliv stående.
    <time id="T341E" value="00:41:49,827" />
  </s>
  <s id="460">
    <time id="T342S" value="00:41:52,511" />
Emnetindlæst.
    <time id="T342E" value="00:41:54,581" />
  </s>
  <s id="461">
    <time id="T343S" value="00:41:57,071" />
Lad os se, hvad du kan huske.
  </s>
  <s id="462">
Hvad med denne her?
    <time id="T343E" value="00:42:00,347" />
  </s>
  <s id="463">
    <time id="T344S" value="00:42:00,551" />
Kan du huske det?
    <time id="T344E" value="00:42:02,382" />
  </s>
  <s id="464">
    <time id="T345S" value="00:42:04,391" />
- Sig noget.
  </s>
  <s id="465">
- Billedet er indlæst.
    <time id="T345E" value="00:42:06,700" />
  </s>
  <s id="466">
    <time id="T346S" value="00:42:06,911" />
Skynd dig lidt.
    <time id="T346E" value="00:42:08,902" />
  </s>
  <s id="467">
    <time id="T347S" value="00:42:46,231" />
Sæt dig ned.
    <time id="T347E" value="00:42:48,461" />
  </s>
  <s id="468">
    <time id="T348S" value="00:42:51,431" />
Edward Garrotte.
    <time id="T348E" value="00:42:53,308" />
  </s>
  <s id="469">
    <time id="T349S" value="00:42:54,191" />
Edward Garrotte. 
  </s>
  <s id="470">
Glimrende.
  </s>
  <s id="471">
lmmigreret fra Sydafrika i 1 995.
    <time id="T349E" value="00:42:59,265" />
  </s>
  <s id="472">
    <time id="T350S" value="00:43:09,911" />
- Hej, chef. 
  </s>
  <s id="473">
Hvordan står det til?
  </s>
  <s id="474">
- Oliepriserne falder. 
  </s>
  <s id="475">
Hvad vil du?
    <time id="T350E" value="00:43:15,508" />
  </s>
  <s id="476">
    <time id="T351S" value="00:43:15,711" />
- Jeg skulle bare ordne noget.
  </s>
  <s id="477">
- Tager du røven på mig?
    <time id="T351E" value="00:43:19,226" />
  </s>
  <s id="478">
    <time id="T352S" value="00:43:19,471" />
Nej da. 
  </s>
  <s id="479">
Jeg må videre.
    <time id="T352E" value="00:43:21,780" />
  </s>
  <s id="480">
    <time id="T353S" value="00:43:23,831" />
- Tager du røven på mig?
  </s>
  <s id="481">
- Klap i.
    <time id="T353E" value="00:43:26,664" />
  </s>
  <s id="482">
    <time id="T354S" value="00:43:35,191" />
Det var som ...
    <time id="T354E" value="00:43:37,227" />
  </s>
  <s id="483">
    <time id="T355S" value="00:43:54,511" />
Bliv der.
    <time id="T355E" value="00:43:56,183" />
  </s>
  <s id="484">
    <time id="T356S" value="00:44:26,751" />
Kom så.
    <time id="T356E" value="00:44:28,343" />
  </s>
  <s id="485">
    <time id="T357S" value="00:44:34,471" />
Jake!
    <time id="T357E" value="00:44:36,189" />
  </s>
  <s id="486">
    <time id="T358S" value="00:45:10,791" />
Kors i røven.
    <time id="T358E" value="00:45:13,669" />
  </s>
  <s id="487">
    <time id="T359S" value="00:45:21,431" />
- Hans næste offer.
  </s>
  <s id="488">
- Behold det.
    <time id="T359E" value="00:45:24,787" />
  </s>
  <s id="489">
    <time id="T360S" value="00:45:24,991" />
Jake, vi er trængt herind ulovligt.
    <time id="T360E" value="00:45:27,459" />
  </s>
  <s id="490">
    <time id="T361S" value="00:45:46,231" />
Han er syg i hovedet.
    <time id="T361E" value="00:45:47,823" />
  </s>
  <s id="491">
    <time id="T362S" value="00:45:51,271" />
- Torch. 
  </s>
  <s id="492">
Du har ham siddende i bilen.
  </s>
  <s id="493">
- Nej. 
  </s>
  <s id="494">
Jeg forklarer det senere.
    <time id="T362E" value="00:45:55,708" />
  </s>
  <s id="495">
    <time id="T363S" value="00:46:14,111" />
Jake, jeg er nødt til at anmelde det.
    <time id="T363E" value="00:46:16,705" />
  </s>
  <s id="496">
    <time id="T364S" value="00:46:33,231" />
UDSKRlVER
    <time id="T364E" value="00:46:34,710" />
  </s>
  <s id="497">
    <time id="T365S" value="00:46:43,151" />
Tilbage!
    <time id="T365E" value="00:46:45,142" />
  </s>
  <s id="498">
    <time id="T366S" value="00:46:49,151" />
Jake!
    <time id="T366E" value="00:46:51,187" />
  </s>
  <s id="499">
    <time id="T367S" value="00:46:51,431" />
Ud!
    <time id="T367E" value="00:46:53,149" />
  </s>
  <s id="500">
    <time id="T368S" value="00:47:23,831" />
Ring efter hjælp.
    <time id="T368E" value="00:47:25,742" />
  </s>
  <s id="501">
    <time id="T369S" value="00:47:27,231" />
Er du okay?
    <time id="T369E" value="00:47:28,869" />
  </s>
  <s id="502">
    <time id="T370S" value="00:47:29,071" />
Hvor er han?
    <time id="T370E" value="00:47:31,062" />
  </s>
  <s id="503">
    <time id="T371S" value="00:47:59,311" />
Jake!
    <time id="T371E" value="00:48:01,108" />
  </s>
  <s id="504">
    <time id="T372S" value="00:48:02,311" />
Hvad fanden sker der?
    <time id="T372E" value="00:48:04,063" />
  </s>
  <s id="505">
    <time id="T373S" value="00:48:04,271" />
- Fortæl mig det!
  </s>
  <s id="506">
- Nej, han slipper væk.
    <time id="T373E" value="00:48:06,580" />
  </s>
  <s id="507">
    <time id="T374S" value="00:48:06,831" />
- Du havde Torch i bilen.
  </s>
  <s id="508">
- Nej, men han kan føre os til ham.
    <time id="T374E" value="00:48:10,585" />
  </s>
  <s id="509">
    <time id="T375S" value="00:48:10,831" />
Jeg må finde ham!
    <time id="T375E" value="00:48:12,867" />
  </s>
  <s id="510">
    <time id="T376S" value="00:49:08,311" />
Hvem fanden er du?
    <time id="T376E" value="00:49:10,029" />
  </s>
  <s id="511">
    <time id="T377S" value="00:49:10,191" />
Hvem fanden er du?
    <time id="T377E" value="00:49:12,022" />
  </s>
  <s id="512">
    <time id="T378S" value="00:49:29,631" />
Stop det der!
    <time id="T378E" value="00:49:31,223" />
  </s>
  <s id="513">
    <time id="T379S" value="00:49:54,671" />
Hold dig væk.
    <time id="T379E" value="00:49:56,104" />
  </s>
  <s id="514">
    <time id="T380S" value="00:50:16,591" />
Du skal ikke ringe.
    <time id="T380E" value="00:50:18,582" />
  </s>
  <s id="515">
    <time id="T381S" value="00:50:29,591" />
Hvem er du? 
  </s>
  <s id="516">
Hvad vil du?
    <time id="T381E" value="00:50:31,627" />
  </s>
  <s id="517">
    <time id="T382S" value="00:50:31,871" />
Hvad vil du?
    <time id="T382E" value="00:50:33,941" />
  </s>
  <s id="518">
    <time id="T383S" value="00:50:37,911" />
Dumme svin.
    <time id="T383E" value="00:50:39,583" />
  </s>
  <s id="519">
    <time id="T384S" value="00:51:23,111" />
Han stak af. 
  </s>
  <s id="520">
Hvordan har han det?
    <time id="T384E" value="00:51:25,909" />
  </s>
  <s id="521">
    <time id="T385S" value="00:51:27,191" />
Angie!
    <time id="T385E" value="00:51:28,943" />
  </s>
  <s id="522">
    <time id="T386S" value="00:51:30,631" />
- Hvordan har han det?
  </s>
  <s id="523">
- Du har løjet for mig.
    <time id="T386E" value="00:51:33,191" />
  </s>
  <s id="524">
    <time id="T387S" value="00:51:33,351" />
Skudvekslingpå Martini`s Lounge.
  </s>
  <s id="525">
Hvidmandisortlæderjakke.
    <time id="T387E" value="00:51:37,742" />
  </s>
  <s id="526">
    <time id="T388S" value="00:51:38,951" />
Det er to gader herfra.
    <time id="T388E" value="00:51:40,782" />
  </s>
  <s id="527">
    <time id="T389S" value="00:51:47,191" />
Der var to fyre, der sloges!
  </s>
  <s id="528">
De skød min chef.
    <time id="T389E" value="00:51:50,183" />
  </s>
  <s id="529">
    <time id="T390S" value="00:51:50,351" />
- Slap af.
  </s>
  <s id="530">
- De var enæggede tvillinger.
    <time id="T390E" value="00:51:53,821" />
  </s>
  <s id="531">
    <time id="T391S" value="00:51:54,031" />
Bliv her.
    <time id="T391E" value="00:51:55,828" />
  </s>
  <s id="532">
    <time id="T392S" value="00:51:59,831" />
Rengøringsmanden siger, at to enæggede tvillinger sloges her.
    <time id="T392E" value="00:52:04,461" />
  </s>
  <s id="533">
    <time id="T393S" value="00:52:08,991" />
Lige ud.
    <time id="T393E" value="00:52:10,549" />
  </s>
  <s id="534">
    <time id="T394S" value="00:52:25,071" />
Jeg erstoltafdig. 
  </s>
  <s id="535">
Du erilive.
    <time id="T394E" value="00:52:27,983" />
  </s>
  <s id="536">
    <time id="T395S" value="00:52:28,951" />
- Hvem erhan?
  </s>
  <s id="537">
- Det kan du selv regne ud.
    <time id="T395E" value="00:52:32,944" />
  </s>
  <s id="538">
    <time id="T396S" value="00:52:33,751" />
Det skal jeg nok.
    <time id="T396E" value="00:52:35,309" />
  </s>
  <s id="539">
    <time id="T397S" value="00:52:36,351" />
Detblivermin hidtilstørste udfordring.
    <time id="T397E" value="00:52:38,785" />
  </s>
  <s id="540">
    <time id="T398S" value="00:52:44,751" />
Se dig for!
    <time id="T398E" value="00:52:46,503" />
  </s>
  <s id="541">
    <time id="T399S" value="00:52:59,551" />
Halløj, kammerat. 
  </s>
  <s id="542">
Smut.
    <time id="T399E" value="00:53:02,349" />
  </s>
  <s id="543">
    <time id="T400S" value="00:53:02,591" />
Ja, dig. 
  </s>
  <s id="544">
Stik så af.
    <time id="T400E" value="00:53:04,229" />
  </s>
  <s id="545">
    <time id="T401S" value="00:53:10,871" />
- Hej, Jake. 
  </s>
  <s id="546">
Hvordan har han det?
  </s>
  <s id="547">
- Fint. 
  </s>
  <s id="548">
Han erstueren.
    <time id="T401E" value="00:53:14,750" />
  </s>
  <s id="549">
    <time id="T402S" value="00:53:14,991" />
Han vil have sex, men han har ikke myrdet nogen endnu.
    <time id="T402E" value="00:53:18,586" />
  </s>
  <s id="550">
    <time id="T403S" value="00:53:18,791" />
Du ved, hvadjegmener.
    <time id="T403E" value="00:53:21,180" />
  </s>
  <s id="551">
    <time id="T404S" value="00:53:21,431" />
Ja, det gør jeg. 
  </s>
  <s id="552">
Og ja ...
    <time id="T404E" value="00:53:24,184" />
  </s>
  <s id="553">
    <time id="T405S" value="00:53:24,431" />
Der ersketnoget.
  </s>
  <s id="554">
Jeg tror, han erbegyndtathuske.
    <time id="T405E" value="00:53:27,229" />
  </s>
  <s id="555">
    <time id="T406S" value="00:53:27,431" />
Glimrende.
  </s>
  <s id="556">
Hvordan kan vi fremskynde processen?
    <time id="T406E" value="00:53:31,310" />
  </s>
  <s id="557">
    <time id="T407S" value="00:53:31,551" />
Han klarer sig fint på egen hånd.
    <time id="T407E" value="00:53:34,349" />
  </s>
  <s id="558">
    <time id="T408S" value="00:53:34,551" />
Jeg har valgt en alternativ metode.
    <time id="T408E" value="00:53:36,985" />
  </s>
  <s id="559">
    <time id="T409S" value="00:53:37,231" />
- Hvilken?
  </s>
  <s id="560">
- Veddu ikke det?
    <time id="T409E" value="00:53:40,223" />
  </s>
  <s id="561">
    <time id="T410S" value="00:53:40,431" />
Ved du ikke, hvor vi er?
    <time id="T410E" value="00:53:42,387" />
  </s>
  <s id="562">
    <time id="T411S" value="00:53:44,391" />
Sporerlos ikke?
    <time id="T411E" value="00:53:47,030" />
  </s>
  <s id="563">
    <time id="T412S" value="00:53:50,031" />
LaSalle Street 4901 .
  </s>
  <s id="564">
Det er luderkvarteret.
    <time id="T412E" value="00:53:52,909" />
  </s>
  <s id="565">
    <time id="T413S" value="00:53:53,831" />
Nemlig.
    <time id="T413E" value="00:53:55,423" />
  </s>
  <s id="566">
    <time id="T414S" value="00:54:03,351" />
Hej, skat. 
  </s>
  <s id="567">
Har du travlt?
    <time id="T414E" value="00:54:05,228" />
  </s>
  <s id="568">
    <time id="T415S" value="00:54:09,591" />
Kan du lide, hvad du ser?
    <time id="T415E" value="00:54:11,502" />
  </s>
  <s id="569">
    <time id="T416S" value="00:54:16,351" />
Lad os gå en tur.
    <time id="T416E" value="00:54:18,262" />
  </s>
  <s id="570">
    <time id="T417S" value="00:54:20,831" />
Kom så.
    <time id="T417E" value="00:54:22,503" />
  </s>
  <s id="571">
    <time id="T418S" value="00:54:25,271" />
Kom.
    <time id="T418E" value="00:54:26,670" />
  </s>
  <s id="572">
    <time id="T419S" value="00:54:37,831" />
Gør dig det behageligt.
    <time id="T419E" value="00:54:39,708" />
  </s>
  <s id="573">
    <time id="T420S" value="00:55:18,831" />
Nå ...
    <time id="T420E" value="00:55:20,662" />
  </s>
  <s id="574">
    <time id="T421S" value="00:55:20,911" />
Hvad har du så lyst til?
    <time id="T421E" value="00:55:22,822" />
  </s>
  <s id="575">
    <time id="T422S" value="00:55:28,711" />
Sæt dig ned.
    <time id="T422E" value="00:55:30,702" />
  </s>
  <s id="576">
    <time id="T423S" value="00:55:30,951" />
Lad os tage den her af. 
  </s>
  <s id="577">
Sådan.
    <time id="T423E" value="00:55:34,660" />
  </s>
  <s id="578">
    <time id="T424S" value="00:55:43,951" />
Det kan vi også klare.
    <time id="T424E" value="00:55:45,987" />
  </s>
  <s id="579">
    <time id="T425S" value="00:55:59,231" />
Så er det godt, skat.
  </s>
  <s id="580">
Der skal penge på bordet.
    <time id="T425E" value="00:56:02,428" />
  </s>
  <s id="581">
    <time id="T426S" value="00:56:04,311" />
Hundrede dollars, tak.
    <time id="T426E" value="00:56:06,666" />
  </s>
  <s id="582">
    <time id="T427S" value="00:56:07,671" />
Hundrede dollars. 
  </s>
  <s id="583">
Giv mig dem så.
    <time id="T427E" value="00:56:12,301" />
  </s>
  <s id="584">
    <time id="T428S" value="00:56:13,431" />
Hvad laver du?
    <time id="T428E" value="00:56:15,103" />
  </s>
  <s id="585">
    <time id="T429S" value="00:56:18,871" />
Lad mig være!
    <time id="T429E" value="00:56:21,226" />
  </s>
  <s id="586">
    <time id="T430S" value="00:56:33,591" />
Jeg har fundet en stodder.
    <time id="T430E" value="00:56:36,025" />
  </s>
  <s id="587">
    <time id="T431S" value="00:56:38,191" />
Hvad fanden fejler du?
    <time id="T431E" value="00:56:40,261" />
  </s>
  <s id="588">
    <time id="T432S" value="00:56:43,631" />
Er det første gang?
    <time id="T432E" value="00:56:45,861" />
  </s>
  <s id="589">
    <time id="T433S" value="00:56:49,111" />
Det anede jeg ikke.
    <time id="T433E" value="00:56:51,102" />
  </s>
  <s id="590">
    <time id="T434S" value="00:56:52,431" />
Skal vi aftale, du aldrig gør det igen? 
  </s>
  <s id="591">
Gå så.
    <time id="T434E" value="00:56:55,548" />
  </s>
  <s id="592">
    <time id="T435S" value="00:56:59,391" />
Lad være. 
  </s>
  <s id="593">
Gå din vej!
    <time id="T435E" value="00:57:02,622" />
  </s>
  <s id="594">
    <time id="T436S" value="00:57:04,191" />
Kan du ikke betale?
    <time id="T436E" value="00:57:05,909" />
  </s>
  <s id="595">
    <time id="T437S" value="00:57:09,551" />
Det skal jeg sørge for, at du gør.
    <time id="T437E" value="00:57:11,826" />
  </s>
  <s id="596">
    <time id="T438S" value="00:57:15,551" />
- Lad ham nu bare være.
  </s>
  <s id="597">
- Hold din kæft!
    <time id="T438E" value="00:57:17,940" />
  </s>
  <s id="598">
    <time id="T439S" value="00:57:18,151" />
Er du vild med ham?
    <time id="T439E" value="00:57:20,142" />
  </s>
  <s id="599">
    <time id="T440S" value="00:57:20,951" />
Du kender reglerne!
    <time id="T440E" value="00:57:23,670" />
  </s>
  <s id="600">
    <time id="T441S" value="00:58:15,231" />
Jeg overgiver mig.
    <time id="T441E" value="00:58:16,744" />
  </s>
  <s id="601">
    <time id="T442S" value="00:58:18,311" />
Hold op! 
  </s>
  <s id="602">
Lad ham være!
    <time id="T442E" value="00:58:21,383" />
  </s>
  <s id="603">
    <time id="T443S" value="00:58:21,591" />
Vil du ikke nok?
    <time id="T443E" value="00:58:23,263" />
  </s>
  <s id="604">
    <time id="T444S" value="00:58:45,191" />
Politiet! 
  </s>
  <s id="605">
Ned på gulvet!
    <time id="T444E" value="00:58:47,989" />
  </s>
  <s id="606">
    <time id="T445S" value="00:58:48,231" />
- l må ikke skyde!
  </s>
  <s id="607">
- Ned med dig!
    <time id="T445E" value="00:58:52,270" />
  </s>
  <s id="608">
    <time id="T446S" value="00:58:52,511" />
Rolig, folkens! 
  </s>
  <s id="609">
Slap af!
    <time id="T446E" value="00:58:55,628" />
  </s>
  <s id="610">
    <time id="T447S" value="00:58:55,831" />
- Hvad fanden sker der, Jake?
  </s>
  <s id="611">
- Jeg tager mig af ham.
    <time id="T447E" value="00:58:58,868" />
  </s>
  <s id="612">
    <time id="T448S" value="00:58:59,071" />
Rolig nu. 
  </s>
  <s id="613">
Slap af. 
  </s>
  <s id="614">
Sid ned.
    <time id="T448E" value="00:59:01,983" />
  </s>
  <s id="615">
    <time id="T449S" value="00:59:05,231" />
Du skal nok klare dig.
    <time id="T449E" value="00:59:07,028" />
  </s>
  <s id="616">
    <time id="T450S" value="00:59:13,511" />
Jeg har din jakke.
    <time id="T450E" value="00:59:15,388" />
  </s>
  <s id="617">
    <time id="T451S" value="00:59:17,431" />
Find mig, når du kommer ud.
    <time id="T451E" value="00:59:19,626" />
  </s>
  <s id="618">
    <time id="T452S" value="00:59:36,191" />
Kom nu, hvad er det, du kan huske?
  </s>
  <s id="619">
Hjælp mig nu. 
  </s>
  <s id="620">
Tænk dig om.
    <time id="T452E" value="00:59:42,869" />
  </s>
  <s id="621">
    <time id="T453S" value="00:59:45,791" />
Huske ...
    <time id="T453E" value="00:59:47,986" />
  </s>
  <s id="622">
    <time id="T454S" value="00:59:48,231" />
- Uartige dreng ...
  </s>
  <s id="623">
- Hvad mener du?
    <time id="T454E" value="00:59:51,667" />
  </s>
  <s id="624">
    <time id="T455S" value="00:59:53,791" />
- Mor ...
  </s>
  <s id="625">
- Kan du huske, du slog mødrene ihjel?
    <time id="T455E" value="00:59:58,706" />
  </s>
  <s id="626">
    <time id="T456S" value="00:59:58,911" />
Sig frem. 
  </s>
  <s id="627">
Hvad kan du huske?
    <time id="T456E" value="01:00:02,142" />
  </s>
  <s id="628">
    <time id="T457S" value="01:00:02,351" />
- Ved du, hvem hun er?
  </s>
  <s id="629">
- Har du tjekket hende?
    <time id="T457E" value="01:00:04,819" />
  </s>
  <s id="630">
    <time id="T458S" value="01:00:05,031" />
Hun er ikke registreret.
  </s>
  <s id="631">
Hun må være turist.
    <time id="T458E" value="01:00:08,706" />
  </s>
  <s id="632">
    <time id="T459S" value="01:00:08,871" />
Er hun den næste?
    <time id="T459E" value="01:00:10,862" />
  </s>
  <s id="633">
    <time id="T460S" value="01:00:11,071" />
Kig på billedet.
    <time id="T460E" value="01:00:12,709" />
  </s>
  <s id="634">
    <time id="T461S" value="01:00:27,991" />
Sov, lille baby sovog blivstor ogmens dusover, våger dinmor.
    <time id="T463E" value="01:00:38,621" />
  </s>
  <s id="635">
    <time id="T464S" value="01:00:43,511" />
Hvad ser du?
    <time id="T464E" value="01:00:45,741" />
  </s>
  <s id="636">
    <time id="T465S" value="01:00:46,591" />
Hvad er det, du ser?
    <time id="T465E" value="01:00:49,549" />
  </s>
  <s id="637">
    <time id="T466S" value="01:00:50,471" />
Jeg dræber ...
    <time id="T466E" value="01:00:52,189" />
  </s>
  <s id="638">
    <time id="T467S" value="01:00:55,231" />
Jeg dræber ...
    <time id="T467E" value="01:00:57,142" />
  </s>
  <s id="639">
    <time id="T468S" value="01:01:13,631" />
Jake. 
  </s>
  <s id="640">
Hvem er jeg?
    <time id="T468E" value="01:01:16,623" />
  </s>
  <s id="641">
    <time id="T469S" value="01:01:22,711" />
Du er en genetisk kopi.
    <time id="T469E" value="01:01:26,021" />
  </s>
  <s id="642">
    <time id="T470S" value="01:01:27,831" />
Genetisk kopi.
    <time id="T470E" value="01:01:29,901" />
  </s>
  <s id="643">
    <time id="T471S" value="01:01:32,457" />
Jeg forstår det heller ikke, kammerat.
    <time id="T471E" value="01:01:34,971" />
  </s>
  <s id="644">
    <time id="T472S" value="01:01:37,657" />
Den anden halvdel, han er morder.
    <time id="T472E" value="01:01:40,694" />
  </s>
  <s id="645">
    <time id="T473S" value="01:01:46,977" />
Nej.
    <time id="T473E" value="01:01:48,649" />
  </s>
  <s id="646">
    <time id="T474S" value="01:01:54,097" />
Hop ind.
    <time id="T474E" value="01:01:56,053" />
  </s>
  <s id="647">
    <time id="T475S" value="01:01:58,897" />
Bare slå dig løs.
    <time id="T475E" value="01:02:00,853" />
  </s>
  <s id="648">
    <time id="T476S" value="01:02:04,697" />
Sidder du godt?
    <time id="T476E" value="01:02:06,449" />
  </s>
  <s id="649">
    <time id="T477S" value="01:02:46,057" />
Det er is.
    <time id="T477E" value="01:02:47,809" />
  </s>
  <s id="650">
    <time id="T478S" value="01:02:53,177" />
Værsgo.
    <time id="T478E" value="01:02:54,929" />
  </s>
  <s id="651">
    <time id="T479S" value="01:03:01,617" />
Her. 
  </s>
  <s id="652">
Du må gøre mig en tjeneste.
  </s>
  <s id="653">
Kig på det engang.
    <time id="T479E" value="01:03:05,530" />
  </s>
  <s id="654">
    <time id="T480S" value="01:03:12,097" />
Kender du hende?
    <time id="T480E" value="01:03:13,928" />
  </s>
  <s id="655">
    <time id="T481S" value="01:03:16,377" />
Hvad tænker du på?
    <time id="T481E" value="01:03:18,413" />
  </s>
  <s id="656">
    <time id="T482S" value="01:03:22,177" />
Tegn deroppe. 
  </s>
  <s id="657">
Det er bedre.
    <time id="T482E" value="01:03:24,168" />
  </s>
  <s id="658">
    <time id="T483S" value="01:03:32,417" />
Er det et hus? 
  </s>
  <s id="659">
En kirke?
    <time id="T483E" value="01:03:34,647" />
  </s>
  <s id="660">
    <time id="T484S" value="01:03:43,697" />
Nu er jeg med.
    <time id="T484E" value="01:03:45,813" />
  </s>
  <s id="661">
    <time id="T485S" value="01:03:58,697" />
Jeg ved det godt.
    <time id="T485E" value="01:04:00,574" />
  </s>
  <s id="662">
    <time id="T486S" value="01:04:20,617" />
- Kan du fortælle mig, om hun bor her?
  </s>
  <s id="663">
- Hvabehar?
    <time id="T486E" value="01:04:23,689" />
  </s>
  <s id="664">
    <time id="T487S" value="01:04:25,257" />
- Er hun gæst her på hotellet?
  </s>
  <s id="665">
- Er De fra politiet?
    <time id="T487E" value="01:04:28,727" />
  </s>
  <s id="666">
    <time id="T488S" value="01:04:28,937" />
Jeg tror, hun er i fare.
    <time id="T488E" value="01:04:31,326" />
  </s>
  <s id="667">
    <time id="T489S" value="01:04:31,537" />
Jeg beklager, sir, men vores politik forbyder, at ...
    <time id="T489E" value="01:04:34,893" />
  </s>
  <s id="668">
    <time id="T490S" value="01:04:36,417" />
Undskyld mig.
    <time id="T490E" value="01:04:37,975" />
  </s>
  <s id="669">
    <time id="T491S" value="01:04:41,057" />
Sir, De må kun gå ovenpå ledsaget af en fra personalet.
    <time id="T491E" value="01:04:44,288" />
  </s>
  <s id="670">
    <time id="T492S" value="01:04:44,497" />
Det forstår jeg.
    <time id="T492E" value="01:04:46,215" />
  </s>
  <s id="671">
    <time id="T493S" value="01:04:48,537" />
Jeg tilkalder vagten. 
  </s>
  <s id="672">
Ud med jer.
    <time id="T493E" value="01:04:51,449" />
  </s>
  <s id="673">
    <time id="T494S" value="01:04:52,817" />
Bliv der!
    <time id="T494E" value="01:04:54,296" />
  </s>
  <s id="674">
    <time id="T495S" value="01:05:05,657" />
Pis!
    <time id="T495E" value="01:05:07,375" />
  </s>
  <s id="675">
    <time id="T496S" value="01:05:20,017" />
Lås døren op! 
  </s>
  <s id="676">
Kom nu!
    <time id="T496E" value="01:05:22,133" />
  </s>
  <s id="677">
    <time id="T497S" value="01:05:25,657" />
- Ring efter hjælp!
  </s>
  <s id="678">
- Det brænder på værelse 1 404.
    <time id="T497E" value="01:05:29,696" />
  </s>
  <s id="679">
    <time id="T498S" value="01:05:59,937" />
Herovre!
    <time id="T498E" value="01:06:01,495" />
  </s>
  <s id="680">
    <time id="T499S" value="01:06:07,297" />
- Er han i nærheden?
  </s>
  <s id="681">
- Ja.
    <time id="T499E" value="01:06:09,891" />
  </s>
  <s id="682">
    <time id="T500S" value="01:06:48,297" />
Hvad laver du? 
  </s>
  <s id="683">
Kom tilbage!
  </s>
  <s id="684">
Se så at få åbnet den dør!
    <time id="T500E" value="01:06:53,451" />
  </s>
  <s id="685">
    <time id="T501S" value="01:06:53,697" />
Luk så den skide dør op!
    <time id="T501E" value="01:06:55,608" />
  </s>
  <s id="686">
    <time id="T502S" value="01:07:00,217" />
Kom tilbage og luk mig ud!
    <time id="T502E" value="01:07:02,492" />
  </s>
  <s id="687">
    <time id="T503S" value="01:07:04,617" />
Kom så her!
    <time id="T503E" value="01:07:06,687" />
  </s>
  <s id="688">
    <time id="T504S" value="01:07:08,817" />
Kom tilbage, dit røvhul!
    <time id="T504E" value="01:07:11,047" />
  </s>
  <s id="689">
    <time id="T505S" value="01:07:14,497" />
For satan da!
    <time id="T505E" value="01:07:16,055" />
  </s>
  <s id="690">
    <time id="T506S" value="01:07:29,497" />
Du fik min besked.
    <time id="T506E" value="01:07:31,852" />
  </s>
  <s id="691">
    <time id="T507S" value="01:07:45,617" />
Hvad er du for en?
    <time id="T507E" value="01:07:47,414" />
  </s>
  <s id="692">
    <time id="T508S" value="01:07:48,217" />
En genetisk kopi.
    <time id="T508E" value="01:07:50,048" />
  </s>
  <s id="693">
    <time id="T509S" value="01:07:51,537" />
En kloning?
    <time id="T509E" value="01:07:53,573" />
  </s>
  <s id="694">
    <time id="T510S" value="01:07:55,057" />
Det er fandeme for langt ude.
  </s>
  <s id="695">
Fantastisk.
    <time id="T510E" value="01:07:58,936" />
  </s>
  <s id="696">
    <time id="T511S" value="01:07:59,977" />
Smukt.
    <time id="T511E" value="01:08:02,013" />
  </s>
  <s id="697">
    <time id="T512S" value="01:08:02,697" />
En nøjagtig kopi.
    <time id="T512E" value="01:08:05,165" />
  </s>
  <s id="698">
    <time id="T513S" value="01:08:08,217" />
- Vi er ens.
  </s>
  <s id="699">
- Ens?
    <time id="T513E" value="01:08:11,687" />
  </s>
  <s id="700">
    <time id="T514S" value="01:08:13,057" />
Min krop er din krop.
    <time id="T514E" value="01:08:15,730" />
  </s>
  <s id="701">
    <time id="T515S" value="01:08:17,097" />
Mit sind er dit sind.
    <time id="T515E" value="01:08:19,975" />
  </s>
  <s id="702">
    <time id="T516S" value="01:08:21,497" />
Mit liv er dit liv.
    <time id="T516E" value="01:08:24,887" />
  </s>
  <s id="703">
    <time id="T517S" value="01:08:25,617" />
Men, min bror, du kan ikke stole på Jake.
    <time id="T517E" value="01:08:29,895" />
  </s>
  <s id="704">
    <time id="T518S" value="01:08:30,097" />
Han vil slå dig ihjel.
    <time id="T518E" value="01:08:32,736" />
  </s>
  <s id="705">
    <time id="T519S" value="01:08:32,937" />
Jeg skal nok beskytte dig, min bror.
    <time id="T519E" value="01:08:35,167" />
  </s>
  <s id="706">
    <time id="T520S" value="01:08:37,017" />
Bror.
    <time id="T520E" value="01:08:39,133" />
  </s>
  <s id="707">
    <time id="T521S" value="01:08:41,177" />
Hvor er du?
    <time id="T521E" value="01:08:43,054" />
  </s>
  <s id="708">
    <time id="T522S" value="01:08:44,737" />
Vi er identiske.
    <time id="T522E" value="01:08:46,534" />
  </s>
  <s id="709">
    <time id="T523S" value="01:08:48,657" />
Se at komme væk!
    <time id="T523E" value="01:08:50,693" />
  </s>
  <s id="710">
    <time id="T524S" value="01:08:51,817" />
Flyt dig!
    <time id="T524E" value="01:08:54,047" />
  </s>
  <s id="711">
    <time id="T525S" value="01:08:54,257" />
Væk!
    <time id="T525E" value="01:08:56,134" />
  </s>
  <s id="712">
    <time id="T526S" value="01:09:07,017" />
Du lod ham slippe væk!
    <time id="T526E" value="01:09:08,928" />
  </s>
  <s id="713">
    <time id="T527S" value="01:09:09,177" />
Vi er ens.
    <time id="T527E" value="01:09:10,576" />
  </s>
  <s id="714">
    <time id="T528S" value="01:09:10,777" />
Jeg skulle have skudt jer begge to!
  </s>
  <s id="715">
For helvede! 
  </s>
  <s id="716">
Han driver gæk med dig!
    <time id="T528E" value="01:09:15,453" />
  </s>
  <s id="717">
    <time id="T529S" value="01:09:16,377" />
Vil Jake slå mig ihjel?
    <time id="T529E" value="01:09:18,607" />
  </s>
  <s id="718">
    <time id="T530S" value="01:09:18,817" />
Vil Jake slå mig ihjel? 
  </s>
  <s id="719">
Vi er ens.
    <time id="T530E" value="01:09:22,856" />
  </s>
  <s id="720">
    <time id="T531S" value="01:09:37,097" />
Jake?
    <time id="T531E" value="01:09:39,053" />
  </s>
  <s id="721">
    <time id="T532S" value="01:09:39,217" />
Vil Jake slå mig ihjel?
    <time id="T532E" value="01:09:41,253" />
  </s>
  <s id="722">
    <time id="T533S" value="01:09:42,697" />
- Vi er ens.
  </s>
  <s id="723">
- Hold så kæft!
    <time id="T533E" value="01:09:45,257" />
  </s>
  <s id="724">
    <time id="T534S" value="01:09:47,297" />
Jake, arbejder dupå sagen igen?
    <time id="T534E" value="01:09:50,209" />
  </s>
  <s id="725">
    <time id="T535S" value="01:09:50,457" />
Jeg ergåetpåpension.
    <time id="T535E" value="01:09:52,493" />
  </s>
  <s id="726">
    <time id="T536S" value="01:09:52,737" />
Den fyrnægterattage ansvar forsinehandlinger.
    <time id="T536E" value="01:09:55,615" />
  </s>
  <s id="727">
    <time id="T537S" value="01:09:55,777" />
Så vidtjeg ved, erhan sygihovedet.
    <time id="T537E" value="01:10:00,487" />
  </s>
  <s id="728">
    <time id="T538S" value="01:10:07,417" />
- Jeg ventede på, du skulle ringe.
  </s>
  <s id="729">
- Det vedjeg. 
  </s>
  <s id="730">
Hvordan er din whisky?
    <time id="T538E" value="01:10:11,888" />
  </s>
  <s id="731">
    <time id="T539S" value="01:10:15,737" />
Udmærket.
    <time id="T539E" value="01:10:16,886" />
  </s>
  <s id="732">
    <time id="T540S" value="01:10:17,097" />
- Hvadmedmin kopi?
  </s>
  <s id="733">
- Han har det fint.
    <time id="T540E" value="01:10:19,657" />
  </s>
  <s id="734">
    <time id="T541S" value="01:10:20,777" />
- Sætmigpåmedhør.
  </s>
  <s id="735">
- Hvorfor det?
    <time id="T541E" value="01:10:24,690" />
  </s>
  <s id="736">
    <time id="T542S" value="01:10:24,897" />
Så kan vitage en familiesnak.
  </s>
  <s id="737">
lskalbegge to kunnehøre mig.
    <time id="T542E" value="01:10:28,253" />
  </s>
  <s id="738">
    <time id="T543S" value="01:10:29,777" />
Sig frem.
    <time id="T543E" value="01:10:31,574" />
  </s>
  <s id="739">
    <time id="T544S" value="01:10:32,177" />
Han skal vide, atjeg elskerham.
    <time id="T544E" value="01:10:34,452" />
  </s>
  <s id="740">
    <time id="T545S" value="01:10:34,657" />
Det errart, athan bare ertil.
    <time id="T545E" value="01:10:37,251" />
  </s>
  <s id="741">
    <time id="T546S" value="01:10:37,497" />
Hvor kært. 
  </s>
  <s id="742">
Psykopatkærlighed.
    <time id="T546E" value="01:10:41,206" />
  </s>
  <s id="743">
    <time id="T547S" value="01:10:41,417" />
Vildu vide, hvem detnæste offer er?
  </s>
  <s id="744">
Så spørg min bror.
    <time id="T547E" value="01:10:46,127" />
  </s>
  <s id="745">
    <time id="T548S" value="01:10:47,457" />
- Jake ...
  </s>
  <s id="746">
- Hvad venter du på?
    <time id="T548E" value="01:10:51,370" />
  </s>
  <s id="747">
    <time id="T549S" value="01:10:51,617" />
- Bare vent, Jake.
  </s>
  <s id="748">
- Bare vent.
    <time id="T549E" value="01:10:54,848" />
  </s>
  <s id="749">
    <time id="T550S" value="01:10:58,137" />
Hvis du gør noget, pløkker jeg knoppen af dig.
    <time id="T550E" value="01:11:01,209" />
  </s>
  <s id="750">
    <time id="T551S" value="01:11:06,577" />
Kom med din hånd.
    <time id="T551E" value="01:11:08,852" />
  </s>
  <s id="751">
    <time id="T552S" value="01:11:23,977" />
- Goddag, mr. 
  </s>
  <s id="752">
Savard.
  </s>
  <s id="753">
- Hej, Carol.
    <time id="T552E" value="01:11:26,332" />
  </s>
  <s id="754">
    <time id="T553S" value="01:11:26,537" />
- Hvordan har min mor det i dag?
  </s>
  <s id="755">
- Hun har haft det bedre.
    <time id="T553E" value="01:11:30,007" />
  </s>
  <s id="756">
    <time id="T554S" value="01:11:30,217" />
- Måske kan du muntre hende lidt op.
  </s>
  <s id="757">
- Jeg har en overraskelse til hende.
    <time id="T554E" value="01:11:35,052" />
  </s>
  <s id="758">
    <time id="T555S" value="01:11:50,337" />
Og hende her ...
    <time id="T555E" value="01:11:52,055" />
  </s>
  <s id="759">
    <time id="T556S" value="01:11:52,977" />
Hende skar jeg dybt.
    <time id="T556E" value="01:11:55,537" />
  </s>
  <s id="760">
    <time id="T557S" value="01:11:55,737" />
Meget langsomt.
    <time id="T557E" value="01:11:57,932" />
  </s>
  <s id="761">
    <time id="T558S" value="01:11:58,137" />
Du skulle have været der.
    <time id="T558E" value="01:12:00,093" />
  </s>
  <s id="762">
    <time id="T559S" value="01:12:01,337" />
Hun bønfaldt mig. 
  </s>
  <s id="763">
Hun skreg.
    <time id="T559E" value="01:12:05,728" />
  </s>
  <s id="764">
    <time id="T560S" value="01:12:15,457" />
Men ved du hvad?
    <time id="T560E" value="01:12:17,049" />
  </s>
  <s id="765">
    <time id="T561S" value="01:12:18,457" />
Jeg gjorde det for din skyld.
    <time id="T561E" value="01:12:20,493" />
  </s>
  <s id="766">
    <time id="T562S" value="01:12:20,697" />
Din uartige   dreng!
    <time id="T563E" value="01:12:25,088" />
  </s>
  <s id="767">
    <time id="T564S" value="01:12:26,577" />
Du skal straffes!
    <time id="T564E" value="01:12:28,568" />
  </s>
  <s id="768">
    <time id="T565S" value="01:12:31,057" />
Nej.
    <time id="T565E" value="01:12:32,695" />
  </s>
  <s id="769">
    <time id="T566S" value="01:12:35,657" />
lkke mere, din møgkælling.
    <time id="T566E" value="01:12:38,774" />
  </s>
  <s id="770">
    <time id="T567S" value="01:12:42,977" />
lkke mere.
    <time id="T567E" value="01:12:45,093" />
  </s>
  <s id="771">
    <time id="T568S" value="01:13:06,017" />
Du skulle aldrig have været født, Luc Savard!
    <time id="T568E" value="01:13:09,930" />
  </s>
  <s id="772">
    <time id="T569S" value="01:13:23,697" />
Luc Savard.
    <time id="T569E" value="01:13:25,767" />
  </s>
  <s id="773">
    <time id="T570S" value="01:13:26,737" />
Jeg harfundetLuc Savard.
    <time id="T570E" value="01:13:28,728" />
  </s>
  <s id="774">
    <time id="T571S" value="01:13:28,897" />
Slem dreng. 
  </s>
  <s id="775">
Tyverida han var 11.
    <time id="T571E" value="01:13:31,331" />
  </s>
  <s id="776">
    <time id="T572S" value="01:13:31,537" />
Biltyveri, stoffer, pyromani.
    <time id="T572E" value="01:13:33,493" />
  </s>
  <s id="777">
    <time id="T573S" value="01:13:33,657" />
lndkaldti `88 ogmenes dræbt bag fjendens linjerijuni `91,   men liget blev aldrig fundet.
    <time id="T574E" value="01:13:40,373" />
  </s>
  <s id="778">
    <time id="T575S" value="01:13:40,577" />
Jeg fandtfrem tilmoren.
    <time id="T575E" value="01:13:42,966" />
  </s>
  <s id="779">
    <time id="T576S" value="01:13:43,177" />
Gwendolyn Savard. 
  </s>
  <s id="780">
Hun blev anbragt på plejehjem efter et slagtilfælde.
    <time id="T576E" value="01:13:48,968" />
  </s>
  <s id="781">
    <time id="T577S" value="01:13:49,177" />
En ting til. 
  </s>
  <s id="782">
Hun myrdede sin mand.
    <time id="T577E" value="01:13:52,169" />
  </s>
  <s id="783">
    <time id="T578S" value="01:13:52,377" />
Hun låste knægten inde og stakhusetibrand.
    <time id="T578E" value="01:13:55,369" />
  </s>
  <s id="784">
    <time id="T579S" value="01:13:55,577" />
Luc Savard overlevede kun, fordi det regnede den nat.
    <time id="T579E" value="01:13:59,013" />
  </s>
  <s id="785">
    <time id="T580S" value="01:14:11,017" />
Mr. Savard ...
    <time id="T580E" value="01:14:12,894" />
  </s>
  <s id="786">
    <time id="T581S" value="01:14:15,977" />
Vi forsøgte at ringe til Dem i går.
    <time id="T581E" value="01:14:18,775" />
  </s>
  <s id="787">
    <time id="T582S" value="01:14:22,177" />
- Var han her i går?
  </s>
  <s id="788">
- Naturligvis.
    <time id="T582E" value="01:14:24,737" />
  </s>
  <s id="789">
    <time id="T583S" value="01:14:26,017" />
Det gør mig ondt. 
  </s>
  <s id="790">
Deres mor.
    <time id="T583E" value="01:14:28,133" />
  </s>
  <s id="791">
    <time id="T584S" value="01:14:29,097" />
Hun fik pludselig hjertestop.
  </s>
  <s id="792">
Vi kunne intet stille op.
    <time id="T584E" value="01:14:33,215" />
  </s>
  <s id="793">
    <time id="T585S" value="01:14:34,737" />
Hendes ejendele.
    <time id="T585E" value="01:14:36,489" />
  </s>
  <s id="794">
    <time id="T586S" value="01:14:43,737" />
Undskyld, må vi se den afdøde?
    <time id="T586E" value="01:14:46,331" />
  </s>
  <s id="795">
    <time id="T587S" value="01:14:46,537" />
Ja, naturligvis.
    <time id="T587E" value="01:14:48,607" />
  </s>
  <s id="796">
    <time id="T588S" value="01:15:21,857" />
Rolig, Jake.
  </s>
  <s id="797">
Du vil vel ikke have, at hun dør?
    <time id="T588E" value="01:15:24,610" />
  </s>
  <s id="798">
    <time id="T589S" value="01:15:25,377" />
Vel? 
  </s>
  <s id="799">
Din pistol.
    <time id="T589E" value="01:15:27,288" />
  </s>
  <s id="800">
    <time id="T590S" value="01:15:27,497" />
Smid den.
    <time id="T590E" value="01:15:29,089" />
  </s>
  <s id="801">
    <time id="T591S" value="01:15:32,977" />
Smid pistolen.
    <time id="T591E" value="01:15:34,729" />
  </s>
  <s id="802">
    <time id="T592S" value="01:15:36,577" />
Godt.
    <time id="T592E" value="01:15:38,408" />
  </s>
  <s id="803">
    <time id="T593S" value="01:15:38,577" />
Du er ikke så klog endda.
  </s>
  <s id="804">
Du anede ikke uråd.
    <time id="T593E" value="01:15:41,569" />
  </s>
  <s id="805">
    <time id="T594S" value="01:15:45,697" />
Så er det slut, Jake.
    <time id="T594E" value="01:15:47,494" />
  </s>
  <s id="806">
    <time id="T595S" value="01:15:48,697" />
Nu skal du dø.
    <time id="T595E" value="01:15:50,847" />
  </s>
  <s id="807">
    <time id="T596S" value="01:16:07,337" />
Hvad er der galt, Jake?
    <time id="T596E" value="01:16:09,009" />
  </s>
  <s id="808">
    <time id="T597S" value="01:16:14,137" />
lkke så rap i replikken?
    <time id="T597E" value="01:16:16,287" />
  </s>
  <s id="809">
    <time id="T598S" value="01:16:25,137" />
lngen journalister, du kan tage pis på?
    <time id="T598E" value="01:16:27,446" />
  </s>
  <s id="810">
    <time id="T599S" value="01:16:37,697" />
Han er ikke i familie med dig.
  </s>
  <s id="811">
Han er ligeglad med dig.
    <time id="T599E" value="01:16:41,372" />
  </s>
  <s id="812">
    <time id="T600S" value="01:16:43,257" />
Men det er jeg ikke.
  </s>
  <s id="813">
Derfor vil jeg have dig med mig.
    <time id="T600E" value="01:16:46,454" />
  </s>
  <s id="814">
    <time id="T601S" value="01:16:48,217" />
Jeg har en ide.
    <time id="T601E" value="01:16:50,253" />
  </s>
  <s id="815">
    <time id="T602S" value="01:16:53,697" />
Du skal slå ham ihjel.
    <time id="T602E" value="01:16:55,528" />
  </s>
  <s id="816">
    <time id="T603S" value="01:16:59,737" />
Gør det.
    <time id="T603E" value="01:17:01,295" />
  </s>
  <s id="817">
    <time id="T604S" value="01:17:02,737" />
Gør det af med ham.
    <time id="T604E" value="01:17:04,728" />
  </s>
  <s id="818">
    <time id="T605S" value="01:17:18,657" />
Nej.
    <time id="T605E" value="01:17:20,409" />
  </s>
  <s id="819">
    <time id="T606S" value="01:17:30,817" />
Derfor må du dø sammen med ham, og så vil de tro, du er mig.
    <time id="T606E" value="01:17:35,686" />
  </s>
  <s id="820">
    <time id="T607S" value="01:17:37,137" />
Du er en uartig dreng, Luc Savard.
    <time id="T607E" value="01:17:39,651" />
  </s>
  <s id="821">
    <time id="T608S" value="01:17:46,417" />
- Hvad sagde du?
  </s>
  <s id="822">
- Du er en uartig dreng, Luc Savard.
    <time id="T608E" value="01:17:49,170" />
  </s>
  <s id="823">
    <time id="T609S" value="01:17:51,537" />
Du slog mor ihjel.
    <time id="T609E" value="01:17:53,095" />
  </s>
  <s id="824">
    <time id="T610S" value="01:17:53,817" />
Ja, det gjorde jeg.
    <time id="T610E" value="01:17:56,331" />
  </s>
  <s id="825">
    <time id="T611S" value="01:17:56,537" />
Og hvad så? 
  </s>
  <s id="826">
Det føltes godt.
    <time id="T611E" value="01:17:59,210" />
  </s>
  <s id="827">
    <time id="T612S" value="01:17:59,417" />
Din møgsæk!
    <time id="T612E" value="01:18:01,647" />
  </s>
  <s id="828">
    <time id="T613S" value="01:18:53,657" />
Du skal nok klare den.
    <time id="T613E" value="01:18:55,693" />
  </s>
  <s id="829">
    <time id="T614S" value="01:18:55,897" />
Sid stille. 
  </s>
  <s id="830">
Jeg kommer tilbage.
    <time id="T614E" value="01:18:58,127" />
  </s>
  <s id="831">
    <time id="T615S" value="01:19:12,497" />
Der er han!
    <time id="T615E" value="01:19:14,169" />
  </s>
  <s id="832">
    <time id="T616S" value="01:19:25,937" />
Hvad laver du?
    <time id="T616E" value="01:19:27,848" />
  </s>
  <s id="833">
    <time id="T617S" value="01:19:45,737" />
- Hvor er han?
  </s>
  <s id="834">
- Den vej!
    <time id="T617E" value="01:19:47,295" />
  </s>
  <s id="835">
    <time id="T618S" value="01:24:38,897" />
Godt gået af en mors dreng, ikke?
    <time id="T618E" value="01:24:41,616" />
  </s>
  <s id="836">
    <time id="T619S" value="01:24:41,817" />
Skal jeg ringe til nyhederne nu eller vente til senere?
    <time id="T619E" value="01:24:45,412" />
  </s>
  <s id="837">
    <time id="T620S" value="01:24:55,777" />
Stop!
    <time id="T620E" value="01:24:57,495" />
  </s>
  <s id="838">
    <time id="T621S" value="01:25:05,577" />
Hvis du dræber mig, dræber du dig selv.
    <time id="T621E" value="01:25:08,455" />
  </s>
  <s id="839">
    <time id="T622S" value="01:25:15,297" />
Sikringen, Luc Savard.
    <time id="T622E" value="01:25:17,288" />
  </s>
  <s id="840">
    <time id="T623S" value="01:25:53,057" />
Hvad får dig til at tro, du kan klare mig?
    <time id="T623E" value="01:25:55,651" />
  </s>
  <s id="841">
    <time id="T624S" value="01:26:21,617" />
Jeg kan læse dine tanker.
    <time id="T624E" value="01:26:23,414" />
  </s>
  <s id="842">
    <time id="T625S" value="01:27:46,617" />
Væk!
    <time id="T625E" value="01:27:48,448" />
  </s>
  <s id="843">
    <time id="T626S" value="01:28:16,137" />
Se på mig.
    <time id="T626E" value="01:28:18,128" />
  </s>
  <s id="844">
    <time id="T627S" value="01:28:21,977" />
- Se på mig.
  </s>
  <s id="845">
- Jake.
    <time id="T627E" value="01:28:23,695" />
  </s>
  <s id="846">
    <time id="T628S" value="01:28:27,217" />
Jeg har ingen familie mere.
    <time id="T628E" value="01:28:29,128" />
  </s>
  <s id="847">
    <time id="T629S" value="01:28:35,697" />
Han er ikke din familie.
  </s>
  <s id="848">
Jeg er din familie.
    <time id="T629E" value="01:28:40,851" />
  </s>
  <s id="849">
    <time id="T630S" value="01:28:41,857" />
Nu er jeg din familie.
    <time id="T630E" value="01:28:43,768" />
  </s>
  <s id="850">
    <time id="T631S" value="01:28:45,577" />
Jake, jeg kan se regn   i mine øjne. 
  </s>
  <s id="851">
Jeg kan se regn.
    <time id="T632E" value="01:28:53,486" />
  </s>
  <s id="852">
    <time id="T633S" value="01:29:28,497" />
Luk op!
    <time id="T633E" value="01:29:30,089" />
  </s>
  <s id="853">
    <time id="T634S" value="01:29:32,817" />
Luk døren op!
    <time id="T634E" value="01:29:34,694" />
  </s>
  <s id="854">
    <time id="T635S" value="01:29:36,257" />
Luk så op, for helvede!
    <time id="T635E" value="01:29:38,452" />
  </s>
  <s id="855">
    <time id="T636S" value="01:30:01,657" />
De eneste, der ikke tog skade, var ligene i fryserne.
    <time id="T636E" value="01:30:05,127" />
  </s>
  <s id="856">
    <time id="T637S" value="01:30:05,337" />
Jeg forventer at få en fuldstændig rapport.
    <time id="T637E" value="01:30:08,534" />
  </s>
  <s id="857">
    <time id="T638S" value="01:30:18,497" />
Du kommer måske først, men jeg er bedst.
    <time id="T638E" value="01:30:21,455" />
  </s>
  <s id="858">
    <time id="T639S" value="01:30:21,657" />
Nej. 
  </s>
  <s id="859">
Jeg kommer først.
    <time id="T639E" value="01:30:23,249" />
  </s>
  <s id="860">
    <time id="T640S" value="01:30:23,457" />
- Hvem er den bedste?
  </s>
  <s id="861">
- Mig.
    <time id="T640E" value="01:30:25,812" />
  </s>
  <s id="862">
    <time id="T641S" value="01:30:55,817" />
- Så du budet?
  </s>
  <s id="863">
- Nej.
    <time id="T641E" value="01:30:57,933" />
  </s>
  <s id="864">
    <time id="T642S" value="01:30:58,137" />
Kom. 
  </s>
  <s id="865">
Lad os se, hvad det er.
    <time id="T642E" value="01:31:00,332" />
  </s>
  <s id="866">
    <time id="T643S" value="01:31:26,377" />
Han kan godt lide regnen.
    <time id="T643E" value="01:31:28,174" />
  </s>
  <s id="867">
    <time id="T644S" value="01:31:44,217" />
Jeg vidste, du ville komme tilbage.
  </s>
  <s id="868">
Lad os komme væk herfra.
    <time id="T644E" value="01:31:47,732" />
  </s>
  <s id="869">
    <time id="T645S" value="01:31:47,937" />
Kom så.
    <time id="T645E" value="01:31:49,495" />
  </s>
  <s id="870">
    <time id="T646S" value="01:32:03,657" />
Dansk Tekstrip: 
  </s>
  <s id="871">
Vigge
    <time id="T646E" value="01:32:07,935" />
  </s>
  <meta>
    <subtitle>
      <language>Danish</language>
      <confidence>1.0</confidence>
      <date>2003-05-18</date>
      <duration>01:32:07,935</duration>
      <machine_translated>0</machine_translated>
      <blocks>646</blocks>
      <version>0</version>
      <rating>0.0</rating>
    </subtitle>
    <source>
      <duration>100</duration>
      <genre>Action,Sci-Fi,Thriller</genre>
      <original>English</original>
      <country>USA</country>
      <HD>0</HD>
      <cds>1/1</cds>
      <year>2001</year>
    </source>
    <conversion>
      <truecased_words>0</truecased_words>
      <corrected_words>0</corrected_words>
      <unknown_words>0</unknown_words>
      <ignored_blocks>0</ignored_blocks>
      <encoding>windows-1252</encoding>
      <tokens>4621</tokens>
      <sentences>871</sentences>
    </conversion>
  </meta>
</document>
