<?xml version="1.0" encoding="utf-8"?>
<document id="52389">
  <s id="1">
    <time id="T1S" value="00:03:21,400" />
Tror du ikke på det!
    <time id="T1E" value="00:03:24,560" />
  </s>
  <s id="2">
    <time id="T2S" value="00:05:45,440" />
Kom og se mig engang!
    <time id="T2E" value="00:05:47,240" />
  </s>
  <s id="3">
    <time id="T3S" value="00:05:48,600" />
Kom og se mig engang!
    <time id="T3E" value="00:05:50,520" />
  </s>
  <s id="4">
    <time id="T4S" value="00:05:52,320" />
Kom og se mig engang!
    <time id="T4E" value="00:05:54,160" />
  </s>
  <s id="5">
    <time id="T5S" value="00:08:26,160" />
Opmærksomhed!
  </s>
  <s id="6">
Opmærksomhed, allesammen!
    <time id="T5E" value="00:08:28,640" />
  </s>
  <s id="7">
    <time id="T6S" value="00:08:28,840" />
Vi afbryder dette program for at give dig en advarsel!
    <time id="T6E" value="00:08:31,520" />
  </s>
  <s id="8">
    <time id="T7S" value="00:08:31,720" />
En sur løve er lige stukket af fra cirkusset!
    <time id="T7E" value="00:08:34,800" />
  </s>
  <s id="9">
    <time id="T8S" value="00:08:35,000" />
Jeg gentager, en sur løve er lige stukket af fra cirkusset!
    <time id="T8E" value="00:08:39,400" />
  </s>
  <s id="10">
    <time id="T9S" value="00:08:40,160" />
Vi råder dig til at barrikere dine vinduer og døre med det samme!
    <time id="T9E" value="00:08:43,720" />
  </s>
  <s id="11">
    <time id="T10S" value="00:09:28,520" />
Du må ikke sladre min ven.
  </s>
  <s id="12">
Du må ikke lade dem fange mig!
    <time id="T10E" value="00:09:31,880" />
  </s>
  <s id="13">
    <time id="T11S" value="00:09:32,240" />
Hvis de tager mig tilbage til cirkusset Blir' jeg skør!
    <time id="T12E" value="00:09:36,160" />
  </s>
  <s id="14">
    <time id="T13S" value="00:09:36,360" />
Jeg kan ikke snuppe det sentimentale musik!
    <time id="T13E" value="00:09:39,240" />
  </s>
  <s id="15">
    <time id="T14S" value="00:09:39,440" />
Eller den knitren, knitren, knitren fra de popcorn poser!
    <time id="T14E" value="00:09:43,480" />
  </s>
  <s id="16">
    <time id="T15S" value="00:09:44,040" />
Vil du ikke nok hjælpe mig tilbage til junglen Vil du ikke nok?
    <time id="T16E" value="00:09:48,360" />
  </s>
  <s id="17">
    <time id="T17S" value="00:09:50,160" />
Ih, tak, ven!
    <time id="T17E" value="00:09:52,400" />
  </s>
  <s id="18">
    <time id="T18S" value="00:09:52,560" />
Tak!
    <time id="T18E" value="00:09:53,720" />
  </s>
  <s id="19">
    <time id="T19S" value="00:09:54,880" />
Der er bare lige en anden lille ting.
    <time id="T19E" value="00:09:57,160" />
  </s>
  <s id="20">
    <time id="T20S" value="00:09:59,560" />
Jeg er sulten!
    <time id="T20E" value="00:10:01,000" />
  </s>
  <s id="21">
    <time id="T21S" value="00:13:25,280" />
Farvel!
    <time id="T21E" value="00:13:26,360" />
  </s>
  <s id="22">
    <time id="T22S" value="00:13:26,520" />
Farvel ven!
    <time id="T22E" value="00:13:28,160" />
  </s>
  <s id="23">
    <time id="T23S" value="00:13:28,760" />
Vi ses!
    <time id="T23E" value="00:13:30,560" />
  </s>
  <s id="24">
    <time id="T24S" value="00:40:02,960" />
Dette er den lykkebringende syver lørdag aftens bridge klub.
    <time id="T24E" value="00:40:06,040" />
  </s>
  <s id="25">
    <time id="T25S" value="00:40:06,240" />
Hvem?
    <time id="T25E" value="00:40:07,400" />
  </s>
  <s id="26">
    <time id="T26S" value="00:40:07,680" />
Det er her.
    <time id="T26E" value="00:40:09,320" />
  </s>
  <s id="27">
    <time id="T27S" value="00:40:09,480" />
En fest?
    <time id="T27E" value="00:40:10,840" />
  </s>
  <s id="28">
    <time id="T28S" value="00:40:11,040" />
I mit hus?
    <time id="T28E" value="00:40:12,560" />
  </s>
  <s id="29">
    <time id="T29S" value="00:40:12,760" />
Undskyld mig!
    <time id="T29E" value="00:40:14,880" />
  </s>
  <s id="30">
    <time id="T30S" value="00:40:24,840" />
Thomas!
    <time id="T30E" value="00:40:25,880" />
  </s>
  <s id="31">
    <time id="T31S" value="00:40:36,440" />
Forbandede katte!
    <time id="T31E" value="00:40:37,800" />
  </s>
  <s id="32">
    <time id="T32S" value="00:40:37,960" />
Spolere hele min aften!
    <time id="T32E" value="00:40:40,840" />
  </s>
  <s id="33">
    <time id="T33S" value="00:40:41,040" />
Nå jeg må hellere slappe af og opføre mig en smule rolig og lindrende varm musik!
    <time id="T36E" value="00:40:51,400" />
  </s>
  <s id="34">
    <time id="T37S" value="00:41:51,640" />
Det er min dreng!
    <time id="T37E" value="00:41:53,440" />
  </s>
  <s id="35">
    <time id="T38S" value="00:41:57,480" />
Han tager en lur!
    <time id="T38E" value="00:41:59,200" />
  </s>
  <s id="36">
    <time id="T39S" value="00:42:11,120" />
Hvad er meningen med at vække min søn?
    <time id="T39E" value="00:42:14,360" />
  </s>
  <s id="37">
    <time id="T40S" value="00:42:16,960" />
Se nu der!
  </s>
  <s id="38">
Du gav oveni købet hikke!
    <time id="T40E" value="00:42:20,400" />
  </s>
  <s id="39">
    <time id="T41S" value="00:42:20,600" />
Hver eneste gang han bliver forstyrret når han sover får han hikke!
    <time id="T42E" value="00:42:25,600" />
  </s>
  <s id="40">
    <time id="T43S" value="00:42:25,760" />
Så, så min søn.
    <time id="T43E" value="00:42:27,680" />
  </s>
  <s id="41">
    <time id="T44S" value="00:42:27,880" />
Hvis du vækker min søn igen, Så blir der ballade!
    <time id="T44E" value="00:42:32,200" />
  </s>
  <s id="42">
    <time id="T45S" value="00:45:42,280" />
Værsgo sønnike.
  </s>
  <s id="43">
Prøv at drikke lidt vand.
    <time id="T45E" value="00:45:45,720" />
  </s>
  <s id="44">
    <time id="T46S" value="00:45:49,560" />
Måske kan jeg skræmme dem ud af dig.
    <time id="T46E" value="00:45:52,240" />
  </s>
  <s id="45">
    <time id="T47S" value="00:45:55,440" />
Jeg prøver at lave en høj lyd.
    <time id="T47E" value="00:45:57,440" />
  </s>
  <s id="46">
    <time id="T48S" value="00:46:03,280" />
Nu har han fået mig til det!
    <time id="T48E" value="00:46:05,600" />
  </s>
  <s id="47">
    <time id="T49S" value="00:46:06,440" />
Jeg myrder den...kat!
    <time id="T49E" value="00:46:08,960" />
  </s>
  <s id="48">
    <time id="T50S" value="00:46:34,360" />
Der kan man bare se?
  </s>
  <s id="49">
Hikken er væk!
    <time id="T50E" value="00:46:38,120" />
  </s>
  <s id="50">
    <time id="T51S" value="00:46:38,680" />
Ihh, mange tak min ven!
  </s>
  <s id="51">
Du har kureret vores hikke!
    <time id="T51E" value="00:46:42,120" />
  </s>
  <s id="52">
    <time id="T52S" value="00:46:42,320" />
Sønnike fra nu af, alt hvad du foretager dig det er iorden med os!
    <time id="T52E" value="00:46:46,160" />
  </s>
  <s id="53">
    <time id="T53S" value="00:46:46,440" />
Javel Hr!
  </s>
  <s id="54">
Alt hvad du foretager dig fra nu af er iorden!
    <time id="T54E" value="00:46:52,280" />
  </s>
  <s id="55">
    <time id="T55S" value="00:54:58,520" />
Telegram!
    <time id="T55E" value="00:54:59,480" />
  </s>
  <s id="56">
    <time id="T56S" value="00:59:30,720" />
Hjælp! 
  </s>
  <s id="57">
Hjælp!
    <time id="T56E" value="00:59:32,440" />
  </s>
  <s id="58">
    <time id="T57S" value="01:00:51,760" />
Ihh....
    <time id="T57E" value="01:00:52,600" />
  </s>
  <s id="59">
    <time id="T58S" value="01:00:52,800" />
Jeg smider 7 mio kroner væk.
    <time id="T58E" value="01:00:57,040" />
  </s>
  <s id="60">
    <time id="T59S" value="01:00:57,200" />
Men jeg er glad!
    <time id="T59E" value="01:00:58,480" />
  </s>
  <s id="61">
    <time id="T60S" value="01:01:45,440" />
Det var natten før juleaften og alt fra enden til anden i huset ikke engang et dyr var betagende ikke engang en mus.
    <time id="T63E" value="01:01:58,000" />
  </s>
  <s id="62">
    <time id="T64S" value="01:09:58,200" />
Thomas!
    <time id="T64E" value="01:09:59,280" />
  </s>
  <s id="63">
    <time id="T65S" value="01:10:00,520" />
Åh, Thomas!
    <time id="T65E" value="01:10:02,040" />
  </s>
  <s id="64">
    <time id="T66S" value="01:10:05,120" />
Ah, Værsgo.
    <time id="T66E" value="01:10:06,760" />
  </s>
  <s id="65">
    <time id="T67S" value="01:10:07,240" />
Nå kom så Tom.
    <time id="T67E" value="01:10:08,480" />
  </s>
  <s id="66">
    <time id="T68S" value="01:10:08,680" />
Det er på tide vi lukker dig ud for natten.
    <time id="T68E" value="01:10:11,440" />
  </s>
  <s id="67">
    <time id="T69S" value="01:10:17,760" />
Thomas!
    <time id="T69E" value="01:10:18,920" />
  </s>
  <s id="68">
    <time id="T70S" value="01:10:19,120" />
Skynd dig nu og gå udenfor!
    <time id="T70E" value="01:10:20,760" />
  </s>
  <s id="69">
    <time id="T71S" value="01:10:21,800" />
Du godeste! 
  </s>
  <s id="70">
Hvis jeg står i en døråbning som denne Så får jeg en dødelig forkølelse!
    <time id="T72E" value="01:10:27,080" />
  </s>
  <s id="71">
    <time id="T73S" value="01:10:38,120" />
Jamen, Thomas!
  </s>
  <s id="72">
Er du ved at blive forkølet?
    <time id="T73E" value="01:10:41,360" />
  </s>
  <s id="73">
    <time id="T74S" value="01:10:47,880" />
Jamen, din lille stakkel!
    <time id="T74E" value="01:10:49,920" />
  </s>
  <s id="74">
    <time id="T75S" value="01:10:50,080" />
Jeg må hellere lade dig blive indenfor inat.
    <time id="T75E" value="01:10:53,080" />
  </s>
  <s id="75">
    <time id="T76S" value="01:10:55,760" />
Ja Hr!
  </s>
  <s id="76">
Hvis du bliver forkølet må du hellere krumme dig sammen her ved ilden.
    <time id="T77E" value="01:11:00,160" />
  </s>
  <s id="77">
    <time id="T78S" value="01:11:00,760" />
Du siger sandheden med den forkølelse, gør du ikke?
    <time id="T78E" value="01:11:03,520" />
  </s>
  <s id="78">
    <time id="T79S" value="01:11:13,320" />
Hvis jeg får mistanke om at du ikke Så vasker jeg din mund i sæbe!
    <time id="T80E" value="01:11:18,120" />
  </s>
  <s id="79">
    <time id="T81S" value="01:11:18,600" />
Nå, godnat.
    <time id="T81E" value="01:11:20,800" />
  </s>
  <s id="80">
    <time id="T82S" value="01:24:43,040" />
God morgen.
  </s>
  <s id="81">
Ajax Muse udrydning A/S.
    <time id="T82E" value="01:24:47,240" />
  </s>
  <s id="82">
    <time id="T83S" value="01:24:47,560" />
Hjælp! 
  </s>
  <s id="83">
Hjælp!
    <time id="T83E" value="01:24:48,880" />
  </s>
  <s id="84">
    <time id="T84S" value="01:24:49,080" />
En mus!
    <time id="T84E" value="01:24:50,040" />
  </s>
  <s id="85">
    <time id="T85S" value="01:24:51,480" />
Kom hurtigt!
    <time id="T85E" value="01:24:52,440" />
  </s>
  <s id="86">
    <time id="T86S" value="01:29:37,160" />
K A T Kat.
    <time id="T89E" value="01:29:42,720" />
  </s>
  <s id="87">
    <time id="T90S" value="01:47:27,200" />
Godmorgen allesammen.
  </s>
  <s id="88">
Det er tid til nyhederne.
    <time id="T90E" value="01:47:29,400" />
  </s>
  <s id="89">
    <time id="T91S" value="01:47:29,600" />
Den store nyhed til morgen er den kæmpe belønning som er udlovet af cirkusset for at de kan få deres værdifulde baby sæl tilbage
    <time id="T92E" value="01:47:35,800" />
  </s>
  <s id="90">
    <time id="T93S" value="01:47:36,000" />
Dusøren på 70.000 kr vil blive udbetalt til hvem som helst som returnere den lille sæl til cirkusset.
    <time id="T94E" value="01:47:41,480" />
  </s>
  <s id="91">
    <time id="T95S" value="01:48:00,000" />
-Oversat af CapsiZer-
    <time id="T95E" value="01:48:04,000" />
  </s>
  <meta>
    <subtitle>
      <language>Danish</language>
      <confidence>1.0</confidence>
      <date>2003-08-22</date>
      <duration>01:48:04,000</duration>
      <machine_translated>0</machine_translated>
      <blocks>95</blocks>
      <version>0</version>
      <rating>0.0</rating>
    </subtitle>
    <source>
      <duration>87</duration>
      <genre>Comedy</genre>
      <original>English</original>
      <country>USA</country>
      <HD>0</HD>
      <cds>1/1</cds>
      <year>2001</year>
    </source>
    <conversion>
      <truecased_words>3</truecased_words>
      <corrected_words>0</corrected_words>
      <unknown_words>0</unknown_words>
      <ignored_blocks>0</ignored_blocks>
      <encoding>windows-1252</encoding>
      <tokens>663</tokens>
      <sentences>91</sentences>
    </conversion>
  </meta>
</document>
