<?xml version="1.0" encoding="utf-8"?>
<document id="135783">
  <s id="1">
    <time id="T1S" value="00:03:42,400" />
Hvorfor ikke kalle det Den store kulden eller Hutretiden?
    <time id="T1E" value="00:03:45,900" />
  </s>
  <s id="2">
    <time id="T2S" value="00:03:46,000" />
Hvordan vet vi at det er en istid?
    <time id="T2E" value="00:03:48,900" />
  </s>
  <s id="3">
    <time id="T3S" value="00:03:49,000" />
På grunn av all isen.
    <time id="T3E" value="00:03:51,600" />
  </s>
  <s id="4">
    <time id="T4S" value="00:03:54,000" />
Ting ble bare litt kjøligere.
    <time id="T4E" value="00:03:56,400" />
  </s>
  <s id="5">
    <time id="T5S" value="00:03:56,500" />
Hjelp.
    <time id="T5E" value="00:03:59,900" />
  </s>
  <s id="6">
    <time id="T6S" value="00:04:00,000" />
Kom igjen, barn, la oss gå.
  </s>
  <s id="7">
Trafikken beveger seg.
    <time id="T6E" value="00:04:03,200" />
  </s>
  <s id="8">
    <time id="T7S" value="00:04:03,500" />
Men, pappa.
    <time id="T7E" value="00:04:05,500" />
  </s>
  <s id="9">
    <time id="T8S" value="00:04:05,600" />
lngen men. 
  </s>
  <s id="10">
Dere kan leke utslettelse senere.
    <time id="T8E" value="00:04:08,200" />
  </s>
  <s id="11">
    <time id="T9S" value="00:04:08,500" />
Kom igjen, folkens.
    <time id="T9E" value="00:04:11,800" />
  </s>
  <s id="12">
    <time id="T10S" value="00:04:12,100" />
Så, hvor er Eddie?
    <time id="T10E" value="00:04:14,100" />
  </s>
  <s id="13">
    <time id="T11S" value="00:04:14,100" />
Han sa han var på nippet av et evolusjonært gjennombrudd.
    <time id="T11E" value="00:04:17,800" />
  </s>
  <s id="14">
    <time id="T12S" value="00:04:17,900" />
Ja vel?
    <time id="T12E" value="00:04:19,800" />
  </s>
  <s id="15">
    <time id="T13S" value="00:04:20,300" />
Jeg flyr.
    <time id="T13E" value="00:04:22,900" />
  </s>
  <s id="16">
    <time id="T14S" value="00:04:24,100" />
For et gjennombrudd.
    <time id="T14E" value="00:04:26,200" />
  </s>
  <s id="17">
    <time id="T15S" value="00:04:27,300" />
- Pass opp.
  </s>
  <s id="18">
- Du kjører feil vei.
    <time id="T15E" value="00:04:29,700" />
  </s>
  <s id="19">
    <time id="T16S" value="00:04:30,700" />
Gærne mammut.
    <time id="T16E" value="00:04:32,700" />
  </s>
  <s id="20">
    <time id="T17S" value="00:04:39,200" />
Gjør verden en tjeneste.
  </s>
  <s id="21">
Flytt problemene dine ut av veien.
    <time id="T17E" value="00:04:43,700" />
  </s>
  <s id="22">
    <time id="T18S" value="00:04:44,100" />
Var min snabel så liten, ville ikke jeg gjort meg bemerket.
    <time id="T18E" value="00:04:48,200" />
  </s>
  <s id="23">
    <time id="T19S" value="00:04:48,300" />
Gi deg nå. 
  </s>
  <s id="24">
Vi har subbet hele dagen.
    <time id="T19E" value="00:04:51,800" />
  </s>
  <s id="25">
    <time id="T20S" value="00:04:53,500" />
Vær så god, følg massene.
    <time id="T20E" value="00:04:56,200" />
  </s>
  <s id="26">
    <time id="T21S" value="00:04:56,300" />
Det blir roligere når dere har dratt.
    <time id="T21E" value="00:04:58,400" />
  </s>
  <s id="27">
    <time id="T22S" value="00:04:59,500" />
Hvis han vil fryse i hjel, så la ham gjøre det.
    <time id="T22E" value="00:05:02,400" />
  </s>
  <s id="28">
    <time id="T23S" value="00:05:12,000" />
Jeg har stått opp.
    <time id="T23E" value="00:05:14,000" />
  </s>
  <s id="29">
    <time id="T24S" value="00:05:16,300" />
Opp og ut, alle sammen. 
  </s>
  <s id="30">
Zak? 
  </s>
  <s id="31">
Marshall?
    <time id="T24E" value="00:05:21,000" />
  </s>
  <s id="32">
    <time id="T25S" value="00:05:21,500" />
Bertie? 
  </s>
  <s id="33">
Onkel Fungus?
    <time id="T25E" value="00:05:24,200" />
  </s>
  <s id="34">
    <time id="T26S" value="00:05:24,800" />
Hvor er alle sammen?
  </s>
  <s id="35">
Vi går glipp av vandringen.
    <time id="T26E" value="00:05:30,700" />
  </s>
  <s id="36">
    <time id="T27S" value="00:05:33,300" />
De dro uten meg. 
  </s>
  <s id="37">
De gjør dette hvert år.
    <time id="T27E" value="00:05:37,400" />
  </s>
  <s id="38">
    <time id="T28S" value="00:05:39,300" />
Hvorfor? 
  </s>
  <s id="39">
Er det ingen som elsker meg?
    <time id="T28E" value="00:05:42,200" />
  </s>
  <s id="40">
    <time id="T29S" value="00:05:42,600" />
Er det ingen som bryr seg om dovendyret Sid?
    <time id="T29E" value="00:05:46,800" />
  </s>
  <s id="41">
    <time id="T30S" value="00:05:49,300" />
Greit, da gårjeg bare alene.
    <time id="T30E" value="00:05:51,400" />
  </s>
  <s id="42">
    <time id="T31S" value="00:05:54,000" />
Sykt.
    <time id="T31E" value="00:05:55,600" />
  </s>
  <s id="43">
    <time id="T32S" value="00:05:55,700" />
Bredkroppen, gå i grøfta neste gang.
    <time id="T32E" value="00:05:58,200" />
  </s>
  <s id="44">
    <time id="T33S" value="00:05:58,300" />
Å, jøsses. 
  </s>
  <s id="45">
Æsj.
    <time id="T33E" value="00:06:00,700" />
  </s>
  <s id="46">
    <time id="T34S" value="00:06:00,900" />
Jeg kan ikke tro det.
  </s>
  <s id="47">
Ferske ville grønnsaker. 
  </s>
  <s id="48">
Frank, hvor...?
    <time id="T34E" value="00:06:06,300" />
  </s>
  <s id="49">
    <time id="T35S" value="00:06:06,400" />
- Sett i gang. 
  </s>
  <s id="50">
Hiv innpå.
  </s>
  <s id="51">
- En løvetann.
    <time id="T35E" value="00:06:09,500" />
  </s>
  <s id="52">
    <time id="T36S" value="00:06:09,500" />
- Jeg trodde frosten tok knekken på dem.
  </s>
  <s id="53">
- Alle utenom en.
    <time id="T36E" value="00:06:13,000" />
  </s>
  <s id="54">
    <time id="T37S" value="00:06:14,400" />
Det gjør meg så... 
  </s>
  <s id="55">
Jeg vil... 
  </s>
  <s id="56">
Æsj.
    <time id="T37E" value="00:06:18,000" />
  </s>
  <s id="57">
    <time id="T38S" value="00:06:18,100" />
Dette har slett ikke vært min dag.
  </s>
  <s id="58">
Skjønner du, kompis?
    <time id="T38E" value="00:06:22,700" />
  </s>
  <s id="59">
    <time id="T39S" value="00:06:22,800" />
For et søl. 
  </s>
  <s id="60">
Dere neshorn har små hjerner.
  </s>
  <s id="61">
Visste dere det?
    <time id="T39E" value="00:06:26,400" />
  </s>
  <s id="62">
    <time id="T40S" value="00:06:26,500" />
Det er sant. lkke vondt ment. 
  </s>
  <s id="63">
Dere visste vel ikke engang hvajeg snakket om.
    <time id="T40E" value="00:06:32,000" />
  </s>
  <s id="64">
    <time id="T41S" value="00:06:32,100" />
Nam-nam.
    <time id="T41E" value="00:06:33,300" />
  </s>
  <s id="65">
    <time id="T42S" value="00:06:33,500" />
En løvetann. 
  </s>
  <s id="66">
Må være sesongens siste.
    <time id="T42E" value="00:06:36,300" />
  </s>
  <s id="67">
    <time id="T43S" value="00:06:39,300" />
- Carl.
  </s>
  <s id="68">
- Rolig, Frank.
    <time id="T43E" value="00:06:41,600" />
  </s>
  <s id="69">
    <time id="T44S" value="00:06:41,700" />
Han ødela salaten vår.
    <time id="T44E" value="00:06:43,700" />
  </s>
  <s id="70">
    <time id="T45S" value="00:06:44,900" />
Det var min feil. 
  </s>
  <s id="71">
La meg...
    <time id="T45E" value="00:06:47,700" />
  </s>
  <s id="72">
    <time id="T46S" value="00:06:48,200" />
La meg ta meg av dette. 
  </s>
  <s id="73">
Hva er dette?
    <time id="T46E" value="00:06:51,800" />
  </s>
  <s id="74">
    <time id="T47S" value="00:06:51,900" />
Furukongler. 
  </s>
  <s id="75">
Du store. 
  </s>
  <s id="76">
Min favorittmat.
    <time id="T47E" value="00:06:55,500" />
  </s>
  <s id="77">
    <time id="T48S" value="00:06:57,300" />
Nydelig. 
  </s>
  <s id="78">
Det er god føde.
    <time id="T48E" value="00:07:01,600" />
  </s>
  <s id="79">
    <time id="T49S" value="00:07:01,800" />
Men ikke la meg ta alle. 
  </s>
  <s id="80">
Her, ta noen du også.
    <time id="T49E" value="00:07:05,100" />
  </s>
  <s id="81">
    <time id="T50S" value="00:07:05,100" />
Godt, hva? 
  </s>
  <s id="82">
Bon appetit.
    <time id="T50E" value="00:07:07,800" />
  </s>
  <s id="83">
    <time id="T51S" value="00:07:09,100" />
Nå?
    <time id="T51E" value="00:07:11,200" />
  </s>
  <s id="84">
    <time id="T52S" value="00:07:22,100" />
- Lat som jeg ikke er her.
  </s>
  <s id="85">
- Jeg ville treffe ham i full fart.
    <time id="T52E" value="00:07:26,000" />
  </s>
  <s id="86">
    <time id="T53S" value="00:07:26,100" />
- Det er greit. 
  </s>
  <s id="87">
Vi skal ha moro med ham.
  </s>
  <s id="88">
- lkke la dem spidde meg. 
  </s>
  <s id="89">
Jeg vil leve.
    <time id="T53E" value="00:07:31,200" />
  </s>
  <s id="90">
    <time id="T54S" value="00:07:31,300" />
- Unna meg.
  </s>
  <s id="91">
- Du lager oppstyr.
    <time id="T54E" value="00:07:34,500" />
  </s>
  <s id="92">
    <time id="T55S" value="00:07:34,500" />
Vi skal bare ta vår hårete pinata og gå.
    <time id="T55E" value="00:07:37,200" />
  </s>
  <s id="93">
    <time id="T56S" value="00:07:37,300" />
Blir det ikke dem i dag, blir det noen andre i morgen.
    <time id="T56E" value="00:07:40,200" />
  </s>
  <s id="94">
    <time id="T57S" value="00:07:40,300" />
Jeg vil helst at det ikke blir i dag. 
  </s>
  <s id="95">
OK?
    <time id="T57E" value="00:07:42,600" />
  </s>
  <s id="96">
    <time id="T58S" value="00:07:42,700" />
Vi skal brekke nakken din så du ikke kjenner noe.
    <time id="T58E" value="00:07:45,900" />
  </s>
  <s id="97">
    <time id="T59S" value="00:07:46,000" />
Vent litt.
  </s>
  <s id="98">
Jeg trodde neshorn var vegetarianere.
    <time id="T59E" value="00:07:49,000" />
  </s>
  <s id="99">
    <time id="T60S" value="00:07:49,100" />
- Et utmerket poeng.
  </s>
  <s id="100">
- Hold kjeft.
    <time id="T60E" value="00:07:51,100" />
  </s>
  <s id="101">
    <time id="T61S" value="00:07:51,200" />
Hvem sier at vi skal spise ham etter at vi dreper ham?
    <time id="T61E" value="00:07:54,700" />
  </s>
  <s id="102">
    <time id="T62S" value="00:07:54,800" />
Jeg liker ikke dyr som dreper for moro skyld.
    <time id="T62E" value="00:07:57,600" />
  </s>
  <s id="103">
    <time id="T63S" value="00:07:57,700" />
- Spar det til et dyr som bryr seg.
  </s>
  <s id="104">
- Jeg er et dyr som bryr seg.
    <time id="T63E" value="00:08:00,900" />
  </s>
  <s id="105">
    <time id="T64S" value="00:08:01,200" />
Hvis dere kommer dere over det hullet foran dere, får dere dovendyret.
    <time id="T64E" value="00:08:06,100" />
  </s>
  <s id="106">
    <time id="T65S" value="00:08:06,200" />
Det stemmer, tapere.
  </s>
  <s id="107">
Ta ett trinn, og dere er døde.
    <time id="T65E" value="00:08:09,900" />
  </s>
  <s id="108">
    <time id="T66S" value="00:08:13,900" />
- Du bløffer, hva?
  </s>
  <s id="109">
- Det var en bløff.
    <time id="T66E" value="00:08:17,400" />
  </s>
  <s id="110">
    <time id="T67S" value="00:08:18,500" />
Ta ham.
    <time id="T67E" value="00:08:20,200" />
  </s>
  <s id="111">
    <time id="T68S" value="00:08:54,700" />
En løvetann?
    <time id="T68E" value="00:08:56,700" />
  </s>
  <s id="112">
    <time id="T69S" value="00:08:59,500" />
Vi klarte det.
    <time id="T69E" value="00:09:01,500" />
  </s>
  <s id="113">
    <time id="T70S" value="00:09:09,600" />
- Du har vakre øyne.
  </s>
  <s id="114">
- Kom deg av ansiktet mitt.
    <time id="T70E" value="00:09:13,200" />
  </s>
  <s id="115">
    <time id="T71S" value="00:09:14,400" />
Hei, vi blir et godt lag.
  </s>
  <s id="116">
Hva om vi drar sørover sammen?
    <time id="T71E" value="00:09:18,300" />
  </s>
  <s id="117">
    <time id="T72S" value="00:09:18,400" />
Fint. 
  </s>
  <s id="118">
Hopp opp på ryggen min og slapp av.
    <time id="T72E" value="00:09:20,800" />
  </s>
  <s id="119">
    <time id="T73S" value="00:09:20,900" />
- Jøss, virkelig?
  </s>
  <s id="120">
- Nei.
    <time id="T73E" value="00:09:22,800" />
  </s>
  <s id="121">
    <time id="T74S" value="00:09:23,100" />
Drar du ikke sørover?
  </s>
  <s id="122">
Skifte av årstider, trekkinstinkt.
    <time id="T74E" value="00:09:27,200" />
  </s>
  <s id="123">
    <time id="T75S" value="00:09:27,300" />
- Sier dette deg noe?
  </s>
  <s id="124">
- Tror ikke det. 
  </s>
  <s id="125">
Ha det.
    <time id="T75E" value="00:09:29,900" />
  </s>
  <s id="126">
    <time id="T76S" value="00:09:30,000" />
Takk for hjelpen. 
  </s>
  <s id="127">
Jeg går herfra.
    <time id="T76E" value="00:09:32,800" />
  </s>
  <s id="128">
    <time id="T77S" value="00:09:33,900" />
Din forvokste snømus.
  </s>
  <s id="129">
Vent til vi kommer ned dit.
    <time id="T77E" value="00:09:37,400" />
  </s>
  <s id="130">
    <time id="T78S" value="00:09:38,100" />
Den sør-greia er overvurdert.
  </s>
  <s id="131">
Varmen, massene - hvem trenger det?
    <time id="T78E" value="00:09:41,700" />
  </s>
  <s id="132">
    <time id="T79S" value="00:09:41,800" />
Dette er bra. 
  </s>
  <s id="133">
Du og jeg, to ungkarer som slår seg løs i villmarken.
    <time id="T79E" value="00:09:46,200" />
  </s>
  <s id="134">
    <time id="T80S" value="00:09:46,300" />
Du vil bare ha en livvakt så du ikke blir noens matbit.
    <time id="T80E" value="00:09:50,000" />
  </s>
  <s id="135">
    <time id="T81S" value="00:09:50,100" />
Du er et veldig slu dyr.
    <time id="T81E" value="00:09:52,300" />
  </s>
  <s id="136">
    <time id="T82S" value="00:09:52,400" />
OK, vis vei, Mr Stor... 
  </s>
  <s id="137">
Oppfattet ikke navnet.
    <time id="T82E" value="00:09:55,200" />
  </s>
  <s id="138">
    <time id="T83S" value="00:09:55,300" />
- Manfred.
  </s>
  <s id="139">
-Æsj.
    <time id="T83E" value="00:09:57,300" />
  </s>
  <s id="140">
    <time id="T84S" value="00:09:57,300" />
Hva med Den humørsyke mammuten Manny?
  </s>
  <s id="141">
Eller Melankolske Manny... 
  </s>
  <s id="142">
Manny den... lkke følg etter meg.
    <time id="T85E" value="00:10:06,700" />
  </s>
  <s id="143">
    <time id="T86S" value="00:10:08,300" />
Så du har problemer. 
  </s>
  <s id="144">
Du vil ikke engang vite jeg er her. 
  </s>
  <s id="145">
Jeg holder munn.
    <time id="T86E" value="00:10:13,900" />
  </s>
  <s id="146">
    <time id="T87S" value="00:10:56,200" />
Se på den søte, lille babyen, Diego.
    <time id="T87E" value="00:11:00,000" />
  </s>
  <s id="147">
    <time id="T88S" value="00:11:02,300" />
- Så fint av ham å ha frokost med oss.
  </s>
  <s id="148">
- Det blir ikke frokost uten ham.
    <time id="T88E" value="00:11:07,500" />
  </s>
  <s id="149">
    <time id="T89S" value="00:11:07,500" />
Særlig etter at faren hans utslettet halve flokken vår og kler seg i skinnet vårt.
    <time id="T89E" value="00:11:13,100" />
  </s>
  <s id="150">
    <time id="T90S" value="00:11:13,200" />
Øye for øye, synes du ikke?
    <time id="T90E" value="00:11:16,200" />
  </s>
  <s id="151">
    <time id="T91S" value="00:11:16,300" />
La oss vise ham hva som skjer når han ypper med sabelkatter.
    <time id="T91E" value="00:11:19,700" />
  </s>
  <s id="152">
    <time id="T92S" value="00:11:19,800" />
Varsle troppene. 
  </s>
  <s id="153">
Vi angriper ved daggry.
    <time id="T92E" value="00:11:22,800" />
  </s>
  <s id="154">
    <time id="T93S" value="00:11:23,800" />
Og skaff meg den babyen i live.
    <time id="T93E" value="00:11:28,300" />
  </s>
  <s id="155">
    <time id="T94S" value="00:11:28,300" />
Hvis jeg skal glede meg over hevnen, vil jeg ha den fersk.
    <time id="T94E" value="00:11:33,400" />
  </s>
  <s id="156">
    <time id="T95S" value="00:11:54,500" />
Jeg er utslitt.
    <time id="T95E" value="00:11:56,000" />
  </s>
  <s id="157">
    <time id="T96S" value="00:11:56,400" />
- Er det skjulet ditt?
  </s>
  <s id="158">
- Du er en stor kar. 
  </s>
  <s id="159">
Du har mye tre.
    <time id="T96E" value="00:11:59,800" />
  </s>
  <s id="160">
    <time id="T97S" value="00:11:59,900" />
- Jeg er en liten fyr.
  </s>
  <s id="161">
- Du har en halv pinne.
    <time id="T97E" value="00:12:02,600" />
  </s>
  <s id="162">
    <time id="T98S" value="00:12:02,700" />
Men med min lille pinne og min høyt utviklede hjerne, skal jeg lage ild.
    <time id="T98E" value="00:12:08,800" />
  </s>
  <s id="163">
    <time id="T99S" value="00:12:09,200" />
Fascinerende.
    <time id="T99E" value="00:12:10,900" />
  </s>
  <s id="164">
    <time id="T100S" value="00:12:11,300" />
Vi skal se om hjerne vinner over muskler i kveld. lkke sant?
    <time id="T100E" value="00:12:15,200" />
  </s>
  <s id="165">
    <time id="T101S" value="00:12:20,900" />
Trorjeg så en gnist.
    <time id="T101E" value="00:12:23,000" />
  </s>
  <s id="166">
    <time id="T102S" value="00:12:26,800" />
Noen sjanse for atjeg kan presse meg inn der med deg, gamle venn?
    <time id="T102E" value="00:12:30,300" />
  </s>
  <s id="167">
    <time id="T103S" value="00:12:30,400" />
Er det ingen andre du kan irritere?
    <time id="T103E" value="00:12:32,800" />
  </s>
  <s id="168">
    <time id="T104S" value="00:12:32,900" />
Venner? 
  </s>
  <s id="169">
Familie? 
  </s>
  <s id="170">
Giftige krypdyr?
    <time id="T104E" value="00:12:36,300" />
  </s>
  <s id="171">
    <time id="T105S" value="00:12:36,700" />
Familien min forlot meg.
  </s>
  <s id="172">
De trakk sørover uten meg.
    <time id="T105E" value="00:12:41,200" />
  </s>
  <s id="173">
    <time id="T106S" value="00:12:41,300" />
Du skulle ha sett hva de gjorde i fjor.
    <time id="T106E" value="00:12:43,800" />
  </s>
  <s id="174">
    <time id="T107S" value="00:12:43,900" />
De våknet tidlig og bandt hendene og føttene mine, og de kneblet meg med en markmus, visket ut sporene sine, gikk gjennom vann såjeg ikke skulle lukte dem, og... hvem trenger dem, egentlig?
    <time id="T110E" value="00:12:55,600" />
  </s>
  <s id="175">
    <time id="T111S" value="00:13:00,000" />
Så hva med deg? 
  </s>
  <s id="176">
Har du familie?
    <time id="T111E" value="00:13:02,200" />
  </s>
  <s id="177">
    <time id="T112S" value="00:13:06,300" />
Du er trøtt. 
  </s>
  <s id="178">
Jeg forstår.
  </s>
  <s id="179">
Vi kan snakke mer i morgen.
    <time id="T112E" value="00:13:09,300" />
  </s>
  <s id="180">
    <time id="T113S" value="00:13:11,700" />
Manfred? 
  </s>
  <s id="181">
Kan du flytte litt på deg?
    <time id="T113E" value="00:13:15,100" />
  </s>
  <s id="182">
    <time id="T114S" value="00:13:16,200" />
lngen sovner så raskt.
    <time id="T114E" value="00:13:19,100" />
  </s>
  <s id="183">
    <time id="T115S" value="00:16:05,100" />
Der er Diego. 
  </s>
  <s id="184">
Tilbake.
    <time id="T115E" value="00:16:07,100" />
  </s>
  <s id="185">
    <time id="T116S" value="00:16:13,400" />
- Hvor er babyen?
  </s>
  <s id="186">
- Jeg mistet den i fossen.
    <time id="T116E" value="00:16:16,200" />
  </s>
  <s id="187">
    <time id="T117S" value="00:16:16,400" />
Mistet du den?
    <time id="T117E" value="00:16:18,800" />
  </s>
  <s id="188">
    <time id="T118S" value="00:16:21,600" />
- Jeg vil ha den babyen.
  </s>
  <s id="189">
- Jeg skal finne den.
    <time id="T118E" value="00:16:24,000" />
  </s>
  <s id="190">
    <time id="T119S" value="00:16:24,100" />
Det bør du, hvis du ikke vil bli erstatningen.
    <time id="T119E" value="00:16:27,700" />
  </s>
  <s id="191">
    <time id="T120S" value="00:16:27,800" />
Vi går opp til Halvtoppen. 
  </s>
  <s id="192">
Møt oss der.
    <time id="T120E" value="00:16:31,000" />
  </s>
  <s id="193">
    <time id="T121S" value="00:16:32,300" />
Den bør være i live.
    <time id="T121E" value="00:16:34,300" />
  </s>
  <s id="194">
    <time id="T122S" value="00:16:35,500" />
Kan du klare det?
    <time id="T122E" value="00:16:37,900" />
  </s>
  <s id="195">
    <time id="T123S" value="00:16:38,000" />
La oss gå.
    <time id="T123E" value="00:16:40,400" />
  </s>
  <s id="196">
    <time id="T124S" value="00:17:02,300" />
Hun plukket et hår av meg og sa:
  </s>
  <s id="197">
Hvis du har en ekstra parringsdans, så velg i det minste en med samme pelsfarge.
    <time id="T125E" value="00:17:08,600" />
  </s>
  <s id="198">
    <time id="T126S" value="00:17:08,800" />
Jeg tenkte Hun skal gjøre kål på meg.
    <time id="T126E" value="00:17:12,100" />
  </s>
  <s id="199">
    <time id="T127S" value="00:17:12,200" />
Finner du en make, skal du være lojal.
  </s>
  <s id="200">
l ditt tilfelle, takknemlig.
    <time id="T127E" value="00:17:15,800" />
  </s>
  <s id="201">
    <time id="T128S" value="00:17:15,900" />
- Kom deg unna meg nå.
  </s>
  <s id="202">
- Jeg synes parring for livet er teit.
    <time id="T128E" value="00:17:19,000" />
  </s>
  <s id="203">
    <time id="T129S" value="00:17:19,100" />
Sid holder til mange.
    <time id="T129E" value="00:17:21,200" />
  </s>
  <s id="204">
    <time id="T130S" value="00:18:17,900" />
Se på det. 
  </s>
  <s id="205">
Alt i orden med ham.
    <time id="T130E" value="00:18:20,400" />
  </s>
  <s id="206">
    <time id="T131S" value="00:18:32,100" />
Hun er borte.
    <time id="T131E" value="00:18:34,700" />
  </s>
  <s id="207">
    <time id="T132S" value="00:18:44,100" />
Glemmer du noe?
    <time id="T132E" value="00:18:46,200" />
  </s>
  <s id="208">
    <time id="T133S" value="00:18:47,500" />
- Men du reddet ham.
  </s>
  <s id="209">
- Prøver å bli kvitt det forrige jeg reddet.
    <time id="T133E" value="00:18:51,400" />
  </s>
  <s id="210">
    <time id="T134S" value="00:18:51,500" />
Du kan ikke forlate ham her.
    <time id="T134E" value="00:18:53,800" />
  </s>
  <s id="211">
    <time id="T135S" value="00:18:57,700" />
Se, røyk. 
  </s>
  <s id="212">
Det er flokken hans rett der oppe.
    <time id="T135E" value="00:19:01,100" />
  </s>
  <s id="213">
    <time id="T136S" value="00:19:01,300" />
- Vi bør gi ham tilbake.
  </s>
  <s id="214">
- La oss slå dette fast. 
  </s>
  <s id="215">
Det er ingen vi.
    <time id="T136E" value="00:19:05,100" />
  </s>
  <s id="216">
    <time id="T137S" value="00:19:05,200" />
Det har aldri vært vi.
  </s>
  <s id="217">
Uten meg ville det ikke ha vært et deg.
    <time id="T137E" value="00:19:10,600" />
  </s>
  <s id="218">
    <time id="T138S" value="00:19:11,500" />
- Bare der oppe.
  </s>
  <s id="219">
- Hør nøye etter. 
  </s>
  <s id="220">
Jeg går ikke.
    <time id="T138E" value="00:19:18,100" />
  </s>
  <s id="221">
    <time id="T139S" value="00:19:18,300" />
- Vær en dust. 
  </s>
  <s id="222">
Jeg tar meg av ham.
  </s>
  <s id="223">
- Det er bra.
    <time id="T139E" value="00:19:23,000" />
  </s>
  <s id="224">
    <time id="T140S" value="00:19:23,100" />
Du kan ikke engang passe deg selv.
  </s>
  <s id="225">
Dette måjeg se.
    <time id="T140E" value="00:19:26,400" />
  </s>
  <s id="226">
    <time id="T141S" value="00:19:26,500" />
Jeg skal gi deg tilbake.
  </s>
  <s id="227">
Vi trenger ikke den lusne, lille mammuten.
    <time id="T141E" value="00:19:30,600" />
  </s>
  <s id="228">
    <time id="T142S" value="00:19:30,700" />
Det gjør vi ikke.
    <time id="T142E" value="00:19:32,700" />
  </s>
  <s id="229">
    <time id="T143S" value="00:20:00,900" />
Du er en skam for naturen. 
  </s>
  <s id="230">
Vet du det?
    <time id="T143E" value="00:20:04,200" />
  </s>
  <s id="231">
    <time id="T144S" value="00:20:04,800" />
Dette er enkelt. 
  </s>
  <s id="232">
Går bra med meg.
    <time id="T144E" value="00:20:07,900" />
  </s>
  <s id="233">
    <time id="T145S" value="00:20:08,000" />
Jeg kommer til å dø.
    <time id="T145E" value="00:20:10,000" />
  </s>
  <s id="234">
    <time id="T146S" value="00:20:37,400" />
- Den rosa saken er min.
  </s>
  <s id="235">
- Den rosa saken tilhører oss.
    <time id="T146E" value="00:20:41,300" />
  </s>
  <s id="236">
    <time id="T147S" value="00:20:44,200" />
Oss? 
  </s>
  <s id="237">
Dere to er et merkelig par.
    <time id="T147E" value="00:20:47,500" />
  </s>
  <s id="238">
    <time id="T148S" value="00:20:47,500" />
Det er ikke noe oss.
    <time id="T148E" value="00:20:49,300" />
  </s>
  <s id="239">
    <time id="T149S" value="00:20:49,300" />
Jeg skjønner. 
  </s>
  <s id="240">
Dere kan ikke få selv, så dere vil adoptere.
    <time id="T149E" value="00:20:52,500" />
  </s>
  <s id="241">
    <time id="T150S" value="00:20:52,600" />
Beklager å forstyrre måltidet, men vi må dra.
    <time id="T150E" value="00:20:55,600" />
  </s>
  <s id="242">
    <time id="T151S" value="00:20:55,800" />
Babyen? 
  </s>
  <s id="243">
Vær så snill.
  </s>
  <s id="244">
Jeg skulle gi ham tilbake til flokken.
    <time id="T151E" value="00:20:59,100" />
  </s>
  <s id="245">
    <time id="T152S" value="00:20:59,700" />
Bra forsøk, hengetann.
    <time id="T152E" value="00:21:01,200" />
  </s>
  <s id="246">
    <time id="T153S" value="00:21:01,300" />
- Kaller du meg en løgner?
  </s>
  <s id="247">
- Nei...
    <time id="T153E" value="00:21:03,300" />
  </s>
  <s id="248">
    <time id="T154S" value="00:21:03,400" />
Du tenkte det.
    <time id="T154E" value="00:21:05,400" />
  </s>
  <s id="249">
    <time id="T155S" value="00:21:05,500" />
Jeg liker ikke denne katten. 
  </s>
  <s id="250">
Han er tankeleser.
    <time id="T155E" value="00:21:08,000" />
  </s>
  <s id="251">
    <time id="T156S" value="00:21:08,500" />
- Navnet er Diego, venn.
  </s>
  <s id="252">
- Manfred, og jeg er ikke din venn.
    <time id="T156E" value="00:21:12,000" />
  </s>
  <s id="253">
    <time id="T157S" value="00:21:12,300" />
Greit. 
  </s>
  <s id="254">
Hvis du leter etter menneskene, så kaster du bort tiden. 
  </s>
  <s id="255">
De dro.
    <time id="T157E" value="00:21:19,100" />
  </s>
  <s id="256">
    <time id="T158S" value="00:21:19,100" />
Takk for rådet. 
  </s>
  <s id="257">
Stikk av nå.
    <time id="T158E" value="00:21:22,200" />
  </s>
  <s id="258">
    <time id="T159S" value="00:21:22,300" />
Jeg hjelper deg med å ta den til flokken, men la meg være etter det.
    <time id="T159E" value="00:21:26,100" />
  </s>
  <s id="259">
    <time id="T160S" value="00:21:26,200" />
- Avtale. 
  </s>
  <s id="260">
Hva er ditt problem?
  </s>
  <s id="261">
- Du er mitt problem.
    <time id="T160E" value="00:21:29,700" />
  </s>
  <s id="262">
    <time id="T161S" value="00:21:29,700" />
Jeg tror du er stresset, og spiser for mye.
  </s>
  <s id="263">
Vanskelig å bli fet på vegan-mat.
    <time id="T161E" value="00:21:33,900" />
  </s>
  <s id="264">
    <time id="T162S" value="00:21:34,000" />
Jeg er ikke fet. 
  </s>
  <s id="265">
Det er all pelsen.
  </s>
  <s id="266">
Den får meg til å se oppblåst ut.
    <time id="T162E" value="00:21:37,900" />
  </s>
  <s id="267">
    <time id="T163S" value="00:21:38,000" />
Greit, du har fett hår.
  </s>
  <s id="268">
Men når du vil snakke, så erjeg her.
    <time id="T163E" value="00:21:41,800" />
  </s>
  <s id="269">
    <time id="T164S" value="00:21:44,800" />
Hva gjør du? 
  </s>
  <s id="270">
Bare legg den på avsatsen.
    <time id="T164E" value="00:21:48,000" />
  </s>
  <s id="271">
    <time id="T165S" value="00:21:48,100" />
- Vi bør forsikre oss om at de finner ham.
  </s>
  <s id="272">
- God ide.
    <time id="T165E" value="00:21:51,200" />
  </s>
  <s id="273">
    <time id="T166S" value="00:21:51,300" />
Vent.
    <time id="T166E" value="00:21:53,600" />
  </s>
  <s id="274">
    <time id="T167S" value="00:21:53,700" />
lkke spidd meg.
    <time id="T167E" value="00:21:55,700" />
  </s>
  <s id="275">
    <time id="T168S" value="00:21:59,000" />
- Dette er et problem.
  </s>
  <s id="276">
- Hva nå?
    <time id="T168E" value="00:22:01,700" />
  </s>
  <s id="277">
    <time id="T169S" value="00:22:02,700" />
Det er perfekt.
    <time id="T169E" value="00:22:05,100" />
  </s>
  <s id="278">
    <time id="T170S" value="00:22:34,000" />
- Jeg sa de hadde dratt.
  </s>
  <s id="279">
- Se hvem det er.
    <time id="T170E" value="00:22:36,500" />
  </s>
  <s id="280">
    <time id="T171S" value="00:22:36,500" />
Har ikke du et stakkars dyr å sløye?
    <time id="T171E" value="00:22:39,100" />
  </s>
  <s id="281">
    <time id="T172S" value="00:22:39,200" />
De kan ikke være langt unna.
  </s>
  <s id="282">
De dro denne veien, eller denne?
    <time id="T172E" value="00:22:42,900" />
  </s>
  <s id="283">
    <time id="T173S" value="00:22:43,000" />
Du vet ikke mye om sporing.
    <time id="T173E" value="00:22:45,300" />
  </s>
  <s id="284">
    <time id="T174S" value="00:22:45,400" />
Jeg er et dovendyr. 
  </s>
  <s id="285">
Jeg ser et tre, spiser et blad. 
  </s>
  <s id="286">
Det er min sporing.
    <time id="T174E" value="00:22:49,100" />
  </s>
  <s id="287">
    <time id="T175S" value="00:22:49,100" />
Dere nådde dem akkurat ikke.
    <time id="T175E" value="00:22:51,300" />
  </s>
  <s id="288">
    <time id="T176S" value="00:22:51,400" />
Den er fortsatt grønn.
  </s>
  <s id="289">
De dro nordover for to timer siden.
    <time id="T176E" value="00:22:54,700" />
  </s>
  <s id="290">
    <time id="T177S" value="00:23:01,300" />
Du trenger ikke denne irritasjonen.
    <time id="T177E" value="00:23:03,800" />
  </s>
  <s id="291">
    <time id="T178S" value="00:23:04,700" />
Gi meg babyen. 
  </s>
  <s id="292">
Jeg kan spore mennesker mye raskere enn deg.
    <time id="T178E" value="00:23:08,400" />
  </s>
  <s id="293">
    <time id="T179S" value="00:23:08,500" />
Og du er bare den gode hjelper, hva?
    <time id="T179E" value="00:23:11,100" />
  </s>
  <s id="294">
    <time id="T180S" value="00:23:11,200" />
- Jeg bare vet hvor menneskene går.
  </s>
  <s id="295">
- lsbre-passet.
    <time id="T180E" value="00:23:14,600" />
  </s>
  <s id="296">
    <time id="T181S" value="00:23:14,700" />
Alle vet at de har en bosetning på andre siden.
    <time id="T181E" value="00:23:18,100" />
  </s>
  <s id="297">
    <time id="T182S" value="00:23:19,000" />
Hvis du ikke kan spore, vil du aldri nå dem før snøen stenger passet.
    <time id="T182E" value="00:23:23,800" />
  </s>
  <s id="298">
    <time id="T183S" value="00:23:23,900" />
Som vil bli i morgen.
    <time id="T183E" value="00:23:26,800" />
  </s>
  <s id="299">
    <time id="T184S" value="00:23:26,900" />
Så gi meg babyen, eller gå deg bort i snøstormen. 
  </s>
  <s id="300">
Ditt valg.
    <time id="T184E" value="00:23:32,500" />
  </s>
  <s id="301">
    <time id="T185S" value="00:23:38,900" />
Her er din lille gledesspreder.
  </s>
  <s id="302">
Vi gir den tilbake til menneskene.
    <time id="T185E" value="00:23:42,700" />
  </s>
  <s id="303">
    <time id="T186S" value="00:23:43,100" />
Den store, stygge tigergutten må bli igjen.
  </s>
  <s id="304">
Stakkars tigergutt.
    <time id="T186E" value="00:23:48,400" />
  </s>
  <s id="305">
    <time id="T187S" value="00:23:48,500" />
Sid, tigergutten skal vise veien.
    <time id="T187E" value="00:23:51,200" />
  </s>
  <s id="306">
    <time id="T188S" value="00:23:54,700" />
Kan jeg få si deg noe?
    <time id="T188E" value="00:23:57,200" />
  </s>
  <s id="307">
    <time id="T189S" value="00:23:58,000" />
Jo raskere vi finner menneskene, jo raskere blirjeg kvitt Mr Sikletryne, og babyen, også.
    <time id="T190E" value="00:24:04,400" />
  </s>
  <s id="308">
    <time id="T191S" value="00:24:05,400" />
Du vil ikke alltid ha Jumbo til å beskytte deg.
    <time id="T191E" value="00:24:08,000" />
  </s>
  <s id="309">
    <time id="T192S" value="00:24:08,100" />
Og da bør du passe flesket ditt, forjeg kommer til å tygge på det.
    <time id="T192E" value="00:24:13,500" />
  </s>
  <s id="310">
    <time id="T193S" value="00:24:13,500" />
Uber-sporer. 
  </s>
  <s id="311">
Foran, derjeg kan se deg.
    <time id="T193E" value="00:24:17,200" />
  </s>
  <s id="312">
    <time id="T194S" value="00:24:17,300" />
Hjelp meg.
    <time id="T194E" value="00:24:18,800" />
  </s>
  <s id="313">
    <time id="T195S" value="00:24:33,900" />
Få den til å holde opp.
  </s>
  <s id="314">
Jeg orker det ikke lenger.
    <time id="T195E" value="00:24:37,400" />
  </s>
  <s id="315">
    <time id="T196S" value="00:24:37,600" />
- Jeg har spist ting som klaget mindre.
  </s>
  <s id="316">
- Han slutter ikke å sprelle.
    <time id="T196E" value="00:24:41,500" />
  </s>
  <s id="317">
    <time id="T197S" value="00:24:41,600" />
- Pass på hodet dens.
  </s>
  <s id="318">
- Legg den ned.
    <time id="T197E" value="00:24:43,700" />
  </s>
  <s id="319">
    <time id="T198S" value="00:24:43,700" />
Jøsses, Løft ham opp, legg ham ned...
    <time id="T198E" value="00:24:46,200" />
  </s>
  <s id="320">
    <time id="T199S" value="00:24:46,500" />
- Nesen er tørr.
  </s>
  <s id="321">
- Det betyr at noe er galt med den.
    <time id="T199E" value="00:24:49,600" />
  </s>
  <s id="322">
    <time id="T200S" value="00:24:49,700" />
- Noen må slikke den.
  </s>
  <s id="323">
- Jeg gjør det.
    <time id="T200E" value="00:24:52,600" />
  </s>
  <s id="324">
    <time id="T201S" value="00:24:52,700" />
- Han har på en av de baby-greiene.
  </s>
  <s id="325">
- Så?
    <time id="T201E" value="00:24:55,000" />
  </s>
  <s id="326">
    <time id="T202S" value="00:24:55,100" />
Så hvis han bæsjer, hvor blir det av det?
    <time id="T202E" value="00:24:57,800" />
  </s>
  <s id="327">
    <time id="T203S" value="00:25:00,100" />
- Mennesker er motbydelige.
  </s>
  <s id="328">
- Du. 
  </s>
  <s id="329">
Sjekk etter bæsj.
    <time id="T203E" value="00:25:03,900" />
  </s>
  <s id="330">
    <time id="T204S" value="00:25:04,000" />
- Hvorfor meg?
  </s>
  <s id="331">
- Å gi ham tilbake var din ide, du er liten og ubetydelig, og jeg banker deg ellers.
    <time id="T205E" value="00:25:10,500" />
  </s>
  <s id="332">
    <time id="T206S" value="00:25:10,600" />
- Hva ellers?
  </s>
  <s id="333">
- Nå.
    <time id="T206E" value="00:25:13,000" />
  </s>
  <s id="334">
    <time id="T207S" value="00:25:19,300" />
Jeg mener, herregud.
  </s>
  <s id="335">
Pass opp. 
  </s>
  <s id="336">
Her kommerjeg.
    <time id="T207E" value="00:25:22,400" />
  </s>
  <s id="337">
    <time id="T208S" value="00:25:22,500" />
- Følg med.
  </s>
  <s id="338">
- Slutt å vifte den greia rundt.
    <time id="T208E" value="00:25:25,200" />
  </s>
  <s id="339">
    <time id="T209S" value="00:25:25,300" />
Den glipper.
    <time id="T209E" value="00:25:27,900" />
  </s>
  <s id="340">
    <time id="T210S" value="00:25:31,200" />
Den er ren. 
  </s>
  <s id="341">
Lurte deg.
    <time id="T210E" value="00:25:33,400" />
  </s>
  <s id="342">
    <time id="T211S" value="00:25:35,500" />
Vil du kutte ut?
    <time id="T211E" value="00:25:37,500" />
  </s>
  <s id="343">
    <time id="T212S" value="00:25:39,300" />
Gjør det igjen. 
  </s>
  <s id="344">
Han liker det.
    <time id="T212E" value="00:25:42,100" />
  </s>
  <s id="345">
    <time id="T213S" value="00:25:44,100" />
Jeg føler meg bedre, også.
    <time id="T213E" value="00:25:47,100" />
  </s>
  <s id="346">
    <time id="T214S" value="00:25:47,200" />
Her, hold den du.
    <time id="T214E" value="00:25:49,200" />
  </s>
  <s id="347">
    <time id="T215S" value="00:25:55,500" />
Snu ham mot meg.
    <time id="T215E" value="00:25:57,200" />
  </s>
  <s id="348">
    <time id="T216S" value="00:25:57,500" />
Hvor er babyen?
    <time id="T216E" value="00:25:59,600" />
  </s>
  <s id="349">
    <time id="T217S" value="00:26:00,600" />
Der er han.
    <time id="T217E" value="00:26:02,700" />
  </s>
  <s id="350">
    <time id="T218S" value="00:26:09,300" />
Slutt. 
  </s>
  <s id="351">
Du skremmer ham.
    <time id="T218E" value="00:26:11,600" />
  </s>
  <s id="352">
    <time id="T219S" value="00:26:15,600" />
- Han er sikkert sulten.
  </s>
  <s id="353">
- Hva med litt melk?
    <time id="T219E" value="00:26:17,900" />
  </s>
  <s id="354">
    <time id="T220S" value="00:26:18,000" />
- Veldig gjerne.
  </s>
  <s id="355">
- lkke du. 
  </s>
  <s id="356">
Babyen.
    <time id="T220E" value="00:26:20,900" />
  </s>
  <s id="357">
    <time id="T221S" value="00:26:21,000" />
Jeg kan ikke amme akkurat, kompis.
    <time id="T221E" value="00:26:23,500" />
  </s>
  <s id="358">
    <time id="T222S" value="00:26:23,600" />
- Du er litt lavt i næringskjeden til å...
  </s>
  <s id="359">
- Nok.
    <time id="T222E" value="00:26:26,300" />
  </s>
  <s id="360">
    <time id="T223S" value="00:26:32,100" />
Mat.
    <time id="T223E" value="00:26:34,100" />
  </s>
  <s id="361">
    <time id="T224S" value="00:26:42,000" />
Jeg vet ikke, men det er sagt
    <time id="T224E" value="00:26:43,600" />
  </s>
  <s id="362">
    <time id="T225S" value="00:26:45,800" />
Verdens ende blir mektig kald
    <time id="T225E" value="00:26:47,600" />
  </s>
  <s id="363">
    <time id="T226S" value="00:26:50,200" />
Gjør klar for istiden.
    <time id="T226E" value="00:26:52,600" />
  </s>
  <s id="364">
    <time id="T227S" value="00:26:52,700" />
Vern om drontenes livsstil.
    <time id="T227E" value="00:26:55,100" />
  </s>
  <s id="365">
    <time id="T228S" value="00:26:55,200" />
Overlevelse skiller drontene fra udyrene.
    <time id="T228E" value="00:26:59,300" />
  </s>
  <s id="366">
    <time id="T229S" value="00:27:05,200" />
- lstid?
  </s>
  <s id="367">
- Jeg har hørt om disse tullingene.
    <time id="T229E" value="00:27:08,100" />
  </s>
  <s id="368">
    <time id="T230S" value="00:27:10,900" />
- lnntrengere.
  </s>
  <s id="369">
- Nå, ikke fall nedi.
    <time id="T230E" value="00:27:13,300" />
  </s>
  <s id="370">
    <time id="T231S" value="00:27:13,400" />
- Gjør dere det, vil dere utvilsomt...
  </s>
  <s id="371">
- lnntrengere.
    <time id="T231E" value="00:27:17,300" />
  </s>
  <s id="372">
    <time id="T232S" value="00:27:18,900" />
..brenne opp og dø.
    <time id="T232E" value="00:27:20,800" />
  </s>
  <s id="373">
    <time id="T233S" value="00:27:21,900" />
Kan vi få melonen vår tilbake?
  </s>
  <s id="374">
Junior er sulten og...
    <time id="T233E" value="00:27:24,900" />
  </s>
  <s id="375">
    <time id="T234S" value="00:27:25,000" />
Aldeles ikke. 
  </s>
  <s id="376">
Dette er vårt forråd for istiden.
    <time id="T234E" value="00:27:28,100" />
  </s>
  <s id="377">
    <time id="T235S" value="00:27:28,300" />
Sub-arktiske temperaturer vil tvinge oss underjorden i en milliard år.
    <time id="T235E" value="00:27:32,200" />
  </s>
  <s id="378">
    <time id="T236S" value="00:27:32,300" />
Derfor har dere tre meloner?
    <time id="T236E" value="00:27:34,300" />
  </s>
  <s id="379">
    <time id="T237S" value="00:27:35,700" />
Hvis dere ikke var smarte nok til å tenke fremover, så fordøm dere.
    <time id="T237E" value="00:27:39,600" />
  </s>
  <s id="380">
    <time id="T238S" value="00:27:43,300" />
Bort fra meg.
    <time id="T238E" value="00:27:45,300" />
  </s>
  <s id="381">
    <time id="T239S" value="00:27:48,700" />
Gjenvinn melonen.
  </s>
  <s id="382">
Tae-kwon-drontos, angrip.
    <time id="T239E" value="00:27:52,100" />
  </s>
  <s id="383">
    <time id="T240S" value="00:28:03,300" />
Melonen.
    <time id="T240E" value="00:28:05,300" />
  </s>
  <s id="384">
    <time id="T241S" value="00:28:08,500" />
Der går vår siste hunn.
    <time id="T241E" value="00:28:10,700" />
  </s>
  <s id="385">
    <time id="T242S" value="00:28:17,900" />
- Har den.
  </s>
  <s id="386">
- Har den ikke.
    <time id="T242E" value="00:28:21,300" />
  </s>
  <s id="387">
    <time id="T243S" value="00:28:22,200" />
Den siste melonen.
    <time id="T243E" value="00:28:24,600" />
  </s>
  <s id="388">
    <time id="T244S" value="00:29:47,700" />
Nå må vi finne mere mat.
    <time id="T244E" value="00:29:50,700" />
  </s>
  <s id="389">
    <time id="T245S" value="00:29:53,900" />
Høyre, mer til høyre.
    <time id="T245E" value="00:29:57,800" />
  </s>
  <s id="390">
    <time id="T246S" value="00:29:57,900" />
- Se på det. 
  </s>
  <s id="391">
Middag og forestilling.
  </s>
  <s id="392">
- Venstre.
    <time id="T246E" value="00:30:01,400" />
  </s>
  <s id="393">
    <time id="T247S" value="00:30:07,100" />
Nå finne mat som passer en seirende helt.
    <time id="T247E" value="00:30:10,900" />
  </s>
  <s id="394">
    <time id="T248S" value="00:30:13,400" />
Hallo? 
  </s>
  <s id="395">
En uvenn? 
  </s>
  <s id="396">
Kom igjen.
  </s>
  <s id="397">
Vil du slåss med meg?
    <time id="T248E" value="00:30:16,600" />
  </s>
  <s id="398">
    <time id="T249S" value="00:30:20,100" />
Et bytte verdig en så nobel...
    <time id="T249E" value="00:30:22,100" />
  </s>
  <s id="399">
    <time id="T250S" value="00:30:30,900" />
Sengetid, krek.
    <time id="T250E" value="00:30:32,900" />
  </s>
  <s id="400">
    <time id="T251S" value="00:30:42,100" />
Den triumferende tilbakekomst.
    <time id="T251E" value="00:30:44,600" />
  </s>
  <s id="401">
    <time id="T252S" value="00:30:44,700" />
Å, det.
    <time id="T252E" value="00:30:46,700" />
  </s>
  <s id="402">
    <time id="T253S" value="00:30:47,900" />
Jeg er så mett. 
  </s>
  <s id="403">
Hva med et godnattkyss til din store kamerat, Sid?
    <time id="T253E" value="00:30:52,100" />
  </s>
  <s id="404">
    <time id="T254S" value="00:30:52,800" />
- Han sover.
  </s>
  <s id="405">
- Jeg snakket til deg.
    <time id="T254E" value="00:30:55,700" />
  </s>
  <s id="406">
    <time id="T255S" value="00:30:56,600" />
Greit, jeg legger meg selv i seng.
    <time id="T255E" value="00:30:58,600" />
  </s>
  <s id="407">
    <time id="T256S" value="00:31:04,700" />
Ja vel, god natt.
    <time id="T256E" value="00:31:07,700" />
  </s>
  <s id="408">
    <time id="T257S" value="00:31:29,300" />
Vil du holde opp?
    <time id="T257E" value="00:31:31,400" />
  </s>
  <s id="409">
    <time id="T258S" value="00:31:31,700" />
Jeg prøvde å slappe av.
    <time id="T258E" value="00:31:34,400" />
  </s>
  <s id="410">
    <time id="T259S" value="00:31:39,800" />
Øy.
    <time id="T259E" value="00:31:41,800" />
  </s>
  <s id="411">
    <time id="T260S" value="00:32:28,000" />
- Hva sø... ?
  </s>
  <s id="412">
- Flå meg. 
  </s>
  <s id="413">
Det blir det siste du gjør.
    <time id="T260E" value="00:32:31,200" />
  </s>
  <s id="414">
    <time id="T261S" value="00:32:31,300" />
- Jeg arbeider her, din bortkastede pels.
  </s>
  <s id="415">
- Frustrert, Diego?
    <time id="T261E" value="00:32:34,800" />
  </s>
  <s id="416">
    <time id="T262S" value="00:32:34,900" />
Er å spore opp hjelpeløse småbarn for vanskelig?
    <time id="T262E" value="00:32:37,800" />
  </s>
  <s id="417">
    <time id="T263S" value="00:32:37,900" />
- Hva gjør dere to her?
  </s>
  <s id="418">
- Soto er lei av å vente.
    <time id="T263E" value="00:32:42,100" />
  </s>
  <s id="419">
    <time id="T264S" value="00:32:42,800" />
Han sa Kom tilbake med babyen, eller kom aldri tilbake.
    <time id="T264E" value="00:32:46,900" />
  </s>
  <s id="420">
    <time id="T265S" value="00:32:48,400" />
Jeg har en beskjed til Soto.
    <time id="T265E" value="00:32:50,600" />
  </s>
  <s id="421">
    <time id="T266S" value="00:32:50,700" />
Si atjeg tar med babyen.
    <time id="T266E" value="00:32:53,100" />
  </s>
  <s id="422">
    <time id="T267S" value="00:32:54,300" />
Og si atjeg tar med en mammut.
    <time id="T267E" value="00:32:58,400" />
  </s>
  <s id="423">
    <time id="T268S" value="00:32:59,100" />
- En mammut?
  </s>
  <s id="424">
- Mammuter reiser aldri alene.
    <time id="T268E" value="00:33:01,700" />
  </s>
  <s id="425">
    <time id="T269S" value="00:33:02,300" />
Denne gjør, og jeg fører ham til Halvtoppen.
    <time id="T269E" value="00:33:05,700" />
  </s>
  <s id="426">
    <time id="T270S" value="00:33:07,200" />
Se på alt det kjøttet. 
  </s>
  <s id="427">
La oss ta ham.
    <time id="T270E" value="00:33:09,300" />
  </s>
  <s id="428">
    <time id="T271S" value="00:33:09,400" />
lkke ennå. 
  </s>
  <s id="429">
Vi trenger hele flokken for å felle denne mammuten.
    <time id="T271E" value="00:33:13,500" />
  </s>
  <s id="430">
    <time id="T272S" value="00:33:13,600" />
Få alle klare.
    <time id="T272E" value="00:33:15,600" />
  </s>
  <s id="431">
    <time id="T273S" value="00:33:16,200" />
Nå.
    <time id="T273E" value="00:33:18,200" />
  </s>
  <s id="432">
    <time id="T274S" value="00:33:40,400" />
- Hvor er babyen?
  </s>
  <s id="433">
- Mistet du den?
    <time id="T274E" value="00:33:43,500" />
  </s>
  <s id="434">
    <time id="T275S" value="00:33:47,000" />
Den er så stygg. 
  </s>
  <s id="435">
Helt fortryllende.
    <time id="T275E" value="00:33:50,500" />
  </s>
  <s id="436">
    <time id="T276S" value="00:33:50,600" />
Hallo, søtnos. 
  </s>
  <s id="437">
Hallo, lille barhode.
    <time id="T276E" value="00:33:54,300" />
  </s>
  <s id="438">
    <time id="T277S" value="00:33:54,600" />
- Hvor fant du det?
  </s>
  <s id="439">
- Stakkars barn, helt alene i villmarken.
    <time id="T277E" value="00:33:58,300" />
  </s>
  <s id="440">
    <time id="T278S" value="00:33:58,400" />
Sabelkattene nærmet seg ham.
    <time id="T278E" value="00:34:00,500" />
  </s>
  <s id="441">
    <time id="T279S" value="00:34:00,600" />
- Såjeg bare tok ham.
  </s>
  <s id="442">
- Så modig.
    <time id="T279E" value="00:34:03,700" />
  </s>
  <s id="443">
    <time id="T280S" value="00:34:03,700" />
Han trengte meg.
  </s>
  <s id="444">
Skulle bare ønske jeg hadde en selv.
    <time id="T280E" value="00:34:08,200" />
  </s>
  <s id="445">
    <time id="T281S" value="00:34:08,300" />
Å? 
  </s>
  <s id="446">
Det er så attraktivt hos en hann.
    <time id="T281E" value="00:34:12,300" />
  </s>
  <s id="447">
    <time id="T282S" value="00:34:12,300" />
Akk. 
  </s>
  <s id="448">
Hvem vil ikke ha familie, det sierjeg alltid.
    <time id="T282E" value="00:34:15,800" />
  </s>
  <s id="449">
    <time id="T283S" value="00:34:16,400" />
- Hvor har du gjemt deg?
  </s>
  <s id="450">
- Du vet...
    <time id="T283E" value="00:34:19,900" />
  </s>
  <s id="451">
    <time id="T284S" value="00:34:23,300" />
Søt unge, hva? 
  </s>
  <s id="452">
Så, som jeg sa, mine damer...
    <time id="T284E" value="00:34:26,900" />
  </s>
  <s id="453">
    <time id="T285S" value="00:34:32,000" />
Hva er i veien med deg?
    <time id="T285E" value="00:34:34,300" />
  </s>
  <s id="454">
    <time id="T286S" value="00:34:34,600" />
Unnskyld meg. 
  </s>
  <s id="455">
Bare fortsett å marinere dere, så erjeg straks tilbake.
    <time id="T286E" value="00:34:38,800" />
  </s>
  <s id="456">
    <time id="T287S" value="00:34:41,100" />
Sexy.
    <time id="T287E" value="00:34:43,100" />
  </s>
  <s id="457">
    <time id="T288S" value="00:34:43,700" />
lkke mye å se på, men det er vanskelig å finne en familiekar.
    <time id="T288E" value="00:34:46,700" />
  </s>
  <s id="458">
    <time id="T289S" value="00:34:46,800" />
Helt enig. 
  </s>
  <s id="459">
Alle de følsomme blir spist.
    <time id="T289E" value="00:34:50,100" />
  </s>
  <s id="460">
    <time id="T290S" value="00:34:51,100" />
Jeg ber deg. 
  </s>
  <s id="461">
Jeg trenger ham.
    <time id="T290E" value="00:34:54,100" />
  </s>
  <s id="462">
    <time id="T291S" value="00:34:54,200" />
- En kjekk kar som deg?
  </s>
  <s id="463">
- Du sier det, men du mener det ikke.
    <time id="T291E" value="00:34:57,700" />
  </s>
  <s id="464">
    <time id="T292S" value="00:34:58,000" />
Alvorlig talt. 
  </s>
  <s id="465">
Se på deg.
  </s>
  <s id="466">
De damene kan ikke motstå deg.
    <time id="T292E" value="00:35:02,100" />
  </s>
  <s id="467">
    <time id="T293S" value="00:35:02,100" />
- Du har en forferdelig humor.
  </s>
  <s id="468">
- lkke la meg hindre deg.
    <time id="T293E" value="00:35:05,500" />
  </s>
  <s id="469">
    <time id="T294S" value="00:35:05,600" />
- Takk. 
  </s>
  <s id="470">
Du er en kompis.
  </s>
  <s id="471">
- Uten Den lyserøde.
    <time id="T294E" value="00:35:08,500" />
  </s>
  <s id="472">
    <time id="T295S" value="00:35:08,600" />
Jeg trenger ham.
    <time id="T295E" value="00:35:10,800" />
  </s>
  <s id="473">
    <time id="T296S" value="00:35:14,300" />
Så, mine damer, hvor var vi?
    <time id="T296E" value="00:35:17,200" />
  </s>
  <s id="474">
    <time id="T297S" value="00:35:17,500" />
- Carl.
  </s>
  <s id="475">
- Rolig, Frank.
    <time id="T297E" value="00:35:20,100" />
  </s>
  <s id="476">
    <time id="T298S" value="00:35:22,600" />
Snerten mø passerer, og plutselig er han som en gepard. 
  </s>
  <s id="477">
Og den tigeren...
    <time id="T298E" value="00:35:26,800" />
  </s>
  <s id="478">
    <time id="T299S" value="00:35:26,900" />
Ja, Mr Supersporer.
  </s>
  <s id="479">
Kan ikke engang finne et dovendyr.
    <time id="T299E" value="00:35:30,500" />
  </s>
  <s id="480">
    <time id="T300S" value="00:35:30,600" />
Hva erjeg? 
  </s>
  <s id="481">
Ammen?
  </s>
  <s id="482">
Hva glor du på, knokkelhaug?
    <time id="T300E" value="00:35:34,300" />
  </s>
  <s id="483">
    <time id="T301S" value="00:35:36,500" />
Se på deg. 
  </s>
  <s id="484">
Du skal bli et flott rovdyr.
    <time id="T301E" value="00:35:40,000" />
  </s>
  <s id="485">
    <time id="T302S" value="00:35:40,500" />
Jeg tror ikke det. 
  </s>
  <s id="486">
Hva har du?
  </s>
  <s id="487">
En liten flekk med pels.
    <time id="T302E" value="00:35:44,700" />
  </s>
  <s id="488">
    <time id="T303S" value="00:35:44,700" />
lngen huggtenner, ingen klør.
    <time id="T303E" value="00:35:47,200" />
  </s>
  <s id="489">
    <time id="T304S" value="00:35:47,300" />
Du er folder av skinn innpakket i plysj.
    <time id="T304E" value="00:35:50,500" />
  </s>
  <s id="490">
    <time id="T305S" value="00:35:50,900" />
Hva er så truende med deg?
    <time id="T305E" value="00:35:53,500" />
  </s>
  <s id="491">
    <time id="T306S" value="00:35:58,400" />
Ser dette ut som en kjæledyrehage?
    <time id="T306E" value="00:36:01,300" />
  </s>
  <s id="492">
    <time id="T307S" value="00:36:04,000" />
OK. 
  </s>
  <s id="493">
Greit, luring.
  </s>
  <s id="494">
Du trenger litt tid for deg selv.
    <time id="T307E" value="00:36:07,500" />
  </s>
  <s id="495">
    <time id="T308S" value="00:36:10,200" />
Synes du det er morsomt? 
  </s>
  <s id="496">
Hva med dette?
    <time id="T308E" value="00:36:13,200" />
  </s>
  <s id="497">
    <time id="T309S" value="00:36:15,200" />
Du vil bli en liten matbit for uglene.
    <time id="T309E" value="00:36:17,900" />
  </s>
  <s id="498">
    <time id="T310S" value="00:36:19,500" />
Du er et modig lite krek, det skal jeg si.
    <time id="T310E" value="00:36:22,600" />
  </s>
  <s id="499">
    <time id="T311S" value="00:36:28,300" />
Takk og lov.
    <time id="T311E" value="00:36:30,000" />
  </s>
  <s id="500">
    <time id="T312S" value="00:36:31,400" />
En tiger.
    <time id="T312E" value="00:36:32,900" />
  </s>
  <s id="501">
    <time id="T313S" value="00:36:32,900" />
Hjelp.
    <time id="T313E" value="00:36:35,400" />
  </s>
  <s id="502">
    <time id="T314S" value="00:36:35,500" />
- Hvor er babyen?
  </s>
  <s id="503">
- Manfred har ham.
    <time id="T314E" value="00:36:37,600" />
  </s>
  <s id="504">
    <time id="T315S" value="00:36:37,700" />
Bare legg meg i munnen din.
  </s>
  <s id="505">
Skynd deg. 
  </s>
  <s id="506">
Han har meg.
    <time id="T315E" value="00:36:41,700" />
  </s>
  <s id="507">
    <time id="T316S" value="00:36:42,500" />
Hjelp.
    <time id="T316E" value="00:36:43,600" />
  </s>
  <s id="508">
    <time id="T317S" value="00:36:43,700" />
- Kom deg unna meg.
  </s>
  <s id="509">
- Den gikk denne veien.
    <time id="T317E" value="00:36:46,200" />
  </s>
  <s id="510">
    <time id="T318S" value="00:36:46,900" />
Her borte.
    <time id="T318E" value="00:36:49,100" />
  </s>
  <s id="511">
    <time id="T319S" value="00:36:56,500" />
Tigeren kom før oss.
    <time id="T319E" value="00:36:59,000" />
  </s>
  <s id="512">
    <time id="T320S" value="00:37:00,300" />
Vent litt.
    <time id="T320E" value="00:37:02,800" />
  </s>
  <s id="513">
    <time id="T321S" value="00:37:07,600" />
Visst er han død.
    <time id="T321E" value="00:37:09,900" />
  </s>
  <s id="514">
    <time id="T322S" value="00:37:10,000" />
Kjøttetere har all moroa.
    <time id="T322E" value="00:37:12,100" />
  </s>
  <s id="515">
    <time id="T323S" value="00:37:14,600" />
Jeg hater å skuffe dem slik.
  </s>
  <s id="516">
Men du vet hvordan det er.
    <time id="T323E" value="00:37:19,100" />
  </s>
  <s id="517">
    <time id="T324S" value="00:37:19,900" />
Takk, du kan sette meg ned nå.
    <time id="T324E" value="00:37:22,500" />
  </s>
  <s id="518">
    <time id="T325S" value="00:37:25,500" />
Jeg trodde vi hadde det travelt.
  </s>
  <s id="519">
Og Diego, spytt ut det der.
    <time id="T325E" value="00:37:29,200" />
  </s>
  <s id="520">
    <time id="T326S" value="00:37:29,300" />
Du vet aldri hvor det har vært.
    <time id="T326E" value="00:37:32,300" />
  </s>
  <s id="521">
    <time id="T327S" value="00:37:32,300" />
Et øyeblikk der trodde jeg du skulle spise meg.
    <time id="T327E" value="00:37:35,900" />
  </s>
  <s id="522">
    <time id="T328S" value="00:37:36,000" />
- Jeg spiser ikke søppelmat.
  </s>
  <s id="523">
- Tenkte du skulle...
    <time id="T328E" value="00:37:39,000" />
  </s>
  <s id="524">
    <time id="T329S" value="00:37:39,100" />
Jeg trodde du skulle... 
  </s>
  <s id="525">
Skulle du?
    <time id="T329E" value="00:37:41,400" />
  </s>
  <s id="526">
    <time id="T330S" value="00:37:44,100" />
Vent. 
  </s>
  <s id="527">
Kan dere vente litt, vær så snill?
    <time id="T330E" value="00:37:48,700" />
  </s>
  <s id="528">
    <time id="T331S" value="00:37:48,800" />
Karer.
    <time id="T331E" value="00:37:50,800" />
  </s>
  <s id="529">
    <time id="T332S" value="00:37:52,100" />
Takk for at dere ventet.
    <time id="T332E" value="00:37:54,100" />
  </s>
  <s id="530">
    <time id="T333S" value="00:37:54,200" />
Tre, to, en...
    <time id="T333E" value="00:37:56,800" />
  </s>
  <s id="531">
    <time id="T334S" value="00:37:59,600" />
Helt klart pålitelig.
    <time id="T334E" value="00:38:01,600" />
  </s>
  <s id="532">
    <time id="T335S" value="00:38:15,900" />
- lkke få meg til å snu meg.
  </s>
  <s id="533">
- Han begynte.
    <time id="T335E" value="00:38:17,900" />
  </s>
  <s id="534">
    <time id="T336S" value="00:38:18,000" />
Jeg bryr meg ikke om hvem som begynte. 
  </s>
  <s id="535">
Jeg avslutter.
    <time id="T336E" value="00:38:21,100" />
  </s>
  <s id="536">
    <time id="T337S" value="00:38:52,600" />
Moderne arkitektur. 
  </s>
  <s id="537">
Det vil aldri vare.
    <time id="T337E" value="00:38:55,300" />
  </s>
  <s id="538">
    <time id="T338S" value="00:39:24,100" />
- Du har gått deg bort.
  </s>
  <s id="539">
- Jeg vet nøyaktig hvor vi er.
    <time id="T338E" value="00:39:27,700" />
  </s>
  <s id="540">
    <time id="T339S" value="00:39:27,800" />
Spør ham om veien.
    <time id="T339E" value="00:39:30,000" />
  </s>
  <s id="541">
    <time id="T340S" value="00:39:30,100" />
- Jeg spør ikke om veien.
  </s>
  <s id="542">
- Greit, jeg spør.
    <time id="T340E" value="00:39:32,700" />
  </s>
  <s id="543">
    <time id="T341S" value="00:39:32,800" />
Kompis. 
  </s>
  <s id="544">
Sett noen mennesker gå forbi her?
    <time id="T341E" value="00:39:35,800" />
  </s>
  <s id="545">
    <time id="T342S" value="00:39:38,900" />
Jeg elsker denne leken. 
  </s>
  <s id="546">
OK.
    <time id="T342E" value="00:39:41,700" />
  </s>
  <s id="547">
    <time id="T343S" value="00:39:41,700" />
Tre ord. 
  </s>
  <s id="548">
Første ord. 
  </s>
  <s id="549">
Trampe. 
  </s>
  <s id="550">
Nei. 
  </s>
  <s id="551">
Stampe.
    <time id="T343E" value="00:39:46,000" />
  </s>
  <s id="552">
    <time id="T344S" value="00:39:46,100" />
La meg prøve. 
  </s>
  <s id="553">
Flokk.
    <time id="T344E" value="00:39:48,200" />
  </s>
  <s id="554">
    <time id="T345S" value="00:39:48,300" />
Den er bra. 
  </s>
  <s id="555">
Flokk med lange tenner og klør.
    <time id="T345E" value="00:39:52,300" />
  </s>
  <s id="556">
    <time id="T346S" value="00:39:53,800" />
Ulveflokk? 
  </s>
  <s id="557">
En flokk...
    <time id="T346E" value="00:39:55,800" />
  </s>
  <s id="558">
    <time id="T347S" value="00:39:55,900" />
Bjørneflokk? 
  </s>
  <s id="559">
Loppeflokk?
    <time id="T347E" value="00:39:58,500" />
  </s>
  <s id="560">
    <time id="T348S" value="00:39:58,500" />
Værhårsflokk? 
  </s>
  <s id="561">
Neseflokk?
    <time id="T348E" value="00:40:00,500" />
  </s>
  <s id="562">
    <time id="T349S" value="00:40:00,900" />
- Tykkhudet?
  </s>
  <s id="563">
- En masse løgner.
    <time id="T349E" value="00:40:03,100" />
  </s>
  <s id="564">
    <time id="T350S" value="00:40:03,200" />
Masse trøbbel. 
  </s>
  <s id="565">
Juling. 
  </s>
  <s id="566">
Fugleflokk.
    <time id="T350E" value="00:40:06,000" />
  </s>
  <s id="567">
    <time id="T351S" value="00:40:06,300" />
En flokk flyvefisk.
    <time id="T351E" value="00:40:08,300" />
  </s>
  <s id="568">
    <time id="T352S" value="00:40:55,400" />
Gode nyheter. 
  </s>
  <s id="569">
Jeg fant en snarvei.
    <time id="T352E" value="00:40:57,800" />
  </s>
  <s id="570">
    <time id="T353S" value="00:41:00,600" />
- Hva mener du med snarvei?
  </s>
  <s id="571">
- Jeg mener raskere enn veien rundt.
    <time id="T353E" value="00:41:04,100" />
  </s>
  <s id="572">
    <time id="T354S" value="00:41:04,900" />
Jeg vet hva en snarvei er.
    <time id="T354E" value="00:41:06,700" />
  </s>
  <s id="573">
    <time id="T355S" value="00:41:06,700" />
Enten kommer vi før menneskene til lsbre- passet, eller så går vi rundt og når dem ikke.
    <time id="T355E" value="00:41:11,800" />
  </s>
  <s id="574">
    <time id="T356S" value="00:41:12,000" />
Gjennom der? 
  </s>
  <s id="575">
Hva tar du meg for?
    <time id="T356E" value="00:41:15,500" />
  </s>
  <s id="576">
    <time id="T357S" value="00:41:15,600" />
På denne tiden i morgen, kan du være en fri mammut.
    <time id="T357E" value="00:41:18,900" />
  </s>
  <s id="577">
    <time id="T358S" value="00:41:19,300" />
Eller barnepasser. 
  </s>
  <s id="578">
Blir aldri lei av å leke.
    <time id="T358E" value="00:41:21,900" />
  </s>
  <s id="579">
    <time id="T359S" value="00:41:22,000" />
Folkens. 
  </s>
  <s id="580">
Sjekk dette.
    <time id="T359E" value="00:41:24,700" />
  </s>
  <s id="581">
    <time id="T360S" value="00:41:27,000" />
Tigeren fant en snarvei.
    <time id="T360E" value="00:41:29,400" />
  </s>
  <s id="582">
    <time id="T361S" value="00:41:31,500" />
Nei, takk. 
  </s>
  <s id="583">
Jeg velger livet.
    <time id="T361E" value="00:41:33,500" />
  </s>
  <s id="584">
    <time id="T362S" value="00:41:33,500" />
Da foreslårjeg at du tar snarveien.
    <time id="T362E" value="00:41:36,100" />
  </s>
  <s id="585">
    <time id="T363S" value="00:41:36,200" />
- Truer du meg?
  </s>
  <s id="586">
- Beveg deg, dovendyr.
    <time id="T363E" value="00:41:39,900" />
  </s>
  <s id="587">
    <time id="T364S" value="00:41:44,700" />
Sånn skal det gjøres, tiger.
    <time id="T364E" value="00:41:47,000" />
  </s>
  <s id="588">
    <time id="T365S" value="00:41:47,100" />
Fort. lnn.
    <time id="T365E" value="00:41:49,500" />
  </s>
  <s id="589">
    <time id="T366S" value="00:42:11,300" />
OK, jeg stemmer for snarveien.
    <time id="T366E" value="00:42:13,800" />
  </s>
  <s id="590">
    <time id="T367S" value="00:42:27,800" />
Hold sammen.
  </s>
  <s id="591">
Det er lett å gå seg bort her inne.
    <time id="T367E" value="00:42:31,300" />
  </s>
  <s id="592">
    <time id="T368S" value="00:42:46,300" />
Folkens?
    <time id="T368E" value="00:42:48,300" />
  </s>
  <s id="593">
    <time id="T369S" value="00:43:04,900" />
En fisk.
    <time id="T369E" value="00:43:06,900" />
  </s>
  <s id="594">
    <time id="T370S" value="00:43:47,500" />
Kan du vennligst holde følge?
  </s>
  <s id="595">
Vanskelig nok å passe på en baby.
    <time id="T370E" value="00:43:51,400" />
  </s>
  <s id="596">
    <time id="T371S" value="00:44:34,800" />
Har deg.
    <time id="T371E" value="00:44:36,800" />
  </s>
  <s id="597">
    <time id="T372S" value="00:44:52,800" />
Kaptein, isfjell forut.
    <time id="T372E" value="00:44:55,200" />
  </s>
  <s id="598">
    <time id="T373S" value="00:45:53,300" />
Hvem blir med på annen runde?
    <time id="T373E" value="00:45:55,300" />
  </s>
  <s id="599">
    <time id="T374S" value="00:45:59,000" />
Be ungen være mer forsiktig.
    <time id="T374E" value="00:46:01,000" />
  </s>
  <s id="600">
    <time id="T375S" value="00:46:40,600" />
Se. 
  </s>
  <s id="601">
Tigre.
    <time id="T375E" value="00:46:43,400" />
  </s>
  <s id="602">
    <time id="T376S" value="00:46:45,300" />
Det er greit. 
  </s>
  <s id="603">
Tigrene leker bare sisten med antilopen.
    <time id="T376E" value="00:46:49,900" />
  </s>
  <s id="604">
    <time id="T377S" value="00:46:51,900" />
- Med tennene sine.
  </s>
  <s id="605">
- Kom igjen, la oss leke sisten.
    <time id="T377E" value="00:46:56,200" />
  </s>
  <s id="606">
    <time id="T378S" value="00:46:56,300" />
Du har den.
    <time id="T378E" value="00:46:58,300" />
  </s>
  <s id="607">
    <time id="T379S" value="00:46:59,400" />
Ja visst. 
  </s>
  <s id="608">
OK, hvor er dovendyra?
    <time id="T379E" value="00:47:02,500" />
  </s>
  <s id="609">
    <time id="T380S" value="00:47:02,500" />
Du finner aldri dovendyr.
  </s>
  <s id="610">
Har du lagt merke til det?
    <time id="T380E" value="00:47:05,300" />
  </s>
  <s id="611">
    <time id="T381S" value="00:47:05,400" />
- Se, en mammut.
  </s>
  <s id="612">
- Klyp meg i armen.
    <time id="T381E" value="00:47:09,100" />
  </s>
  <s id="613">
    <time id="T382S" value="00:47:09,200" />
Denne fete ser akkurat ut som deg.
    <time id="T382E" value="00:47:12,000" />
  </s>
  <s id="614">
    <time id="T383S" value="00:47:12,800" />
Og han har familie.
    <time id="T383E" value="00:47:15,000" />
  </s>
  <s id="615">
    <time id="T384S" value="00:47:15,100" />
Og han er lykkelig.
  </s>
  <s id="616">
Se, han leker med ungen sin.
    <time id="T384E" value="00:47:18,400" />
  </s>
  <s id="617">
    <time id="T385S" value="00:47:18,500" />
Ser du? 
  </s>
  <s id="618">
Det er problemet ditt.
  </s>
  <s id="619">
Det er det mammuter skal gjøre.
    <time id="T385E" value="00:47:22,500" />
  </s>
  <s id="620">
    <time id="T386S" value="00:47:22,600" />
Finn en hunn-mut, få baby-mammuter...
    <time id="T386E" value="00:47:25,100" />
  </s>
  <s id="621">
    <time id="T387S" value="00:47:25,800" />
- Hva?
  </s>
  <s id="622">
- Hold kjeft.
    <time id="T387E" value="00:47:26,900" />
  </s>
  <s id="623">
    <time id="T388S" value="00:47:27,000" />
Men...
    <time id="T388E" value="00:47:29,000" />
  </s>
  <s id="624">
    <time id="T389S" value="00:50:47,500" />
Se på det.
    <time id="T389E" value="00:50:49,700" />
  </s>
  <s id="625">
    <time id="T390S" value="00:50:49,800" />
Tigeren klarte det faktisk. 
  </s>
  <s id="626">
Der er Halvtoppen.
    <time id="T390E" value="00:50:52,700" />
  </s>
  <s id="627">
    <time id="T391S" value="00:50:52,800" />
Neste stopp, lsbre-passet.
    <time id="T391E" value="00:50:55,400" />
  </s>
  <s id="628">
    <time id="T392S" value="00:50:55,800" />
- Hvordan kunne jeg tvile på deg?
  </s>
  <s id="629">
- Hørte du det, lille venn?
    <time id="T392E" value="00:50:59,400" />
  </s>
  <s id="630">
    <time id="T393S" value="00:50:59,500" />
Du er nesten hjemme.
    <time id="T393E" value="00:51:01,500" />
  </s>
  <s id="631">
    <time id="T394S" value="00:51:06,000" />
- Svette.
  </s>
  <s id="632">
- Trenger vi en nyhetsoppdatering
    <time id="T394E" value="00:51:08,500" />
  </s>
  <s id="633">
    <time id="T395S" value="00:51:08,500" />
- hver gang kroppen din gjør noe?
  </s>
  <s id="634">
- Overse ham.
    <time id="T395E" value="00:51:11,800" />
  </s>
  <s id="635">
    <time id="T396S" value="00:51:11,900" />
Alvorlig talt. 
  </s>
  <s id="636">
Føttene mine er varme.
    <time id="T396E" value="00:51:14,900" />
  </s>
  <s id="637">
    <time id="T397S" value="00:51:20,400" />
Si at det var magen din.
    <time id="T397E" value="00:51:22,600" />
  </s>
  <s id="638">
    <time id="T398S" value="00:51:22,700" />
Det var sikkert bare torden.
    <time id="T398E" value="00:51:24,900" />
  </s>
  <s id="639">
    <time id="T399S" value="00:51:25,100" />
Fra underjorda?
    <time id="T399E" value="00:51:27,900" />
  </s>
  <s id="640">
    <time id="T400S" value="00:51:47,400" />
Kom igjen, hold følge med meg.
    <time id="T400E" value="00:51:49,400" />
  </s>
  <s id="641">
    <time id="T401S" value="00:51:49,500" />
Jeg ville hvis du beveget deg.
    <time id="T401E" value="00:51:52,200" />
  </s>
  <s id="642">
    <time id="T402S" value="00:51:54,500" />
- Skulle ønske jeg kunne hoppe sånn.
  </s>
  <s id="643">
- Ønske oppfylt.
    <time id="T402E" value="00:51:57,500" />
  </s>
  <s id="644">
    <time id="T403S" value="00:52:01,700" />
- Gå raskere.
  </s>
  <s id="645">
- Har du lagt merke til lavastrømmen?
    <time id="T403E" value="00:52:05,900" />
  </s>
  <s id="646">
    <time id="T404S" value="00:52:24,400" />
Hold Den lyserøde.
    <time id="T404E" value="00:52:26,400" />
  </s>
  <s id="647">
    <time id="T405S" value="00:53:09,600" />
Er alt i orden med deg?
  </s>
  <s id="648">
Si noe. 
  </s>
  <s id="649">
Hva som helst.
    <time id="T405E" value="00:53:14,100" />
  </s>
  <s id="650">
    <time id="T406S" value="00:53:16,400" />
Hva? 
  </s>
  <s id="651">
Jeg kan ikke høre deg.
    <time id="T406E" value="00:53:18,400" />
  </s>
  <s id="652">
    <time id="T407S" value="00:53:18,500" />
Du står på snabelen min.
    <time id="T407E" value="00:53:20,700" />
  </s>
  <s id="653">
    <time id="T408S" value="00:53:22,700" />
- Alt er i orden med deg.
  </s>
  <s id="654">
- Hvorfor gjorde du det?
    <time id="T408E" value="00:53:25,900" />
  </s>
  <s id="655">
    <time id="T409S" value="00:53:26,000" />
Du kunne ha dødd da du prøvde å redde meg.
    <time id="T409E" value="00:53:28,700" />
  </s>
  <s id="656">
    <time id="T410S" value="00:53:29,100" />
Det er det man gjør i en flokk.
    <time id="T410E" value="00:53:31,500" />
  </s>
  <s id="657">
    <time id="T411S" value="00:53:31,600" />
Man passer på hverandre.
    <time id="T411E" value="00:53:33,700" />
  </s>
  <s id="658">
    <time id="T412S" value="00:53:33,900" />
Takk.
    <time id="T412E" value="00:53:36,100" />
  </s>
  <s id="659">
    <time id="T413S" value="00:53:38,100" />
Jeg vet ikke med dere, men vi er den rareste flokken jeg har sett.
    <time id="T413E" value="00:53:42,500" />
  </s>
  <s id="660">
    <time id="T414S" value="00:54:00,100" />
Jeg kan ikke vente med å sette klørne i den mammuten.
    <time id="T414E" value="00:54:03,100" />
  </s>
  <s id="661">
    <time id="T415S" value="00:54:03,100" />
lngen rører mammuten førjeg får den babyen.
    <time id="T415E" value="00:54:06,800" />
  </s>
  <s id="662">
    <time id="T416S" value="00:54:10,000" />
Først skjærerjeg opp bakparten i stykker.
    <time id="T416E" value="00:54:12,600" />
  </s>
  <s id="663">
    <time id="T417S" value="00:54:12,700" />
- Jeg legger det lyse kjøttet i en haug...
  </s>
  <s id="664">
- Kutt ut. 
  </s>
  <s id="665">
Jeg er sulten.
    <time id="T417E" value="00:54:16,700" />
  </s>
  <s id="666">
    <time id="T418S" value="00:54:16,800" />
Deretter skuldrene.
  </s>
  <s id="667">
Noen ganger seige, men veldig saftige.
    <time id="T418E" value="00:54:20,300" />
  </s>
  <s id="668">
    <time id="T419S" value="00:54:20,400" />
- Jeg ba deg kutte ut.
  </s>
  <s id="669">
- Spar på kreftene.
    <time id="T419E" value="00:54:23,500" />
  </s>
  <s id="670">
    <time id="T420S" value="00:54:23,600" />
Mammuter er ikke lette å felle.
    <time id="T420E" value="00:54:26,500" />
  </s>
  <s id="671">
    <time id="T421S" value="00:54:26,700" />
Det er bare en måte å gjøre det på.
    <time id="T421E" value="00:54:28,900" />
  </s>
  <s id="672">
    <time id="T422S" value="00:54:29,100" />
Først må dere tvinge den inn i et hjørne.
    <time id="T422E" value="00:54:31,500" />
  </s>
  <s id="673">
    <time id="T423S" value="00:54:32,300" />
Avskjære fluktveien.
  </s>
  <s id="674">
Og når dere har den i fellen, gårjeg i halsen på den.
    <time id="T424E" value="00:54:38,300" />
  </s>
  <s id="675">
    <time id="T425S" value="00:54:47,800" />
Vi må få denne ungen unna vinden.
    <time id="T425E" value="00:54:50,500" />
  </s>
  <s id="676">
    <time id="T426S" value="00:54:54,600" />
- Hvor mye lengre?
  </s>
  <s id="677">
- Fem kilometer.
    <time id="T426E" value="00:54:56,800" />
  </s>
  <s id="678">
    <time id="T427S" value="00:54:56,900" />
Jeg er utslitt. 
  </s>
  <s id="679">
Vi er der i morgen tidlig.
    <time id="T427E" value="00:55:00,100" />
  </s>
  <s id="680">
    <time id="T428S" value="00:55:03,100" />
- Hva er det du gjør?
  </s>
  <s id="681">
- Jeg setter dovendyra på kartet.
    <time id="T428E" value="00:55:06,600" />
  </s>
  <s id="682">
    <time id="T429S" value="00:55:09,400" />
Realistisk burde han ligge.
    <time id="T429E" value="00:55:12,400" />
  </s>
  <s id="683">
    <time id="T430S" value="00:55:12,500" />
Og gjør ham rundere.
    <time id="T430E" value="00:55:14,500" />
  </s>
  <s id="684">
    <time id="T431S" value="00:55:16,900" />
- Perfekt.
  </s>
  <s id="685">
- Jeg har glemt hvordan jeg skal le.
    <time id="T431E" value="00:55:20,600" />
  </s>
  <s id="686">
    <time id="T432S" value="00:55:27,700" />
Jeg er et geni.
    <time id="T432E" value="00:55:29,700" />
  </s>
  <s id="687">
    <time id="T433S" value="00:55:33,200" />
Fra nå av skal dere omtale meg som Sid, lldens herre.
    <time id="T433E" value="00:55:37,900" />
  </s>
  <s id="688">
    <time id="T434S" value="00:55:38,100" />
lldens herre, halen din brenner.
    <time id="T434E" value="00:55:41,400" />
  </s>
  <s id="689">
    <time id="T435S" value="00:55:49,100" />
Takk. 
  </s>
  <s id="690">
Fra nå av skal jeg kalle deg Diego.
    <time id="T435E" value="00:55:52,900" />
  </s>
  <s id="691">
    <time id="T436S" value="00:55:53,000" />
Herren av Rør meg, og du er død.
    <time id="T436E" value="00:55:55,200" />
  </s>
  <s id="692">
    <time id="T437S" value="00:55:55,300" />
Jeg bare tuller, lille tomskalle.
    <time id="T437E" value="00:55:58,300" />
  </s>
  <s id="693">
    <time id="T438S" value="00:55:58,900" />
Turtelduer.
    <time id="T438E" value="00:56:01,000" />
  </s>
  <s id="694">
    <time id="T439S" value="00:56:01,100" />
Se på dette.
    <time id="T439E" value="00:56:03,100" />
  </s>
  <s id="695">
    <time id="T440S" value="00:56:06,800" />
Jeg kan ikke tro det.
    <time id="T440E" value="00:56:08,800" />
  </s>
  <s id="696">
    <time id="T441S" value="00:56:21,700" />
Kom hit, lille tobeinte. 
  </s>
  <s id="697">
Kom hit, lille åme.
    <time id="T441E" value="00:56:26,500" />
  </s>
  <s id="698">
    <time id="T442S" value="00:56:26,600" />
Kom til onkel Sid.
    <time id="T442E" value="00:56:28,700" />
  </s>
  <s id="699">
    <time id="T443S" value="00:56:29,600" />
Hit.
    <time id="T443E" value="00:56:31,700" />
  </s>
  <s id="700">
    <time id="T444S" value="00:56:33,700" />
Gå til ham.
    <time id="T444E" value="00:56:35,300" />
  </s>
  <s id="701">
    <time id="T445S" value="00:56:43,300" />
Godt gjort. 
  </s>
  <s id="702">
Fortsett å øve.
    <time id="T445E" value="00:56:46,900" />
  </s>
  <s id="703">
    <time id="T446S" value="00:56:49,700" />
Se på det. 
  </s>
  <s id="704">
Vår lille venn vokser opp.
    <time id="T446E" value="00:56:52,700" />
  </s>
  <s id="705">
    <time id="T447S" value="00:56:54,900" />
Kom igjen. 
  </s>
  <s id="706">
Sovetid, klumpen.
    <time id="T447E" value="00:56:57,800" />
  </s>
  <s id="707">
    <time id="T448S" value="00:57:03,200" />
Se på det lette byttet.
    <time id="T448E" value="00:57:05,200" />
  </s>
  <s id="708">
    <time id="T449S" value="00:57:06,700" />
Jeg har aldri hatt en venn som ville risikere livet for meg.
    <time id="T449E" value="00:57:10,900" />
  </s>
  <s id="709">
    <time id="T450S" value="00:57:12,300" />
Manny er en god kar.
    <time id="T450E" value="00:57:15,500" />
  </s>
  <s id="710">
    <time id="T451S" value="00:57:15,900" />
Det er han.
    <time id="T451E" value="00:57:17,900" />
  </s>
  <s id="711">
    <time id="T452S" value="00:57:18,500" />
God natt.
    <time id="T452E" value="00:57:20,800" />
  </s>
  <s id="712">
    <time id="T453S" value="00:57:51,600" />
La oss vaske deg. 
  </s>
  <s id="713">
Hva vil faren din si hvis du kommer tilbake skitten?
    <time id="T453E" value="00:57:57,000" />
  </s>
  <s id="714">
    <time id="T454S" value="00:57:57,800" />
La meg bare tørke bort det.
  </s>
  <s id="715">
Det ser bra ut. 
  </s>
  <s id="716">
Litegrann her.
    <time id="T454E" value="00:58:01,700" />
  </s>
  <s id="717">
    <time id="T455S" value="00:58:01,800" />
- Du er fin og ren.
  </s>
  <s id="718">
- Han begynner å se ut som meg.
    <time id="T455E" value="00:58:05,500" />
  </s>
  <s id="719">
    <time id="T456S" value="00:58:05,500" />
Hva synes dere?
    <time id="T456E" value="00:58:07,500" />
  </s>
  <s id="720">
    <time id="T457S" value="00:58:09,200" />
- Vi burde ikke gjøre dette.
  </s>
  <s id="721">
- Hvorfor ikke?
    <time id="T457E" value="00:58:11,500" />
  </s>
  <s id="722">
    <time id="T458S" value="00:58:11,500" />
Redder vi ham, blir han en jeger.
  </s>
  <s id="723">
Og hvem tror dere han vil jakte på?
    <time id="T458E" value="00:58:15,200" />
  </s>
  <s id="724">
    <time id="T459S" value="00:58:15,400" />
Kanskje ikke på oss siden vi redder ham.
    <time id="T459E" value="00:58:17,700" />
  </s>
  <s id="725">
    <time id="T460S" value="00:58:17,900" />
Og kanskje han vil få pels og lang tynn hals og kalle deg mamma.
    <time id="T460E" value="00:58:22,200" />
  </s>
  <s id="726">
    <time id="T461S" value="00:58:22,700" />
- Hva er ditt problem?
  </s>
  <s id="727">
- lkke noe. 
  </s>
  <s id="728">
La oss gå.
    <time id="T461E" value="00:58:27,900" />
  </s>
  <s id="729">
    <time id="T462S" value="00:58:46,400" />
Har du fryst fast bak der?
    <time id="T462E" value="00:58:48,500" />
  </s>
  <s id="730">
    <time id="T463S" value="00:58:52,500" />
- Ligg lavt.
  </s>
  <s id="731">
- Hva?
    <time id="T463E" value="00:58:54,500" />
  </s>
  <s id="732">
    <time id="T464S" value="00:58:54,500" />
- Ligg lavt og følg meg.
  </s>
  <s id="733">
- Hva skjer?
    <time id="T464E" value="00:58:56,700" />
  </s>
  <s id="734">
    <time id="T465S" value="00:58:56,800" />
Ved bunnen av Halvtoppen venter et bakholdsangrep.
    <time id="T465E" value="00:59:01,700" />
  </s>
  <s id="735">
    <time id="T466S" value="00:59:01,700" />
- Hva?
  </s>
  <s id="736">
- Hva mener du med bakholdsangrep?
    <time id="T466E" value="00:59:03,900" />
  </s>
  <s id="737">
    <time id="T467S" value="00:59:06,100" />
- Du lurte oss.
  </s>
  <s id="738">
- Det varjobben min.
    <time id="T467E" value="00:59:08,100" />
  </s>
  <s id="739">
    <time id="T468S" value="00:59:08,200" />
- Jeg skulle skaffe babyen, men...
  </s>
  <s id="740">
- Du tok oss med hjem til middag.
    <time id="T468E" value="00:59:11,700" />
  </s>
  <s id="741">
    <time id="T469S" value="00:59:11,700" />
- Det er over. 
  </s>
  <s id="742">
Du er ute av flokken.
  </s>
  <s id="743">
- Jeg beklager.
    <time id="T469E" value="00:59:14,400" />
  </s>
  <s id="744">
    <time id="T470S" value="00:59:14,500" />
Det gjør du ikke. lkke ennå.
    <time id="T470E" value="00:59:16,500" />
  </s>
  <s id="745">
    <time id="T471S" value="00:59:16,700" />
- Hør, jeg kan hjelpe dere.
  </s>
  <s id="746">
- Hold sammen. 
  </s>
  <s id="747">
Vi kan kjempe oss ut.
    <time id="T471E" value="00:59:20,200" />
  </s>
  <s id="748">
    <time id="T472S" value="00:59:20,400" />
Nei. 
  </s>
  <s id="749">
Flokken er for sterk.
  </s>
  <s id="750">
Dere må stole på meg.
    <time id="T472E" value="00:59:23,400" />
  </s>
  <s id="751">
    <time id="T473S" value="00:59:23,500" />
Stole på deg? 
  </s>
  <s id="752">
Hvorfor skulle vi stole på deg?
    <time id="T473E" value="00:59:26,700" />
  </s>
  <s id="753">
    <time id="T474S" value="00:59:26,700" />
Fordi jeg er deres eneste sjanse.
    <time id="T474E" value="00:59:28,700" />
  </s>
  <s id="754">
    <time id="T475S" value="00:59:41,800" />
Hallo, damer.
    <time id="T475E" value="00:59:43,800" />
  </s>
  <s id="755">
    <time id="T476S" value="00:59:44,600" />
- Se hvem som bestemte seg for å komme.
  </s>
  <s id="756">
- Jeg begynte å bli bekymret for deg.
    <time id="T476E" value="00:59:49,900" />
  </s>
  <s id="757">
    <time id="T477S" value="00:59:49,900" />
lngen grunn til bekymring. 
  </s>
  <s id="758">
Om to minutter får du tilfredsstilt din hevnlyst.
    <time id="T477E" value="00:59:55,900" />
  </s>
  <s id="759">
    <time id="T478S" value="00:59:56,100" />
Veldig bra.
    <time id="T478E" value="00:59:57,700" />
  </s>
  <s id="760">
    <time id="T479S" value="00:59:58,100" />
Jeg ser dovendyret. 
  </s>
  <s id="761">
Og han har babyen.
    <time id="T479E" value="01:00:01,000" />
  </s>
  <s id="762">
    <time id="T480S" value="01:00:01,100" />
lkke vis dere før dere ser mammuten.
  </s>
  <s id="763">
Det er han som må overraskes.
    <time id="T480E" value="01:00:06,300" />
  </s>
  <s id="764">
    <time id="T481S" value="01:00:07,400" />
Dere vil skamfere noe, ikke sant?
    <time id="T481E" value="01:00:09,800" />
  </s>
  <s id="765">
    <time id="T482S" value="01:00:09,900" />
- Jeg vil skamfere.
  </s>
  <s id="766">
- Så hva venter dere på?
    <time id="T482E" value="01:00:13,300" />
  </s>
  <s id="767">
    <time id="T483S" value="01:00:16,200" />
Jeg sa vent på mammuten.
    <time id="T483E" value="01:00:18,700" />
  </s>
  <s id="768">
    <time id="T484S" value="01:00:39,800" />
Ski på ryggen. 
  </s>
  <s id="769">
Ta mitt pulver.
    <time id="T484E" value="01:00:42,900" />
  </s>
  <s id="770">
    <time id="T485S" value="01:00:57,800" />
Loop-de-loop.
    <time id="T485E" value="01:00:59,800" />
  </s>
  <s id="771">
    <time id="T486S" value="01:01:00,800" />
Slalom, baby.
    <time id="T486E" value="01:01:02,800" />
  </s>
  <s id="772">
    <time id="T487S" value="01:01:27,500" />
Beklager, venner. 
  </s>
  <s id="773">
Han ble litt frossen.
    <time id="T487E" value="01:01:31,200" />
  </s>
  <s id="774">
    <time id="T488S" value="01:01:32,700" />
Ta ham.
    <time id="T488E" value="01:01:34,700" />
  </s>
  <s id="775">
    <time id="T489S" value="01:01:37,600" />
Overraskelse.
    <time id="T489E" value="01:01:39,600" />
  </s>
  <s id="776">
    <time id="T490S" value="01:01:44,300" />
Følg meg. 
  </s>
  <s id="777">
Vi plukker opp Sid og stikker herfra mens vi kan.
    <time id="T490E" value="01:01:48,800" />
  </s>
  <s id="778">
    <time id="T491S" value="01:01:48,900" />
Kom igjen, la oss felle den mammuten.
    <time id="T491E" value="01:01:52,700" />
  </s>
  <s id="779">
    <time id="T492S" value="01:02:04,500" />
Der er han.
    <time id="T492E" value="01:02:06,800" />
  </s>
  <s id="780">
    <time id="T493S" value="01:02:08,700" />
Det stemmer. 
  </s>
  <s id="781">
Hvor er babyen?
    <time id="T493E" value="01:02:11,100" />
  </s>
  <s id="782">
    <time id="T494S" value="01:02:14,800" />
Den sterkeste overlever.
    <time id="T494E" value="01:02:18,000" />
  </s>
  <s id="783">
    <time id="T495S" value="01:02:18,100" />
Jeg tror ikke det.
    <time id="T495E" value="01:02:19,900" />
  </s>
  <s id="784">
    <time id="T496S" value="01:02:31,500" />
- Hva gjør du?
  </s>
  <s id="785">
- La mammuten være.
    <time id="T496E" value="01:02:35,900" />
  </s>
  <s id="786">
    <time id="T497S" value="01:02:38,700" />
Greit. 
  </s>
  <s id="787">
Jeg tar deg først.
    <time id="T497E" value="01:02:41,600" />
  </s>
  <s id="788">
    <time id="T498S" value="01:03:54,400" />
Vi klarte det.
    <time id="T498E" value="01:03:56,400" />
  </s>
  <s id="789">
    <time id="T499S" value="01:04:07,600" />
Vi var litt av et lag, hva?
    <time id="T499E" value="01:04:11,200" />
  </s>
  <s id="790">
    <time id="T500S" value="01:04:11,900" />
Var? 
  </s>
  <s id="791">
Kom igjen, vi er fortsatt et lag.
    <time id="T500E" value="01:04:15,200" />
  </s>
  <s id="792">
    <time id="T501S" value="01:04:15,600" />
Beklager atjeg lurte dere.
    <time id="T501E" value="01:04:18,100" />
  </s>
  <s id="793">
    <time id="T502S" value="01:04:18,600" />
Du kjenner meg -jeg er for lat til å bære nag.
    <time id="T502E" value="01:04:21,300" />
  </s>
  <s id="794">
    <time id="T503S" value="01:04:24,500" />
Kutt ut, krek.
    <time id="T503E" value="01:04:26,500" />
  </s>
  <s id="795">
    <time id="T504S" value="01:04:27,400" />
Du må være sterk.
    <time id="T504E" value="01:04:29,400" />
  </s>
  <s id="796">
    <time id="T505S" value="01:04:29,700" />
Du må ta deg av Manfred og Sid.
    <time id="T505E" value="01:04:32,900" />
  </s>
  <s id="797">
    <time id="T506S" value="01:04:33,900" />
Særlig Sid.
    <time id="T506E" value="01:04:35,800" />
  </s>
  <s id="798">
    <time id="T507S" value="01:04:35,900" />
Kom igjen, du tåler dette. 
  </s>
  <s id="799">
Du er en tiger.
    <time id="T507E" value="01:04:39,600" />
  </s>
  <s id="800">
    <time id="T508S" value="01:04:39,700" />
Hør, jeg bærer deg. 
  </s>
  <s id="801">
Kom igjen, hva sier du?
    <time id="T508E" value="01:04:42,700" />
  </s>
  <s id="802">
    <time id="T509S" value="01:04:42,800" />
Kom igjen, Diego.
    <time id="T509E" value="01:04:45,000" />
  </s>
  <s id="803">
    <time id="T510S" value="01:04:45,100" />
Si at han blir bra, Manny.
    <time id="T510E" value="01:04:47,100" />
  </s>
  <s id="804">
    <time id="T511S" value="01:04:48,600" />
Hør, dere må forlate meg her.
    <time id="T511E" value="01:04:52,100" />
  </s>
  <s id="805">
    <time id="T512S" value="01:04:52,200" />
Hvis menneskene kommer gjennom passet, når dere dem aldri igjen.
    <time id="T512E" value="01:04:56,300" />
  </s>
  <s id="806">
    <time id="T513S" value="01:04:56,900" />
Du trengte ikke å gjøre det.
    <time id="T513E" value="01:04:59,800" />
  </s>
  <s id="807">
    <time id="T514S" value="01:04:59,900" />
Det er det man gjør i en flokk.
    <time id="T514E" value="01:05:02,500" />
  </s>
  <s id="808">
    <time id="T515S" value="01:08:10,300" />
lkke glem oss.
    <time id="T515E" value="01:08:12,300" />
  </s>
  <s id="809">
    <time id="T516S" value="01:08:12,400" />
OK?
    <time id="T516E" value="01:08:14,400" />
  </s>
  <s id="810">
    <time id="T517S" value="01:08:16,500" />
Vi vil ikke glemme deg.
    <time id="T517E" value="01:08:19,100" />
  </s>
  <s id="811">
    <time id="T518S" value="01:08:57,100" />
Ha det.
    <time id="T518E" value="01:08:59,700" />
  </s>
  <s id="812">
    <time id="T519S" value="01:09:10,400" />
Ja visst. 
  </s>
  <s id="813">
Hvor er babyen?
    <time id="T519E" value="01:09:12,700" />
  </s>
  <s id="814">
    <time id="T520S" value="01:09:12,900" />
Kom igjen, la oss dra sørover.
    <time id="T520E" value="01:09:15,300" />
  </s>
  <s id="815">
    <time id="T521S" value="01:09:35,500" />
Spar pusten.
  </s>
  <s id="816">
Du vet at mennesker ikke kan snakke.
    <time id="T521E" value="01:09:38,900" />
  </s>
  <s id="817">
    <time id="T522S" value="01:09:39,400" />
Du er bra.
    <time id="T522E" value="01:09:41,400" />
  </s>
  <s id="818">
    <time id="T523S" value="01:09:41,500" />
Ni liv, søten.
    <time id="T523E" value="01:09:43,500" />
  </s>
  <s id="819">
    <time id="T524S" value="01:09:47,300" />
Jeg kunne kysse deg.
    <time id="T524E" value="01:09:49,300" />
  </s>
  <s id="820">
    <time id="T525S" value="01:09:50,900" />
Velkommen, partner. 
  </s>
  <s id="821">
Vil du ha skyss?
    <time id="T525E" value="01:09:53,000" />
  </s>
  <s id="822">
    <time id="T526S" value="01:09:53,100" />
Nei takk. 
  </s>
  <s id="823">
Jeg må holde på den verdigheten jeg har igjen.
    <time id="T526E" value="01:09:56,000" />
  </s>
  <s id="824">
    <time id="T527S" value="01:09:56,200" />
Du er sammen med oss.
  </s>
  <s id="825">
Verdighet betyr ikke noe. 
  </s>
  <s id="826">
Jeg tar skyssen.
    <time id="T527E" value="01:10:00,500" />
  </s>
  <s id="827">
    <time id="T528S" value="01:10:00,900" />
- Gå om bord.
  </s>
  <s id="828">
- Løft meg opp, kompis.
    <time id="T528E" value="01:10:03,000" />
  </s>
  <s id="829">
    <time id="T529S" value="01:10:03,100" />
Jippi, kjør på. 
  </s>
  <s id="830">
Eller ikke. 
  </s>
  <s id="831">
Enten eller.
    <time id="T529E" value="01:10:06,800" />
  </s>
  <s id="832">
    <time id="T530S" value="01:10:10,500" />
Dette blir den beste vandringen noensinne.
    <time id="T530E" value="01:10:13,000" />
  </s>
  <s id="833">
    <time id="T531S" value="01:10:13,100" />
Jeg skal vise dere mine favorittvannhull.
  </s>
  <s id="834">
Jeg blir brun når soppen i pelsen tørker.
    <time id="T531E" value="01:10:17,800" />
  </s>
  <s id="835">
    <time id="T532S" value="01:10:17,900" />
- Tiltrekkende.
  </s>
  <s id="836">
- Denne istids-greia begynner å kjede meg.
    <time id="T532E" value="01:10:21,500" />
  </s>
  <s id="837">
    <time id="T533S" value="01:10:21,600" />
Vet dere hvajeg kunne ønske?
  </s>
  <s id="838">
Global oppvarming.
    <time id="T533E" value="01:10:24,800" />
  </s>
  <s id="839">
    <time id="T534S" value="01:10:24,900" />
- Drøm i vei.
  </s>
  <s id="840">
- Nei, det er sant... 20 000 ÅR SENERE
    <time id="T535E" value="01:10:37,600" />
  </s>
  <s id="841">
    <time id="T536S" value="01:17:38,200" />
Oversatt av Vidar
    <time id="T536E" value="01:17:41,300" />
  </s>
  <s id="842">
    <time id="T537S" value="01:17:48,900" />
NORWEGIAN
    <time id="T537E" value="01:17:50,900" />
  </s>
  <meta>
    <source>
      <genre>Adventure,Animation,Comedy</genre>
      <original>English, Croatian</original>
      <duration>81</duration>
      <cds>1/1</cds>
      <country>USA</country>
      <HD>0</HD>
      <year>2002</year>
    </source>
    <conversion>
      <unknown_words>0</unknown_words>
      <tokens>4956</tokens>
      <truecased_words>4</truecased_words>
      <encoding>windows-1252</encoding>
      <ignored_blocks>0</ignored_blocks>
      <sentences>842</sentences>
      <corrected_words>0</corrected_words>
    </conversion>
    <subtitle>
      <machine_translated>0</machine_translated>
      <version>0</version>
      <duration>01:17:50,900</duration>
      <language>Norwegian</language>
      <date>2002-11-09</date>
      <rating>0.0</rating>
      <confidence>1.0</confidence>
      <blocks>537</blocks>
    </subtitle>
  </meta>
</document>
