<?xml version="1.0" encoding="utf-8"?>
<document id="153105">
  <s id="1">
    <time id="T1S" value="00:01:18,240" />
-Du kommer ikke forbi!
  </s>
  <s id="2">
-Gandalf!
    <time id="T1E" value="00:01:22,080" />
  </s>
  <s id="3">
    <time id="T2S" value="00:01:26,520" />
Jeg er den hemmelige ildens tjener, Bæreren av anors flamme.
    <time id="T2E" value="00:01:31,320" />
  </s>
  <s id="4">
    <time id="T3S" value="00:01:38,960" />
Dra tilbake til skyggen!
    <time id="T3E" value="00:01:41,840" />
  </s>
  <s id="5">
    <time id="T4S" value="00:01:42,800" />
Den mørke ilden kommer ikke til å hjelpe deg, Uduns flamme.
    <time id="T4E" value="00:01:46,640" />
  </s>
  <s id="6">
    <time id="T5S" value="00:01:50,080" />
DU... 
  </s>
  <s id="7">
KOMMER Ikke... 
  </s>
  <s id="8">
FORBI!
    <time id="T5E" value="00:01:54,400" />
  </s>
  <s id="9">
    <time id="T6S" value="00:02:20,480" />
-Nei! 
  </s>
  <s id="10">
Nei!
  </s>
  <s id="11">
-Gandalf!
    <time id="T6E" value="00:02:24,320" />
  </s>
  <s id="12">
    <time id="T7S" value="00:02:31,320" />
-Løp idioter.
  </s>
  <s id="13">
-Neeei!
    <time id="T7E" value="00:02:35,560" />
  </s>
  <s id="14">
    <time id="T8S" value="00:02:37,480" />
Gandalf!
    <time id="T8E" value="00:02:39,600" />
  </s>
  <s id="15">
    <time id="T9S" value="00:03:45,360" />
Gandalf!
    <time id="T9E" value="00:03:47,200" />
  </s>
  <s id="16">
    <time id="T10S" value="00:03:47,960" />
Hva er det, Mr Frodo?
    <time id="T10E" value="00:03:51,600" />
  </s>
  <s id="17">
    <time id="T11S" value="00:03:52,080" />
Ingen ting.
    <time id="T11E" value="00:03:55,160" />
  </s>
  <s id="18">
    <time id="T12S" value="00:04:00,720" />
Bare en drøm.
    <time id="T12E" value="00:04:04,360" />
  </s>
  <s id="19">
    <time id="T13S" value="00:04:05,400" />
RINGENES HERRE 
  </s>
  <s id="20">
- TO TÅRN
    <time id="T13E" value="00:04:09,720" />
  </s>
  <s id="21">
    <time id="T14S" value="00:04:17,880" />
Mordor... 
  </s>
  <s id="22">
Det stedet i Midgard vi ikke vil se noe nærmere - 
    <time id="T15S" value="00:04:22,680" />
  </s>
  <s id="23">
- Det er det vi er på vei til. 
  </s>
  <s id="24">
Men også det stedet vi ikke kommer oss til.
    <time id="T15E" value="00:04:27,400" />
  </s>
  <s id="25">
    <time id="T16S" value="00:04:28,440" />
Mr Frodo, vi må innse det! 
  </s>
  <s id="26">
Vi har gått oss vill.
    <time id="T16E" value="00:04:32,280" />
  </s>
  <s id="27">
    <time id="T17S" value="00:04:33,480" />
Jeg tror ikke at Gandalf mente at vi skulle gå denne veien.
    <time id="T17E" value="00:04:37,320" />
  </s>
  <s id="28">
    <time id="T18S" value="00:04:37,560" />
Det var mange ting som han mente at ikke skulle skje, Sam.
    <time id="T18E" value="00:04:41,000" />
  </s>
  <s id="29">
    <time id="T19S" value="00:04:41,680" />
Men det gjorde det.
    <time id="T19E" value="00:04:45,480" />
  </s>
  <s id="30">
    <time id="T20S" value="00:04:55,560" />
Mr Frodo?
    <time id="T20E" value="00:04:57,880" />
  </s>
  <s id="31">
    <time id="T21S" value="00:05:00,160" />
-Det er ringen, eller hva?
  </s>
  <s id="32">
-Den blir tyngere.
    <time id="T21E" value="00:05:04,600" />
  </s>
  <s id="33">
    <time id="T22S" value="00:05:17,040" />
-Hva slags m,at har vi igjen?
  </s>
  <s id="34">
-La meg se.
    <time id="T22E" value="00:05:19,920" />
  </s>
  <s id="35">
    <time id="T23S" value="00:05:20,480" />
Ja... herlig.... 
  </s>
  <s id="36">
Lambus-brød.
    <time id="T23E" value="00:05:23,400" />
  </s>
  <s id="37">
    <time id="T24S" value="00:05:24,160" />
Å se, mer lambus brød.
    <time id="T24E" value="00:05:28,960" />
  </s>
  <s id="38">
    <time id="T25S" value="00:05:40,080" />
Jeg liker ikke vaneligvis fremmed mat, men denne Alve maten er ikke dårligt.
    <time id="T25E" value="00:05:45,080" />
  </s>
  <s id="39">
    <time id="T26S" value="00:05:45,840" />
Ingenting kan få deg deprimert, eller hva, Sam?
    <time id="T26E" value="00:05:49,680" />
  </s>
  <s id="40">
    <time id="T27S" value="00:05:54,840" />
De regnskyene kan sikker det.
    <time id="T27E" value="00:05:58,680" />
  </s>
  <s id="41">
    <time id="T28S" value="00:06:09,800" />
-Dette ser kjent ut.
  </s>
  <s id="42">
-Det er fordi vi har vært her før.
    <time id="T28E" value="00:06:14,880" />
  </s>
  <s id="43">
    <time id="T29S" value="00:06:15,760" />
Vi går i cirkler!
    <time id="T29E" value="00:06:18,160" />
  </s>
  <s id="44">
    <time id="T30S" value="00:06:19,120" />
Hva er det som lukter?
  </s>
  <s id="45">
Det finnes sikkert sump i nærheten. 
  </s>
  <s id="46">
Kan du lukte det?
    <time id="T30E" value="00:06:23,800" />
  </s>
  <s id="47">
    <time id="T31S" value="00:06:24,080" />
Ja Jeg kan kjenne det.
    <time id="T32E" value="00:06:30,240" />
  </s>
  <s id="48">
    <time id="T33S" value="00:06:32,040" />
Vi er ikke alene.
    <time id="T33E" value="00:06:34,920" />
  </s>
  <s id="49">
    <time id="T34S" value="00:06:47,600" />
Tyver. 
  </s>
  <s id="50">
Tyver.
    <time id="T34E" value="00:06:51,440" />
  </s>
  <s id="51">
    <time id="T35S" value="00:06:51,720" />
De dumme små tyvene.
    <time id="T35E" value="00:06:55,560" />
  </s>
  <s id="52">
    <time id="T36S" value="00:06:55,920" />
Hvor er den? 
  </s>
  <s id="53">
Hvor er den...?
    <time id="T36E" value="00:06:59,760" />
  </s>
  <s id="54">
    <time id="T37S" value="00:07:01,400" />
De stjal den fra oss... 
  </s>
  <s id="55">
Min Vidunderlige.
    <time id="T37E" value="00:07:08,480" />
  </s>
  <s id="56">
    <time id="T38S" value="00:07:09,560" />
Faen ta dem. 
  </s>
  <s id="57">
Vi hater dem.
    <time id="T38E" value="00:07:13,000" />
  </s>
  <s id="58">
    <time id="T39S" value="00:07:13,000" />
Den er vår. 
  </s>
  <s id="59">
Og vi vil ha den.
    <time id="T39E" value="00:07:16,840" />
  </s>
  <s id="60">
    <time id="T40S" value="00:08:09,600" />
Detta er Sting. 
  </s>
  <s id="61">
Du har sett den før.
    <time id="T40E" value="00:08:13,120" />
  </s>
  <s id="62">
    <time id="T41S" value="00:08:13,120" />
Eller hva, Gollum?
    <time id="T41E" value="00:08:16,600" />
  </s>
  <s id="63">
    <time id="T42S" value="00:08:19,360" />
Hvis du ikke slipper han, så skjerer jeg halsen av deg.
    <time id="T42E" value="00:08:23,200" />
  </s>
  <s id="64">
    <time id="T43S" value="00:08:38,080" />
Det brenner! 
  </s>
  <s id="65">
Det brenner oss!
    <time id="T43E" value="00:08:41,920" />
  </s>
  <s id="66">
    <time id="T44S" value="00:08:43,640" />
Det fryser oss.
    <time id="T44E" value="00:08:46,240" />
  </s>
  <s id="67">
    <time id="T45S" value="00:08:46,680" />
Må ta det bort!
    <time id="T45E" value="00:08:49,000" />
  </s>
  <s id="68">
    <time id="T46S" value="00:08:49,120" />
Ta det av oss!
    <time id="T46E" value="00:08:50,840" />
  </s>
  <s id="69">
    <time id="T47S" value="00:08:50,920" />
Stille med deg!
    <time id="T47E" value="00:08:54,360" />
  </s>
  <s id="70">
    <time id="T48S" value="00:08:54,840" />
Dette er håpløst! 
  </s>
  <s id="71">
Hver eneste Ork i Mordor1 kan høre dette spetakkelet!
    <time id="T48E" value="00:08:58,560" />
  </s>
  <s id="72">
    <time id="T49S" value="00:08:59,120" />
-Vi binder han her og drar.
  </s>
  <s id="73">
-Nei!
    <time id="T49E" value="00:09:01,840" />
  </s>
  <s id="74">
    <time id="T50S" value="00:09:01,840" />
Det skulle drepe oss. drepe oss!
    <time id="T50E" value="00:09:05,200" />
  </s>
  <s id="75">
    <time id="T51S" value="00:09:05,400" />
Det er ikke mere enn du fortjener!
    <time id="T51E" value="00:09:08,960" />
  </s>
  <s id="76">
    <time id="T52S" value="00:09:09,520" />
Kanskje han fortjener å dø men nu när jag ser honom, så tycker jag synd om honom.
    <time id="T53E" value="00:09:17,680" />
  </s>
  <s id="77">
    <time id="T54S" value="00:09:20,560" />
Vi skal være snille mot dere, hvis dere er snille mot oss.
    <time id="T54E" value="00:09:24,680" />
  </s>
  <s id="78">
    <time id="T55S" value="00:09:25,360" />
Ta det av oss.
    <time id="T55E" value="00:09:28,680" />
  </s>
  <s id="79">
    <time id="T56S" value="00:09:31,120" />
Vi lover å gjøre det dere vill.
    <time id="T56E" value="00:09:34,640" />
  </s>
  <s id="80">
    <time id="T57S" value="00:09:34,840" />
Vi lover!
    <time id="T57E" value="00:09:36,400" />
  </s>
  <s id="81">
    <time id="T58S" value="00:09:37,000" />
Det er ikke et løfte som du kan gi, som jag kan stole på.
    <time id="T58E" value="00:09:40,880" />
  </s>
  <s id="82">
    <time id="T59S" value="00:09:41,960" />
Vi lover å lyde herren til den vidunderlige.
    <time id="T59E" value="00:09:48,080" />
  </s>
  <s id="83">
    <time id="T60S" value="00:09:50,000" />
vi lover på... på... på den vidunderlige!
    <time id="T60E" value="00:09:54,120" />
  </s>
  <s id="84">
    <time id="T61S" value="00:09:54,520" />
Gollum! 
  </s>
  <s id="85">
Gollum!
    <time id="T61E" value="00:09:56,520" />
  </s>
  <s id="86">
    <time id="T62S" value="00:09:56,680" />
Ringen er kostbar.
  </s>
  <s id="87">
Den skal binde deg til ditt løfte.
    <time id="T62E" value="00:10:01,400" />
  </s>
  <s id="88">
    <time id="T63S" value="00:10:01,800" />
Ja. 
  </s>
  <s id="89">
På den vidunderlige...
    <time id="T63E" value="00:10:05,640" />
  </s>
  <s id="90">
    <time id="T64S" value="00:10:08,240" />
På den vidunderlige.
    <time id="T64E" value="00:10:10,800" />
  </s>
  <s id="91">
    <time id="T65S" value="00:10:11,400" />
Jeg tror deg ikke!
    <time id="T65E" value="00:10:14,120" />
  </s>
  <s id="92">
    <time id="T66S" value="00:10:14,760" />
-Kom ned! 
  </s>
  <s id="93">
Kom ned!
  </s>
  <s id="94">
-Sam!
    <time id="T66E" value="00:10:18,000" />
  </s>
  <s id="95">
    <time id="T67S" value="00:10:18,400" />
Han prøver å lure oss!
  </s>
  <s id="96">
Om vi slipper han så dreper han oss når vi sover.
    <time id="T67E" value="00:10:23,280" />
  </s>
  <s id="97">
    <time id="T68S" value="00:10:33,920" />
-Du vet Veien til Mordor?
  </s>
  <s id="98">
-Ja...?
    <time id="T68E" value="00:10:37,760" />
  </s>
  <s id="99">
    <time id="T69S" value="00:10:41,320" />
-Du har vært der før?
  </s>
  <s id="100">
-Ja.
    <time id="T69E" value="00:10:45,120" />
  </s>
  <s id="101">
    <time id="T70S" value="00:10:55,880" />
Du skal lede oss til den Svarte Porten.
    <time id="T70E" value="00:10:59,720" />
  </s>
  <s id="102">
    <time id="T71S" value="00:11:18,320" />
Merry?
    <time id="T71E" value="00:11:19,760" />
  </s>
  <s id="103">
    <time id="T73S" value="00:11:24,280" />
Vad er det? 
  </s>
  <s id="104">
Hva kjenner du lukten av?
    <time id="T73E" value="00:11:27,160" />
  </s>
  <s id="105">
    <time id="T74S" value="00:11:27,840" />
Menneske kjøtt.
    <time id="T74E" value="00:11:29,560" />
  </s>
  <s id="106">
    <time id="T75S" value="00:11:29,920" />
Aragorn.
    <time id="T75E" value="00:11:31,560" />
  </s>
  <s id="107">
    <time id="T76S" value="00:11:31,960" />
-De er i vårt spor.
  </s>
  <s id="108">
-Vi fortsetter!
    <time id="T76E" value="00:11:35,800" />
  </s>
  <s id="109">
    <time id="T77S" value="00:11:57,160" />
De har øket takten.
    <time id="T77E" value="00:12:00,160" />
  </s>
  <s id="110">
    <time id="T78S" value="00:12:00,520" />
De må ha luktet oss.
  </s>
  <s id="111">
Fort dere!
    <time id="T78E" value="00:12:04,360" />
  </s>
  <s id="112">
    <time id="T79S" value="00:12:07,800" />
Kom Gimli!
    <time id="T79E" value="00:12:09,720" />
  </s>
  <s id="113">
    <time id="T80S" value="00:12:13,200" />
Tre døyns jakt. 
  </s>
  <s id="114">
Ingen mat, ingen vile.
    <time id="T80E" value="00:12:17,680" />
  </s>
  <s id="115">
    <time id="T81S" value="00:12:18,560" />
Inget spor etter vårt bytte, annet ennn hva den kalde steinen kan si til oss.
    <time id="T81E" value="00:12:23,560" />
  </s>
  <s id="116">
    <time id="T82S" value="00:12:52,520" />
Loriens løv Løssner ikke av seg selv.
    <time id="T82E" value="00:12:56,360" />
  </s>
  <s id="117">
    <time id="T83S" value="00:12:56,920" />
De kan fortsatt være i live.
    <time id="T83E" value="00:12:59,600" />
  </s>
  <s id="118">
    <time id="T84S" value="00:13:00,080" />
Mindre enn en dags forsprang. 
  </s>
  <s id="119">
Kom.
    <time id="T84E" value="00:13:03,920" />
  </s>
  <s id="120">
    <time id="T85S" value="00:13:05,160" />
Fort deg Gimli! 
  </s>
  <s id="121">
Vi tar inn på dem!
    <time id="T85E" value="00:13:07,560" />
  </s>
  <s id="122">
    <time id="T86S" value="00:13:07,640" />
Mine resurser er bortkastede på terrengløping.
  </s>
  <s id="123">
Vi dverger er naturligt flinke sprintere!
    <time id="T86E" value="00:13:12,080" />
  </s>
  <s id="124">
    <time id="T87S" value="00:13:12,360" />
Veldigt farlige på korte distanser.
    <time id="T87E" value="00:13:16,200" />
  </s>
  <s id="125">
    <time id="T88S" value="00:13:26,640" />
Rohan.... 
  </s>
  <s id="126">
Heste herre folkets hjem.
    <time id="T88E" value="00:13:30,480" />
  </s>
  <s id="127">
    <time id="T89S" value="00:13:32,200" />
Det er noe rart som foregår her. 
  </s>
  <s id="128">
Noe ondt gir fart til disse dyrene.
    <time id="T89E" value="00:13:37,600" />
  </s>
  <s id="129">
    <time id="T90S" value="00:13:37,880" />
Og motvirker oss med sin vilje.
    <time id="T90E" value="00:13:41,520" />
  </s>
  <s id="130">
    <time id="T91S" value="00:13:45,720" />
Legolas! 
  </s>
  <s id="131">
Hva ser dine alveøyne?
    <time id="T91E" value="00:13:48,320" />
  </s>
  <s id="132">
    <time id="T92S" value="00:13:48,600" />
Orkene drar nordvest.
    <time id="T92E" value="00:13:48,360" />
  </s>
  <s id="133">
    <time id="T93S" value="00:13:52,080" />
De tar hobbitene til Isengaard.
    <time id="T93E" value="00:13:54,560" />
  </s>
  <s id="134">
    <time id="T94S" value="00:13:54,760" />
Saruman...
    <time id="T94E" value="00:13:58,600" />
  </s>
  <s id="135">
    <time id="T95S" value="00:14:04,240" />
Verden forandrer seg.
    <time id="T95E" value="00:14:06,160" />
  </s>
  <s id="136">
    <time id="T96S" value="00:14:07,400" />
Hvem har nå styrken til å stå i mot hæren til Isengaard og Mordors?
    <time id="T96E" value="00:14:15,080" />
  </s>
  <s id="137">
    <time id="T97S" value="00:14:17,680" />
Og stå i mot kraften til Sauron og Saruman   och broderskapet mellom de to tårnene?
    <time id="T98E" value="00:14:27,080" />
  </s>
  <s id="138">
    <time id="T99S" value="00:14:32,720" />
Sammen, herre Sauron, skal vi styre denne Midgard.
    <time id="T99E" value="00:14:38,480" />
  </s>
  <s id="139">
    <time id="T100S" value="00:14:54,680" />
Den gamle verden kommer til å brenne i produktaktivitetens ild.
    <time id="T100E" value="00:14:59,480" />
  </s>
  <s id="140">
    <time id="T101S" value="00:15:00,040" />
Skoger kommer til å falle.
    <time id="T101E" value="00:15:02,920" />
  </s>
  <s id="141">
    <time id="T102S" value="00:15:04,280" />
En ny ordning kommer til å oppstå.
    <time id="T102E" value="00:15:07,160" />
  </s>
  <s id="142">
    <time id="T103S" value="00:15:08,200" />
Vi kommer til å drive krigens maskineri med sverd, spjut og orkenes jærnvarer.
    <time id="T103E" value="00:15:15,880" />
  </s>
  <s id="143">
    <time id="T104S" value="00:15:25,680" />
Alt vi trenger å gjøre, er å slå de som er i mot oss.
    <time id="T104E" value="00:15:29,520" />
  </s>
  <s id="144">
    <time id="T105S" value="00:15:31,720" />
Hestfolket tok deres land! 
  </s>
  <s id="145">
De drev dere opp i hulene   og tvingte dere å leve på det lille steinen kan tilby!
    <time id="T106E" value="00:15:38,240" />
  </s>
  <s id="146">
    <time id="T107S" value="00:15:38,320" />
Mordere!
    <time id="T107E" value="00:15:40,160" />
  </s>
  <s id="147">
    <time id="T108S" value="00:15:40,720" />
Ta tilbake landet de stjal fra dere!
  </s>
  <s id="148">
Brenn hver eneste byn!
    <time id="T108E" value="00:15:44,560" />
  </s>
  <s id="149">
    <time id="T109S" value="00:15:50,920" />
Det kommer til å slå tilbake på Rohan.
    <time id="T109E" value="00:15:54,160" />
  </s>
  <s id="150">
    <time id="T110S" value="00:15:54,160" />
Alt for lenge har disse bøndene stått i mot dere.
  </s>
  <s id="151">
Men nå er det slutt på det.
    <time id="T110E" value="00:15:59,000" />
  </s>
  <s id="152">
    <time id="T111S" value="00:15:59,720" />
Éothain! 
  </s>
  <s id="153">
Éothain!
    <time id="T111E" value="00:16:02,480" />
  </s>
  <s id="154">
    <time id="T112S" value="00:16:04,040" />
Ta din søster.
  </s>
  <s id="155">
Dere kan ri raskere hvis dere bare er to.
    <time id="T112E" value="00:16:06,800" />
  </s>
  <s id="156">
    <time id="T113S" value="00:16:06,920" />
Pappa har sagt at vi ikke får ride på Taruf. 
  </s>
  <s id="157">
Han er for stor for oss.
    <time id="T113E" value="00:16:11,400" />
  </s>
  <s id="158">
    <time id="T114S" value="00:16:11,400" />
Hør på meg. 
  </s>
  <s id="159">
Dere må dra til Endoras å varne dem.
  </s>
  <s id="160">
Forstår dere?
    <time id="T114E" value="00:16:15,240" />
  </s>
  <s id="161">
    <time id="T115S" value="00:16:15,360" />
-Ja, mor.
  </s>
  <s id="162">
-Jag vil ikke dra.
    <time id="T115E" value="00:16:18,240" />
  </s>
  <s id="163">
    <time id="T116S" value="00:16:19,080" />
-Jag vil ikke.
  </s>
  <s id="164">
-Freya, vi kommer til å treffes igjen.
    <time id="T116E" value="00:16:23,800" />
  </s>
  <s id="165">
    <time id="T117S" value="00:16:28,200" />
Fort dere!
    <time id="T117E" value="00:16:30,120" />
  </s>
  <s id="166">
    <time id="T118S" value="00:16:36,040" />
Ri barn.
    <time id="T118E" value="00:16:38,080" />
  </s>
  <s id="167">
    <time id="T119S" value="00:16:47,760" />
Herre, Rohan kommer snart til å falle.
    <time id="T119E" value="00:16:51,600" />
  </s>
  <s id="168">
    <time id="T120S" value="00:17:16,280" />
Théodred?
    <time id="T120E" value="00:17:18,720" />
  </s>
  <s id="169">
    <time id="T121S" value="00:17:31,280" />
-Din sønn er alvorlig skadd, herre.
  </s>
  <s id="170">
-Han fikk et bakhold, av orker.
    <time id="T121E" value="00:17:37,040" />
  </s>
  <s id="171">
    <time id="T122S" value="00:17:38,400" />
Hvis vi ikke forsvarer vårt land så kommer Saruman of ta det med vold.
    <time id="T122E" value="00:17:41,280" />
  </s>
  <s id="172">
    <time id="T123S" value="00:17:42,240" />
Det er en løgn.
    <time id="T123E" value="00:17:45,120" />
  </s>
  <s id="173">
    <time id="T124S" value="00:17:46,640" />
Saruman den Vite har altid vært vår venn og fiende.
    <time id="T124E" value="00:17:51,400" />
  </s>
  <s id="174">
    <time id="T125S" value="00:17:56,280" />
Grima? 
  </s>
  <s id="175">
Grima...
    <time id="T125E" value="00:18:00,160" />
  </s>
  <s id="176">
    <time id="T126S" value="00:18:02,760" />
Orker går fritt over hele vårt land.
    <time id="T126E" value="00:18:05,640" />
  </s>
  <s id="177">
    <time id="T127S" value="00:18:06,000" />
Ukontrollerte og uten å møte motstand kan de drepe folk hvordan de vil.
    <time id="T127E" value="00:18:10,040" />
  </s>
  <s id="178">
    <time id="T128S" value="00:18:10,160" />
Orker som bærer sarumans hvite hånd.
    <time id="T128E" value="00:18:13,960" />
  </s>
  <s id="179">
    <time id="T129S" value="00:18:20,600" />
Hvorfor legger du et allerede brydd sinn med dette?
    <time id="T129E" value="00:18:25,880" />
  </s>
  <s id="180">
    <time id="T130S" value="00:18:26,160" />
Kan du ikke se at din onkel blir lei av ditt... missnøye?
    <time id="T130E" value="00:18:33,040" />
  </s>
  <s id="181">
    <time id="T131S" value="00:18:33,720" />
Din krigslyst.
    <time id="T131E" value="00:18:36,120" />
  </s>
  <s id="182">
    <time id="T132S" value="00:18:38,280" />
Krigslyst? 
  </s>
  <s id="183">
Hvor lenge siden var det siden Saruman kjøpte deg?
    <time id="T132E" value="00:18:42,640" />
  </s>
  <s id="184">
    <time id="T133S" value="00:18:43,240" />
Hva var den utlovede belønningen Grima?
  </s>
  <s id="185">
At du skulle få ta del   i rikdommene når alle andre er dødea?
    <time id="T134E" value="00:18:49,160" />
  </s>
  <s id="186">
    <time id="T135S" value="00:19:01,040" />
Alt for lenge har du hatt øynene dine på min søster.
  </s>
  <s id="187">
Alt for lenge har du følget henne.
    <time id="T135E" value="00:19:06,520" />
  </s>
  <s id="188">
    <time id="T136S" value="00:19:13,520" />
Du er oppmerksom, Éomer sønn av Éomund.
    <time id="T136E" value="00:19:17,160" />
  </s>
  <s id="189">
    <time id="T137S" value="00:19:17,960" />
Litt for oppmerksom.
    <time id="T137E" value="00:19:20,520" />
  </s>
  <s id="190">
    <time id="T138S" value="00:19:21,280" />
Du er hermed landsforvist fra kongeriket Rohan.
    <time id="T138E" value="00:19:26,160" />
  </s>
  <s id="191">
    <time id="T139S" value="00:19:27,160" />
Med dødsstraff som følge, Hvis du skulle brytea forvisningen.
    <time id="T139E" value="00:19:31,000" />
  </s>
  <s id="192">
    <time id="T140S" value="00:19:58,800" />
Fortsett å puste. 
  </s>
  <s id="193">
Det er nøkkelen... å puste.
    <time id="T140E" value="00:20:03,280" />
  </s>
  <s id="194">
    <time id="T141S" value="00:20:07,240" />
De springer som om de kunne kjenne sin herres pis mot sine rygger.
    <time id="T141E" value="00:20:11,360" />
  </s>
  <s id="195">
    <time id="T142S" value="00:20:26,400" />
Vi fortsetter ikke før vi har gjort et stopp for å hente pusten.
    <time id="T142E" value="00:20:30,640" />
  </s>
  <s id="196">
    <time id="T143S" value="00:20:31,040" />
Gjør opp ild!
    <time id="T143E" value="00:20:34,840" />
  </s>
  <s id="197">
    <time id="T144S" value="00:20:36,760" />
Merry...? 
  </s>
  <s id="198">
Merry?
    <time id="T144E" value="00:20:40,600" />
  </s>
  <s id="199">
    <time id="T145S" value="00:20:41,680" />
Jeg tror at vi gjorde en feil ved å dra fra Fylke, Pippin.
    <time id="T145E" value="00:20:47,040" />
  </s>
  <s id="200">
    <time id="T146S" value="00:20:55,680" />
Hva er det som lager den lyden?
    <time id="T146E" value="00:20:58,560" />
  </s>
  <s id="201">
    <time id="T147S" value="00:20:59,120" />
-Det er trærne.
  </s>
  <s id="202">
-Hva?
    <time id="T147E" value="00:21:02,160" />
  </s>
  <s id="203">
    <time id="T148S" value="00:21:02,680" />
Husker du den gamle skogen, Ved grensen til Bockrike?
    <time id="T148E" value="00:21:06,280" />
  </s>
  <s id="204">
    <time id="T149S" value="00:21:06,400" />
De sa at det var noe i vannet som gjorde at trærne vokset seg høye - 
    <time id="T150S" value="00:21:10,920" />
  </s>
  <s id="205">
- Og gav dem liv.
  </s>
  <s id="206">
-gav dem liv?
    <time id="T150E" value="00:21:14,760" />
  </s>
  <s id="207">
    <time id="T151S" value="00:21:15,120" />
Trær som kunne hviske... prate med hverandre.
    <time id="T151E" value="00:21:19,560" />
  </s>
  <s id="208">
    <time id="T152S" value="00:21:20,240" />
Til og med røre på seg.
    <time id="T152E" value="00:21:23,280" />
  </s>
  <s id="209">
    <time id="T153S" value="00:21:23,680" />
Jeg er sulten. 
  </s>
  <s id="210">
Vi har ikke spist noe annet en muggent brød i tre dager.
    <time id="T153E" value="00:21:29,920" />
  </s>
  <s id="211">
    <time id="T154S" value="00:21:30,000" />
Akuratt. 
  </s>
  <s id="212">
Hvorfor kan ikke vi få noe kjøtt?
    <time id="T154E" value="00:21:33,840" />
  </s>
  <s id="213">
    <time id="T155S" value="00:21:37,000" />
Vi kan vel ta dem? 
  </s>
  <s id="214">
De er ferske.
    <time id="T155E" value="00:21:41,240" />
  </s>
  <s id="215">
    <time id="T156S" value="00:21:41,720" />
De skal ikke spises!
    <time id="T156E" value="00:21:45,560" />
  </s>
  <s id="216">
    <time id="T157S" value="00:21:51,120" />
Deres bein da? 
  </s>
  <s id="217">
De behøver de vel ikke?
    <time id="T157E" value="00:21:54,920" />
  </s>
  <s id="218">
    <time id="T158S" value="00:21:56,200" />
-De ser gode ut.
  </s>
  <s id="219">
-Få deg vekk!
    <time id="T158E" value="00:22:00,400" />
  </s>
  <s id="220">
    <time id="T159S" value="00:22:01,360" />
-Skjer han opp. 
  </s>
  <s id="221">
Bare en munnfull?
  </s>
  <s id="222">
-Nei!
    <time id="T159E" value="00:22:05,200" />
  </s>
  <s id="223">
    <time id="T160S" value="00:22:08,280" />
Det ser ut som kjøtt er tilbake på menyen, gutter.
    <time id="T160E" value="00:22:12,120" />
  </s>
  <s id="224">
    <time id="T161S" value="00:22:17,200" />
Pippin?
  </s>
  <s id="225">
! 
  </s>
  <s id="226">
Vi stikker!
    <time id="T161E" value="00:22:20,160" />
  </s>
  <s id="227">
    <time id="T162S" value="00:22:28,120" />
Kom igjen... rop på hjelp.
    <time id="T162E" value="00:22:31,960" />
  </s>
  <s id="228">
    <time id="T163S" value="00:22:32,440" />
Skrik... 
  </s>
  <s id="229">
Det er ingen som kommer til å redde deg nå.
    <time id="T163E" value="00:22:37,240" />
  </s>
  <s id="230">
    <time id="T164S" value="00:22:45,680" />
Pippin!
    <time id="T164E" value="00:22:47,000" />
  </s>
  <s id="231">
    <time id="T165S" value="00:23:10,320" />
En rød soloppgang.
    <time id="T165E" value="00:23:12,320" />
  </s>
  <s id="232">
    <time id="T166S" value="00:23:13,280" />
Blod har gitt denne natt.
    <time id="T166E" value="00:23:16,560" />
  </s>
  <s id="233">
    <time id="T167S" value="00:23:46,200" />
Rohans riddere!
  </s>
  <s id="234">
Noen nyheter fra Mark?
  </s>
  <s id="235">
!
    <time id="T167E" value="00:23:50,880" />
  </s>
  <s id="236">
    <time id="T168S" value="00:24:17,080" />
Hva har en alv, et menneske og en dverg å gjøre i Riddermark?
    <time id="T168E" value="00:24:21,560" />
  </s>
  <s id="237">
    <time id="T169S" value="00:24:22,160" />
Snakk!
    <time id="T169E" value="00:24:23,320" />
  </s>
  <s id="238">
    <time id="T170S" value="00:24:23,680" />
Gi meg ditt navn, hestemester, og jeg skal gi deg mitt.
    <time id="T170E" value="00:24:27,520" />
  </s>
  <s id="239">
    <time id="T171S" value="00:24:36,920" />
Jeg skal hugge hodet av deg, dverg, om det bare var litt høyere pover bakken.
    <time id="T171E" value="00:24:42,560" />
  </s>
  <s id="240">
    <time id="T172S" value="00:24:43,040" />
Du dør før sverdet treffer!
    <time id="T172E" value="00:24:46,600" />
  </s>
  <s id="241">
    <time id="T173S" value="00:24:53,320" />
Jer er Aragorn, sønn av Arathorns.
    <time id="T173E" value="00:24:55,520" />
  </s>
  <s id="242">
    <time id="T174S" value="00:24:55,640" />
Dette er Gimli, sønn av Gloin, og Legolas fra Skogsriket.
    <time id="T174E" value="00:24:59,440" />
  </s>
  <s id="243">
    <time id="T175S" value="00:24:59,640" />
Vi er venner av Rohan. 
  </s>
  <s id="244">
Og til Théoden, deres konge.
    <time id="T175E" value="00:25:03,480" />
  </s>
  <s id="245">
    <time id="T176S" value="00:25:04,360" />
Théoden kan ikke lenger skille en venn fra en fiende.
    <time id="T176E" value="00:25:08,000" />
  </s>
  <s id="246">
    <time id="T177S" value="00:25:08,200" />
Selv ikke hans egen slektning.
    <time id="T177E" value="00:25:11,560" />
  </s>
  <s id="247">
    <time id="T178S" value="00:25:14,800" />
Saruman har forgiftet Kongens sinn, og utropet seg som herre over dette land.
    <time id="T178E" value="00:25:19,600" />
  </s>
  <s id="248">
    <time id="T179S" value="00:25:20,560" />
Mitt følge er fortsatt lojal mot Rohan.
  </s>
  <s id="249">
Og for det er vi landsforviste.
    <time id="T179E" value="00:25:26,040" />
  </s>
  <s id="250">
    <time id="T180S" value="00:25:27,160" />
Den hvite trollmannen er smart.
    <time id="T180E" value="00:25:30,640" />
  </s>
  <s id="251">
    <time id="T181S" value="00:25:31,120" />
Det sies at han vandrer litt over alt.
  </s>
  <s id="252">
Som en gammel mann, gjemt i sin mantel.
    <time id="T181E" value="00:25:36,200" />
  </s>
  <s id="253">
    <time id="T182S" value="00:25:37,360" />
Over alt er det spioner gjennom våre nett.
    <time id="T182E" value="00:25:40,880" />
  </s>
  <s id="254">
    <time id="T183S" value="00:25:41,000" />
Vi er ikke spioner.
    <time id="T183E" value="00:25:42,320" />
  </s>
  <s id="255">
    <time id="T184S" value="00:25:43,200" />
Vi sporer opp en gruppe medp Uruk-haier vest over sletten.
  </s>
  <s id="256">
De har to av våre venner som fanger.
    <time id="T184E" value="00:25:48,960" />
  </s>
  <s id="257">
    <time id="T185S" value="00:25:49,520" />
Orkene er døde.
  </s>
  <s id="258">
Vi slaktet dem i natt.
    <time id="T185E" value="00:25:51,440" />
  </s>
  <s id="259">
    <time id="T186S" value="00:25:52,000" />
Men det var to hobbiter!
  </s>
  <s id="260">
Så dere noen hobbiter?
    <time id="T186E" value="00:25:55,080" />
  </s>
  <s id="261">
    <time id="T187S" value="00:25:55,160" />
De er små.
  </s>
  <s id="262">
De ser ut som barn i deres øyne.
    <time id="T187E" value="00:25:59,000" />
  </s>
  <s id="263">
    <time id="T188S" value="00:26:01,240" />
Vi lot ingen overleve.
  </s>
  <s id="264">
Vi lagde et bål å brendte kroppene.
    <time id="T188E" value="00:26:06,960" />
  </s>
  <s id="265">
    <time id="T189S" value="00:26:11,760" />
Døde...?
    <time id="T189E" value="00:26:14,440" />
  </s>
  <s id="266">
    <time id="T190S" value="00:26:16,000" />
Jeg beklager.
    <time id="T190E" value="00:26:18,400" />
  </s>
  <s id="267">
    <time id="T191S" value="00:26:22,800" />
Hasufel! 
  </s>
  <s id="268">
Arod!
    <time id="T191E" value="00:26:25,120" />
  </s>
  <s id="269">
    <time id="T192S" value="00:26:26,840" />
Jeg håper at disse hestene bringer dere mere lykke enn hva de gav til sine forgje eiere.
    <time id="T192E" value="00:26:31,920" />
  </s>
  <s id="270">
    <time id="T193S" value="00:26:32,600" />
Farvel.
    <time id="T193E" value="00:26:34,040" />
  </s>
  <s id="271">
    <time id="T194S" value="00:26:39,000" />
Søk etter ders venner.
    <time id="T194E" value="00:26:41,040" />
  </s>
  <s id="272">
    <time id="T195S" value="00:26:41,600" />
Men stol ikke på håpet... 
  </s>
  <s id="273">
Det har overgitt dette land.
    <time id="T195E" value="00:26:47,840" />
  </s>
  <s id="274">
    <time id="T196S" value="00:26:47,920" />
Vi rir nord over!
    <time id="T196E" value="00:26:50,800" />
  </s>
  <s id="275">
    <time id="T197S" value="00:27:38,560" />
Et av deres belter...
    <time id="T197E" value="00:27:40,480" />
  </s>
  <s id="276">
    <time id="T198S" value="00:27:41,240" />
Må de finne fred i døden.
    <time id="T198E" value="00:27:45,080" />
  </s>
  <s id="277">
    <time id="T199S" value="00:27:53,440" />
Vi har sveket dem.
    <time id="T199E" value="00:27:56,320" />
  </s>
  <s id="278">
    <time id="T200S" value="00:28:08,880" />
En hobbit lå her.
  </s>
  <s id="279">
Og her lå den andre.
    <time id="T200E" value="00:28:14,320" />
  </s>
  <s id="280">
    <time id="T201S" value="00:28:24,600" />
De krøp...
    <time id="T201E" value="00:28:27,360" />
  </s>
  <s id="281">
    <time id="T202S" value="00:28:30,240" />
Deres hender var bundet...
    <time id="T202E" value="00:28:33,120" />
  </s>
  <s id="282">
    <time id="T203S" value="00:28:44,080" />
Tauet ble skjært av...
    <time id="T203E" value="00:28:47,040" />
  </s>
  <s id="283">
    <time id="T204S" value="00:29:00,480" />
De sprang hit...
    <time id="T204E" value="00:29:02,760" />
  </s>
  <s id="284">
    <time id="T205S" value="00:29:06,040" />
De var forfulgt...
    <time id="T205E" value="00:29:08,720" />
  </s>
  <s id="285">
    <time id="T206S" value="00:29:10,160" />
Beltet!
    <time id="T206E" value="00:29:12,080" />
  </s>
  <s id="286">
    <time id="T207S" value="00:29:15,440" />
Løp!
    <time id="T207E" value="00:29:17,360" />
  </s>
  <s id="287">
    <time id="T208S" value="00:29:20,040" />
Sporene leder fra striden.
    <time id="T208E" value="00:29:22,600" />
  </s>
  <s id="288">
    <time id="T209S" value="00:29:26,280" />
Inn i Fangorns skog...
    <time id="T209E" value="00:29:28,840" />
  </s>
  <s id="289">
    <time id="T210S" value="00:29:29,160" />
Fangorn... 
  </s>
  <s id="290">
Hvilken galskap drev dem inn der?
    <time id="T210E" value="00:29:33,640" />
  </s>
  <s id="291">
    <time id="T211S" value="00:29:50,240" />
Har vi kvittet oss med han?
  </s>
  <s id="292">
Jeg tror vi har blitt kvitt han.
    <time id="T211E" value="00:29:54,080" />
  </s>
  <s id="293">
    <time id="T212S" value="00:29:59,440" />
Jeg skal slite ut deres innvoller!
    <time id="T212E" value="00:30:03,200" />
  </s>
  <s id="294">
    <time id="T213S" value="00:30:08,760" />
Kom hit!
    <time id="T213E" value="00:30:10,680" />
  </s>
  <s id="295">
    <time id="T214S" value="00:30:15,000" />
Trærne... 
  </s>
  <s id="296">
Klatr opp i et tre.
    <time id="T214E" value="00:30:18,440" />
  </s>
  <s id="297">
    <time id="T215S" value="00:30:26,280" />
Han er borte.
    <time id="T215E" value="00:30:29,160" />
  </s>
  <s id="298">
    <time id="T216S" value="00:30:39,640" />
Merry!
    <time id="T216E" value="00:30:41,160" />
  </s>
  <s id="299">
    <time id="T217S" value="00:30:52,760" />
La meg lage et hull i magen på deg.
    <time id="T217E" value="00:30:57,000" />
  </s>
  <s id="300">
    <time id="T218S" value="00:31:03,600" />
Løp Merry!
    <time id="T218E" value="00:31:05,720" />
  </s>
  <s id="301">
    <time id="T219S" value="00:31:14,840" />
Lille orker.
    <time id="T219E" value="00:31:18,680" />
  </s>
  <s id="302">
    <time id="T220S" value="00:31:19,240" />
-Det prater, Merry... 
  </s>
  <s id="303">
Tredet prater.
  </s>
  <s id="304">
-Tre?
  </s>
  <s id="305">
!
    <time id="T220E" value="00:31:23,080" />
  </s>
  <s id="306">
    <time id="T221S" value="00:31:23,360" />
Jeg er ikke et tre. 
  </s>
  <s id="307">
Jeg er en Ent.
    <time id="T221E" value="00:31:28,440" />
  </s>
  <s id="308">
    <time id="T222S" value="00:31:29,200" />
En tre hyrde, skogens hyrde.
    <time id="T222E" value="00:31:33,320" />
  </s>
  <s id="309">
    <time id="T223S" value="00:31:33,520" />
Ikke prat til det... ikke oppmuntr det.
    <time id="T223E" value="00:31:36,200" />
  </s>
  <s id="310">
    <time id="T224S" value="00:31:36,800" />
De kaller meg treskjegg.
    <time id="T224E" value="00:31:40,640" />
  </s>
  <s id="311">
    <time id="T225S" value="00:31:41,120" />
-Og vilken side er du på?
  </s>
  <s id="312">
-Side?
    <time id="T225E" value="00:31:44,960" />
  </s>
  <s id="313">
    <time id="T226S" value="00:31:45,320" />
Jeg er ikke på noen sin side ettersom ingen står på min side, lille ork.
    <time id="T227E" value="00:31:53,280" />
  </s>
  <s id="314">
    <time id="T228S" value="00:31:54,160" />
Ingen bryr seg om skogen lenger.
    <time id="T228E" value="00:31:58,360" />
  </s>
  <s id="315">
    <time id="T229S" value="00:31:59,240" />
-Vi er ingen orker... 
  </s>
  <s id="316">
Vi er hobbiter.
  </s>
  <s id="317">
-Hobiter?
    <time id="T229E" value="00:32:03,080" />
  </s>
  <s id="318">
    <time id="T230S" value="00:32:04,800" />
Jeg har aldrig hørt om hobbiter før...
    <time id="T230E" value="00:32:09,480" />
  </s>
  <s id="319">
    <time id="T231S" value="00:32:10,640" />
Høres ut som en ork synes jeg.
    <time id="T231E" value="00:32:14,480" />
  </s>
  <s id="320">
    <time id="T232S" value="00:32:15,440" />
Med ild og økser kommer de gnager, biter, hogger og brenner.
    <time id="T233E" value="00:32:24,440" />
  </s>
  <s id="321">
    <time id="T234S" value="00:32:25,120" />
Helvete ta disse uhyrene!
    <time id="T234E" value="00:32:28,760" />
  </s>
  <s id="322">
    <time id="T235S" value="00:32:28,880" />
Du forstår ikke... vi er hobbiter... halvlinger fra Fylke.
    <time id="T236E" value="00:32:34,520" />
  </s>
  <s id="323">
    <time id="T237S" value="00:32:34,800" />
Det kan hende at dere er det, det kan hende at dere ikke er det.
    <time id="T237E" value="00:32:41,520" />
  </s>
  <s id="324">
    <time id="T238S" value="00:32:42,080" />
Den hvite Trollmannen vet.
    <time id="T238E" value="00:32:46,240" />
  </s>
  <s id="325">
    <time id="T239S" value="00:32:46,720" />
Den hvite trollmannen...
    <time id="T239E" value="00:32:49,400" />
  </s>
  <s id="326">
    <time id="T240S" value="00:32:49,680" />
Saruman.
    <time id="T240E" value="00:32:52,160" />
  </s>
  <s id="327">
    <time id="T241S" value="00:33:03,280" />
Se... se, vi har viset vegen ut.
    <time id="T241E" value="00:33:06,640" />
  </s>
  <s id="328">
    <time id="T242S" value="00:33:07,520" />
fort deg, fort deg.
    <time id="T242E" value="00:33:10,880" />
  </s>
  <s id="329">
    <time id="T243S" value="00:33:13,080" />
Det var bra at vi fant dere.
    <time id="T243E" value="00:33:16,440" />
  </s>
  <s id="330">
    <time id="T244S" value="00:33:21,920" />
Snill hobbit.
    <time id="T244E" value="00:33:24,760" />
  </s>
  <s id="331">
    <time id="T245S" value="00:33:26,200" />
Det er en myr!
  </s>
  <s id="332">
Han har tatt oss til en myr!
    <time id="T245E" value="00:33:29,480" />
  </s>
  <s id="333">
    <time id="T246S" value="00:33:29,680" />
Myr ja... kom herre, så skal vi vise dere   den sikkre veien gjennom tåken.
    <time id="T247E" value="00:33:38,480" />
  </s>
  <s id="334">
    <time id="T248S" value="00:33:39,440" />
Kom hobbiter, kom... vi må forte oss.
    <time id="T248E" value="00:33:43,000" />
  </s>
  <s id="335">
    <time id="T249S" value="00:33:45,880" />
Fant den, gjorde jeg... veien over myren.
    <time id="T249E" value="00:33:50,680" />
  </s>
  <s id="336">
    <time id="T250S" value="00:33:51,440" />
Orker bruker den ikke... orker vet ikke om den.
    <time id="T250E" value="00:33:54,320" />
  </s>
  <s id="337">
    <time id="T251S" value="00:33:55,000" />
De går rundt, mil etter mil...
    <time id="T251E" value="00:33:57,880" />
  </s>
  <s id="338">
    <time id="T252S" value="00:33:59,120" />
Fortere. 
  </s>
  <s id="339">
Vi må være som skygger.
    <time id="T252E" value="00:34:03,920" />
  </s>
  <s id="340">
    <time id="T253S" value="00:34:20,960" />
Det er døde ting... døde ansikter i vannet.
    <time id="T253E" value="00:34:25,120" />
  </s>
  <s id="341">
    <time id="T254S" value="00:34:29,240" />
Alle døde, alle rottende alver, mennesker og orker et stort slag for lenge siden.
    <time id="T256E" value="00:34:40,360" />
  </s>
  <s id="342">
    <time id="T257S" value="00:34:41,600" />
De dødes myr... 
  </s>
  <s id="343">
Ja, det heter det.
    <time id="T257E" value="00:34:46,120" />
  </s>
  <s id="344">
    <time id="T258S" value="00:34:47,600" />
Den här vägen. 
  </s>
  <s id="345">
Följ inte blossen.
    <time id="T258E" value="00:34:51,480" />
  </s>
  <s id="346">
    <time id="T259S" value="00:34:53,480" />
Forsiktig, ellers gir hobbiten de døde sellskap Og tender egende lys.
    <time id="T260E" value="00:35:01,560" />
  </s>
  <s id="347">
    <time id="T261S" value="00:35:26,840" />
Frodo!
    <time id="T261E" value="00:35:28,800" />
  </s>
  <s id="348">
    <time id="T262S" value="00:36:10,960" />
-Gollum...?
  </s>
  <s id="349">
-Følg ikke lyset.
    <time id="T262E" value="00:36:14,800" />
  </s>
  <s id="350">
    <time id="T263S" value="00:36:15,480" />
Herr Frodo, er du uskadd?
    <time id="T263E" value="00:36:19,320" />
  </s>
  <s id="351">
    <time id="T264S" value="00:36:47,120" />
Så glansende... så vakker...
    <time id="T264E" value="00:36:53,560" />
  </s>
  <s id="352">
    <time id="T265S" value="00:36:55,080" />
Min vidunderlige...
    <time id="T265E" value="00:36:58,920" />
  </s>
  <s id="353">
    <time id="T266S" value="00:36:59,120" />
-Hva sa du?
  </s>
  <s id="354">
-Herre burde vile.
    <time id="T266E" value="00:37:02,480" />
  </s>
  <s id="355">
    <time id="T267S" value="00:37:02,680" />
Herre må spare på kreftene sine.
    <time id="T267E" value="00:37:06,520" />
  </s>
  <s id="356">
    <time id="T268S" value="00:37:08,520" />
-Hvem er du?
  </s>
  <s id="357">
-Ikke spørr... 
  </s>
  <s id="358">
Det bryr ikke deg.
    <time id="T268E" value="00:37:11,800" />
  </s>
  <s id="359">
    <time id="T269S" value="00:37:11,800" />
Gollum! 
  </s>
  <s id="360">
Gollum!
    <time id="T269E" value="00:37:13,240" />
  </s>
  <s id="361">
    <time id="T270S" value="00:37:13,320" />
Gandalf fortalte at du tilhørte flodfolket...
    <time id="T270E" value="00:37:15,120" />
  </s>
  <s id="362">
    <time id="T271S" value="00:37:15,120" />
"Kaldt er hjerte, hånd og lem. 
  </s>
  <s id="363">
Kalde er reisende langt fra sine hjem."
    <time id="T271E" value="00:37:19,440" />
  </s>
  <s id="364">
    <time id="T272S" value="00:37:19,440" />
Han sa at ditt liv er en sørgelig fortelling.
    <time id="T272E" value="00:37:21,200" />
  </s>
  <s id="365">
    <time id="T273S" value="00:37:21,200" />
"Og de ser ingen forran seg, Når solen svikter og månen dør."
    <time id="T273E" value="00:37:25,680" />
  </s>
  <s id="366">
    <time id="T274S" value="00:37:25,680" />
Du var ikke ulik en hobbit, for lenge siden. 
  </s>
  <s id="367">
Eller hva...?
    <time id="T274E" value="00:37:30,080" />
  </s>
  <s id="368">
    <time id="T275S" value="00:37:32,680" />
Sméagol...
    <time id="T275E" value="00:37:34,600" />
  </s>
  <s id="369">
    <time id="T276S" value="00:37:39,120" />
Hva kaldte du meg?
    <time id="T276E" value="00:37:42,000" />
  </s>
  <s id="370">
    <time id="T277S" value="00:37:43,040" />
Var ikke det ditt navn, en gang i tiden?
    <time id="T277E" value="00:37:47,920" />
  </s>
  <s id="371">
    <time id="T278S" value="00:37:49,200" />
Mitt navn...? 
  </s>
  <s id="372">
Mitt navn...
    <time id="T278E" value="00:37:53,960" />
  </s>
  <s id="373">
    <time id="T279S" value="00:38:00,320" />
Sméagol.
    <time id="T279E" value="00:38:04,120" />
  </s>
  <s id="374">
    <time id="T280S" value="00:38:06,840" />
-Svarte ryttere!
  </s>
  <s id="375">
-Gjem dere! 
  </s>
  <s id="376">
Gjem dere!
    <time id="T280E" value="00:38:10,680" />
  </s>
  <s id="377">
    <time id="T281S" value="00:38:19,960" />
Opp, Frodo! 
  </s>
  <s id="378">
Opp med deg!
    <time id="T281E" value="00:38:23,120" />
  </s>
  <s id="379">
    <time id="T282S" value="00:38:23,240" />
De ser oss! 
  </s>
  <s id="380">
De ser oss...
    <time id="T282E" value="00:38:26,480" />
  </s>
  <s id="381">
    <time id="T283S" value="00:38:26,600" />
-Jeg trodde at de var døde!
  </s>
  <s id="382">
-Døde?
    <time id="T283E" value="00:38:29,120" />
  </s>
  <s id="383">
    <time id="T284S" value="00:38:29,120" />
Nei, de kan ikke dø... nei.
    <time id="T284E" value="00:38:33,000" />
  </s>
  <s id="384">
    <time id="T285S" value="00:38:58,040" />
Ånder! 
  </s>
  <s id="385">
Bevingede ånder!
    <time id="T285E" value="00:39:01,680" />
  </s>
  <s id="386">
    <time id="T286S" value="00:39:09,080" />
De kallar på den... de kallar på den Vidunderlige...
    <time id="T286E" value="00:39:14,840" />
  </s>
  <s id="387">
    <time id="T287S" value="00:39:18,000" />
Ingen fare, dere klarer det.
    <time id="T287E" value="00:39:21,600" />
  </s>
  <s id="388">
    <time id="T288S" value="00:39:35,440" />
Fort nå hobbiter, den Svarte Porten er veldig nære.
    <time id="T288E" value="00:39:41,120" />
  </s>
  <s id="389">
    <time id="T289S" value="00:39:47,600" />
Ork blod.
    <time id="T289E" value="00:39:49,560" />
  </s>
  <s id="390">
    <time id="T290S" value="00:39:58,960" />
Dette er merkelige spor.
    <time id="T290E" value="00:40:01,360" />
  </s>
  <s id="391">
    <time id="T291S" value="00:40:02,000" />
Luften kjennes så kvam.
    <time id="T291E" value="00:40:04,320" />
  </s>
  <s id="392">
    <time id="T292S" value="00:40:05,000" />
Det er en gammel skog. 
  </s>
  <s id="393">
Veldig gammel...
    <time id="T292E" value="00:40:09,120" />
  </s>
  <s id="394">
    <time id="T293S" value="00:40:11,800" />
Fylt med minner og sinne.
    <time id="T294E" value="00:40:19,600" />
  </s>
  <s id="395">
    <time id="T295S" value="00:40:24,760" />
Trærne prater med hverandre.
    <time id="T295E" value="00:40:27,440" />
  </s>
  <s id="396">
    <time id="T296S" value="00:40:27,520" />
Gimli... senk øksen.
    <time id="T296E" value="00:40:31,360" />
  </s>
  <s id="397">
    <time id="T297S" value="00:40:36,440" />
Det er noe her.
    <time id="T297E" value="00:40:38,360" />
  </s>
  <s id="398">
    <time id="T298S" value="00:40:44,840" />
Ser du noe?
    <time id="T298E" value="00:40:45,840" />
  </s>
  <s id="399">
    <time id="T299S" value="00:40:47,200" />
Den hvite trollmannen nærmer seg.
    <time id="T299E" value="00:40:50,720" />
  </s>
  <s id="400">
    <time id="T300S" value="00:40:55,520" />
Ikke gi han noen mulighet til å prate.
  </s>
  <s id="401">
Da forhekser han oss.
    <time id="T300E" value="00:40:59,600" />
  </s>
  <s id="402">
    <time id="T301S" value="00:41:08,840" />
Vi må være raske.
    <time id="T301E" value="00:41:11,360" />
  </s>
  <s id="403">
    <time id="T302S" value="00:41:25,840" />
Dere følger sporene etter to unge hobbiter.
    <time id="T302E" value="00:41:29,680" />
  </s>
  <s id="404">
    <time id="T303S" value="00:41:29,960" />
-Hvor er de?
  </s>
  <s id="405">
!
  </s>
  <s id="406">
-De passerte her i forrigårs   de traff noen som de ikke hadde ventet.
    <time id="T304E" value="00:41:38,840" />
  </s>
  <s id="407">
    <time id="T305S" value="00:41:39,360" />
-Føler dere dere roligere av det?
  </s>
  <s id="408">
-Hvem er du?
    <time id="T305E" value="00:41:43,480" />
  </s>
  <s id="409">
    <time id="T306S" value="00:41:45,000" />
Vis deg!
    <time id="T306E" value="00:41:46,920" />
  </s>
  <s id="410">
    <time id="T307S" value="00:41:55,280" />
Det er ikke mulig...
    <time id="T307E" value="00:41:58,520" />
  </s>
  <s id="411">
    <time id="T308S" value="00:42:06,120" />
Du fallt...
    <time id="T308E" value="00:42:08,040" />
  </s>
  <s id="412">
    <time id="T309S" value="00:42:09,000" />
Gennom ild... og vann.
    <time id="T309E" value="00:42:12,840" />
  </s>
  <s id="413">
    <time id="T310S" value="00:42:14,080" />
Fra dypeste hull, til høyeste topp kjempet jeg mot han, Morgoths Balrog.
    <time id="T310E" value="00:42:20,800" />
  </s>
  <s id="414">
    <time id="T311S" value="00:42:35,600" />
Min fiende fallt til slutt, og han ble drept mot fjell-siden.
    <time id="T311E" value="00:42:42,360" />
  </s>
  <s id="415">
    <time id="T312S" value="00:42:48,320" />
Mørket tok meg og jeg forrviret meg vekk fra tanker og tid Stjerner suste forbi og hver dag var like lang som en menneske alder på jorden.
    <time id="T315E" value="00:43:03,080" />
  </s>
  <s id="416">
    <time id="T316S" value="00:43:05,680" />
Men det var ikke slutten.
  </s>
  <s id="417">
Jeg kjennte liv i meg igjenivet.
    <time id="T316E" value="00:43:11,440" />
  </s>
  <s id="418">
    <time id="T317S" value="00:43:12,480" />
Jeg var blitt sendt tilbake, til mitt oppdrag er utført.
    <time id="T317E" value="00:43:16,680" />
  </s>
  <s id="419">
    <time id="T318S" value="00:43:17,080" />
Gandalf...
    <time id="T318E" value="00:43:19,280" />
  </s>
  <s id="420">
    <time id="T319S" value="00:43:19,680" />
Gandalf?
    <time id="T319E" value="00:43:21,360" />
  </s>
  <s id="421">
    <time id="T320S" value="00:43:21,960" />
Ja...
    <time id="T320E" value="00:43:24,840" />
  </s>
  <s id="422">
    <time id="T321S" value="00:43:26,200" />
Det var mitt navn.
    <time id="T321E" value="00:43:30,040" />
  </s>
  <s id="423">
    <time id="T322S" value="00:43:30,800" />
Gandalf Den grå.
    <time id="T322E" value="00:43:32,720" />
  </s>
  <s id="424">
    <time id="T323S" value="00:43:34,120" />
Det var mitt navn.
    <time id="T323E" value="00:43:35,360" />
  </s>
  <s id="425">
    <time id="T324S" value="00:43:35,800" />
Gandalf...
    <time id="T324E" value="00:43:37,680" />
  </s>
  <s id="426">
    <time id="T325S" value="00:43:39,240" />
Jeg er Gandalf Den Hvite.
    <time id="T325E" value="00:43:43,080" />
  </s>
  <s id="427">
    <time id="T326S" value="00:43:44,120" />
Og jeg har kommet tilbake til dere nå, til vendepungtet.
    <time id="T326E" value="00:43:49,480" />
  </s>
  <s id="428">
    <time id="T327S" value="00:43:49,600" />
En del av reisen er avsluttet, en annen begynner.
    <time id="T327E" value="00:43:52,480" />
  </s>
  <s id="429">
    <time id="T328S" value="00:43:52,840" />
Krigen er over Rohan.
  </s>
  <s id="430">
Vi må dra til Edoras i høyeste fart.
    <time id="T328E" value="00:43:56,680" />
  </s>
  <s id="431">
    <time id="T329S" value="00:44:18,360" />
Det er en mearas, om ikke mine øyne er fohekset av en trolldom.
    <time id="T329E" value="00:44:23,080" />
  </s>
  <s id="432">
    <time id="T330S" value="00:44:39,560" />
Shaddowfax alle hestenes fyrste.
    <time id="T331E" value="00:44:47,600" />
  </s>
  <s id="433">
    <time id="T332S" value="00:44:48,080" />
Han har vært min venn igjennom mange farer.
    <time id="T332E" value="00:44:52,120" />
  </s>
  <s id="434">
    <time id="T333S" value="00:45:06,040" />
Mitt hjem jeg sover i skogen, ved bergets fot.
    <time id="T334E" value="00:45:13,520" />
  </s>
  <s id="435">
    <time id="T335S" value="00:45:16,200" />
Jeg lovte Gandalf og holde dere i sikkerhet.... ...og i sikkerhet skal dere være.
    <time id="T336E" value="00:45:23,680" />
  </s>
  <s id="436">
    <time id="T337S" value="00:45:23,960" />
Trærne har vokset seg ville of farlige.
    <time id="T337E" value="00:45:27,800" />
  </s>
  <s id="437">
    <time id="T338S" value="00:45:28,360" />
Sinnet gror i deres hjerte.
  </s>
  <s id="438">
De kommer til å skade dere hvis de får sjangsen.
    <time id="T338E" value="00:45:34,240" />
  </s>
  <s id="439">
    <time id="T339S" value="00:45:35,000" />
Det er få av oss igjen For få er igjen for å passe på dem.
    <time id="T340E" value="00:45:42,840" />
  </s>
  <s id="440">
    <time id="T341S" value="00:45:50,160" />
Mordors Svarte Port.
    <time id="T341E" value="00:45:54,440" />
  </s>
  <s id="441">
    <time id="T342S" value="00:45:57,920" />
Hjelpe oss...
    <time id="T342E" value="00:46:00,520" />
  </s>
  <s id="442">
    <time id="T343S" value="00:46:05,680" />
Gubben hjemme skulle nok ha et og annet og si, om han så oss nå.
    <time id="T343E" value="00:46:09,520" />
  </s>
  <s id="443">
    <time id="T344S" value="00:46:11,040" />
'Vis veien til Mordor", herre sa.
    <time id="T344E" value="00:46:14,880" />
  </s>
  <s id="444">
    <time id="T345S" value="00:46:15,360" />
Og det gjorde snille Sméagol gjorde det.
  </s>
  <s id="445">
Herre sa det.
    <time id="T345E" value="00:46:18,800" />
  </s>
  <s id="446">
    <time id="T346S" value="00:46:18,920" />
Jeg gjorde det.
    <time id="T346E" value="00:46:22,760" />
  </s>
  <s id="447">
    <time id="T347S" value="00:46:28,400" />
Det var det...
    <time id="T347E" value="00:46:31,960" />
  </s>
  <s id="448">
    <time id="T348S" value="00:46:31,960" />
Vi kan ikke komme forbi.
    <time id="T348E" value="00:46:35,800" />
  </s>
  <s id="449">
    <time id="T349S" value="00:47:16,440" />
Se! 
  </s>
  <s id="450">
Porten åpner seg.
    <time id="T349E" value="00:47:20,280" />
  </s>
  <s id="451">
    <time id="T350S" value="00:47:27,680" />
Jeg ser en vei ned.
    <time id="T350E" value="00:47:30,280" />
  </s>
  <s id="452">
    <time id="T351S" value="00:47:30,360" />
Sam! 
  </s>
  <s id="453">
Nei!
    <time id="T351E" value="00:47:32,480" />
  </s>
  <s id="454">
    <time id="T352S" value="00:47:34,280" />
Herre!
    <time id="T352E" value="00:47:37,160" />
  </s>
  <s id="455">
    <time id="T353S" value="00:48:56,120" />
-Jeg har ikke bedt deg å følge med.
  </s>
  <s id="456">
-Jeg vet det, herr Frodo.
    <time id="T353E" value="00:48:59,920" />
  </s>
  <s id="457">
    <time id="T354S" value="00:49:00,240" />
Jeg tviler på at vi kan gjemme oss der inne, til og med alvemantelen.
    <time id="T354E" value="00:49:03,680" />
  </s>
  <s id="458">
    <time id="T355S" value="00:49:03,680" />
-Nå!
  </s>
  <s id="459">
-Nei!
    <time id="T355E" value="00:49:05,800" />
  </s>
  <s id="460">
    <time id="T356S" value="00:49:06,920" />
Nei herre! 
  </s>
  <s id="461">
De fanger deg, de fanger deg...
    <time id="T356E" value="00:49:10,760" />
  </s>
  <s id="462">
    <time id="T357S" value="00:49:12,200" />
Ikke gi den til han.
    <time id="T357E" value="00:49:15,560" />
  </s>
  <s id="463">
    <time id="T358S" value="00:49:17,400" />
Han vil ha den Vidunderlige.
  </s>
  <s id="464">
Han søker etter den.
    <time id="T358E" value="00:49:22,760" />
  </s>
  <s id="465">
    <time id="T359S" value="00:49:23,040" />
Og den vidunderlige vil tilbake til han.
    <time id="T359E" value="00:49:26,680" />
  </s>
  <s id="466">
    <time id="T360S" value="00:49:27,160" />
Men vi kan ikke tilate at han får tak i den.
    <time id="T360E" value="00:49:31,680" />
  </s>
  <s id="467">
    <time id="T361S" value="00:49:36,880" />
Nei!
    <time id="T361E" value="00:49:37,920" />
  </s>
  <s id="468">
    <time id="T362S" value="00:49:37,920" />
Det finnes en annen vei, en mørk og mer hemmelig vei.
    <time id="T362E" value="00:49:42,120" />
  </s>
  <s id="469">
    <time id="T363S" value="00:49:42,120" />
-Hvorfor har du ikke sagt dette før?
  </s>
  <s id="470">
!
  </s>
  <s id="471">
-Herre spurte ikke.
    <time id="T363E" value="00:49:45,960" />
  </s>
  <s id="472">
    <time id="T364S" value="00:49:46,080" />
-Han har noe muffens for seg.
  </s>
  <s id="473">
-Mener du at det finnes   en annen vei inn til Mordor?
    <time id="T365E" value="00:49:50,200" />
  </s>
  <s id="474">
    <time id="T366S" value="00:49:50,480" />
Ja... det er en trang gang og noen trapper og etter det en tunnel.
    <time id="T369E" value="00:50:02,760" />
  </s>
  <s id="475">
    <time id="T370S" value="00:50:14,640" />
-Han har ført oss hit, Sam.
  </s>
  <s id="476">
-Herr Frodo, nei.
    <time id="T370E" value="00:50:18,480" />
  </s>
  <s id="477">
    <time id="T371S" value="00:50:18,480" />
Han har holdt det han har lovet.
    <time id="T371E" value="00:50:21,280" />
  </s>
  <s id="478">
    <time id="T372S" value="00:50:24,800" />
Nei...
    <time id="T372E" value="00:50:26,720" />
  </s>
  <s id="479">
    <time id="T373S" value="00:50:27,880" />
-Vis oss veien Sméagol.
  </s>
  <s id="480">
-Snille Sméagol hjelper altid til.
    <time id="T373E" value="00:50:33,640" />
  </s>
  <s id="481">
    <time id="T374S" value="00:50:59,240" />
Edoras... og Meduselds Gyllene Sal.
    <time id="T374E" value="00:51:03,080" />
  </s>
  <s id="482">
    <time id="T375S" value="00:51:03,760" />
Der bor Théoden, kongen av Rohan   hans sinne er kullkastet.
    <time id="T376E" value="00:51:08,720" />
  </s>
  <s id="483">
    <time id="T377S" value="00:51:09,680" />
Sauromans kontroll over kong Théoden er sterk.
    <time id="T377E" value="00:51:13,520" />
  </s>
  <s id="484">
    <time id="T378S" value="00:51:14,200" />
Herre. deres sønn... han er død.
    <time id="T378E" value="00:51:18,040" />
  </s>
  <s id="485">
    <time id="T379S" value="00:51:21,200" />
Herre? 
  </s>
  <s id="486">
Onkel?
    <time id="T379E" value="00:51:25,240" />
  </s>
  <s id="487">
    <time id="T380S" value="00:51:31,760" />
Skal du ikke besøke han?
    <time id="T380E" value="00:51:35,320" />
  </s>
  <s id="488">
    <time id="T381S" value="00:51:37,120" />
Skal du ikke gjøre noen ting?
    <time id="T381E" value="00:51:39,440" />
  </s>
  <s id="489">
    <time id="T382S" value="00:51:39,600" />
Vær forsiktig med hva du sier.
  </s>
  <s id="490">
Forvent ingen velkomst.
    <time id="T382E" value="00:51:43,920" />
  </s>
  <s id="491">
    <time id="T383S" value="00:52:06,760" />
Han må ha dødd i løpet av natten.
    <time id="T383E" value="00:52:10,120" />
  </s>
  <s id="492">
    <time id="T384S" value="00:52:10,680" />
Hvilken tragedie for kongen.
  </s>
  <s id="493">
Og miste sin egen sønn og arving.
    <time id="T384E" value="00:52:16,640" />
  </s>
  <s id="494">
    <time id="T385S" value="00:52:17,200" />
Jeg forstor at hans død er vanskelig og akseptere   spesielt nå som din bror har overgitt deg.
    <time id="T386E" value="00:52:25,920" />
  </s>
  <s id="495">
    <time id="T387S" value="00:52:26,320" />
La meg være i fred, din orm!
    <time id="T387E" value="00:52:28,640" />
  </s>
  <s id="496">
    <time id="T388S" value="00:52:29,000" />
Men du er alene.
    <time id="T388E" value="00:52:32,080" />
  </s>
  <s id="497">
    <time id="T389S" value="00:52:32,360" />
Vem vet vad du sagt i dunklet?
    <time id="T389E" value="00:52:36,200" />
  </s>
  <s id="498">
    <time id="T390S" value="00:52:37,240" />
Under nattens mørke timer da livet ser ut til å krympe seg sammen og det kjennes ut som veggene kommer nærmere deg.
    <time id="T392E" value="00:52:48,080" />
  </s>
  <s id="499">
    <time id="T393S" value="00:52:48,520" />
En nyfødt som frykter det ukjente...
    <time id="T393E" value="00:52:52,360" />
  </s>
  <s id="500">
    <time id="T394S" value="00:52:55,080" />
Så skjønn... så kald.
    <time id="T394E" value="00:52:58,920" />
  </s>
  <s id="501">
    <time id="T395S" value="00:53:01,040" />
Lik en blek vår morgen, der vinter kulden er igjen.
    <time id="T395E" value="00:53:06,600" />
  </s>
  <s id="502">
    <time id="T396S" value="00:53:19,840" />
Dine ord er gift.
    <time id="T396E" value="00:53:22,440" />
  </s>
  <s id="503">
    <time id="T397S" value="00:54:50,960" />
En gravplass er mere muntere.
    <time id="T397E" value="00:54:54,400" />
  </s>
  <s id="504">
    <time id="T398S" value="00:55:07,240" />
Jeg kan ikke tilate å se Théoden konge når dere er så bevepnet, Gandalf stormkråke.
    <time id="T398E" value="00:55:11,680" />
  </s>
  <s id="505">
    <time id="T399S" value="00:55:12,160" />
Grima Ormtunges order.
    <time id="T399E" value="00:55:15,200" />
  </s>
  <s id="506">
    <time id="T400S" value="00:55:31,400" />
Din stav.
    <time id="T400E" value="00:55:34,280" />
  </s>
  <s id="507">
    <time id="T401S" value="00:55:36,200" />
Ikke ta en gammel manns yndlings stav?
    <time id="T401E" value="00:55:40,520" />
  </s>
  <s id="508">
    <time id="T402S" value="00:55:57,680" />
Herre, Gandalf Den Grå er her.
    <time id="T402E" value="00:56:00,960" />
  </s>
  <s id="509">
    <time id="T403S" value="00:56:08,440" />
Han er sorgens budberer.
    <time id="T403E" value="00:56:10,160" />
  </s>
  <s id="510">
    <time id="T404S" value="00:56:10,240" />
Din gjestfrihet er ikke som den en gang har vært Théoden Konge.
    <time id="T405E" value="00:56:16,680" />
  </s>
  <s id="511">
    <time id="T406S" value="00:56:17,640" />
Han er ikke velkommen her.
    <time id="T406E" value="00:56:20,800" />
  </s>
  <s id="512">
    <time id="T407S" value="00:56:20,920" />
Hvorforr skulle jag velkomme deg hit Gandalf Stormkråke?
    <time id="T408E" value="00:56:29,440" />
  </s>
  <s id="513">
    <time id="T409S" value="00:56:30,000" />
En lite spørsmål, herre.
    <time id="T409E" value="00:56:32,680" />
  </s>
  <s id="514">
    <time id="T410S" value="00:56:33,480" />
Så den timen da denne besverger velgerer og framtrede.
    <time id="T411E" value="00:56:40,480" />
  </s>
  <s id="515">
    <time id="T412S" value="00:56:41,040" />
Láthspell vere ditt navn.
  </s>
  <s id="516">
Dårlige tidender er en ond gjest.
    <time id="T412E" value="00:56:46,040" />
  </s>
  <s id="517">
    <time id="T413S" value="00:56:46,040" />
Stille med deg! 
  </s>
  <s id="518">
Gjem din stakkars tunge bak tennene dine.
    <time id="T413E" value="00:56:49,880" />
  </s>
  <s id="519">
    <time id="T414S" value="00:56:50,520" />
Jeg har ikke gått igjenom ild og død, bara for at snakke med dum mark.
    <time id="T414E" value="00:56:56,560" />
  </s>
  <s id="520">
    <time id="T415S" value="00:56:56,560" />
Hans stav jeg sa at dere skulle ta trollmannens stav.
    <time id="T416E" value="00:57:02,800" />
  </s>
  <s id="521">
    <time id="T417S" value="00:57:05,880" />
Théoden søn av Thengel.
    <time id="T418E" value="00:57:11,720" />
  </s>
  <s id="522">
    <time id="T419S" value="00:57:12,520" />
Alt for lenge har du sittet i skyggen.
    <time id="T419E" value="00:57:16,320" />
  </s>
  <s id="523">
    <time id="T420S" value="00:57:17,880" />
Jeg ville ligget stille, hvis jeg var deg.
    <time id="T420E" value="00:57:20,760" />
  </s>
  <s id="524">
    <time id="T421S" value="00:57:20,920" />
Hør på meg!
    <time id="T421E" value="00:57:23,240" />
  </s>
  <s id="525">
    <time id="T422S" value="00:57:28,240" />
Jeg befrir deg fra trolldommen.
    <time id="T422E" value="00:57:32,360" />
  </s>
  <s id="526">
    <time id="T423S" value="00:57:43,280" />
Du har ingen kraft her, Gandalf Den Grå.
    <time id="T423E" value="00:57:50,080" />
  </s>
  <s id="527">
    <time id="T424S" value="00:57:55,080" />
Jeg skal dra deg vekk, Saruman.
  </s>
  <s id="528">
På samme måte som gift bir tatt vekk fra et sår.
    <time id="T424E" value="00:58:02,000" />
  </s>
  <s id="529">
    <time id="T425S" value="00:58:08,880" />
Vent.
    <time id="T425E" value="00:58:10,600" />
  </s>
  <s id="530">
    <time id="T426S" value="00:58:11,880" />
Uten meg, så kommer Théoden til å dø.
    <time id="T426E" value="00:58:15,720" />
  </s>
  <s id="531">
    <time id="T427S" value="00:58:16,360" />
Du drepte ikke meg, og du kommer ikke til å drepe han heller.
    <time id="T427E" value="00:58:20,600" />
  </s>
  <s id="532">
    <time id="T428S" value="00:58:24,320" />
Rohan tilhører meg!
    <time id="T428E" value="00:58:26,840" />
  </s>
  <s id="533">
    <time id="T429S" value="00:58:27,200" />
Forsvinn!
    <time id="T429E" value="00:58:29,120" />
  </s>
  <s id="534">
    <time id="T430S" value="00:59:11,240" />
Jeg kjenner igjen ditt ansikt.
    <time id="T430E" value="00:59:15,040" />
  </s>
  <s id="535">
    <time id="T431S" value="00:59:17,760" />
Éowyn... 
  </s>
  <s id="536">
Éowyn.
    <time id="T431E" value="00:59:22,160" />
  </s>
  <s id="537">
    <time id="T432S" value="00:59:30,320" />
Gandalf...?
    <time id="T432E" value="00:59:31,920" />
  </s>
  <s id="538">
    <time id="T433S" value="00:59:31,920" />
Pust inn den friske luften igjen, min venn.
    <time id="T433E" value="00:59:35,760" />
  </s>
  <s id="539">
    <time id="T434S" value="00:59:47,480" />
Mine drømmer har vært mørke den siste tiden.
    <time id="T434E" value="00:59:51,320" />
  </s>
  <s id="540">
    <time id="T435S" value="00:59:54,000" />
Dine hender skulle få igjen sin styrke fortere, om de holdt i ditt sverd.
    <time id="T435E" value="01:00:00,600" />
  </s>
  <s id="541">
    <time id="T436S" value="01:00:44,040" />
Jeg har aldrig gjort noe annet enn å tjene deg, herre.
    <time id="T436E" value="01:00:48,760" />
  </s>
  <s id="542">
    <time id="T437S" value="01:00:48,960" />
Dine hekse kunster skulle fått meg til å bite meg som et dyr.
    <time id="T437E" value="01:00:54,320" />
  </s>
  <s id="543">
    <time id="T438S" value="01:00:54,880" />
Ikke send meg vekk.
    <time id="T438E" value="01:00:58,720" />
  </s>
  <s id="544">
    <time id="T439S" value="01:00:58,840" />
Nei, herre! 
  </s>
  <s id="545">
Nei!
    <time id="T439E" value="01:01:01,400" />
  </s>
  <s id="546">
    <time id="T440S" value="01:01:01,720" />
La han løpe. 
  </s>
  <s id="547">
Nok blod har flytet pågrunn av han.
    <time id="T440E" value="01:01:06,680" />
  </s>
  <s id="548">
    <time id="T441S" value="01:01:08,120" />
Ut av min vei!
    <time id="T441E" value="01:01:10,240" />
  </s>
  <s id="549">
    <time id="T442S" value="01:01:12,520" />
Leve Théoden Konge!
    <time id="T442E" value="01:01:15,400" />
  </s>
  <s id="550">
    <time id="T443S" value="01:01:39,200" />
Hvor er Théodred...?
    <time id="T443E" value="01:01:42,080" />
  </s>
  <s id="551">
    <time id="T444S" value="01:01:44,360" />
Hvor er min sønn...?
    <time id="T444E" value="01:01:46,880" />
  </s>
  <s id="552">
    <time id="T445S" value="01:01:50,720" />
Simbelmyne.
    <time id="T445E" value="01:01:52,640" />
  </s>
  <s id="553">
    <time id="T446S" value="01:01:57,040" />
Den har alltid vokst på gravene til mine forrfedere.
  </s>
  <s id="554">
Malin er KUUUL
    <time id="T446E" value="01:02:00,880" />
  </s>
  <s id="555">
    <time id="T447S" value="01:02:04,240" />
Nå skal den være på graven til min sønn.
    <time id="T447E" value="01:02:08,080" />
  </s>
  <s id="556">
    <time id="T448S" value="01:02:09,120" />
Akk, at jeg skulle leve under disse onde dagene.
    <time id="T448E" value="01:02:12,960" />
  </s>
  <s id="557">
    <time id="T449S" value="01:02:13,520" />
De unge går under, og de gamle blir igjen.
    <time id="T449E" value="01:02:17,360" />
  </s>
  <s id="558">
    <time id="T450S" value="01:02:18,440" />
At jeg skulle se de siste dagene av mitt hus.
    <time id="T450E" value="01:02:23,600" />
  </s>
  <s id="559">
    <time id="T451S" value="01:02:24,960" />
Théodreds død var ikke ditt værk.
    <time id="T451E" value="01:02:28,680" />
  </s>
  <s id="560">
    <time id="T452S" value="01:02:31,560" />
Ingen forelder burde få begrave sine barn.
    <time id="T452E" value="01:02:35,400" />
  </s>
  <s id="561">
    <time id="T453S" value="01:02:50,840" />
Han var sterk i livet Hans ånd vil komme inn i ditt faders rike.
    <time id="T454E" value="01:02:57,440" />
  </s>
  <s id="562">
    <time id="T455S" value="01:03:39,840" />
De var uforberedde og uten forsvar.
    <time id="T455E" value="01:03:43,480" />
  </s>
  <s id="563">
    <time id="T456S" value="01:03:44,360" />
Nå drar vildmennene gjenom Vestfold, og brenner alt i sin vei gårder, mat og trær.
    <time id="T457E" value="01:03:51,440" />
  </s>
  <s id="564">
    <time id="T458S" value="01:03:51,560" />
Hvor er mamma?
    <time id="T458E" value="01:03:53,640" />
  </s>
  <s id="565">
    <time id="T459S" value="01:03:54,440" />
Dette er bare en forsmak på hva slags terror Saruman vil slippe samtidig som Saurons skrekk sprer seg.
    <time id="T460E" value="01:04:03,240" />
  </s>
  <s id="566">
    <time id="T461S" value="01:04:04,400" />
Ri ut å møt han.
    <time id="T461E" value="01:04:07,680" />
  </s>
  <s id="567">
    <time id="T462S" value="01:04:07,960" />
Få han vekk fra kvinner og barn.
  </s>
  <s id="568">
Du må sloss.
    <time id="T462E" value="01:04:13,240" />
  </s>
  <s id="569">
    <time id="T463S" value="01:04:13,320" />
Du har 2000 menn som rir norover mens vi snakker.
    <time id="T463E" value="01:04:16,960" />
  </s>
  <s id="570">
    <time id="T464S" value="01:04:17,360" />
Éomer er trofast.
  </s>
  <s id="571">
Hans menn vil sloss for sin konge.
    <time id="T464E" value="01:04:21,680" />
  </s>
  <s id="572">
    <time id="T465S" value="01:04:21,680" />
De er 150 mil bort nå.
    <time id="T465E" value="01:04:25,480" />
  </s>
  <s id="573">
    <time id="T466S" value="01:04:29,160" />
Éomer kan ikke hjelpe oss nå.
    <time id="T466E" value="01:04:31,240" />
  </s>
  <s id="574">
    <time id="T467S" value="01:04:31,720" />
Jeg vet hva dere forventer dere, men jeg skal ikke gi mere død til mitt folk.
    <time id="T467E" value="01:04:37,000" />
  </s>
  <s id="575">
    <time id="T468S" value="01:04:38,080" />
Jeg kan ikke risikere åpen krig.
    <time id="T468E" value="01:04:41,880" />
  </s>
  <s id="576">
    <time id="T469S" value="01:04:42,200" />
Krigen har allerede startet, om du vill eller ikke.
    <time id="T469E" value="01:04:46,040" />
  </s>
  <s id="577">
    <time id="T470S" value="01:04:49,480" />
Såvitt jeg vet så er det Théoden og ikke Aragorn, som er konge av Rohan.
    <time id="T470E" value="01:04:55,520" />
  </s>
  <s id="578">
    <time id="T471S" value="01:05:01,640" />
Hva er da kongens besluttning?
    <time id="T471E" value="01:05:04,520" />
  </s>
  <s id="579">
    <time id="T472S" value="01:05:09,120" />
Byen skal tømmes, på befaling fra kongen!
    <time id="T472E" value="01:05:12,880" />
  </s>
  <s id="580">
    <time id="T473S" value="01:05:12,960" />
Vi søker tilflykt i Helms Klyfte!
    <time id="T473E" value="01:05:15,360" />
  </s>
  <s id="581">
    <time id="T474S" value="01:05:15,960" />
La deres verdi saker ligge, ta bare med dere de provisjonene dere trenger
    <time id="T474E" value="01:05:19,800" />
  </s>
  <s id="582">
    <time id="T475S" value="01:05:19,960" />
Helms Klyfte... 
  </s>
  <s id="583">
Dere burde bli å sloss, ikke rømme opp i fjellene.
    <time id="T475E" value="01:05:24,680" />
  </s>
  <s id="584">
    <time id="T476S" value="01:05:24,760" />
Hvem skal forsvare dem, om deres konge ikke gjør det?
    <time id="T476E" value="01:05:26,680" />
  </s>
  <s id="585">
    <time id="T477S" value="01:05:27,280" />
Han gjør det han tror er best for sitt filk.
  </s>
  <s id="586">
Helms Klyfte har reddet dem i fortiden.
    <time id="T477E" value="01:05:31,080" />
  </s>
  <s id="587">
    <time id="T478S" value="01:05:31,480" />
Men det finnes ikke noen vei ut fra klyften. 
  </s>
  <s id="588">
Théoden går rett inn i en felle.
    <time id="T478E" value="01:05:35,320" />
  </s>
  <s id="589">
    <time id="T479S" value="01:05:35,400" />
Han tror at de kommer til å være trygge der, men de kommer til å bli slaktede.
    <time id="T479E" value="01:05:40,680" />
  </s>
  <s id="590">
    <time id="T480S" value="01:05:41,280" />
Théoden har en sterk vilje, men jeg uroer meg for han Jeg uroer meg for Rohans overlevelse.
    <time id="T481E" value="01:05:47,480" />
  </s>
  <s id="591">
    <time id="T482S" value="01:05:48,280" />
Han kommer behøve deg, Aragorn...
  </s>
  <s id="592">
Rohans folk kommer til å behøve deg.
    <time id="T482E" value="01:05:53,840" />
  </s>
  <s id="593">
    <time id="T483S" value="01:05:54,400" />
Deres forsvar må stå i mot.
    <time id="T483E" value="01:05:57,680" />
  </s>
  <s id="594">
    <time id="T484S" value="01:05:58,160" />
Det kommer de til å gjøre.
    <time id="T484E" value="01:06:00,040" />
  </s>
  <s id="595">
    <time id="T485S" value="01:06:03,520" />
Den Grå Pilgrimmen brukte de å kalle meg.
    <time id="T485E" value="01:06:06,760" />
  </s>
  <s id="596">
    <time id="T486S" value="01:06:08,680" />
I 300 mannsalder har jeg vandret på denne jorden, og plutselig rekker ikke tiden til.
    <time id="T486E" value="01:06:14,560" />
  </s>
  <s id="597">
    <time id="T487S" value="01:06:15,120" />
Med flaks, så kommer mitt søk ikke til å være forgjeves.
    <time id="T487E" value="01:06:17,880" />
  </s>
  <s id="598">
    <time id="T488S" value="01:06:18,000" />
Hold øynene opende når det lyser den femte dagen.
    <time id="T488E" value="01:06:21,560" />
  </s>
  <s id="599">
    <time id="T489S" value="01:06:21,640" />
I morgen gryningen, se mot øst.
    <time id="T489E" value="01:06:24,040" />
  </s>
  <s id="600">
    <time id="T490S" value="01:06:24,520" />
Ri.
    <time id="T490E" value="01:06:26,440" />
  </s>
  <s id="601">
    <time id="T491S" value="01:07:00,960" />
Du er flink med sverdet.
    <time id="T491E" value="01:07:03,760" />
  </s>
  <s id="602">
    <time id="T492S" value="01:07:10,840" />
Kvinnene i dette landet har lært deg, at selvom du savner et sverd, så kan man bli et offer for et...
    <time id="T492E" value="01:07:15,520" />
  </s>
  <s id="603">
    <time id="T493S" value="01:07:15,640" />
Jeg frykter ikke døden eller smerte.
    <time id="T493E" value="01:07:18,600" />
  </s>
  <s id="604">
    <time id="T494S" value="01:07:18,800" />
Hva frykter du da, prinsesse?
    <time id="T494E" value="01:07:21,680" />
  </s>
  <s id="605">
    <time id="T495S" value="01:07:24,080" />
Et bur  likgyldighet, på grunn av alder og vane, bli bak gitter.
    <time id="T496E" value="01:07:30,960" />
  </s>
  <s id="606">
    <time id="T497S" value="01:07:31,080" />
viljen til og opptre som en helt skal dø.
    <time id="T497E" value="01:07:34,920" />
  </s>
  <s id="607">
    <time id="T498S" value="01:07:37,880" />
Du er datter til konger en beskytter av Rohan.
    <time id="T499E" value="01:07:44,960" />
  </s>
  <s id="608">
    <time id="T500S" value="01:07:49,280" />
Jeg tviler på at det kommer til å bli din skjebne.
    <time id="T500E" value="01:07:53,120" />
  </s>
  <s id="609">
    <time id="T501S" value="01:08:23,720" />
Théoden kommer ikke å bli i Edoras.
    <time id="T501E" value="01:08:26,560" />
  </s>
  <s id="610">
    <time id="T502S" value="01:08:26,680" />
Han vet at byen er sårbar og forventer et angrep mot den.
    <time id="T503E" value="01:08:32,040" />
  </s>
  <s id="611">
    <time id="T504S" value="01:08:32,920" />
De kommer til å rømme til Helms Klyfte, Rohans nærmeste festning.
    <time id="T504E" value="01:08:38,800" />
  </s>
  <s id="612">
    <time id="T505S" value="01:08:39,640" />
Veien gjenneom fjellene er farlige.
    <time id="T505E" value="01:08:43,480" />
  </s>
  <s id="613">
    <time id="T506S" value="01:08:45,200" />
Det kommer til å gå langsomt de kommer til å ha kvinner og barn med seg.
    <time id="T507E" value="01:08:51,040" />
  </s>
  <s id="614">
    <time id="T508S" value="01:08:55,040" />
Send ut ulve-ridderne.
    <time id="T508E" value="01:08:58,360" />
  </s>
  <s id="615">
    <time id="T509S" value="01:09:11,760" />
Stinky! 
  </s>
  <s id="616">
Hold deg i nærheten!
    <time id="T509E" value="01:09:14,520" />
  </s>
  <s id="617">
    <time id="T510S" value="01:09:14,520" />
-Hvorfor gjør du det?
  </s>
  <s id="618">
-Hva?
    <time id="T510E" value="01:09:17,520" />
  </s>
  <s id="619">
    <time id="T511S" value="01:09:17,520" />
Kaller han navn, trykker han ned.
    <time id="T511E" value="01:09:20,320" />
  </s>
  <s id="620">
    <time id="T512S" value="01:09:20,320" />
Fordi det er det han er, herr Frodo.
    <time id="T513E" value="01:09:25,960" />
  </s>
  <s id="621">
    <time id="T514S" value="01:09:25,960" />
Han har ingenting inni seg, annet en løgner og svik.
    <time id="T514E" value="01:09:28,440" />
  </s>
  <s id="622">
    <time id="T515S" value="01:09:28,440" />
Han er ute etter ringen... det er det eneste han bryr seg om.
    <time id="T515E" value="01:09:31,240" />
  </s>
  <s id="623">
    <time id="T516S" value="01:09:31,240" />
Du vet ingenting om hva den gjorde mot han...
  </s>
  <s id="624">
Hva den fortsatt gjør mot han.
    <time id="T516E" value="01:09:35,840" />
  </s>
  <s id="625">
    <time id="T517S" value="01:09:38,160" />
-Jeg vil hjelpe han, Sam.
  </s>
  <s id="626">
-Hvorfor?
    <time id="T517E" value="01:09:42,000" />
  </s>
  <s id="627">
    <time id="T518S" value="01:09:46,560" />
Jeg må tro at han kan bli bedere.
    <time id="T518E" value="01:09:49,840" />
  </s>
  <s id="628">
    <time id="T519S" value="01:09:53,560" />
-Du kan ikke redde han, herr Frodo?
  </s>
  <s id="629">
-Hva vet du om det?
    <time id="T519E" value="01:09:57,240" />
  </s>
  <s id="630">
    <time id="T520S" value="01:09:57,240" />
Ingenting!
    <time id="T520E" value="01:09:59,160" />
  </s>
  <s id="631">
    <time id="T521S" value="01:10:04,920" />
Unnskyld, Sam. 
  </s>
  <s id="632">
Jeg vet ikke hva som fikk meg til å si det.
    <time id="T521E" value="01:10:08,720" />
  </s>
  <s id="633">
    <time id="T522S" value="01:10:09,800" />
Men jeg vet det er Ringen.
    <time id="T523E" value="01:10:14,960" />
  </s>
  <s id="634">
    <time id="T524S" value="01:10:14,960" />
Du kaqn ikke ta øynene dine fra den.
  </s>
  <s id="635">
Jeg har sett det.
    <time id="T524E" value="01:10:18,800" />
  </s>
  <s id="636">
    <time id="T525S" value="01:10:19,520" />
Du spiser ingen ting... og du sover nesten ikke.
    <time id="T525E" value="01:10:23,400" />
  </s>
  <s id="637">
    <time id="T526S" value="01:10:25,040" />
Den inflydelsen over deg vokser.
  </s>
  <s id="638">
Du må kjempe.
    <time id="T526E" value="01:10:28,080" />
  </s>
  <s id="639">
    <time id="T527S" value="01:10:28,080" />
Jeg vet hva som kreves.
  </s>
  <s id="640">
Ringen ble gitt til meg.
    <time id="T527E" value="01:10:31,520" />
  </s>
  <s id="641">
    <time id="T528S" value="01:10:31,640" />
Den er mitt annsvar. 
  </s>
  <s id="642">
Min Min og ingen andres!
    <time id="T528E" value="01:10:35,400" />
  </s>
  <s id="643">
    <time id="T529S" value="01:10:35,480" />
Hør på deg selv... 
  </s>
  <s id="644">
Hører du ikke hvem du høres ut som?
    <time id="T529E" value="01:10:39,800" />
  </s>
  <s id="645">
    <time id="T530S" value="01:10:48,920" />
Vi vil ha den... vi behøver den...
    <time id="T530E" value="01:10:52,760" />
  </s>
  <s id="646">
    <time id="T531S" value="01:10:54,080" />
Må ha den vidunderlige...
    <time id="T531E" value="01:10:57,920" />
  </s>
  <s id="647">
    <time id="T532S" value="01:10:58,800" />
De stjal den fra oss de dumme små hobbitene.
    <time id="T533E" value="01:11:05,560" />
  </s>
  <s id="648">
    <time id="T534S" value="01:11:05,880" />
Slemme, forederiske og falske.
    <time id="T534E" value="01:11:09,240" />
  </s>
  <s id="649">
    <time id="T535S" value="01:11:09,840" />
Nei... ikke herre.
    <time id="T535E" value="01:11:12,560" />
  </s>
  <s id="650">
    <time id="T536S" value="01:11:13,000" />
Jo, min vidunderlige.
    <time id="T536E" value="01:11:16,840" />
  </s>
  <s id="651">
    <time id="T537S" value="01:11:16,920" />
...de kommer til å bedra deg, Skad deg og ta det med ro.
    <time id="T537E" value="01:11:21,240" />
  </s>
  <s id="652">
    <time id="T538S" value="01:11:22,280" />
Herre er min venn.
    <time id="T538E" value="01:11:24,520" />
  </s>
  <s id="653">
    <time id="T539S" value="01:11:24,560" />
Du har ingen venner. 
  </s>
  <s id="654">
Ingen liker deg.
    <time id="T539E" value="01:11:29,760" />
  </s>
  <s id="655">
    <time id="T540S" value="01:11:30,720" />
Hører ikke... jeg hører ikke.
    <time id="T540E" value="01:11:33,240" />
  </s>
  <s id="656">
    <time id="T541S" value="01:11:33,440" />
Du er en løyner og en tyv...
    <time id="T541E" value="01:11:37,640" />
  </s>
  <s id="657">
    <time id="T542S" value="01:11:37,920" />
Nei.
    <time id="T542E" value="01:11:39,760" />
  </s>
  <s id="658">
    <time id="T543S" value="01:11:40,080" />
Morder...
    <time id="T543E" value="01:11:42,840" />
  </s>
  <s id="659">
    <time id="T544S" value="01:11:45,520" />
-Gå vekk.
  </s>
  <s id="660">
-gå vekk?
  </s>
  <s id="661">
!
    <time id="T544E" value="01:11:49,360" />
  </s>
  <s id="662">
    <time id="T545S" value="01:11:50,680" />
Jeg hater deg... jeg hater deg.
    <time id="T545E" value="01:11:54,520" />
  </s>
  <s id="663">
    <time id="T546S" value="01:11:56,040" />
Hvor ville du vært uten meg?
  </s>
  <s id="664">
Gollum! 
  </s>
  <s id="665">
Gollum!
    <time id="T546E" value="01:11:59,520" />
  </s>
  <s id="666">
    <time id="T547S" value="01:11:59,560" />
Jeg reddet oss.
  </s>
  <s id="667">
Det var jeg.
    <time id="T547E" value="01:12:03,160" />
  </s>
  <s id="668">
    <time id="T548S" value="01:12:03,240" />
Vi overlevde takket være meg!
    <time id="T548E" value="01:12:06,800" />
  </s>
  <s id="669">
    <time id="T549S" value="01:12:07,000" />
Ikke nå lengere...
    <time id="T549E" value="01:12:09,880" />
  </s>
  <s id="670">
    <time id="T550S" value="01:12:11,680" />
Hva sa du?
    <time id="T550E" value="01:12:13,520" />
  </s>
  <s id="671">
    <time id="T551S" value="01:12:15,240" />
Herre tar vare på oss nå.
    <time id="T551E" value="01:12:18,480" />
  </s>
  <s id="672">
    <time id="T552S" value="01:12:19,040" />
Vi behøver deg ikke.
    <time id="T552E" value="01:12:22,920" />
  </s>
  <s id="673">
    <time id="T553S" value="01:12:22,920" />
Hva?
    <time id="T553E" value="01:12:24,240" />
  </s>
  <s id="674">
    <time id="T554S" value="01:12:24,520" />
Gå vekk, og aldrig kom tilbake.
    <time id="T554E" value="01:12:30,000" />
  </s>
  <s id="675">
    <time id="T555S" value="01:12:30,480" />
Nei!
    <time id="T555E" value="01:12:31,520" />
  </s>
  <s id="676">
    <time id="T556S" value="01:12:31,640" />
Gå vekk, og aldri kom tilbake!
    <time id="T556E" value="01:12:36,520" />
  </s>
  <s id="677">
    <time id="T557S" value="01:12:38,160" />
Gå vekk, og aldri kom tilbake!
    <time id="T557E" value="01:12:44,400" />
  </s>
  <s id="678">
    <time id="T558S" value="01:12:55,560" />
Vi... vi sa at han skulle forsvinne og han forsvant, vidunderlige.
    <time id="T559E" value="01:13:01,000" />
  </s>
  <s id="679">
    <time id="T560S" value="01:13:01,160" />
Borte! 
  </s>
  <s id="680">
Borte! 
  </s>
  <s id="681">
Borte!
    <time id="T560E" value="01:13:03,400" />
  </s>
  <s id="682">
    <time id="T561S" value="01:13:03,400" />
Sméagol er fri!
    <time id="T561E" value="01:13:06,640" />
  </s>
  <s id="683">
    <time id="T562S" value="01:13:09,520" />
Se... se hva Sméagol fant.
    <time id="T562E" value="01:13:15,160" />
  </s>
  <s id="684">
    <time id="T563S" value="01:13:24,520" />
De er unge og møre, de er herlige... ja det er de.
    <time id="T563E" value="01:13:30,080" />
  </s>
  <s id="685">
    <time id="T564S" value="01:13:30,240" />
spis dem... spis dem.
    <time id="T564E" value="01:13:32,640" />
  </s>
  <s id="686">
    <time id="T565S" value="01:13:34,840" />
Du gjør ham syk når du gjør det sånn.
    <time id="T565E" value="01:13:39,240" />
  </s>
  <s id="687">
    <time id="T566S" value="01:13:41,920" />
Det finnes bare en måte og spise en kanin.
    <time id="T566E" value="01:13:45,040" />
  </s>
  <s id="688">
    <time id="T567S" value="01:13:48,280" />
Hva holder han på med, dumme feite hobbit...
    <time id="T567E" value="01:13:52,080" />
  </s>
  <s id="689">
    <time id="T568S" value="01:13:53,040" />
Du ødelegger dem!
    <time id="T568E" value="01:13:55,040" />
  </s>
  <s id="690">
    <time id="T569S" value="01:13:55,520" />
Det er nesten ikke noe kjøtt å ødelegge.
    <time id="T569E" value="01:13:59,200" />
  </s>
  <s id="691">
    <time id="T570S" value="01:14:02,920" />
Det vi behøver er noen poteter.
    <time id="T570E" value="01:14:06,080" />
  </s>
  <s id="692">
    <time id="T571S" value="01:14:06,080" />
Hva er poteter, vidunderlige? 
  </s>
  <s id="693">
Hva er poteter?
    <time id="T571E" value="01:14:10,720" />
  </s>
  <s id="694">
    <time id="T572S" value="01:14:11,000" />
Po-te-ter!
    <time id="T572E" value="01:14:12,520" />
  </s>
  <s id="695">
    <time id="T573S" value="01:14:13,200" />
Til å koke og ha i en gryte.
    <time id="T573E" value="01:14:17,040" />
  </s>
  <s id="696">
    <time id="T574S" value="01:14:17,720" />
Herlige gyllenbrune skiver, å ha til stekt fisk.
    <time id="T574E" value="01:14:23,520" />
  </s>
  <s id="697">
    <time id="T575S" value="01:14:24,320" />
Tilogmed du kunne ikke si nei til det.
    <time id="T575E" value="01:14:26,320" />
  </s>
  <s id="698">
    <time id="T576S" value="01:14:26,320" />
Det skulle vi kunne gjort... ødelegge herlig fisk.
    <time id="T576E" value="01:14:31,560" />
  </s>
  <s id="699">
    <time id="T577S" value="01:14:33,240" />
Vi vil ha den rå... og spellende.
    <time id="T577E" value="01:14:38,720" />
  </s>
  <s id="700">
    <time id="T578S" value="01:14:39,000" />
ekkle skiver kan du beholde for deg selv.
    <time id="T578E" value="01:14:42,360" />
  </s>
  <s id="701">
    <time id="T579S" value="01:14:42,920" />
Du er håpløs...
    <time id="T579E" value="01:14:45,800" />
  </s>
  <s id="702">
    <time id="T580S" value="01:14:57,040" />
Herr Frodo?
  </s>
  <s id="703">
!
    <time id="T580E" value="01:14:58,960" />
  </s>
  <s id="704">
    <time id="T581S" value="01:15:15,520" />
-Hvem er det der?
  </s>
  <s id="705">
-Slemme mennesker de tjener Sauron.
    <time id="T582E" value="01:15:19,960" />
  </s>
  <s id="706">
    <time id="T583S" value="01:15:21,280" />
De er på vei til Mordor.
    <time id="T583E" value="01:15:23,080" />
  </s>
  <s id="707">
    <time id="T584S" value="01:15:23,560" />
Den Svarte samler alle sine arméer snart kommer han til og være klar.
    <time id="T585E" value="01:15:30,560" />
  </s>
  <s id="708">
    <time id="T586S" value="01:15:31,280" />
-Klar til hva?
  </s>
  <s id="709">
-Klar til sin krig den siste krigen som kommer- til å legge hele verden i skygger.
    <time id="T587E" value="01:15:39,720" />
  </s>
  <s id="710">
    <time id="T588S" value="01:15:40,200" />
Vi må røre på oss. 
  </s>
  <s id="711">
Kom, Sam.
    <time id="T588E" value="01:15:42,880" />
  </s>
  <s id="712">
    <time id="T589S" value="01:15:43,240" />
Herr Frodo... se!
    <time id="T589E" value="01:15:45,760" />
  </s>
  <s id="713">
    <time id="T590S" value="01:15:49,880" />
Det er en olifant.
    <time id="T590E" value="01:15:52,160" />
  </s>
  <s id="714">
    <time id="T591S" value="01:16:00,040" />
Ingen der hjemme vil tro oss.
    <time id="T591E" value="01:16:03,200" />
  </s>
  <s id="715">
    <time id="T592S" value="01:16:13,480" />
Sméagol...?
    <time id="T592E" value="01:16:15,040" />
  </s>
  <s id="716">
    <time id="T593S" value="01:16:54,040" />
Vi har vært her lenge nok.
    <time id="T593E" value="01:16:56,920" />
  </s>
  <s id="717">
    <time id="T594S" value="01:16:59,480" />
Kom nå, Sam!
    <time id="T594E" value="01:17:02,480" />
  </s>
  <s id="718">
    <time id="T595S" value="01:17:16,480" />
Bind dem.
    <time id="T595E" value="01:17:18,280" />
  </s>
  <s id="719">
    <time id="T596S" value="01:17:26,840" />
Det är sant at man ser ikke ofte noen dverg-kvinner.
  </s>
  <s id="720">
Og fakta er at de er så like - 
    <time id="T597S" value="01:17:31,440" />
  </s>
  <s id="721">
- Både i stemmen og utseende, at de ofte blir tatt for dverge-menn.
    <time id="T597E" value="01:17:36,040" />
  </s>
  <s id="722">
    <time id="T598S" value="01:17:36,800" />
Det er pågunn av skjegget...
    <time id="T598E" value="01:17:38,720" />
  </s>
  <s id="723">
    <time id="T599S" value="01:17:38,920" />
Det er så lett å tro, at det er noen som tror at det ikke finnes noen dverge-kvinner og dverger bare popper opp fra hull i Bakken.
    <time id="T600E" value="01:17:47,840" />
  </s>
  <s id="724">
    <time id="T601S" value="01:17:49,640" />
som selvfølgelig er fullstendig feil.
    <time id="T601E" value="01:17:53,200" />
  </s>
  <s id="725">
    <time id="T602S" value="01:17:57,560" />
Jeg har det bra... ingen panikk det var med vilje, det var med vilje..
    <time id="T603E" value="01:18:03,480" />
  </s>
  <s id="726">
    <time id="T604S" value="01:18:20,360" />
Aftenstjernens glans forandres ikke.
    <time id="T604E" value="01:18:23,240" />
  </s>
  <s id="727">
    <time id="T605S" value="01:18:24,960" />
Den er min som jeg kan gi til hvem jeg vil.
    <time id="T605E" value="01:18:28,800" />
  </s>
  <s id="728">
    <time id="T606S" value="01:18:30,080" />
som mitt hjerte.
    <time id="T606E" value="01:18:33,000" />
  </s>
  <s id="729">
    <time id="T607S" value="01:18:33,880" />
-Sov.
  </s>
  <s id="730">
-Jeg sover allerede.
    <time id="T607E" value="01:18:37,720" />
  </s>
  <s id="731">
    <time id="T608S" value="01:18:45,200" />
Dette er en drøm.
    <time id="T608E" value="01:18:47,880" />
  </s>
  <s id="732">
    <time id="T609S" value="01:18:49,320" />
Da er det en god drøm.
    <time id="T609E" value="01:18:52,360" />
  </s>
  <s id="733">
    <time id="T610S" value="01:19:03,960" />
Sov...
    <time id="T610E" value="01:19:06,000" />
  </s>
  <s id="734">
    <time id="T611S" value="01:19:29,400" />
Du sa en gang at dennne dagen skulle komme.
    <time id="T612E" value="01:19:36,200" />
  </s>
  <s id="735">
    <time id="T613S" value="01:19:36,400" />
Det her er ikke slutten...
  </s>
  <s id="736">
det er begynnelsen.
    <time id="T613E" value="01:19:39,280" />
  </s>
  <s id="737">
    <time id="T614S" value="01:19:39,360" />
Du må følge Frodo.
    <time id="T614E" value="01:19:41,280" />
  </s>
  <s id="738">
    <time id="T615S" value="01:19:41,760" />
Det er din vei.
    <time id="T615E" value="01:19:43,680" />
  </s>
  <s id="739">
    <time id="T616S" value="01:19:53,960" />
Min vei er gjemt forran meg.
    <time id="T616E" value="01:19:55,880" />
  </s>
  <s id="740">
    <time id="T617S" value="01:19:57,080" />
den er allerede lagt forran deg.
    <time id="T617E" value="01:20:00,000" />
  </s>
  <s id="741">
    <time id="T618S" value="01:20:00,840" />
Du kan ikke dette nå.
    <time id="T618E" value="01:20:02,760" />
  </s>
  <s id="742">
    <time id="T619S" value="01:20:06,320" />
Arwen...
    <time id="T619E" value="01:20:08,080" />
  </s>
  <s id="743">
    <time id="T620S" value="01:20:10,040" />
Om du ikke stoler på noe annet så stol på dette stol på oss.
    <time id="T622E" value="01:20:17,520" />
  </s>
  <s id="744">
    <time id="T623S" value="01:20:55,400" />
Hvor er hun...?
    <time id="T623E" value="01:20:57,320" />
  </s>
  <s id="745">
    <time id="T624S" value="01:20:58,200" />
Kvinnen som ga deg det smykke?
    <time id="T624E" value="01:21:01,840" />
  </s>
  <s id="746">
    <time id="T625S" value="01:21:03,840" />
Vår tid her nærmer seg sin slutt.
    <time id="T625E" value="01:21:06,720" />
  </s>
  <s id="747">
    <time id="T626S" value="01:21:07,320" />
Arwens tid nærmer seg slutten.
    <time id="T626E" value="01:21:10,280" />
  </s>
  <s id="748">
    <time id="T627S" value="01:21:10,280" />
La henne gå.
  </s>
  <s id="749">
La henne seile vestover, og ta med sin kjærlighet til deg   til de udødeliges land, derden alltid kommer til og bevares.
    <time id="T628E" value="01:21:19,560" />
  </s>
  <s id="750">
    <time id="T629S" value="01:21:20,040" />
Men aldri annet enn et minne.
    <time id="T629E" value="01:21:23,560" />
  </s>
  <s id="751">
    <time id="T630S" value="01:21:23,560" />
Jeg lar ikke min datter bli igjen her for å dø.
    <time id="T630E" value="01:21:26,200" />
  </s>
  <s id="752">
    <time id="T631S" value="01:21:26,680" />
-Hun blir for at hunkjenner håp.
  </s>
  <s id="753">
-Hun blir pågrunn av deg   men hun hører hjemme hos sitt folk.
    <time id="T632E" value="01:21:33,080" />
  </s>
  <s id="754">
    <time id="T633S" value="01:21:37,320" />
Du kan leve et annet liv langt fra krig... sorg... fortvivlelse.
    <time id="T634E" value="01:21:46,840" />
  </s>
  <s id="755">
    <time id="T635S" value="01:21:47,680" />
Hvorfor sier du dette?
    <time id="T635E" value="01:21:50,360" />
  </s>
  <s id="756">
    <time id="T636S" value="01:21:50,840" />
Jeg er dødelig, du er av alve-slekt.
    <time id="T636E" value="01:21:54,320" />
  </s>
  <s id="757">
    <time id="T637S" value="01:21:56,520" />
Det var en drøm Arwen, ingenting mer.
    <time id="T637E" value="01:22:01,320" />
  </s>
  <s id="758">
    <time id="T638S" value="01:22:09,520" />
Det her tilhøre deg.
    <time id="T638E" value="01:22:12,720" />
  </s>
  <s id="759">
    <time id="T639S" value="01:22:13,880" />
Det var en gåva. 
  </s>
  <s id="760">
Behold det.
    <time id="T639E" value="01:22:19,240" />
  </s>
  <s id="761">
    <time id="T640S" value="01:22:21,840" />
Herre...
    <time id="T640E" value="01:22:23,760" />
  </s>
  <s id="762">
    <time id="T641S" value="01:22:25,760" />
Hun seiler mot de udødeliges land, med resten av sitt folk.
    <time id="T641E" value="01:22:30,040" />
  </s>
  <s id="763">
    <time id="T642S" value="01:22:52,520" />
Hva er det?
    <time id="T642E" value="01:22:54,800" />
  </s>
  <s id="764">
    <time id="T643S" value="01:22:55,400" />
Háma...?
    <time id="T643E" value="01:22:56,360" />
  </s>
  <s id="765">
    <time id="T644S" value="01:22:56,520" />
Jeg er ikke sikker.
    <time id="T644E" value="01:22:58,760" />
  </s>
  <s id="766">
    <time id="T645S" value="01:23:27,320" />
En speider!
    <time id="T645E" value="01:23:29,360" />
  </s>
  <s id="767">
    <time id="T646S" value="01:23:35,040" />
-Hva skjer?
  </s>
  <s id="768">
-Ulver! 
  </s>
  <s id="769">
Vi blir angrepet!
    <time id="T646E" value="01:23:38,920" />
  </s>
  <s id="770">
    <time id="T647S" value="01:23:45,280" />
Alle ryttere lengst fram!
    <time id="T647E" value="01:23:47,200" />
  </s>
  <s id="771">
    <time id="T648S" value="01:23:47,520" />
Få meg opp, jeg er en ridder.
    <time id="T648E" value="01:23:51,400" />
  </s>
  <s id="772">
    <time id="T649S" value="01:24:02,920" />
Du må føre alle til Helms Klyfte. 
  </s>
  <s id="773">
Og gjør det fort.
    <time id="T649E" value="01:24:05,520" />
  </s>
  <s id="774">
    <time id="T650S" value="01:24:05,680" />
-Jag kan sloss.
  </s>
  <s id="775">
-Nei!
    <time id="T650E" value="01:24:08,840" />
  </s>
  <s id="776">
    <time id="T651S" value="01:24:09,520" />
Gjør dette, for min skyld.
    <time id="T651E" value="01:24:11,360" />
  </s>
  <s id="777">
    <time id="T652S" value="01:24:13,360" />
Følg meg!
    <time id="T652E" value="01:24:15,200" />
  </s>
  <meta>
    <source>
      <genre>Action,Adventure,Drama</genre>
      <original>English, Sindarin, Old English</original>
      <duration>179</duration>
      <cds>1/1</cds>
      <country>USA, New Zealand</country>
      <HD>0</HD>
      <year>2002</year>
    </source>
    <conversion>
      <unknown_words>0</unknown_words>
      <tokens>5514</tokens>
      <truecased_words>7</truecased_words>
      <encoding>windows-1252</encoding>
      <ignored_blocks>1</ignored_blocks>
      <sentences>777</sentences>
      <corrected_words>0</corrected_words>
    </conversion>
    <subtitle>
      <machine_translated>0</machine_translated>
      <version>0</version>
      <duration>01:24:15,200</duration>
      <language>Norwegian</language>
      <date>2003-01-24</date>
      <rating>0.0</rating>
      <confidence>1.0</confidence>
      <blocks>652</blocks>
    </subtitle>
  </meta>
</document>
