<?xml version="1.0" encoding="utf-8"?>
<document id="47465">
  <s id="1">
    <time id="T1S" value="00:01:56,680" />
Du kalte pâ meg, Zeus.
    <time id="T1E" value="00:01:59,274" />
  </s>
  <s id="2">
    <time id="T2S" value="00:01:59,440" />
Vi har problemer â ta oss av, Lang.
    <time id="T2E" value="00:02:04,036" />
  </s>
  <s id="3">
    <time id="T3S" value="00:02:04,200" />
Du er min mektigste kriger. - 
    <time id="T4S" value="00:02:07,960" />
  </s>
  <s id="4">
- Men jeg modifiserte en annen f0r deg: 
  </s>
  <s id="5">
Kan Fung.
    <time id="T4E" value="00:02:11,316" />
  </s>
  <s id="6">
    <time id="T5S" value="00:02:11,480" />
Han fikk samme genetisk e behandling som deg. - 
    <time id="T6S" value="00:02:14,520" />
  </s>
  <s id="7">
- Men han har dessverre r0mt.
    <time id="T6E" value="00:02:17,876" />
  </s>
  <s id="8">
    <time id="T7S" value="00:02:19,000" />
Hvor til?
    <time id="T7E" value="00:02:20,353" />
  </s>
  <s id="9">
    <time id="T8S" value="00:02:21,320" />
Jeg har sporet ham gjennom flere land.
    <time id="T8E" value="00:02:24,039" />
  </s>
  <s id="10">
    <time id="T9S" value="00:02:24,200" />
Han s0k er en genetik er som kan styre mutasjonsgenet jeg ga ham.
    <time id="T9E" value="00:02:29,911" />
  </s>
  <s id="11">
    <time id="T10S" value="00:02:30,720" />
Disse forsk erne mâ elimineres f0r han fâr k ontaktet dem.
    <time id="T10E" value="00:02:36,397" />
  </s>
  <s id="12">
    <time id="T11S" value="00:02:37,600" />
Interessant.
    <time id="T11E" value="00:02:39,113" />
  </s>
  <s id="13">
    <time id="T12S" value="00:02:39,280" />
Du og Kan Fung er historiens beste leiesoldater. - 
    <time id="T13S" value="00:02:43,520" />
  </s>
  <s id="14">
- Men Kan Fung bruk er sine krefter i det godes tjeneste.
    <time id="T13E" value="00:02:47,479" />
  </s>
  <s id="15">
    <time id="T14S" value="00:02:47,640" />
Han er blitt en mask ert borgerverner. 
  </s>
  <s id="16">
F0r ham til meg.
    <time id="T14E" value="00:02:52,555" />
  </s>
  <s id="17">
    <time id="T15S" value="00:02:54,040" />
Levende.
    <time id="T15E" value="00:02:55,951" />
  </s>
  <s id="18">
    <time id="T16S" value="00:04:15,520" />
Soma forskningsinstitutt
    <time id="T16E" value="00:04:19,479" />
  </s>
  <s id="19">
    <time id="T17S" value="00:04:35,080" />
Samme resultat igjen? 
  </s>
  <s id="20">
Herregud...
    <time id="T17E" value="00:04:37,799" />
  </s>
  <s id="21">
    <time id="T18S" value="00:04:37,960" />
Gud hadde ikke noe med dette â gj0re, Dr. Ichien.
    <time id="T18E" value="00:04:43,080" />
  </s>
  <s id="22">
    <time id="T19S" value="00:04:43,240" />
Hvem er du?
    <time id="T19E" value="00:04:44,958" />
  </s>
  <s id="23">
    <time id="T20S" value="00:04:45,120" />
For ti dager siden fikk du en blodpr0ve.
    <time id="T20E" value="00:04:48,999" />
  </s>
  <s id="24">
    <time id="T21S" value="00:04:49,160" />
Er den din?
    <time id="T21E" value="00:04:51,879" />
  </s>
  <s id="25">
    <time id="T22S" value="00:05:00,520" />
Hvorfor?
    <time id="T22E" value="00:05:02,238" />
  </s>
  <s id="26">
    <time id="T23S" value="00:05:02,400" />
Jeg stoler ikke pâ folk som gâr med maske.
    <time id="T23E" value="00:05:07,793" />
  </s>
  <s id="27">
    <time id="T24S" value="00:05:09,240" />
Saerlig ikke nâ.
    <time id="T24E" value="00:05:11,993" />
  </s>
  <s id="28">
    <time id="T25S" value="00:05:14,360" />
Fire framstâende genetikere er blitt drept- 
    <time id="T26S" value="00:05:20,320" />
  </s>
  <s id="29">
- I forskjellige land.
    <time id="T26E" value="00:05:22,709" />
  </s>
  <s id="30">
    <time id="T27S" value="00:05:22,880" />
Hvorfor gjorde du det?
    <time id="T27E" value="00:05:26,634" />
  </s>
  <s id="31">
    <time id="T28S" value="00:05:26,800" />
De ble drept f0r jeg rakk â kontakte dem.
    <time id="T28E" value="00:05:33,478" />
  </s>
  <s id="32">
    <time id="T29S" value="00:05:33,640" />
Mine fiender har en liste over genetikere som deg.
    <time id="T29E" value="00:05:39,476" />
  </s>
  <s id="33">
    <time id="T30S" value="00:05:39,640" />
Er de ute etter meg nâ? 
  </s>
  <s id="34">
Svar!
    <time id="T30E" value="00:05:45,954" />
  </s>
  <s id="35">
    <time id="T31S" value="00:05:49,480" />
Ikke drep meg!
    <time id="T31E" value="00:05:51,789" />
  </s>
  <s id="36">
    <time id="T32S" value="00:06:04,360" />
Hent bilen din! 
  </s>
  <s id="37">
Jeg tar meg av dem!
    <time id="T32E" value="00:06:08,194" />
  </s>
  <s id="38">
    <time id="T33S" value="00:07:04,720" />
Denne veien! 
  </s>
  <s id="39">
Fort!
    <time id="T33E" value="00:07:06,711" />
  </s>
  <s id="40">
    <time id="T34S" value="00:07:10,800" />
Denne veien! 
  </s>
  <s id="41">
Fort!
    <time id="T34E" value="00:07:12,438" />
  </s>
  <s id="42">
    <time id="T35S" value="00:07:20,280" />
La ham l0pe. 
  </s>
  <s id="43">
Han vet ikke noe.
    <time id="T35E" value="00:07:24,034" />
  </s>
  <s id="44">
    <time id="T36S" value="00:07:40,920" />
Ikke skyld pâ meg.
  </s>
  <s id="45">
Det var din feil at han ble drept.
    <time id="T36E" value="00:07:44,833" />
  </s>
  <s id="46">
    <time id="T37S" value="00:07:45,000" />
Hadde du ikke vaert her, ville jeg ikke skutt ham.
    <time id="T37E" value="00:07:48,276" />
  </s>
  <s id="47">
    <time id="T38S" value="00:07:48,440" />
Utgiftene ville blitt lavere.
  </s>
  <s id="48">
Én kule mindre.
    <time id="T38E" value="00:07:52,592" />
  </s>
  <s id="49">
    <time id="T39S" value="00:08:15,480" />
Du er en av oss, Kan!
  </s>
  <s id="50">
Det kommer du alltid til â vaere!
    <time id="T39E" value="00:08:19,758" />
  </s>
  <s id="51">
    <time id="T40S" value="00:08:24,600" />
Du er min.
    <time id="T40E" value="00:08:26,670" />
  </s>
  <s id="52">
    <time id="T41S" value="00:08:43,680" />
Utakknemlige drittsekk.
    <time id="T41E" value="00:08:46,353" />
  </s>
  <s id="53">
    <time id="T42S" value="00:08:49,200" />
B City
    <time id="T42E" value="00:08:51,475" />
  </s>
  <s id="54">
    <time id="T43S" value="00:08:53,880" />
ROTHGON FORSKNINGSSENTER 12.12. 
  </s>
  <s id="55">
De bestrâIte vertscellene har mutert til femte stadium.
    <time id="T44E" value="00:08:59,952" />
  </s>
  <s id="56">
    <time id="T45S" value="00:09:01,680" />
12.17.
  </s>
  <s id="57">
Tilsetter mutasjonshemmer 154.
    <time id="T45E" value="00:09:08,199" />
  </s>
  <s id="58">
    <time id="T46S" value="00:09:14,120" />
12.21. 
  </s>
  <s id="59">
Vertscellene har forandret seg.
    <time id="T46E" value="00:09:19,240" />
  </s>
  <s id="60">
    <time id="T47S" value="00:09:20,120" />
Hemmer G-154 er uten virkning.
    <time id="T47E" value="00:09:23,874" />
  </s>
  <s id="61">
    <time id="T48S" value="00:09:39,760" />
Pakke til Dr. Leung.
    <time id="T48E" value="00:09:42,035" />
  </s>
  <s id="62">
    <time id="T49S" value="00:09:46,000" />
Det er nok til deg.
  </s>
  <s id="63">
Ingen avsender, men...
    <time id="T49E" value="00:09:50,312" />
  </s>
  <s id="64">
    <time id="T50S" value="00:09:53,720" />
Du...
    <time id="T50E" value="00:09:55,472" />
  </s>
  <s id="65">
    <time id="T51S" value="00:09:56,240" />
Jeg vet at du har jobbet hardt i det siste.
    <time id="T51E" value="00:09:59,516" />
  </s>
  <s id="66">
    <time id="T52S" value="00:09:59,680" />
Kan vi ikke gâ ut og slappe av litt?
    <time id="T52E" value="00:10:02,911" />
  </s>
  <s id="67">
    <time id="T53S" value="00:10:03,080" />
Skal vi spise lunsj sammen?
    <time id="T53E" value="00:10:06,277" />
  </s>
  <s id="68">
    <time id="T54S" value="00:10:08,520" />
Gj0r et unntak, for én gangs skyld.
    <time id="T54E" value="00:10:13,150" />
  </s>
  <s id="69">
    <time id="T55S" value="00:10:17,200" />
Er du forn0yd nâ?
    <time id="T55E" value="00:10:19,794" />
  </s>
  <s id="70">
    <time id="T56S" value="00:10:19,960" />
- Jeg trodde ikke at det ville skje.
  </s>
  <s id="71">
- Ja vel, men nâ vet du det.
    <time id="T56E" value="00:10:26,308" />
  </s>
  <s id="72">
    <time id="T57S" value="00:10:27,480" />
Hvorfor fordamper blodet? 
  </s>
  <s id="73">
Det koker!
    <time id="T57E" value="00:10:31,234" />
  </s>
  <s id="74">
    <time id="T58S" value="00:10:32,120" />
Umulig. 
  </s>
  <s id="75">
Det mâ vaere en kjemisk reaksjon med luften.
    <time id="T58E" value="00:10:36,716" />
  </s>
  <s id="76">
    <time id="T59S" value="00:10:36,880" />
Fosfor gj0r det. 
  </s>
  <s id="77">
Ikke blod.
    <time id="T59E" value="00:10:40,714" />
  </s>
  <s id="78">
    <time id="T60S" value="00:10:40,880" />
Det er vel ikke blod, da.
    <time id="T60E" value="00:10:43,713" />
  </s>
  <s id="79">
    <time id="T61S" value="00:10:44,640" />
Jeg er sâ lei for dette.
    <time id="T61E" value="00:10:47,473" />
  </s>
  <s id="80">
    <time id="T62S" value="00:10:47,640" />
Kan du gi meg en sjanse til?
  </s>
  <s id="81">
En 0rliten en.
    <time id="T62E" value="00:10:51,633" />
  </s>
  <s id="82">
    <time id="T63S" value="00:10:51,800" />
- Pâ én betingelse.
  </s>
  <s id="83">
- Hva som helst.
    <time id="T63E" value="00:10:53,916" />
  </s>
  <s id="84">
    <time id="T64S" value="00:10:54,080" />
Forsvinn. 
  </s>
  <s id="85">
Klarer du det?
    <time id="T64E" value="00:10:57,629" />
  </s>
  <s id="86">
    <time id="T65S" value="00:10:57,800" />
- For alltid?
  </s>
  <s id="87">
- Ett d0gn, sâ jeg fâr gjort noe.
    <time id="T65E" value="00:11:03,158" />
  </s>
  <s id="88">
    <time id="T66S" value="00:11:05,320" />
Greit nok.
    <time id="T66E" value="00:11:07,754" />
  </s>
  <s id="89">
    <time id="T67S" value="00:11:17,480" />
Marco Leung.
    <time id="T67E" value="00:11:19,277" />
  </s>
  <s id="90">
    <time id="T68S" value="00:11:19,440" />
Er du alene?
    <time id="T68E" value="00:11:21,271" />
  </s>
  <s id="91">
    <time id="T69S" value="00:11:21,440" />
- Hva behager?
  </s>
  <s id="92">
- Er du alene?
    <time id="T69E" value="00:11:24,398" />
  </s>
  <s id="93">
    <time id="T70S" value="00:11:27,640" />
Veldig morsomt! 
  </s>
  <s id="94">
Ha det.
    <time id="T70E" value="00:11:31,269" />
  </s>
  <s id="95">
    <time id="T71S" value="00:11:42,320" />
B City syder av liv, fans av fribryting samles i...
    <time id="T71E" value="00:11:46,393" />
  </s>
  <s id="96">
    <time id="T72S" value="00:11:46,560" />
Folk fra hele landet har pr0vd â fâ billetter- 
    <time id="T73S" value="00:11:50,560" />
  </s>
  <s id="97">
- Til ârets râeste bryteshow.
    <time id="T73E" value="00:11:53,233" />
  </s>
  <s id="98">
    <time id="T74S" value="00:11:53,400" />
God aften, brytefans!
    <time id="T74E" value="00:11:55,311" />
  </s>
  <s id="99">
    <time id="T75S" value="00:11:55,480" />
Super World Championship Wrestling Federation presenterer:
    <time id="T75E" value="00:12:00,759" />
  </s>
  <s id="100">
    <time id="T76S" value="00:12:00,920" />
Smashmouth 2002!
    <time id="T76E" value="00:12:03,992" />
  </s>
  <s id="101">
    <time id="T77S" value="00:12:04,160" />
Ârtusenets st0rste begivenhet!
    <time id="T77E" value="00:12:07,869" />
  </s>
  <s id="102">
    <time id="T78S" value="00:12:08,040" />
Det stemmer, dere vil fâ se framtidens bryter, en ny kriger for en ny tidsalder.
    <time id="T79E" value="00:12:16,075" />
  </s>
  <s id="103">
    <time id="T80S" value="00:12:16,240" />
Raskere, sterkere og râere- 
    <time id="T81S" value="00:12:19,120" />
  </s>
  <s id="104">
- Enn noe dere noen gang har sett mose brytere i ringen!
    <time id="T81E" value="00:12:22,715" />
  </s>
  <s id="105">
    <time id="T82S" value="00:12:36,880" />
Hvordan har min lille Iguana det?
    <time id="T82E" value="00:12:39,758" />
  </s>
  <s id="106">
    <time id="T83S" value="00:12:40,880" />
Jeg er skikkelig tent.
    <time id="T83E" value="00:12:43,758" />
  </s>
  <s id="107">
    <time id="T84S" value="00:12:43,920" />
Fâ det til â vare lenge.
  </s>
  <s id="108">
Fansen vil se deg banke Hellraiser.
    <time id="T84E" value="00:12:49,552" />
  </s>
  <s id="109">
    <time id="T85S" value="00:12:49,720" />
Jeg skal gi dem alt jeg har.
    <time id="T85E" value="00:12:53,235" />
  </s>
  <s id="110">
    <time id="T86S" value="00:12:57,960" />
Ta inn pâ et hotell!
    <time id="T86E" value="00:13:00,315" />
  </s>
  <s id="111">
    <time id="T87S" value="00:13:02,320" />
H0r etter, folkens!
  </s>
  <s id="112">
Er dere klare til â falle?
  </s>
  <s id="113">
!
    <time id="T87E" value="00:13:09,237" />
  </s>
  <s id="114">
    <time id="T88S" value="00:13:11,400" />
Hva slags lunkent pisspreik er det?
    <time id="T88E" value="00:13:15,552" />
  </s>
  <s id="115">
    <time id="T89S" value="00:13:15,720" />
Det er 25 000 tilskuere der ute, det vil si 0,0025 prosent av det st0rste markedet i hele den ford0mte verden!
    <time id="T90E" value="00:13:27,631" />
  </s>
  <s id="116">
    <time id="T91S" value="00:13:35,320" />
Sânn, det var mye bedre.
    <time id="T91E" value="00:13:38,392" />
  </s>
  <s id="117">
    <time id="T92S" value="00:13:38,560" />
Gj0r dem helt ville.
    <time id="T92E" value="00:13:41,199" />
  </s>
  <s id="118">
    <time id="T93S" value="00:13:41,360" />
Jentene skal hviske deres navn nâr de fâr seg et nummer.
    <time id="T93E" value="00:13:45,512" />
  </s>
  <s id="119">
    <time id="T94S" value="00:13:45,680" />
Gutta skal sette klistremerker med navnet deres pâ sine biler.
    <time id="T94E" value="00:13:51,118" />
  </s>
  <s id="120">
    <time id="T95S" value="00:13:51,280" />
Dere skal vise dem hva bryting er.
    <time id="T95E" value="00:13:54,317" />
  </s>
  <s id="121">
    <time id="T96S" value="00:13:54,480" />
Vis dem hvem dere er!
    <time id="T96E" value="00:13:57,552" />
  </s>
  <s id="122">
    <time id="T97S" value="00:13:57,720" />
Hvem er dere?
  </s>
  <s id="123">
!
    <time id="T97E" value="00:13:59,711" />
  </s>
  <s id="124">
    <time id="T98S" value="00:14:03,640" />
Wolf.
    <time id="T98E" value="00:14:05,995" />
  </s>
  <s id="125">
    <time id="T99S" value="00:14:12,040" />
Snake.
    <time id="T99E" value="00:14:14,429" />
  </s>
  <s id="126">
    <time id="T100S" value="00:14:21,120" />
Claw.
    <time id="T100E" value="00:14:23,236" />
  </s>
  <s id="127">
    <time id="T101S" value="00:14:25,840" />
- Chameleon.
  </s>
  <s id="128">
- Iguana.
    <time id="T101E" value="00:14:29,355" />
  </s>
  <s id="129">
    <time id="T102S" value="00:14:42,880" />
Pappa!
    <time id="T102E" value="00:14:44,598" />
  </s>
  <s id="130">
    <time id="T103S" value="00:14:44,760" />
Hei, der er den lille helten min.
    <time id="T103E" value="00:14:47,228" />
  </s>
  <s id="131">
    <time id="T104S" value="00:14:47,400" />
- Hvordan gâr det?
  </s>
  <s id="132">
- Bare bra. 
  </s>
  <s id="133">
Og med deg?
    <time id="T104E" value="00:14:52,269" />
  </s>
  <s id="134">
    <time id="T105S" value="00:14:52,440" />
Jeg er i toppform.
  </s>
  <s id="135">
Det blir et suverent show.
    <time id="T105E" value="00:14:55,432" />
  </s>
  <s id="136">
    <time id="T106S" value="00:14:55,600" />
Den râeste av de râ:
  </s>
  <s id="137">
Hellraiser-de d0des k onge!
    <time id="T106E" value="00:15:00,879" />
  </s>
  <s id="138">
    <time id="T107S" value="00:15:02,600" />
Skal de noen gang la deg bli en av de snille igjen?
    <time id="T107E" value="00:15:07,116" />
  </s>
  <s id="139">
    <time id="T108S" value="00:15:07,280" />
Hvorfor skulle jeg 0nske det?
  </s>
  <s id="140">
De snille er sâ kjedelige.
    <time id="T108E" value="00:15:11,876" />
  </s>
  <s id="141">
    <time id="T109S" value="00:15:12,040" />
Tror du at folkene kom hit for â se de snille? 
  </s>
  <s id="142">
Nei, du.
    <time id="T109E" value="00:15:15,999" />
  </s>
  <s id="143">
    <time id="T110S" value="00:15:17,280" />
De vil se de slemme. 
  </s>
  <s id="144">
De vil se meg!
    <time id="T110E" value="00:15:20,716" />
  </s>
  <s id="145">
    <time id="T111S" value="00:15:24,680" />
Be din siste b0nn!
    <time id="T111E" value="00:15:28,036" />
  </s>
  <s id="146">
    <time id="T112S" value="00:15:28,200" />
En varm applaus for brytingens nye gullgutt smertens herre: 
  </s>
  <s id="147">
Iguana!
    <time id="T113E" value="00:15:36,752" />
  </s>
  <s id="148">
    <time id="T114S" value="00:16:14,520" />
De roper pâ meg!
    <time id="T114E" value="00:16:16,715" />
  </s>
  <s id="149">
    <time id="T115S" value="00:16:46,680" />
Jeg har ombestemt meg, Ross.
    <time id="T115E" value="00:16:50,673" />
  </s>
  <s id="150">
    <time id="T116S" value="00:16:50,840" />
- Jeg skal la deg vinne.
  </s>
  <s id="151">
- Tuller du?
    <time id="T116E" value="00:16:54,116" />
  </s>
  <s id="152">
    <time id="T117S" value="00:16:54,280" />
- Er det nye ordrer fra King?
  </s>
  <s id="153">
- AErlig talt har jeg ingen anel...
    <time id="T117E" value="00:16:59,400" />
  </s>
  <s id="154">
    <time id="T118S" value="00:17:01,160" />
Jeg lover det. 
  </s>
  <s id="155">
Du skal fâ vinne.
    <time id="T118E" value="00:17:04,357" />
  </s>
  <s id="156">
    <time id="T119S" value="00:17:11,920" />
Vi gj0r som i Tokyo.
  </s>
  <s id="157">
Du har overtaket f0rst.
    <time id="T119E" value="00:17:15,435" />
  </s>
  <s id="158">
    <time id="T120S" value="00:17:15,600" />
Og sâ, istedenfor at jeg...
    <time id="T120E" value="00:17:17,511" />
  </s>
  <s id="159">
    <time id="T121S" value="00:17:59,880" />
De roper pâ meg!
    <time id="T121E" value="00:18:02,519" />
  </s>
  <s id="160">
    <time id="T122S" value="00:18:04,760" />
De roper pâ meg!
    <time id="T122E" value="00:18:06,830" />
  </s>
  <s id="161">
    <time id="T123S" value="00:19:38,080" />
J0ss! 
  </s>
  <s id="162">
Sâ du det?
    <time id="T123E" value="00:19:41,470" />
  </s>
  <s id="163">
    <time id="T124S" value="00:19:41,640" />
...fra stadion, en bryter gâr amok blant publikum.
    <time id="T124E" value="00:19:47,317" />
  </s>
  <s id="164">
    <time id="T125S" value="00:19:47,480" />
Politiet er pâ vei.
    <time id="T125E" value="00:19:49,630" />
  </s>
  <s id="165">
    <time id="T126S" value="00:20:24,720" />
Vesenet er pâ vei ut.
    <time id="T126E" value="00:20:27,393" />
  </s>
  <s id="166">
    <time id="T127S" value="00:20:27,560" />
Jeg har aldri likt dere.
    <time id="T127E" value="00:20:30,233" />
  </s>
  <s id="167">
    <time id="T128S" value="00:20:31,280" />
Blits, blits, blits!
  </s>
  <s id="168">
Vil dere ha et fint naerbilde?
    <time id="T128E" value="00:20:35,751" />
  </s>
  <s id="169">
    <time id="T129S" value="00:20:50,840" />
Faren til lunsj, s0nnen til middag.
    <time id="T129E" value="00:20:55,072" />
  </s>
  <s id="170">
    <time id="T130S" value="00:20:55,240" />
La pappa vaere!
    <time id="T130E" value="00:20:57,674" />
  </s>
  <s id="171">
    <time id="T131S" value="00:21:00,240" />
- Ikke r0r deg!
  </s>
  <s id="172">
- Ikke skyt!
    <time id="T131E" value="00:21:04,119" />
  </s>
  <s id="173">
    <time id="T132S" value="00:21:35,560" />
De fleste har flyktet.
    <time id="T132E" value="00:21:38,233" />
  </s>
  <s id="174">
    <time id="T133S" value="00:21:38,480" />
Iguana har skadet en bryter og mange tilskuere.
    <time id="T133E" value="00:21:41,472" />
  </s>
  <s id="175">
    <time id="T134S" value="00:21:41,640" />
...gj0r det umulige. 
  </s>
  <s id="176">
Han klatrer opp med bare hendene.
    <time id="T134E" value="00:21:45,792" />
  </s>
  <s id="177">
    <time id="T135S" value="00:21:49,400" />
Slipp ham, Dan! 
  </s>
  <s id="178">
Han er jo en venn!
    <time id="T135E" value="00:21:54,155" />
  </s>
  <s id="179">
    <time id="T136S" value="00:22:06,400" />
Vil du ta et gissel?
  </s>
  <s id="180">
Ta meg, og la gutten gâ!
    <time id="T136E" value="00:22:11,110" />
  </s>
  <s id="181">
    <time id="T137S" value="00:22:33,720" />
Det er to menn 0verst oppe. 
  </s>
  <s id="182">
Den ene er den ber0mte bryteren Iguana.
    <time id="T137E" value="00:22:39,716" />
  </s>
  <s id="183">
    <time id="T138S" value="00:22:39,880" />
Han kjemper med noen, men hvem?
    <time id="T138E" value="00:22:43,236" />
  </s>
  <s id="184">
    <time id="T139S" value="00:22:47,320" />
Enda en uventet vending!
  </s>
  <s id="185">
En ukjent, maskert mann.
    <time id="T139E" value="00:22:51,154" />
  </s>
  <s id="186">
    <time id="T140S" value="00:22:51,320" />
...har utfordret monstret, men hvem er mannen bak masken?
    <time id="T140E" value="00:22:55,871" />
  </s>
  <s id="187">
    <time id="T141S" value="00:23:33,920" />
Stopp henne!
    <time id="T141E" value="00:23:36,639" />
  </s>
  <s id="188">
    <time id="T142S" value="00:23:57,720" />
Klatre opp!
    <time id="T142E" value="00:24:01,030" />
  </s>
  <s id="189">
    <time id="T143S" value="00:24:01,960" />
Vi trenger ikke slâss!
  </s>
  <s id="190">
Jeg kan kanskje hjelpe deg.
    <time id="T143E" value="00:24:05,873" />
  </s>
  <s id="191">
    <time id="T144S" value="00:24:06,720" />
Jeg er... ikke noe monster.
    <time id="T144E" value="00:24:11,555" />
  </s>
  <s id="192">
    <time id="T145S" value="00:24:49,880" />
Nei...
    <time id="T145E" value="00:24:51,279" />
  </s>
  <s id="193">
    <time id="T146S" value="00:25:11,880" />
Var det en del av showet?
  </s>
  <s id="194">
Hvem stâr for tur? 
  </s>
  <s id="195">
Jeg?
    <time id="T146E" value="00:25:15,190" />
  </s>
  <s id="196">
    <time id="T147S" value="00:25:15,360" />
Du sa at vi alltid ville kunne styre forvandlingen.
    <time id="T147E" value="00:25:18,318" />
  </s>
  <s id="197">
    <time id="T148S" value="00:25:18,480" />
- Du l0y!
  </s>
  <s id="198">
- Unnskyld meg, gutter.
    <time id="T148E" value="00:25:21,677" />
  </s>
  <s id="199">
    <time id="T149S" value="00:25:25,720" />
Jeg lover at...
    <time id="T149E" value="00:25:27,472" />
  </s>
  <s id="200">
    <time id="T150S" value="00:25:42,400" />
Jeg l0y ikke! 
  </s>
  <s id="201">
Jeg fortalte bare...
    <time id="T150E" value="00:25:46,439" />
  </s>
  <s id="202">
    <time id="T151S" value="00:25:47,280" />
Det jeg sa at han skulle si.
    <time id="T151E" value="00:25:49,794" />
  </s>
  <s id="203">
    <time id="T152S" value="00:25:49,960" />
King fâr vite det han har behov for.
  </s>
  <s id="204">
Han har nesten aldri behov for noe.
    <time id="T152E" value="00:25:55,512" />
  </s>
  <s id="205">
    <time id="T153S" value="00:25:55,680" />
Sp0r meg istedenfor.
    <time id="T153E" value="00:25:57,716" />
  </s>
  <s id="206">
    <time id="T154S" value="00:26:18,040" />
Du avreagerer pâ feil mann, Chameleon.
    <time id="T154E" value="00:26:21,874" />
  </s>
  <s id="207">
    <time id="T155S" value="00:26:23,480" />
Mr. King drepte ikke Iguana.
  </s>
  <s id="208">
Den maskerte mannen gjorde det.
    <time id="T155E" value="00:26:28,838" />
  </s>
  <s id="209">
    <time id="T156S" value="00:26:29,000" />
Dan er d0d, Moloch, og det er din feil.
    <time id="T156E" value="00:26:32,436" />
  </s>
  <s id="210">
    <time id="T157S" value="00:26:35,160" />
Forvandlingen skulle ikke bli total.
    <time id="T157E" value="00:26:38,470" />
  </s>
  <s id="211">
    <time id="T158S" value="00:26:38,640" />
Jeg forstâr deg, men jeg har jo sagt at de mâ styre sine f0lelser.
    <time id="T158E" value="00:26:45,239" />
  </s>
  <s id="212">
    <time id="T159S" value="00:26:45,400" />
Iguana fulgte aldri mine instruksjoner.
    <time id="T159E" value="00:26:50,679" />
  </s>
  <s id="213">
    <time id="T160S" value="00:26:52,280" />
Han ville kommet seg helt igjen hvis han hadde fâtt sjansen. - 
    <time id="T161S" value="00:26:58,040" />
  </s>
  <s id="214">
- Men den maskerte mannen kom imellom. 
  </s>
  <s id="215">
Jeg lover dere at vi skal ta hevn.
    <time id="T162E" value="00:27:05,717" />
  </s>
  <s id="216">
    <time id="T163S" value="00:27:08,120" />
Den som er redd, fâr stikke.
  </s>
  <s id="217">
Jeg tar det ikke ille opp.
    <time id="T163E" value="00:27:14,355" />
  </s>
  <s id="218">
    <time id="T164S" value="00:27:14,520" />
Mr. King skal bare fortelle dere hva dere gâr glipp av. 
  </s>
  <s id="219">
Mr. King?
    <time id="T164E" value="00:27:18,513" />
  </s>
  <s id="220">
    <time id="T165S" value="00:27:19,280" />
Ja...
    <time id="T165E" value="00:27:20,838" />
  </s>
  <s id="221">
    <time id="T166S" value="00:27:21,600" />
Tragedien i kveld har skremt vettet av forsikringsselskapet vârt. - 
    <time id="T167S" value="00:27:26,640" />
  </s>
  <s id="222">
- Men investorene ser nye muligheter.
    <time id="T167E" value="00:27:29,518" />
  </s>
  <s id="223">
    <time id="T168S" value="00:27:29,680" />
En mulig 0kning i profitten som kan gi enda en million- 
    <time id="T169S" value="00:27:34,800" />
  </s>
  <s id="224">
- Til hver av dere.
    <time id="T169E" value="00:27:37,439" />
  </s>
  <s id="225">
    <time id="T170S" value="00:27:37,600" />
Hva sier dere?
    <time id="T170E" value="00:27:39,431" />
  </s>
  <s id="226">
    <time id="T171S" value="00:27:40,440" />
Det er greit for meg.
    <time id="T171E" value="00:27:42,715" />
  </s>
  <s id="227">
    <time id="T172S" value="00:27:48,760" />
Er det den eneste l0sningen?
    <time id="T172E" value="00:27:51,752" />
  </s>
  <s id="228">
    <time id="T173S" value="00:27:54,840" />
Bare det ikke f0rer til en blindgate.
    <time id="T173E" value="00:27:58,355" />
  </s>
  <s id="229">
    <time id="T174S" value="00:28:15,440" />
Du vemmer meg.
    <time id="T174E" value="00:28:17,556" />
  </s>
  <s id="230">
    <time id="T175S" value="00:28:30,520" />
Gi henne tid til â tenke seg om.
    <time id="T175E" value="00:28:32,909" />
  </s>
  <s id="231">
    <time id="T176S" value="00:28:38,880" />
S0ster Logan, linje to.
    <time id="T176E" value="00:28:42,589" />
  </s>
  <s id="232">
    <time id="T177S" value="00:28:47,920" />
Pass deg, pappa!
    <time id="T177E" value="00:28:50,150" />
  </s>
  <s id="233">
    <time id="T178S" value="00:28:50,320" />
Han er bak deg!
    <time id="T178E" value="00:28:51,958" />
  </s>
  <s id="234">
    <time id="T179S" value="00:28:52,120" />
Skynd deg! 
  </s>
  <s id="235">
Nei...
    <time id="T179E" value="00:28:54,998" />
  </s>
  <s id="236">
    <time id="T180S" value="00:29:02,240" />
Der er den lille helten vâr!
    <time id="T180E" value="00:29:04,595" />
  </s>
  <s id="237">
    <time id="T181S" value="00:29:06,680" />
Dr. Marco Leung?
    <time id="T181E" value="00:29:09,353" />
  </s>
  <s id="238">
    <time id="T182S" value="00:29:10,400" />
Stakkars gutt.
  </s>
  <s id="239">
Han overlever heldigvis.
    <time id="T182E" value="00:29:14,154" />
  </s>
  <s id="240">
    <time id="T183S" value="00:29:14,320" />
Jeg sjekket blodet hans, men jeg fant ikke noe rart.
    <time id="T183E" value="00:29:19,952" />
  </s>
  <s id="241">
    <time id="T184S" value="00:29:21,720" />
- Hva lette du etter?
  </s>
  <s id="242">
- Genmanipulering, som hos bryteren.
    <time id="T184E" value="00:29:25,952" />
  </s>
  <s id="243">
    <time id="T185S" value="00:29:36,600" />
Har du feber?
    <time id="T185E" value="00:29:38,909" />
  </s>
  <s id="244">
    <time id="T186S" value="00:29:39,080" />
- Du burde snakke med en spesialist.
  </s>
  <s id="245">
- Jeg leter faktisk etter en.
    <time id="T186E" value="00:29:44,074" />
  </s>
  <s id="246">
    <time id="T187S" value="00:29:44,800" />
Marco? 
  </s>
  <s id="247">
De venter pâ oss der nede.
    <time id="T187E" value="00:29:49,430" />
  </s>
  <s id="248">
    <time id="T188S" value="00:29:50,240" />
Da gâr vi.
    <time id="T188E" value="00:29:52,390" />
  </s>
  <s id="249">
    <time id="T189S" value="00:29:56,680" />
Jeg vil be deg til middag, jeg krever ikke â fâ ligge med deg. 
  </s>
  <s id="250">
Vaer snill.
    <time id="T189E" value="00:30:01,629" />
  </s>
  <s id="251">
    <time id="T190S" value="00:30:01,800" />
Det er det samme hva du sier.
  </s>
  <s id="252">
Det blir ikke noe av det.
    <time id="T190E" value="00:30:06,316" />
  </s>
  <s id="253">
    <time id="T191S" value="00:30:15,960" />
Han heter Daniel Martinez, ogsâ kjent som Iguana.
    <time id="T191E" value="00:30:19,873" />
  </s>
  <s id="254">
    <time id="T192S" value="00:30:21,240" />
- En stor mann.
  </s>
  <s id="255">
- Det er bare begynnelsen.
    <time id="T192E" value="00:30:24,949" />
  </s>
  <s id="256">
    <time id="T193S" value="00:30:26,040" />
Vi er jo pâ et sykehus.
    <time id="T193E" value="00:30:28,918" />
  </s>
  <s id="257">
    <time id="T194S" value="00:30:40,280" />
Bare spise middag.
    <time id="T194E" value="00:30:42,510" />
  </s>
  <s id="258">
    <time id="T195S" value="00:30:42,680" />
Du vet hva svaret mitt var, er og alltid vil vaere.
    <time id="T195E" value="00:30:46,753" />
  </s>
  <s id="259">
    <time id="T196S" value="00:30:47,760" />
Jeg vet at du har problemer.
  </s>
  <s id="260">
Du tâler ikke at en mann tar pâ deg.
    <time id="T196E" value="00:30:53,073" />
  </s>
  <s id="261">
    <time id="T197S" value="00:30:53,240" />
Ja vel, han er d0d, men...
    <time id="T197E" value="00:30:55,800" />
  </s>
  <s id="262">
    <time id="T198S" value="00:30:55,960" />
Det er enkelt. 
  </s>
  <s id="263">
Alt du trenger â gj0re- 
    <time id="T199S" value="00:30:59,000" />
  </s>
  <s id="264">
- Nâr vi gâr ut, er â late som om jeg er d0d.
    <time id="T199E" value="00:31:02,629" />
  </s>
  <s id="265">
    <time id="T200S" value="00:31:02,800" />
Etter fem minutters samtale med deg trenger jeg neppe late som.
    <time id="T200E" value="00:31:07,032" />
  </s>
  <s id="266">
    <time id="T201S" value="00:31:23,240" />
Vi vil ha eiendommen vâr tilbake.
  </s>
  <s id="267">
Gi meg den!
    <time id="T201E" value="00:31:27,153" />
  </s>
  <s id="268">
    <time id="T202S" value="00:31:32,480" />
Takk. 
  </s>
  <s id="269">
Nâ skal jeg more meg med deg.
    <time id="T202E" value="00:31:36,598" />
  </s>
  <s id="270">
    <time id="T203S" value="00:32:24,440" />
Herregud, inspekt0r!
  </s>
  <s id="271">
De slâss der inne.
    <time id="T203E" value="00:32:28,592" />
  </s>
  <s id="272">
    <time id="T204S" value="00:32:39,400" />
- Det var jeg som sendte blodet.
  </s>
  <s id="273">
- Ikke gj0r det.
    <time id="T204E" value="00:32:43,188" />
  </s>
  <s id="274">
    <time id="T205S" value="00:32:43,360" />
Jeg trenger hjelp.
    <time id="T205E" value="00:32:46,079" />
  </s>
  <s id="275">
    <time id="T206S" value="00:33:09,600" />
Stâ stille!
    <time id="T206E" value="00:33:11,272" />
  </s>
  <s id="276">
    <time id="T207S" value="00:33:13,840" />
Hennes f0rste pasient d0de da hun skulle gi ham en spr0yte.
    <time id="T207E" value="00:33:19,233" />
  </s>
  <s id="277">
    <time id="T208S" value="00:33:19,400" />
Pasienten grep hânden hennes og slapp ikke taket.
    <time id="T208E" value="00:33:24,190" />
  </s>
  <s id="278">
    <time id="T209S" value="00:33:24,360" />
Hun tâler ikke at menn tar i henne.
  </s>
  <s id="279">
Det er en fobi.
    <time id="T209E" value="00:33:28,512" />
  </s>
  <s id="280">
    <time id="T210S" value="00:33:28,680" />
Terapi i et halvt âr, men forgjeves.
    <time id="T210E" value="00:33:32,195" />
  </s>
  <s id="281">
    <time id="T211S" value="00:33:32,960" />
- Noen sp0rsmâI?
  </s>
  <s id="282">
- Nei.
    <time id="T211E" value="00:33:36,191" />
  </s>
  <s id="283">
    <time id="T212S" value="00:33:52,040" />
- Snakk med en spesialist.
  </s>
  <s id="284">
- Jeg leter faktisk etter en.
    <time id="T212E" value="00:33:56,431" />
  </s>
  <s id="285">
    <time id="T213S" value="00:33:56,600" />
Det var jeg som sendte blodpr0ven.
    <time id="T213E" value="00:33:59,273" />
  </s>
  <s id="286">
    <time id="T214S" value="00:34:09,240" />
- Sikker pâ at du fikk rett blodpr0ve?
  </s>
  <s id="287">
- Det er det ingen tvil om.
    <time id="T214E" value="00:34:14,268" />
  </s>
  <s id="288">
    <time id="T215S" value="00:34:14,440" />
Dette blodet er genmanipulert, men det er ikke Iguanas blod.
    <time id="T215E" value="00:34:19,150" />
  </s>
  <s id="289">
    <time id="T216S" value="00:34:19,320" />
Det er noen andre som har mer avansert teknologi enn oss.
    <time id="T216E" value="00:34:24,235" />
  </s>
  <s id="290">
    <time id="T217S" value="00:34:25,400" />
Noen vi kunne ha stor nytte av.
    <time id="T217E" value="00:34:28,153" />
  </s>
  <s id="291">
    <time id="T218S" value="00:34:28,320" />
Hvorfor trenger du flere?
    <time id="T218E" value="00:34:30,834" />
  </s>
  <s id="292">
    <time id="T219S" value="00:34:31,520" />
Hvis mine sekvenser med dyre-DNA blir spr0ytet inn i ham- 
    <time id="T220S" value="00:34:35,840" />
  </s>
  <s id="293">
- Og danner en hybrid. - 
    <time id="T221S" value="00:34:38,160" />
  </s>
  <s id="294">
- Har vi l0st problemene dine brytervenner har hatt.
    <time id="T221E" value="00:34:43,553" />
  </s>
  <s id="295">
    <time id="T222S" value="00:34:43,720" />
De er ikke som deg, Thorn. 
  </s>
  <s id="296">
De trenger mer energi for â nâ fase to.
    <time id="T222E" value="00:34:49,317" />
  </s>
  <s id="297">
    <time id="T223S" value="00:34:49,480" />
Der har vi l0sningen!
    <time id="T223E" value="00:34:52,358" />
  </s>
  <s id="298">
    <time id="T224S" value="00:34:54,000" />
BLACK MASK! 
  </s>
  <s id="299">
ER HAN VÂR BYS BESKYTTER?
    <time id="T224E" value="00:34:56,434" />
  </s>
  <s id="300">
    <time id="T225S" value="00:35:18,000" />
- Problemer?
  </s>
  <s id="301">
- Banker du aldri pâ?
  </s>
  <s id="302">
!
    <time id="T225E" value="00:35:22,676" />
  </s>
  <s id="303">
    <time id="T226S" value="00:35:22,840" />
Ingen kameraer pâ soverommet mitt, og ingen pâ badet mitt! 
  </s>
  <s id="304">
Jeg nekter!
    <time id="T226E" value="00:35:27,470" />
  </s>
  <s id="305">
    <time id="T227S" value="00:35:27,640" />
Jeg vet at dere vil beskytte meg, men der gâr grensen.
    <time id="T227E" value="00:35:32,156" />
  </s>
  <s id="306">
    <time id="T228S" value="00:35:36,720" />
Jeg kan ikke konsentrere meg!
  </s>
  <s id="307">
Jeg gâr hjem, dusjer og slapper av.
    <time id="T228E" value="00:35:41,919" />
  </s>
  <s id="308">
    <time id="T229S" value="00:36:15,800" />
Er du en fan?
    <time id="T229E" value="00:36:18,553" />
  </s>
  <s id="309">
    <time id="T230S" value="00:36:18,720" />
Han er faren min. 
  </s>
  <s id="310">
Han er kanskje pâ sykehuset nâ, men han er best.
    <time id="T230E" value="00:36:24,078" />
  </s>
  <s id="311">
    <time id="T231S" value="00:36:24,240" />
Jeg er enig med deg.
    <time id="T231E" value="00:36:27,073" />
  </s>
  <s id="312">
    <time id="T232S" value="00:36:28,840" />
- Er du det?
  </s>
  <s id="313">
- Ja, det er jeg.
    <time id="T232E" value="00:36:31,559" />
  </s>
  <s id="314">
    <time id="T233S" value="00:36:32,280" />
Én er god, én er ond, men det er bare et spill.
    <time id="T233E" value="00:36:35,955" />
  </s>
  <s id="315">
    <time id="T234S" value="00:36:36,120" />
Hvorfor ser alle ned pâ oss?
    <time id="T234E" value="00:36:39,192" />
  </s>
  <s id="316">
    <time id="T235S" value="00:36:49,280" />
Er du sulten?
    <time id="T235E" value="00:36:51,748" />
  </s>
  <s id="317">
    <time id="T236S" value="00:37:04,400" />
Er du Black Mask?
    <time id="T236E" value="00:37:07,392" />
  </s>
  <s id="318">
    <time id="T237S" value="00:37:09,240" />
- Hvem er det?
  </s>
  <s id="319">
- Han reddet livet mitt men jeg rakk aldri â takke ham.
    <time id="T238E" value="00:37:15,552" />
  </s>
  <s id="320">
    <time id="T239S" value="00:37:15,720" />
- Jeg fâr nok treffe ham igjen.
  </s>
  <s id="321">
- Bare hvis du fâr flere problemer.
    <time id="T239E" value="00:37:21,875" />
  </s>
  <s id="322">
    <time id="T240S" value="00:37:22,040" />
Takk for maten og alt, men nâ mâ jeg tilbake til sykehuset.
    <time id="T240E" value="00:37:26,511" />
  </s>
  <s id="323">
    <time id="T241S" value="00:37:27,680" />
Greit. 
  </s>
  <s id="324">
Jeg kan f0Ige deg.
    <time id="T241E" value="00:37:31,195" />
  </s>
  <s id="325">
    <time id="T242S" value="00:37:32,320" />
Vi kan ikke gâ lenger enn hit.
  </s>
  <s id="326">
Jeg mâ snike meg inn.
    <time id="T242E" value="00:37:36,916" />
  </s>
  <s id="327">
    <time id="T243S" value="00:37:37,080" />
- Hvor skal du sove?
  </s>
  <s id="328">
- Ikke vaer redd. 
  </s>
  <s id="329">
Jeg klarer meg.
    <time id="T243E" value="00:37:42,108" />
  </s>
  <s id="330">
    <time id="T244S" value="00:37:43,440" />
Greit, men ta med deg ryggsekken din for sikkerhets skyld.
    <time id="T244E" value="00:37:47,558" />
  </s>
  <s id="331">
    <time id="T245S" value="00:37:47,720" />
Faren din la nok noe i den.
    <time id="T245E" value="00:37:50,837" />
  </s>
  <s id="332">
    <time id="T246S" value="00:38:03,560" />
Den svarte hevneren.
    <time id="T246E" value="00:38:05,915" />
  </s>
  <s id="333">
    <time id="T247S" value="00:38:06,480" />
Hvorfor ikke " Black Mask"?
  </s>
  <s id="334">
Det heter han i pressen.
    <time id="T247E" value="00:38:10,792" />
  </s>
  <s id="335">
    <time id="T248S" value="00:38:10,960" />
Vi har et problem.
    <time id="T248E" value="00:38:13,554" />
  </s>
  <s id="336">
    <time id="T249S" value="00:38:13,720" />
Alle superheltaspiranter har et gjemmested.
    <time id="T249E" value="00:38:17,713" />
  </s>
  <s id="337">
    <time id="T250S" value="00:38:17,880" />
De har grotter og sânt.
  </s>
  <s id="338">
Vi mâ finne ham.
    <time id="T250E" value="00:38:23,318" />
  </s>
  <s id="339">
    <time id="T251S" value="00:38:23,480" />
Det blir lett.
  </s>
  <s id="340">
Han har jo maske pâ seg.
    <time id="T251E" value="00:38:27,917" />
  </s>
  <s id="341">
    <time id="T252S" value="00:38:28,920" />
Hvem vet hvem Black Mask er?
  </s>
  <s id="342">
Vi kan ha sâ mange vi vil.
    <time id="T252E" value="00:38:33,914" />
  </s>
  <s id="343">
    <time id="T253S" value="00:38:34,080" />
Og det er ikke hans navn.
  </s>
  <s id="344">
Hvis han bruker det. - 
    <time id="T254S" value="00:38:38,360" />
  </s>
  <s id="345">
- Har vi opphavsretten og saks0ker ham.
    <time id="T254E" value="00:38:41,318" />
  </s>
  <s id="346">
    <time id="T255S" value="00:38:41,480" />
Vi saks0ker ham... og pâstâr at vâr mann er den virkelige.
    <time id="T255E" value="00:38:46,998" />
  </s>
  <s id="347">
    <time id="T256S" value="00:38:54,800" />
Hvis han ikk e vinner d0ds- kampen i stâlburet i neste uk e. - 
    <time id="T257S" value="00:38:59,800" />
  </s>
  <s id="348">
- Sâ heter jeg ikk e King!
  </s>
  <s id="349">
Og husk pâ, unger:
    <time id="T257E" value="00:39:03,634" />
  </s>
  <s id="350">
    <time id="T258S" value="00:39:03,800" />
Vi har nye lek er pâ vei til dere!
    <time id="T258E" value="00:39:05,791" />
  </s>
  <s id="351">
    <time id="T259S" value="00:39:05,960" />
Black Mask-bilen, Black Mask som dokk e.
    <time id="T259E" value="00:39:10,317" />
  </s>
  <s id="352">
    <time id="T260S" value="00:39:10,480" />
Black Masks vinterklaer.
  </s>
  <s id="353">
Black Mask!
    <time id="T260E" value="00:39:15,076" />
  </s>
  <s id="354">
    <time id="T261S" value="00:39:17,480" />
BLACK MASK ER HER
    <time id="T261E" value="00:39:19,277" />
  </s>
  <s id="355">
    <time id="T262S" value="00:39:22,200" />
ER DU KLAR?
    <time id="T262E" value="00:39:25,317" />
  </s>
  <s id="356">
    <time id="T263S" value="00:39:27,160" />
Ta av deg masken.
    <time id="T263E" value="00:39:29,628" />
  </s>
  <s id="357">
    <time id="T264S" value="00:39:31,080" />
Er det sânn du ser ut?
    <time id="T264E" value="00:39:33,435" />
  </s>
  <s id="358">
    <time id="T265S" value="00:39:34,640" />
Ta av deg masken!
    <time id="T265E" value="00:39:37,108" />
  </s>
  <s id="359">
    <time id="T266S" value="00:39:38,760" />
Og undertegn her.
    <time id="T266E" value="00:39:41,593" />
  </s>
  <s id="360">
    <time id="T267S" value="00:39:56,280" />
- Jeg vil treffe King.
  </s>
  <s id="361">
- Ring sekretaeren min.
    <time id="T267E" value="00:40:00,558" />
  </s>
  <s id="362">
    <time id="T268S" value="00:40:01,480" />
Hva vil du ha?
    <time id="T268E" value="00:40:03,232" />
  </s>
  <s id="363">
    <time id="T269S" value="00:40:03,400" />
En personlig trener og egen garderobe.
    <time id="T269E" value="00:40:07,109" />
  </s>
  <s id="364">
    <time id="T270S" value="00:40:07,280" />
" Black Mask, stjernen i S.W.C.W."
    <time id="T270E" value="00:40:13,230" />
  </s>
  <s id="365">
    <time id="T271S" value="00:40:14,080" />
H0res det bra ut, hva? 
  </s>
  <s id="366">
Hva sier du?
    <time id="T271E" value="00:40:17,356" />
  </s>
  <s id="367">
    <time id="T272S" value="00:40:26,280" />
Dra meg opp!
    <time id="T272E" value="00:40:27,599" />
  </s>
  <s id="368">
    <time id="T273S" value="00:40:27,760" />
Hva gjorde du med Iguana?
    <time id="T273E" value="00:40:30,593" />
  </s>
  <s id="369">
    <time id="T274S" value="00:40:30,760" />
Det var Moloch! 
  </s>
  <s id="370">
Han brukte et stoff.
    <time id="T274E" value="00:40:34,150" />
  </s>
  <s id="371">
    <time id="T275S" value="00:40:34,320" />
Han blandet reptil-DNA med menneskelig DNA.
    <time id="T275E" value="00:40:38,393" />
  </s>
  <s id="372">
    <time id="T276S" value="00:40:38,560" />
I de andre ogsâ.
    <time id="T276E" value="00:40:40,630" />
  </s>
  <s id="373">
    <time id="T277S" value="00:40:40,800" />
- Andre?
  </s>
  <s id="374">
- Chameleon, Claw de andre!
    <time id="T278E" value="00:40:47,113" />
  </s>
  <s id="375">
    <time id="T279S" value="00:40:47,280" />
Hvem er denne Moloch?
    <time id="T279E" value="00:40:49,430" />
  </s>
  <s id="376">
    <time id="T280S" value="00:40:50,480" />
Dra meg opp, sâ lover jeg at jeg skal si det! 
  </s>
  <s id="377">
Vaer sâ snill!
    <time id="T280E" value="00:40:54,678" />
  </s>
  <s id="378">
    <time id="T281S" value="00:41:01,360" />
Hvem er Moloch?
    <time id="T281E" value="00:41:03,874" />
  </s>
  <s id="379">
    <time id="T282S" value="00:41:04,040" />
Jeg vet ikke!
    <time id="T282E" value="00:41:06,156" />
  </s>
  <s id="380">
    <time id="T283S" value="00:41:06,320" />
Han kom for tre âr siden. - 
    <time id="T284S" value="00:41:08,960" />
  </s>
  <s id="381">
- Da jeg var manager for et gj0rmebryter...
    <time id="T284E" value="00:41:11,838" />
  </s>
  <s id="382">
    <time id="T285S" value="00:41:53,720" />
Du er min.
    <time id="T285E" value="00:41:55,676" />
  </s>
  <s id="383">
    <time id="T286S" value="00:42:36,520" />
Stoffet virker.
    <time id="T286E" value="00:42:38,511" />
  </s>
  <s id="384">
    <time id="T287S" value="00:42:38,680" />
Ta ham!
    <time id="T287E" value="00:42:40,750" />
  </s>
  <s id="385">
    <time id="T288S" value="00:43:15,640" />
Han slapp unna.
    <time id="T288E" value="00:43:17,756" />
  </s>
  <s id="386">
    <time id="T289S" value="00:43:17,920" />
Ikke vaer redd. 
  </s>
  <s id="387">
Han er en av oss nâ.
    <time id="T289E" value="00:43:22,311" />
  </s>
  <s id="388">
    <time id="T290S" value="00:43:36,320" />
Tre h0yhastighetskabler til elektronmikroskopet. 
  </s>
  <s id="389">
Har vi det?
    <time id="T290E" value="00:43:40,916" />
  </s>
  <s id="390">
    <time id="T291S" value="00:43:46,040" />
Omrâde 57 er tomt.
    <time id="T291E" value="00:43:48,429" />
  </s>
  <s id="391">
    <time id="T292S" value="00:44:03,360" />
Spre dere! 
  </s>
  <s id="392">
Han er her et sted!
    <time id="T292E" value="00:44:06,796" />
  </s>
  <s id="393">
    <time id="T293S" value="00:44:34,360" />
Ikke nâ igjen!
    <time id="T293E" value="00:44:36,555" />
  </s>
  <s id="394">
    <time id="T294S" value="00:44:39,000" />
Nâ ser du syner igjen.
    <time id="T294E" value="00:44:41,070" />
  </s>
  <s id="395">
    <time id="T295S" value="00:44:41,240" />
Jeg trenger hjelp.
    <time id="T295E" value="00:44:44,471" />
  </s>
  <s id="396">
    <time id="T296S" value="00:44:45,840" />
Mannen fra bryteforbundet, Moloch han som forvandlet bryterne, har gjort det samme med meg.
    <time id="T297E" value="00:44:53,477" />
  </s>
  <s id="397">
    <time id="T298S" value="00:44:53,840" />
- Hjelp meg med â finne en kur.
  </s>
  <s id="398">
- Hva skal jeg gj0re?
    <time id="T298E" value="00:44:58,994" />
  </s>
  <s id="399">
    <time id="T299S" value="00:45:03,920" />
Marco!
    <time id="T299E" value="00:45:05,797" />
  </s>
  <s id="400">
    <time id="T300S" value="00:45:08,800" />
Svar f0r vi har talt til tre, ellers kommer vi inn!
    <time id="T300E" value="00:45:12,315" />
  </s>
  <s id="401">
    <time id="T301S" value="00:45:14,640" />
Er alt i orden? 
  </s>
  <s id="402">
Da gâr vi.
    <time id="T301E" value="00:45:18,553" />
  </s>
  <s id="403">
    <time id="T302S" value="00:45:44,080" />
Blir det krone, forteller jeg det.
    <time id="T302E" value="00:45:47,072" />
  </s>
  <s id="404">
    <time id="T303S" value="00:45:48,800" />
Krone.
    <time id="T303E" value="00:45:50,279" />
  </s>
  <s id="405">
    <time id="T304S" value="00:45:51,400" />
- Inspekt0r?
  </s>
  <s id="406">
- Ja?
    <time id="T304E" value="00:45:53,630" />
  </s>
  <s id="407">
    <time id="T305S" value="00:45:58,840" />
Glem det.
    <time id="T305E" value="00:46:00,398" />
  </s>
  <s id="408">
    <time id="T306S" value="00:46:02,560" />
Dumt.
    <time id="T306E" value="00:46:04,516" />
  </s>
  <s id="409">
    <time id="T307S" value="00:46:05,320" />
Av sted!
    <time id="T307E" value="00:46:07,311" />
  </s>
  <s id="410">
    <time id="T308S" value="00:46:29,680" />
Jeg har ombestemt meg.
    <time id="T308E" value="00:46:31,591" />
  </s>
  <s id="411">
    <time id="T309S" value="00:46:41,880" />
Ikke gj0r det!
    <time id="T309E" value="00:46:44,110" />
  </s>
  <s id="412">
    <time id="T310S" value="00:47:02,200" />
Herregud! 
  </s>
  <s id="413">
Hva foregâr?
  </s>
  <s id="414">
!
    <time id="T310E" value="00:47:05,829" />
  </s>
  <s id="415">
    <time id="T311S" value="00:47:09,280" />
Klaerne dine var revet i stykker.
  </s>
  <s id="416">
Jeg kj0pte nye.
    <time id="T311E" value="00:47:12,989" />
  </s>
  <s id="417">
    <time id="T312S" value="00:47:39,520" />
Lânte du dem av en naer venn?
    <time id="T312E" value="00:47:42,478" />
  </s>
  <s id="418">
    <time id="T313S" value="00:47:42,640" />
- Butikkene i dette nabolaget...
  </s>
  <s id="419">
- Ja, ja, glem det.
    <time id="T313E" value="00:47:46,679" />
  </s>
  <s id="420">
    <time id="T314S" value="00:47:54,240" />
Ja vel, da setter vi i gang.
    <time id="T314E" value="00:47:56,708" />
  </s>
  <s id="421">
    <time id="T315S" value="00:48:03,000" />
Gj0r deg klar.
    <time id="T315E" value="00:48:05,195" />
  </s>
  <s id="422">
    <time id="T316S" value="00:48:44,760" />
Jeg er ikke i form.
    <time id="T316E" value="00:48:46,034" />
  </s>
  <s id="423">
    <time id="T317S" value="00:48:46,760" />
Hva fanden er det som foregâr?
    <time id="T317E" value="00:48:49,354" />
  </s>
  <s id="424">
    <time id="T318S" value="00:49:03,840" />
Det f0les sâ rart...
    <time id="T318E" value="00:49:07,071" />
  </s>
  <s id="425">
    <time id="T319S" value="00:49:12,440" />
Hva er det som skjer?
    <time id="T319E" value="00:49:15,034" />
  </s>
  <s id="426">
    <time id="T320S" value="00:49:28,600" />
Claw: 
  </s>
  <s id="427">
D0delig mutasjon om 46 timer og 33 minutter.
    <time id="T320E" value="00:49:33,116" />
  </s>
  <s id="428">
    <time id="T321S" value="00:49:33,280" />
Wolf: 
  </s>
  <s id="429">
D0delig mutasjon om 34 timer og tolv minutter.
    <time id="T321E" value="00:49:37,159" />
  </s>
  <s id="430">
    <time id="T322S" value="00:49:37,320" />
Chameleon: 
  </s>
  <s id="431">
D0delig mutasjon om 44 timer og sju minutter.
    <time id="T322E" value="00:49:42,155" />
  </s>
  <s id="432">
    <time id="T323S" value="00:49:44,720" />
Gjenvaerende tid
    <time id="T323E" value="00:49:47,757" />
  </s>
  <s id="433">
    <time id="T324S" value="00:49:49,200" />
Vi d0r!
    <time id="T324E" value="00:49:51,031" />
  </s>
  <s id="434">
    <time id="T325S" value="00:49:56,440" />
- Jeg kan ikke skifte tilbake.
  </s>
  <s id="435">
- Ikke jeg heller.
    <time id="T325E" value="00:49:59,637" />
  </s>
  <s id="436">
    <time id="T326S" value="00:49:59,800" />
Nâ forblir jeg den ford0mte varulven.
    <time id="T326E" value="00:50:02,109" />
  </s>
  <s id="437">
    <time id="T327S" value="00:50:02,280" />
Det holder ikke med en million for â fâ meg til â tro pâ dette.
    <time id="T327E" value="00:50:07,035" />
  </s>
  <s id="438">
    <time id="T328S" value="00:50:11,480" />
Vidunderlig.
  </s>
  <s id="439">
Forvandlingsnivâet er perfekt.
    <time id="T328E" value="00:50:15,996" />
  </s>
  <s id="440">
    <time id="T329S" value="00:50:16,160" />
- Du l0y!
  </s>
  <s id="441">
- Nei, nei, nei.
    <time id="T329E" value="00:50:19,152" />
  </s>
  <s id="442">
    <time id="T330S" value="00:50:19,320" />
Dere, mine herrer, f0Iger timeplanen perfekt.
    <time id="T330E" value="00:50:24,030" />
  </s>
  <s id="443">
    <time id="T331S" value="00:50:24,720" />
- Vi kan ikke bli normale igjen!
  </s>
  <s id="444">
- Du visste at det ville gâ sânn.
    <time id="T331E" value="00:50:29,874" />
  </s>
  <s id="445">
    <time id="T332S" value="00:50:47,360" />
Hvorfor kan du bli normal, men ikke vi?
    <time id="T332E" value="00:50:49,920" />
  </s>
  <s id="446">
    <time id="T333S" value="00:50:50,080" />
Hva gjorde du med ham som du ikke gjorde med oss?
    <time id="T333E" value="00:50:53,834" />
  </s>
  <s id="447">
    <time id="T334S" value="00:50:54,000" />
Dere er bare i ulike stadier.
    <time id="T334E" value="00:50:56,753" />
  </s>
  <s id="448">
    <time id="T335S" value="00:50:56,920" />
Forklar, Thorn.
    <time id="T335E" value="00:50:59,798" />
  </s>
  <s id="449">
    <time id="T336S" value="00:51:02,440" />
Jeg har plante-DNA, dere dyre-DNA.
  </s>
  <s id="450">
Dyr kan ikke skape energi selv. - 
    <time id="T337S" value="00:51:07,880" />
  </s>
  <s id="451">
- Men han oppdaget at til og med dyr har nok energi til forvandlingen.
    <time id="T337E" value="00:51:13,557" />
  </s>
  <s id="452">
    <time id="T338S" value="00:51:13,720" />
Fâr dere mer energi, vil ikke forvandlingene vaere ustabile lenger.
    <time id="T338E" value="00:51:18,111" />
  </s>
  <s id="453">
    <time id="T339S" value="00:51:18,280" />
Neste nivâ pâvirkes ikke av f0lelser.
  </s>
  <s id="454">
Dere fâr full kontroll.
    <time id="T339E" value="00:51:22,558" />
  </s>
  <s id="455">
    <time id="T340S" value="00:51:22,720" />
Kutt ut naturfagtimen.
    <time id="T340E" value="00:51:25,712" />
  </s>
  <s id="456">
    <time id="T341S" value="00:51:25,880" />
Nâr kommer vi til vi neste stadium?
    <time id="T341E" value="00:51:28,599" />
  </s>
  <s id="457">
    <time id="T342S" value="00:51:28,760" />
Dere trenger en injeksjon, og for â produsere serumet trenger jeg... iridium.
    <time id="T343E" value="00:51:36,595" />
  </s>
  <s id="458">
    <time id="T344S" value="00:51:38,520" />
Jeg har ikke noe iridium.
    <time id="T344E" value="00:51:40,909" />
  </s>
  <s id="459">
    <time id="T345S" value="00:51:41,080" />
Men jeg vet om et sted der vi kan... 
  </s>
  <s id="460">
lâne litt.
    <time id="T345E" value="00:51:46,552" />
  </s>
  <s id="461">
    <time id="T346S" value="00:51:55,520" />
Du er et forbedret mennesk e hvis tjenester kan selges til verdens mektigste selskaper.
    <time id="T347E" value="00:52:02,638" />
  </s>
  <s id="462">
    <time id="T348S" value="00:52:02,800" />
Hvis du r0mmer, vil jeg finne og drepe deg.
    <time id="T348E" value="00:52:07,874" />
  </s>
  <s id="463">
    <time id="T349S" value="00:52:08,040" />
Jeg vil finne deg og drepe deg.
    <time id="T349E" value="00:52:11,589" />
  </s>
  <s id="464">
    <time id="T350S" value="00:52:11,760" />
Jeg kan nok bremse celledelingen, men bare midlertidig.
    <time id="T350E" value="00:52:15,992" />
  </s>
  <s id="465">
    <time id="T351S" value="00:52:16,160" />
Kanskje jeg trenger en isotop, og kanskje ikke.
    <time id="T351E" value="00:52:19,709" />
  </s>
  <s id="466">
    <time id="T352S" value="00:52:19,880" />
Vi fâr se.
    <time id="T352E" value="00:52:21,836" />
  </s>
  <s id="467">
    <time id="T353S" value="00:52:22,560" />
Jeg liker ikke â f0le meg som et fors0ksdyr.
    <time id="T353E" value="00:52:26,075" />
  </s>
  <s id="468">
    <time id="T354S" value="00:52:26,240" />
Vil du ha en pr0ve?
    <time id="T354E" value="00:52:29,232" />
  </s>
  <s id="469">
    <time id="T355S" value="00:52:29,400" />
Hva?
    <time id="T355E" value="00:52:30,958" />
  </s>
  <s id="470">
    <time id="T356S" value="00:52:32,480" />
J0ss, nei.
    <time id="T356E" value="00:52:34,357" />
  </s>
  <s id="471">
    <time id="T357S" value="00:52:35,640" />
Her, mener du?
    <time id="T357E" value="00:52:38,234" />
  </s>
  <s id="472">
    <time id="T358S" value="00:52:40,440" />
Selvsagt.
    <time id="T358E" value="00:52:42,351" />
  </s>
  <s id="473">
    <time id="T359S" value="00:52:45,120" />
Jeg trodde ikke at en lege var redd for litt blod.
    <time id="T359E" value="00:52:48,908" />
  </s>
  <s id="474">
    <time id="T360S" value="00:52:51,520" />
Greit.
    <time id="T360E" value="00:52:53,192" />
  </s>
  <s id="475">
    <time id="T361S" value="00:52:54,040" />
Du mâ gj0re det selv, for jeg kan ikke ta pâ deg.
    <time id="T361E" value="00:52:58,909" />
  </s>
  <s id="476">
    <time id="T362S" value="00:53:11,520" />
Du nevnte en isotop.
    <time id="T362E" value="00:53:14,114" />
  </s>
  <s id="477">
    <time id="T363S" value="00:53:14,280" />
Noe som gj0r botemiddelet varig.
    <time id="T363E" value="00:53:17,272" />
  </s>
  <s id="478">
    <time id="T364S" value="00:53:17,440" />
Iridium. 
  </s>
  <s id="479">
Jeg gjorde fors0k med det.
    <time id="T364E" value="00:53:19,874" />
  </s>
  <s id="480">
    <time id="T365S" value="00:53:20,040" />
Det kommer et parti til havnen i kveld. - 
    <time id="T366S" value="00:53:23,480" />
  </s>
  <s id="481">
- Men det kan brukes pâ begge mâter:
  </s>
  <s id="482">
det kan bâde bremse- 
    <time id="T367S" value="00:53:27,480" />
  </s>
  <s id="483">
- Og forsterke reaksjonen.
    <time id="T367E" value="00:53:29,914" />
  </s>
  <s id="484">
    <time id="T368S" value="00:53:58,320" />
Iridium.
    <time id="T368E" value="00:54:00,311" />
  </s>
  <s id="485">
    <time id="T369S" value="00:54:00,480" />
- Jeg er ikke sikker, sa jeg!
  </s>
  <s id="486">
- Pr0ven ligger pâ bordet.
    <time id="T369E" value="00:54:04,439" />
  </s>
  <s id="487">
    <time id="T370S" value="00:54:17,360" />
Internasjonalt Transportsenter
    <time id="T370E" value="00:54:19,920" />
  </s>
  <s id="488">
    <time id="T371S" value="00:54:31,880" />
Hva glor dere pâ?
    <time id="T371E" value="00:54:33,791" />
  </s>
  <s id="489">
    <time id="T372S" value="00:54:33,960" />
- Identifiser dere.
  </s>
  <s id="490">
- Jeg henter papirene.
    <time id="T372E" value="00:54:36,997" />
  </s>
  <s id="491">
    <time id="T373S" value="00:54:37,560" />
Wolf, papirer!
    <time id="T373E" value="00:54:39,516" />
  </s>
  <s id="492">
    <time id="T374S" value="00:54:44,040" />
- Hva er dette?
  </s>
  <s id="493">
- Glemte jeg â skrive autografen min?
    <time id="T374E" value="00:54:47,635" />
  </s>
  <s id="494">
    <time id="T375S" value="00:55:14,440" />
FARE Ikke skrem dyrene
    <time id="T375E" value="00:55:18,558" />
  </s>
  <s id="495">
    <time id="T376S" value="00:55:28,840" />
Herregud, han fâr vente i bilen.
  </s>
  <s id="496">
Han gâr jo amok.
    <time id="T376E" value="00:55:33,470" />
  </s>
  <s id="497">
    <time id="T377S" value="00:55:33,640" />
Da gâr han hit og angriper den elefanten.
    <time id="T377E" value="00:55:37,997" />
  </s>
  <s id="498">
    <time id="T378S" value="00:55:38,160" />
Vi binder ham og legger ham i en sekk.
    <time id="T378E" value="00:55:40,958" />
  </s>
  <s id="499">
    <time id="T379S" value="00:55:41,120" />
Han blir med oss.
  </s>
  <s id="500">
Hold et 0ye med ham.
    <time id="T379E" value="00:55:43,714" />
  </s>
  <s id="501">
    <time id="T380S" value="00:55:43,880" />
- Hvorfor skal jeg gj0re det?
  </s>
  <s id="502">
- Fordi jeg sa det!
    <time id="T380E" value="00:55:46,838" />
  </s>
  <s id="503">
    <time id="T381S" value="00:55:47,000" />
Fordi jeg sa det. 
  </s>
  <s id="504">
Kom igjen.
    <time id="T381E" value="00:55:49,878" />
  </s>
  <s id="505">
    <time id="T382S" value="00:56:00,280" />
- Den, da?
  </s>
  <s id="506">
- Ikke verst, men litt for mager.
    <time id="T382E" value="00:56:03,238" />
  </s>
  <s id="507">
    <time id="T383S" value="00:56:03,400" />
Hun i skinnklaerne...
    <time id="T383E" value="00:56:06,119" />
  </s>
  <s id="508">
    <time id="T384S" value="00:56:40,280" />
- Gi meg passordet.
  </s>
  <s id="509">
- Aldri.
    <time id="T384E" value="00:56:43,636" />
  </s>
  <s id="510">
    <time id="T385S" value="00:56:43,800" />
Den gâr pâ stemmen, ikke netthinnen.
    <time id="T385E" value="00:56:46,360" />
  </s>
  <s id="511">
    <time id="T386S" value="00:56:46,520" />
Du har mer nytte av 0ynene dine enn jeg har. 
  </s>
  <s id="512">
Passordet!
    <time id="T386E" value="00:56:50,957" />
  </s>
  <s id="513">
    <time id="T387S" value="00:56:52,880" />
Avling!
    <time id="T387E" value="00:56:54,518" />
  </s>
  <s id="514">
    <time id="T388S" value="00:57:00,600" />
Pâ tide â h0ste inn avlingen.
    <time id="T388E" value="00:57:02,272" />
  </s>
  <s id="515">
    <time id="T389S" value="00:57:06,680" />
- Den der?
  </s>
  <s id="516">
- Ja!
    <time id="T389E" value="00:57:08,830" />
  </s>
  <s id="517">
    <time id="T390S" value="00:57:27,040" />
- Hva er det?
  </s>
  <s id="518">
- Sykehusiridium.
    <time id="T390E" value="00:57:30,032" />
  </s>
  <s id="519">
    <time id="T391S" value="00:57:30,200" />
- Akkurat det Snake trenger.
  </s>
  <s id="520">
- Hvor er han?
    <time id="T391E" value="00:57:34,955" />
  </s>
  <s id="521">
    <time id="T392S" value="00:57:44,880" />
Hva med â ta et sted der det er penger neste gang?
    <time id="T392E" value="00:57:47,474" />
  </s>
  <s id="522">
    <time id="T393S" value="00:57:47,640" />
Hvem vet? 
  </s>
  <s id="523">
Livet er langt.
    <time id="T393E" value="00:57:50,200" />
  </s>
  <s id="524">
    <time id="T394S" value="00:57:51,560" />
Det var som fanden!
    <time id="T394E" value="00:57:53,949" />
  </s>
  <s id="525">
    <time id="T395S" value="00:57:56,960" />
Vemmelig.
    <time id="T395E" value="00:57:59,155" />
  </s>
  <s id="526">
    <time id="T396S" value="00:57:59,320" />
Wolf skulle jo passe pâ ham.
    <time id="T396E" value="00:58:02,232" />
  </s>
  <s id="527">
    <time id="T397S" value="00:58:06,880" />
Spytt ham ut.
    <time id="T397E" value="00:58:09,030" />
  </s>
  <s id="528">
    <time id="T398S" value="00:58:09,200" />
Du gâr meg pâ nervene.
    <time id="T398E" value="00:58:12,033" />
  </s>
  <s id="529">
    <time id="T399S" value="00:59:25,320" />
Skjerp deg, Wolf!
    <time id="T399E" value="00:59:28,278" />
  </s>
  <s id="530">
    <time id="T400S" value="01:02:17,600" />
Nâ tar vi kreket!
    <time id="T400E" value="01:02:19,591" />
  </s>
  <s id="531">
    <time id="T401S" value="01:02:20,160" />
Kom tilbake! 
  </s>
  <s id="532">
Vi trenger iridiumet.
    <time id="T401E" value="01:02:23,152" />
  </s>
  <s id="533">
    <time id="T402S" value="01:02:24,400" />
Ford0mte misfostre!
    <time id="T402E" value="01:02:26,470" />
  </s>
  <s id="534">
    <time id="T403S" value="01:04:27,520" />
Vi trenger ikke noe nett.
  </s>
  <s id="535">
Heller en lift eller to.
    <time id="T403E" value="01:04:31,638" />
  </s>
  <s id="536">
    <time id="T404S" value="01:04:46,840" />
Sett i gang!
    <time id="T404E" value="01:04:49,149" />
  </s>
  <s id="537">
    <time id="T405S" value="01:05:06,960" />
Ild opph0rer!
    <time id="T405E" value="01:05:09,599" />
  </s>
  <s id="538">
    <time id="T406S" value="01:05:09,760" />
Black Mask er her!
    <time id="T406E" value="01:05:11,910" />
  </s>
  <s id="539">
    <time id="T407S" value="01:05:14,160" />
Ta ham!
    <time id="T407E" value="01:05:17,038" />
  </s>
  <s id="540">
    <time id="T408S" value="01:05:26,320" />
Dette b0r fungere.
    <time id="T408E" value="01:05:28,709" />
  </s>
  <s id="541">
    <time id="T409S" value="01:05:45,880" />
Kan? 
  </s>
  <s id="542">
Er det deg?
    <time id="T409E" value="01:05:48,110" />
  </s>
  <s id="543">
    <time id="T410S" value="01:05:48,280" />
Helbred meg...
    <time id="T410E" value="01:05:49,793" />
  </s>
  <s id="544">
    <time id="T411S" value="01:05:49,960" />
Ikke r0r meg.
    <time id="T411E" value="01:05:51,951" />
  </s>
  <s id="545">
    <time id="T412S" value="01:05:52,400" />
Helbred!
    <time id="T412E" value="01:05:53,833" />
  </s>
  <s id="546">
    <time id="T413S" value="01:06:00,920" />
Helbred meg... nâ... ingen kontroll.
    <time id="T413E" value="01:06:06,233" />
  </s>
  <s id="547">
    <time id="T414S" value="01:07:47,400" />
Jeg vil ikke la deg d0.
    <time id="T414E" value="01:07:51,518" />
  </s>
  <s id="548">
    <time id="T415S" value="01:08:01,960" />
Mask?
    <time id="T415E" value="01:08:03,552" />
  </s>
  <s id="549">
    <time id="T416S" value="01:08:35,760" />
Black Mask! 
  </s>
  <s id="550">
Og jeg som trodde at du og din lille doktor hadde unnsluppet.
    <time id="T416E" value="01:08:41,471" />
  </s>
  <s id="551">
    <time id="T417S" value="01:08:48,240" />
H0r pâ meg!
    <time id="T417E" value="01:08:50,037" />
  </s>
  <s id="552">
    <time id="T418S" value="01:08:52,520" />
Det har jeg ikke tid til.
    <time id="T418E" value="01:08:54,750" />
  </s>
  <s id="553">
    <time id="T419S" value="01:09:02,600" />
Ikke pr0v deg!
    <time id="T419E" value="01:09:04,875" />
  </s>
  <s id="554">
    <time id="T420S" value="01:09:07,240" />
Slutt!
    <time id="T420E" value="01:09:08,992" />
  </s>
  <s id="555">
    <time id="T421S" value="01:09:11,800" />
Slutt, sa jeg.
    <time id="T421E" value="01:09:13,552" />
  </s>
  <s id="556">
    <time id="T422S" value="01:09:13,720" />
Flytt deg.
  </s>
  <s id="557">
Dette er mellom meg og ham.
    <time id="T422E" value="01:09:17,474" />
  </s>
  <s id="558">
    <time id="T423S" value="01:09:17,640" />
Nei! 
  </s>
  <s id="559">
Dere gjorde dette mot pappa, og dere fâr ikke gj0re det mot flere!
    <time id="T423E" value="01:09:22,350" />
  </s>
  <s id="560">
    <time id="T424S" value="01:09:22,520" />
Han er en morder. 
  </s>
  <s id="561">
Jeg elsket Dan.
    <time id="T424E" value="01:09:25,239" />
  </s>
  <s id="562">
    <time id="T425S" value="01:09:25,400" />
Du forstâr ikke den f0lelsen ennâ.
  </s>
  <s id="563">
Ikke tving meg til â kjempe mot deg.
    <time id="T425E" value="01:09:29,279" />
  </s>
  <s id="564">
    <time id="T426S" value="01:09:29,440" />
Det er du som ikke forstâr noe!
    <time id="T426E" value="01:09:31,590" />
  </s>
  <s id="565">
    <time id="T427S" value="01:09:31,800" />
Black Mask reddet meg da Iguana ville drepe meg.
    <time id="T427E" value="01:09:35,554" />
  </s>
  <s id="566">
    <time id="T428S" value="01:09:36,560" />
Du er ogsâ en morder!
    <time id="T428E" value="01:09:39,120" />
  </s>
  <s id="567">
    <time id="T429S" value="01:09:40,280" />
Vet du hva han tenkte da han slapp taket?
    <time id="T429E" value="01:09:44,831" />
  </s>
  <s id="568">
    <time id="T430S" value="01:09:45,000" />
Hvis du fortsetter sânn, kan du snart aldri bli normal igjen.
    <time id="T430E" value="01:09:50,472" />
  </s>
  <s id="569">
    <time id="T431S" value="01:09:51,600" />
Du forsvinner. 
  </s>
  <s id="570">
Blekner bort.
    <time id="T431E" value="01:09:54,990" />
  </s>
  <s id="571">
    <time id="T432S" value="01:09:57,640" />
Finn en kur f0r du mister kontrollen fullstendig.
    <time id="T432E" value="01:10:01,792" />
  </s>
  <s id="572">
    <time id="T433S" value="01:10:01,960" />
Moloch vil ikke hjelpe deg.
    <time id="T433E" value="01:10:04,679" />
  </s>
  <s id="573">
    <time id="T434S" value="01:10:50,040" />
Greit, Moloch.
    <time id="T434E" value="01:10:52,110" />
  </s>
  <s id="574">
    <time id="T435S" value="01:10:53,920" />
Du holdt l0ftet ditt.
    <time id="T435E" value="01:10:56,753" />
  </s>
  <s id="575">
    <time id="T436S" value="01:10:56,920" />
Hvil dere, gutter.
  </s>
  <s id="576">
Vi tar nye pr0ver i morgen.
    <time id="T436E" value="01:11:01,391" />
  </s>
  <s id="577">
    <time id="T437S" value="01:11:01,560" />
Velkommen til utviklingens neste stadium.
    <time id="T437E" value="01:11:04,916" />
  </s>
  <s id="578">
    <time id="T438S" value="01:11:29,400" />
Kan!
    <time id="T438E" value="01:11:30,799" />
  </s>
  <s id="579">
    <time id="T439S" value="01:11:33,640" />
- Beklager.
  </s>
  <s id="580">
- Hva har skjedd med deg?
    <time id="T439E" value="01:11:37,189" />
  </s>
  <s id="581">
    <time id="T440S" value="01:11:37,360" />
Jeg sâ deg ligge der nede, og jeg l0p ned, men du var...
    <time id="T440E" value="01:11:41,956" />
  </s>
  <s id="582">
    <time id="T441S" value="01:11:44,160" />
- Hvordan har du det?
  </s>
  <s id="583">
- Bra. 
  </s>
  <s id="584">
Bare bra.
    <time id="T441E" value="01:11:48,438" />
  </s>
  <s id="585">
    <time id="T442S" value="01:11:48,600" />
Jeg er deg en stort takk skyldig.
    <time id="T442E" value="01:11:51,592" />
  </s>
  <s id="586">
    <time id="T443S" value="01:11:51,760" />
Det er ikke over. 
  </s>
  <s id="587">
Uten iridium kan ikke middelet skille- 
    <time id="T444S" value="01:11:55,960" />
  </s>
  <s id="588">
- Normalt DNA fra unormalt.
  </s>
  <s id="589">
Du kan styre det, men...
    <time id="T444E" value="01:11:58,952" />
  </s>
  <s id="590">
    <time id="T445S" value="01:11:59,120" />
- Det fins ennâ et dyr inni meg.
  </s>
  <s id="591">
- Ja, selv om det h0res vittig ut.
    <time id="T445E" value="01:12:04,478" />
  </s>
  <s id="592">
    <time id="T446S" value="01:12:04,640" />
Det kan ikke vaere verre enn ikke â f0le noe. 
  </s>
  <s id="593">
Jeg er ikke et menneske.
    <time id="T446E" value="01:12:10,237" />
  </s>
  <s id="594">
    <time id="T447S" value="01:12:23,400" />
Merket du det?
    <time id="T447E" value="01:12:25,436" />
  </s>
  <s id="595">
    <time id="T448S" value="01:12:27,400" />
Nei egentlig ikke. 
  </s>
  <s id="596">
Gjorde du det?
    <time id="T449E" value="01:12:32,949" />
  </s>
  <s id="597">
    <time id="T450S" value="01:12:33,720" />
Nei, ikke i det hele tatt.
    <time id="T450E" value="01:12:36,393" />
  </s>
  <s id="598">
    <time id="T451S" value="01:12:37,880" />
- Vi b0r pr0ve en gang til.
  </s>
  <s id="599">
- Nei.
    <time id="T451E" value="01:12:40,758" />
  </s>
  <s id="600">
    <time id="T452S" value="01:12:40,920" />
I vitenskapelig hensikt.
    <time id="T452E" value="01:12:43,957" />
  </s>
  <s id="601">
    <time id="T453S" value="01:12:49,560" />
Hei, Raymond!
    <time id="T453E" value="01:12:52,552" />
  </s>
  <s id="602">
    <time id="T454S" value="01:12:52,720" />
- Hva gj0r du her?
  </s>
  <s id="603">
- Han hjelper meg.
    <time id="T454E" value="01:12:55,757" />
  </s>
  <s id="604">
    <time id="T455S" value="01:12:55,920" />
Hvorfor har de alltid en medhjelper?
    <time id="T455E" value="01:12:59,117" />
  </s>
  <s id="605">
    <time id="T456S" value="01:12:59,280" />
Dessuten er han for ung.
    <time id="T456E" value="01:13:01,714" />
  </s>
  <s id="606">
    <time id="T457S" value="01:13:01,880" />
Han er ganske grei.
    <time id="T457E" value="01:13:04,758" />
  </s>
  <s id="607">
    <time id="T458S" value="01:13:06,280" />
- Du kalte, Zeus.
  </s>
  <s id="608">
- Du er virk elig observant, Lang.
    <time id="T458E" value="01:13:10,751" />
  </s>
  <s id="609">
    <time id="T459S" value="01:13:10,920" />
Du kan gj0re fiask oen godt igjen.
  </s>
  <s id="610">
Jeg har funnet Kan Fung.
    <time id="T459E" value="01:13:15,277" />
  </s>
  <s id="611">
    <time id="T460S" value="01:13:15,440" />
Hvor?
    <time id="T460E" value="01:13:17,237" />
  </s>
  <s id="612">
    <time id="T461S" value="01:13:17,400" />
Dette skjedde i B City, rett foran 0ynene pâ mediene.
    <time id="T461E" value="01:13:22,952" />
  </s>
  <s id="613">
    <time id="T462S" value="01:13:23,120" />
Interessant.
  </s>
  <s id="614">
Hva er det han slâss mot?
    <time id="T462E" value="01:13:28,114" />
  </s>
  <s id="615">
    <time id="T463S" value="01:13:28,280" />
Et genmanipulert mennesk e.
  </s>
  <s id="616">
En primitiv jobb, som du ser.
    <time id="T463E" value="01:13:32,478" />
  </s>
  <s id="617">
    <time id="T464S" value="01:13:32,640" />
Opps0k den ansvarlige og finn ut om han lar seg kj0pe.
    <time id="T464E" value="01:13:36,633" />
  </s>
  <s id="618">
    <time id="T465S" value="01:13:36,800" />
Vi vil ikk e ha noen amat0rer i bransjen vâr.
    <time id="T465E" value="01:13:40,952" />
  </s>
  <s id="619">
    <time id="T466S" value="01:13:41,120" />
- Hva gj0r vi om han nekter?
  </s>
  <s id="620">
- Bruk den vanlige metoden.
    <time id="T466E" value="01:13:45,477" />
  </s>
  <s id="621">
    <time id="T467S" value="01:13:45,640" />
- Vi drar 0yeblikkelig.
  </s>
  <s id="622">
- Lang?
    <time id="T467E" value="01:13:49,474" />
  </s>
  <s id="623">
    <time id="T468S" value="01:13:50,880" />
Kan Fung mâ ikk e unnslippe nâ.
  </s>
  <s id="624">
Han mâ ikk e fâ sâ h0y medieprofil.
    <time id="T468E" value="01:13:56,273" />
  </s>
  <s id="625">
    <time id="T469S" value="01:13:56,440" />
Den fortapte s0nnen mâ hjem.
    <time id="T469E" value="01:13:59,557" />
  </s>
  <s id="626">
    <time id="T470S" value="01:14:00,560" />
Trekk er du ordren i tvil?
    <time id="T470E" value="01:14:02,755" />
  </s>
  <s id="627">
    <time id="T471S" value="01:14:06,480" />
- Nei.
  </s>
  <s id="628">
- Du er som Kan Fung.
    <time id="T471E" value="01:14:09,517" />
  </s>
  <s id="629">
    <time id="T472S" value="01:14:09,680" />
- Ogsâ du har forraederiet i deg.
  </s>
  <s id="630">
- Det har jeg ikke. 
  </s>
  <s id="631">
Jeg sverger.
    <time id="T472E" value="01:14:14,708" />
  </s>
  <s id="632">
    <time id="T473S" value="01:14:14,880" />
/kk e svikt meg.
  </s>
  <s id="633">
Dette er din siste sjanse.
    <time id="T473E" value="01:14:19,158" />
  </s>
  <s id="634">
    <time id="T474S" value="01:14:27,240" />
Atskillige gram californium ble stjâlet fra et militaert anlegg.
    <time id="T474E" value="01:14:32,189" />
  </s>
  <s id="635">
    <time id="T475S" value="01:14:32,360" />
Situasjonen vurderes som kritisk. - 
    <time id="T476S" value="01:14:35,800" />
  </s>
  <s id="636">
- Saerlig etter gârdagens iridiumtyveri i havnen.
    <time id="T476E" value="01:14:40,351" />
  </s>
  <s id="637">
    <time id="T477S" value="01:14:40,560" />
En kule produsert av disse stoffene kan utl0se en atomeksplosjon.
    <time id="T477E" value="01:14:47,318" />
  </s>
  <s id="638">
    <time id="T478S" value="01:14:47,480" />
- Shadow-k onsernets symbol...
  </s>
  <s id="639">
- Er det en slange?
    <time id="T478E" value="01:14:52,315" />
  </s>
  <s id="640">
    <time id="T479S" value="01:14:52,480" />
Det er den greske bokstaven "Z".
  </s>
  <s id="641">
Den stâr for "Zeus".
    <time id="T479E" value="01:14:57,270" />
  </s>
  <s id="642">
    <time id="T480S" value="01:14:57,440" />
Hvem er det?
    <time id="T480E" value="01:14:59,590" />
  </s>
  <s id="643">
    <time id="T481S" value="01:14:59,760" />
Lederen for Shadow-konsernet.
  </s>
  <s id="644">
De skapte meg.
    <time id="T481E" value="01:15:03,719" />
  </s>
  <s id="645">
    <time id="T482S" value="01:15:03,880" />
- Hvem fanden er du?
  </s>
  <s id="646">
- Dere sl0ser bort talentet deres.
    <time id="T482E" value="01:15:09,432" />
  </s>
  <s id="647">
    <time id="T483S" value="01:15:09,600" />
Jeg kan hjelpe dere med â bruke det mye bedre.
    <time id="T483E" value="01:15:12,433" />
  </s>
  <s id="648">
    <time id="T484S" value="01:15:12,600" />
Lang og Moloch, dommedag m0ter helvete.
    <time id="T484E" value="01:15:16,878" />
  </s>
  <s id="649">
    <time id="T485S" value="01:15:17,080" />
Dere har i deres besittelse store mengder iridium. - 
    <time id="T486S" value="01:15:20,600" />
  </s>
  <s id="650">
- Men dere har ikke det som mâ til for â gj0re noe storslagent med det.
    <time id="T486E" value="01:15:24,559" />
  </s>
  <s id="651">
    <time id="T487S" value="01:15:24,720" />
Californium og iridium.
    <time id="T487E" value="01:15:27,712" />
  </s>
  <s id="652">
    <time id="T488S" value="01:15:27,880" />
En biokjemisk katalysator og et radioaktivt stoff. 
  </s>
  <s id="653">
Hva betyr sâ det?
    <time id="T488E" value="01:15:32,670" />
  </s>
  <s id="654">
    <time id="T489S" value="01:15:32,840" />
- De lager en bombe.
  </s>
  <s id="655">
- En DNA-bombe.
    <time id="T489E" value="01:15:36,310" />
  </s>
  <s id="656">
    <time id="T490S" value="01:15:36,480" />
De kan forvandle hele B City til en ford0mt dyrepark.
    <time id="T490E" value="01:15:40,598" />
  </s>
  <s id="657">
    <time id="T491S" value="01:15:40,760" />
Dette er helt i Langs stil.
  </s>
  <s id="658">
Bare for â finne meg.
    <time id="T491E" value="01:15:45,311" />
  </s>
  <s id="659">
    <time id="T492S" value="01:15:45,480" />
Hvor vil de gj0re dette?
    <time id="T492E" value="01:15:48,153" />
  </s>
  <s id="660">
    <time id="T493S" value="01:15:48,320" />
Vil de ha tak i meg, fins det et selvsagt sted.
    <time id="T493E" value="01:15:52,199" />
  </s>
  <s id="661">
    <time id="T494S" value="01:15:53,160" />
Der.
    <time id="T494E" value="01:15:54,479" />
  </s>
  <s id="662">
    <time id="T495S" value="01:16:06,320" />
Klart. 
  </s>
  <s id="663">
Iridium og californium.
    <time id="T495E" value="01:16:10,029" />
  </s>
  <s id="664">
    <time id="T496S" value="01:16:10,200" />
Det blir et fint show i kveld.
    <time id="T496E" value="01:16:12,919" />
  </s>
  <s id="665">
    <time id="T497S" value="01:16:13,080" />
Genetisk katastrofe.
  </s>
  <s id="666">
Bare Black Mask kan forhindre det.
    <time id="T497E" value="01:16:16,436" />
  </s>
  <s id="667">
    <time id="T498S" value="01:16:16,600" />
Tror du at han kommer?
    <time id="T498E" value="01:16:17,953" />
  </s>
  <s id="668">
    <time id="T499S" value="01:16:18,120" />
Snakker hunden uten herrens tillatelse?
    <time id="T499E" value="01:16:21,237" />
  </s>
  <s id="669">
    <time id="T500S" value="01:16:27,600" />
Kommer han?
    <time id="T500E" value="01:16:29,352" />
  </s>
  <s id="670">
    <time id="T501S" value="01:16:29,520" />
Kan, " Black Mask", som dere kaller ham, har lite selvoppholdelsesdrift.
    <time id="T501E" value="01:16:35,993" />
  </s>
  <s id="671">
    <time id="T502S" value="01:16:36,160" />
Han kommer fordi han tror at han trengs, og da tar jeg hând om ham.
    <time id="T502E" value="01:16:41,188" />
  </s>
  <s id="672">
    <time id="T503S" value="01:16:41,360" />
- Vi trenger ikke deg.
  </s>
  <s id="673">
- Hunden bjeffer igjen, Moloch.
    <time id="T503E" value="01:16:46,480" />
  </s>
  <s id="674">
    <time id="T504S" value="01:16:46,640" />
Dyrene dine har ikke vett til â tie nâr deres overmenn er til stede.
    <time id="T504E" value="01:16:51,236" />
  </s>
  <s id="675">
    <time id="T505S" value="01:17:20,280" />
Tiden er ute. 
  </s>
  <s id="676">
Skal han leve eller d0?
    <time id="T505E" value="01:17:23,795" />
  </s>
  <s id="677">
    <time id="T506S" value="01:17:25,080" />
Her er det jeg som bestemmer over liv og d0d. 
  </s>
  <s id="678">
Slipp ham.
    <time id="T506E" value="01:17:30,029" />
  </s>
  <s id="679">
    <time id="T507S" value="01:17:30,640" />
- Nâ!
  </s>
  <s id="680">
- Du fâr leve.
    <time id="T507E" value="01:17:33,916" />
  </s>
  <s id="681">
    <time id="T508S" value="01:17:38,040" />
Hjernen din er nyttig for meg.
    <time id="T508E" value="01:17:40,600" />
  </s>
  <s id="682">
    <time id="T509S" value="01:17:40,760" />
Ellers ville du vaert d0d nâ.
  </s>
  <s id="683">
Skj0nner du det?
    <time id="T509E" value="01:17:44,958" />
  </s>
  <s id="684">
    <time id="T510S" value="01:17:49,840" />
- Kan du komme deg inn i systemet?
  </s>
  <s id="685">
- Alle koder kan knekkes.
    <time id="T510E" value="01:17:55,995" />
  </s>
  <s id="686">
    <time id="T511S" value="01:17:57,000" />
En beskyttelsesmekanisme!
    <time id="T511E" value="01:17:59,719" />
  </s>
  <s id="687">
    <time id="T512S" value="01:18:01,480" />
Du er full av overraskelser.
    <time id="T512E" value="01:18:04,119" />
  </s>
  <s id="688">
    <time id="T513S" value="01:18:10,480" />
PROSJEKT:
  </s>
  <s id="689">
ELEKTRISK ÂL
    <time id="T513E" value="01:18:12,550" />
  </s>
  <s id="690">
    <time id="T514S" value="01:18:40,040" />
- Vi mâ finne Black Mask.
  </s>
  <s id="691">
- Det blir ikke lett.
    <time id="T514E" value="01:18:44,158" />
  </s>
  <s id="692">
    <time id="T515S" value="01:18:44,320" />
De sier at Black Mask er farlig.
    <time id="T515E" value="01:18:48,108" />
  </s>
  <s id="693">
    <time id="T516S" value="01:18:48,280" />
Det stemmer.
    <time id="T516E" value="01:18:50,316" />
  </s>
  <s id="694">
    <time id="T517S" value="01:18:50,480" />
Black Mask, ogsâ kalt " Blackie". - 
    <time id="T518S" value="01:18:53,600" />
  </s>
  <s id="695">
- Er en av verdens tre râeste kjemper.
    <time id="T518E" value="01:18:57,036" />
  </s>
  <s id="696">
    <time id="T519S" value="01:18:57,200" />
I kveld stâr han ansikt til ansikt- 
    <time id="T520S" value="01:19:00,680" />
  </s>
  <s id="697">
- Med de to andre: 
  </s>
  <s id="698">
Claw og Wolf!
    <time id="T520E" value="01:19:03,638" />
  </s>
  <s id="699">
    <time id="T521S" value="01:19:03,800" />
- Jeg lager mos av dem!
  </s>
  <s id="700">
- Han er en bedrager!
    <time id="T521E" value="01:19:07,759" />
  </s>
  <s id="701">
    <time id="T522S" value="01:19:09,040" />
- Hvor mange Black Mask fins det?
  </s>
  <s id="702">
- Det fins bare én.
    <time id="T522E" value="01:19:13,192" />
  </s>
  <s id="703">
    <time id="T523S" value="01:19:13,360" />
- Han der er en bl0ff!
  </s>
  <s id="704">
- Han er bl0ffen!
    <time id="T523E" value="01:19:16,875" />
  </s>
  <s id="705">
    <time id="T524S" value="01:19:17,640" />
Dere er blitt lurt! 
  </s>
  <s id="706">
Gâ hjem!
  </s>
  <s id="707">
Det blir ikke noe show i kveld.
    <time id="T524E" value="01:19:24,318" />
  </s>
  <s id="708">
    <time id="T525S" value="01:19:29,240" />
Ta av den ford0mte masken!
    <time id="T525E" value="01:19:31,310" />
  </s>
  <s id="709">
    <time id="T526S" value="01:19:40,160" />
- Hvor skal vi?
  </s>
  <s id="710">
- Kanskje han f0rer oss til bomben.
    <time id="T526E" value="01:19:45,154" />
  </s>
  <s id="711">
    <time id="T527S" value="01:19:59,360" />
Jeg skal ta hevn, om det sâ tar en evighet.
    <time id="T527E" value="01:20:03,069" />
  </s>
  <s id="712">
    <time id="T528S" value="01:20:04,280" />
- Gjorde du dette mot ham?
  </s>
  <s id="713">
- Absolutt.
    <time id="T528E" value="01:20:07,078" />
  </s>
  <s id="714">
    <time id="T529S" value="01:20:07,240" />
Jeg kastet bort alt det unyttige.
  </s>
  <s id="715">
Jeg trenger jo bare hjernen hans.
    <time id="T529E" value="01:20:12,712" />
  </s>
  <s id="716">
    <time id="T530S" value="01:20:12,880" />
Var energidrikken god?
    <time id="T530E" value="01:20:16,270" />
  </s>
  <s id="717">
    <time id="T531S" value="01:20:17,640" />
Hva var i den?
    <time id="T531E" value="01:20:18,993" />
  </s>
  <s id="718">
    <time id="T532S" value="01:20:19,320" />
En gift som 0ker pulsen til hjertet eksploderer.
    <time id="T532E" value="01:20:24,155" />
  </s>
  <s id="719">
    <time id="T533S" value="01:20:24,320" />
Gift? 
  </s>
  <s id="720">
Har du forgiftet oss?
    <time id="T533E" value="01:20:28,279" />
  </s>
  <s id="721">
    <time id="T534S" value="01:20:30,440" />
- Black Mask er her.
  </s>
  <s id="722">
- Vi rekker â ta ham.
    <time id="T534E" value="01:20:35,195" />
  </s>
  <s id="723">
    <time id="T535S" value="01:20:35,360" />
Gj0r dere det, fâr dere motgiften.
    <time id="T535E" value="01:20:39,717" />
  </s>
  <s id="724">
    <time id="T536S" value="01:20:40,800" />
Vi har ikke noe valg. 
  </s>
  <s id="725">
Sett i gang.
    <time id="T536E" value="01:20:44,190" />
  </s>
  <s id="726">
    <time id="T537S" value="01:24:42,120" />
Hvor er du, Mask?
    <time id="T537E" value="01:24:43,712" />
  </s>
  <s id="727">
    <time id="T538S" value="01:24:43,880" />
- Vi skulle jo hjelpe ham!
  </s>
  <s id="728">
- Ingen spydigheter, takk.
    <time id="T538E" value="01:24:47,759" />
  </s>
  <s id="729">
    <time id="T539S" value="01:24:47,920" />
Se! 
  </s>
  <s id="730">
Der!
    <time id="T539E" value="01:24:50,514" />
  </s>
  <s id="731">
    <time id="T540S" value="01:24:54,480" />
Vi kan stoppe den dusten!
    <time id="T540E" value="01:24:57,472" />
  </s>
  <s id="732">
    <time id="T541S" value="01:24:58,480" />
- Skynd deg!
  </s>
  <s id="733">
- Vi mâ vente.
    <time id="T541E" value="01:25:02,359" />
  </s>
  <s id="734">
    <time id="T542S" value="01:25:04,280" />
Denne veien!
    <time id="T542E" value="01:25:06,236" />
  </s>
  <s id="735">
    <time id="T543S" value="01:25:06,920" />
Vil du slâss?
  </s>
  <s id="736">
Jeg banker deg med én hând!
    <time id="T543E" value="01:25:10,435" />
  </s>
  <s id="737">
    <time id="T544S" value="01:25:18,840" />
- Nâ!
  </s>
  <s id="738">
- Har deg!
    <time id="T544E" value="01:25:20,990" />
  </s>
  <s id="739">
    <time id="T545S" value="01:26:01,320" />
Gj0r noe!
    <time id="T545E" value="01:26:03,390" />
  </s>
  <s id="740">
    <time id="T546S" value="01:26:22,440" />
Jeg sp0kte bare! 
  </s>
  <s id="741">
Du er ute etter Black Mask, ikke etter meg.
    <time id="T546E" value="01:26:26,672" />
  </s>
  <s id="742">
    <time id="T547S" value="01:26:26,840" />
Jeg vil drepe alle som hjelper ham.
    <time id="T547E" value="01:26:29,673" />
  </s>
  <s id="743">
    <time id="T548S" value="01:26:56,520" />
Marco? 
  </s>
  <s id="744">
Lever du?
    <time id="T548E" value="01:27:00,638" />
  </s>
  <s id="745">
    <time id="T549S" value="01:27:00,800" />
Gikk det bra? 
  </s>
  <s id="746">
Svar!
    <time id="T549E" value="01:27:04,031" />
  </s>
  <s id="747">
    <time id="T550S" value="01:27:04,560" />
Ja, jeg lever.
    <time id="T550E" value="01:27:07,313" />
  </s>
  <s id="748">
    <time id="T551S" value="01:27:07,880" />
Tror jeg.
    <time id="T551E" value="01:27:09,757" />
  </s>
  <s id="749">
    <time id="T552S" value="01:27:48,040" />
Hva gjorde du med meg, Moloch?
    <time id="T552E" value="01:27:50,918" />
  </s>
  <s id="750">
    <time id="T553S" value="01:28:14,040" />
Husker du Iguana?
    <time id="T553E" value="01:28:16,190" />
  </s>
  <s id="751">
    <time id="T554S" value="01:28:17,800" />
- Jeg skal aldri forsvinne!
  </s>
  <s id="752">
- Ikke slipp taket!
    <time id="T554E" value="01:28:22,920" />
  </s>
  <s id="753">
    <time id="T555S" value="01:28:46,000" />
- Denne gangen skal du d0.
  </s>
  <s id="754">
- Skulle du ikke ta meg levende?
    <time id="T555E" value="01:28:51,518" />
  </s>
  <s id="755">
    <time id="T556S" value="01:28:51,680" />
Jeg har gâtt lei. 
  </s>
  <s id="756">
Zeus forstâr det.
  </s>
  <s id="757">
Han trenger meg mer enn deg.
    <time id="T556E" value="01:28:57,152" />
  </s>
  <s id="758">
    <time id="T557S" value="01:31:15,080" />
Hva du enn gj0r, sâ d0r du.
    <time id="T557E" value="01:31:19,949" />
  </s>
  <s id="759">
    <time id="T558S" value="01:32:43,800" />
Du har nâdd endestasjonen, Dr. Lang.
    <time id="T558E" value="01:32:47,156" />
  </s>
  <s id="760">
    <time id="T559S" value="01:32:47,320" />
Min ferd mâ fortsette.
    <time id="T559E" value="01:32:49,993" />
  </s>
  <s id="761">
    <time id="T560S" value="01:33:00,040" />
Dr. Leung!
    <time id="T560E" value="01:33:02,395" />
  </s>
  <s id="762">
    <time id="T561S" value="01:33:05,600" />
Har du noen kommentarer?
    <time id="T561E" value="01:33:08,398" />
  </s>
  <s id="763">
    <time id="T562S" value="01:33:09,320" />
Hei!
    <time id="T562E" value="01:33:11,231" />
  </s>
  <s id="764">
    <time id="T563S" value="01:33:12,680" />
- Dette er pappa.
  </s>
  <s id="765">
- Takk Black Mask for hjelpen.
    <time id="T563E" value="01:33:17,276" />
  </s>
  <s id="766">
    <time id="T564S" value="01:33:17,440" />
- Din s0nn var modig. 
  </s>
  <s id="767">
Vaer stolt.
  </s>
  <s id="768">
- Det er jeg.
    <time id="T564E" value="01:33:21,433" />
  </s>
  <s id="769">
    <time id="T565S" value="01:33:21,600" />
Kan du gi ham adressen vâr?
  </s>
  <s id="770">
Han rekker kanskje â skrive en gang.
    <time id="T565E" value="01:33:26,913" />
  </s>
  <s id="771">
    <time id="T566S" value="01:33:27,720" />
Det skal jeg s0rge for at han gj0r.
    <time id="T566E" value="01:33:29,790" />
  </s>
  <s id="772">
    <time id="T567S" value="01:33:32,400" />
- Dr. Marco Leung.
  </s>
  <s id="773">
- Er du alene?
    <time id="T567E" value="01:33:34,994" />
  </s>
  <s id="774">
    <time id="T568S" value="01:33:35,160" />
- Hvor er du?
  </s>
  <s id="775">
- Du er ikk e trygg ennâ.
    <time id="T568E" value="01:33:38,709" />
  </s>
  <s id="776">
    <time id="T569S" value="01:33:39,200" />
Ikke det?
    <time id="T569E" value="01:33:40,713" />
  </s>
  <s id="777">
    <time id="T570S" value="01:33:40,880" />
- Jeg beskytter deg en stund til.
  </s>
  <s id="778">
- Jeg forstâr.
    <time id="T570E" value="01:33:44,668" />
  </s>
  <s id="779">
    <time id="T571S" value="01:33:57,080" />
Kidnapper du meg?
  </s>
  <s id="780">
Ikke flere dumme kostymer!
    <time id="T571E" value="01:34:01,278" />
  </s>
  <s id="781">
    <time id="T572S" value="01:34:01,440" />
Hold deg fast.
    <time id="T572E" value="01:34:02,919" />
  </s>
  <meta>
    <source>
      <genre>Action,Drama,Sci-Fi</genre>
      <original>English, Japanese</original>
      <duration>102</duration>
      <cds>1/1</cds>
      <country>Hong Kong, USA</country>
      <HD>0</HD>
      <year>2002</year>
    </source>
    <conversion>
      <unknown_words>0</unknown_words>
      <tokens>4867</tokens>
      <truecased_words>20</truecased_words>
      <encoding>windows-1252</encoding>
      <ignored_blocks>0</ignored_blocks>
      <sentences>781</sentences>
      <corrected_words>0</corrected_words>
    </conversion>
    <subtitle>
      <machine_translated>0</machine_translated>
      <version>0</version>
      <duration>01:34:02,919</duration>
      <language>Norwegian</language>
      <date>2003-05-24</date>
      <rating>0.0</rating>
      <confidence>1.0</confidence>
      <blocks>572</blocks>
    </subtitle>
  </meta>
</document>
