<?xml version="1.0" encoding="utf-8"?>
<document id="3143470">
  <s id="1">
    <time id="T1S" value="00:00:39,894" />
I de første årene av det 21. århundre utbrøt 3. verdenskrig.
    <time id="T2E" value="00:00:50,270" />
  </s>
  <s id="2">
    <time id="T3S" value="00:00:51,654" />
De av oss som overlevde visste   at menneskeheten aldri ville overleve en fjerde.
    <time id="T4E" value="00:01:02,491" />
  </s>
  <s id="3">
    <time id="T5S" value="00:01:04,248" />
At våre egne flyktige naturer   ikke lenger kunne risikeres.
    <time id="T6E" value="00:01:11,410" />
  </s>
  <s id="4">
    <time id="T7S" value="00:01:13,297" />
Derfor har vi skapt en ny type lovhåndhevere.
    <time id="T7E" value="00:01:17,376" />
  </s>
  <s id="5">
    <time id="T8S" value="00:01:19,344" />
Grammaton-klerkene.
    <time id="T8E" value="00:01:21,632" />
  </s>
  <s id="6">
    <time id="T9S" value="00:01:21,846" />
Deres oppgave er å oppsøke og utslette den virkelige kilden   til menneskets umenneskelighet overfor sine artsfeller.
    <time id="T10E" value="00:01:32,932" />
  </s>
  <s id="7">
    <time id="T11S" value="00:01:35,482" />
Dets evne til å føle.
    <time id="T11E" value="00:01:40,061" />
  </s>
  <s id="8">
    <time id="T12S" value="00:01:41,905" />
Politiet!
    <time id="T12E" value="00:01:43,945" />
  </s>
  <s id="9">
    <time id="T13S" value="00:01:58,753" />
Dere vet hva som må gjøres.
    <time id="T13E" value="00:02:01,078" />
  </s>
  <s id="10">
    <time id="T14S" value="00:02:11,263" />
Besvar ilden!
    <time id="T14E" value="00:02:13,968" />
  </s>
  <s id="11">
    <time id="T15S" value="00:02:15,142" />
Ned!
    <time id="T15E" value="00:02:16,884" />
  </s>
  <s id="12">
    <time id="T16S" value="00:03:10,188" />
De har slukket lyset. 
  </s>
  <s id="13">
Det kan være mer enn et dusin der inne.
    <time id="T16E" value="00:03:14,399" />
  </s>
  <s id="14">
    <time id="T17S" value="00:03:14,609" />
Når døra er sprengt, skyter dere i stykker pærene.
    <time id="T17E" value="00:03:18,142" />
  </s>
  <s id="15">
    <time id="T18S" value="00:04:12,366" />
Fikk vi han?
    <time id="T18E" value="00:04:15,366" />
  </s>
  <s id="16">
    <time id="T19S" value="00:04:15,576" />
Var det noen som traff han?
    <time id="T19E" value="00:04:19,788" />
  </s>
  <s id="17">
    <time id="T20S" value="00:06:19,849" />
- Det er her.
  </s>
  <s id="18">
- Hvor?
    <time id="T20E" value="00:06:22,718" />
  </s>
  <s id="19">
    <time id="T21S" value="00:06:23,560" />
Der.
    <time id="T21E" value="00:06:25,683" />
  </s>
  <s id="20">
    <time id="T22S" value="00:07:04,970" />
Det er ekte.
    <time id="T22E" value="00:07:07,508" />
  </s>
  <s id="21">
    <time id="T23S" value="00:07:12,101" />
Brenn det.
    <time id="T23E" value="00:07:14,805" />
  </s>
  <s id="22">
    <time id="T24S" value="00:07:54,221" />
Hvorfor etterlot du den ikke til Bevisinnsamlingsteamet?
    <time id="T24E" value="00:07:58,680" />
  </s>
  <s id="23">
    <time id="T25S" value="00:08:03,562" />
De overser ting.
  </s>
  <s id="24">
Jeg registrerer den selv.
    <time id="T25E" value="00:08:08,768" />
  </s>
  <s id="25">
    <time id="T26S" value="00:08:10,860" />
Så blir det gjort ordentlig.
    <time id="T26E" value="00:08:13,895" />
  </s>
  <s id="26">
    <time id="T27S" value="00:08:17,031" />
Hvor lang tid vil det ta, Preston, før alt dette er borte?
    <time id="T27E" value="00:08:22,487" />
  </s>
  <s id="27">
    <time id="T28S" value="00:08:22,702" />
Til vi har fått brent alt?
    <time id="T28E" value="00:08:26,153" />
  </s>
  <s id="28">
    <time id="T29S" value="00:08:26,372" />
Ressursene er knappe.
  </s>
  <s id="29">
Men vi skal nok finne alt.
    <time id="T29E" value="00:08:32,789" />
  </s>
  <s id="30">
    <time id="T30S" value="00:08:38,467" />
Gratulerer, Libria.
    <time id="T30E" value="00:08:42,546" />
  </s>
  <s id="31">
    <time id="T31S" value="00:08:44,096" />
Endelig er det fred i menneskets hjerte.
    <time id="T31E" value="00:08:49,338" />
  </s>
  <s id="32">
    <time id="T32S" value="00:08:50,852" />
Endelig er krig et ord som falmer i vår bevissthet.
    <time id="T32E" value="00:08:56,853" />
  </s>
  <s id="33">
    <time id="T33S" value="00:08:57,399" />
Endelig er vi hjemme.
    <time id="T33E" value="00:09:03,483" />
  </s>
  <s id="34">
    <time id="T34S" value="00:09:11,702" />
Librianere, det er en sykdom i menneskets hjerte.
    <time id="T34E" value="00:09:17,123" />
  </s>
  <s id="35">
    <time id="T35S" value="00:09:17,333" />
Symptomet er hat.
    <time id="T35E" value="00:09:20,665" />
  </s>
  <s id="36">
    <time id="T36S" value="00:09:20,877" />
Symptomet er sinne.
    <time id="T36E" value="00:09:24,957" />
  </s>
  <s id="37">
    <time id="T37S" value="00:09:25,171" />
Symptomet er raseri.
    <time id="T37E" value="00:09:29,121" />
  </s>
  <s id="38">
    <time id="T38S" value="00:09:29,342" />
Symptomet er krig.
    <time id="T38E" value="00:09:33,589" />
  </s>
  <s id="39">
    <time id="T39S" value="00:09:35,306" />
Sykdommen er menneskets følelser.
    <time id="T39E" value="00:09:40,809" />
  </s>
  <s id="40">
    <time id="T40S" value="00:09:41,436" />
Men, Libria, gratulerer.
    <time id="T40E" value="00:09:45,386" />
  </s>
  <s id="41">
    <time id="T41S" value="00:09:45,607" />
For sykdommen kan kureres.
    <time id="T41E" value="00:09:47,848" />
  </s>
  <s id="42">
    <time id="T42S" value="00:09:48,067" />
Prisen var følelseslivets svimlende høydepunkt   for å fortrenge de avgrunnsdype nedturene.
    <time id="T43E" value="00:09:55,561" />
  </s>
  <s id="43">
    <time id="T44S" value="00:09:55,781" />
Og dere, som samfunn, har tatt kuren til dere.
    <time id="T44E" value="00:10:01,155" />
  </s>
  <s id="44">
    <time id="T45S" value="00:10:02,704" />
Prozium.
    <time id="T45E" value="00:10:04,827" />
  </s>
  <s id="45">
    <time id="T46S" value="00:10:05,039" />
Nå har vi fred med oss selv   og menneskeheten er ett.
    <time id="T47E" value="00:10:11,994" />
  </s>
  <s id="46">
    <time id="T48S" value="00:10:12,212" />
Krig finnes ikke mer.
  </s>
  <s id="47">
Hat er bare et minne.
    <time id="T48E" value="00:10:16,541" />
  </s>
  <s id="48">
    <time id="T49S" value="00:10:16,758" />
Vi er vår egen samvittighet nå, og det er denne samvittigheten   som får oss til å klassifisere alt som EC- 10.
    <time id="T50E" value="00:10:28,178" />
  </s>
  <s id="49">
    <time id="T51S" value="00:10:28,392" />
Det som kunne friste oss til å føle igjen, og destruere dem.
    <time id="T51E" value="00:10:33,268" />
  </s>
  <s id="50">
    <time id="T52S" value="00:10:33,480" />
Librianere, dere har vunnet!
  </s>
  <s id="51">
Mot alle odds og deres egen natur.
    <time id="T52E" value="00:10:41,273" />
  </s>
  <s id="52">
    <time id="T53S" value="00:10:41,487" />
Dere har overlevd!
    <time id="T53E" value="00:10:45,698" />
  </s>
  <s id="53">
    <time id="T54S" value="00:11:06,550" />
Turen fra Nederne til byen minner meg alltid på hvorfor vi gjør dette.
    <time id="T54E" value="00:11:12,967" />
  </s>
  <s id="54">
    <time id="T55S" value="00:11:13,180" />
Gjør den?
    <time id="T55E" value="00:11:15,054" />
  </s>
  <s id="55">
    <time id="T56S" value="00:11:16,015" />
Unnskyld?
    <time id="T56E" value="00:11:17,593" />
  </s>
  <s id="56">
    <time id="T57S" value="00:11:22,814" />
Ja, det gjør den.
    <time id="T57E" value="00:11:25,386" />
  </s>
  <s id="57">
    <time id="T58S" value="00:11:37,702" />
Følgende gjenstander er klassifisert som EC- 10 og fordømt:
    <time id="T58E" value="00:11:41,485" />
  </s>
  <s id="58">
    <time id="T59S" value="00:11:41,705" />
Sju verk av todimensjonal illustrert karakter,   sju disketter med musikalsk innhold,   20 interaktive strategiske dataprogram.
    <time id="T61E" value="00:11:50,703" />
  </s>
  <s id="59">
    <time id="T62S" value="00:11:58,761" />
Takk for at du kom, klerk. 
  </s>
  <s id="60">
Jeg går ut ifra at du vet hvem jeg er?
    <time id="T62E" value="00:12:02,971" />
  </s>
  <s id="61">
    <time id="T63S" value="00:12:03,181" />
Ja, selvfølgelig. 
  </s>
  <s id="62">
Du er visekonsul Dupont fra Tetragrammatonen.
    <time id="T63E" value="00:12:07,889" />
  </s>
  <s id="63">
    <time id="T64S" value="00:12:08,101" />
Fars stemme.
    <time id="T64E" value="00:12:10,010" />
  </s>
  <s id="64">
    <time id="T65S" value="00:12:10,228" />
Jeg har hørt at du var en vidunderelev   som visste det med en gang hvis noen følte noe.
    <time id="T66E" value="00:12:20,308" />
  </s>
  <s id="65">
    <time id="T67S" value="00:12:20,529" />
- Jeg har oppnådd gode resultat.
  </s>
  <s id="66">
- Hvorfor, tror du?
    <time id="T67E" value="00:12:24,775" />
  </s>
  <s id="67">
    <time id="T68S" value="00:12:24,991" />
Jeg vet ikke helt.
    <time id="T68E" value="00:12:28,110" />
  </s>
  <s id="68">
    <time id="T69S" value="00:12:28,327" />
På en eller annen måte   kan jeg fornemme hvordan en overtreder tenker.
    <time id="T70E" value="00:12:38,746" />
  </s>
  <s id="69">
    <time id="T71S" value="00:12:39,003" />
Jeg kan sette meg inn i deres situasjon.
    <time id="T71E" value="00:12:41,708" />
  </s>
  <s id="70">
    <time id="T72S" value="00:12:42,757" />
Som hvis du hadde avbrutt din dose og var en følelsesovertreder.
    <time id="T72E" value="00:12:48,841" />
  </s>
  <s id="71">
    <time id="T73S" value="00:12:50,680" />
- Man kan vel si det sånn, ja.
  </s>
  <s id="72">
- Du er en familiemann?
    <time id="T73E" value="00:12:55,008" />
  </s>
  <s id="73">
    <time id="T74S" value="00:12:55,225" />
Ja, jeg har en gutt og ei jente.
  </s>
  <s id="74">
Gutten skal også bli klerk.
    <time id="T74E" value="00:12:59,767" />
  </s>
  <s id="75">
    <time id="T75S" value="00:12:59,979" />
Bra. 
  </s>
  <s id="76">
Og mora?
    <time id="T75E" value="00:13:02,766" />
  </s>
  <s id="77">
    <time id="T76S" value="00:13:02,982" />
Hun ble arrestert og brent for følelsesovertredelse.
    <time id="T76E" value="00:13:06,814" />
  </s>
  <s id="78">
    <time id="T77S" value="00:13:07,026" />
- Av deg?
  </s>
  <s id="79">
- Nei, av en annen.
    <time id="T77E" value="00:13:09,980" />
  </s>
  <s id="80">
    <time id="T78S" value="00:13:10,196" />
Hvordan føltes det?
    <time id="T78E" value="00:13:13,280" />
  </s>
  <s id="81">
    <time id="T79S" value="00:13:15,909" />
- Jeg forstår ikke helt spørsmålet.
  </s>
  <s id="82">
- Hva følte du?
    <time id="T79E" value="00:13:22,409" />
  </s>
  <s id="83">
    <time id="T80S" value="00:13:24,208" />
- Jeg følte ingenting.
  </s>
  <s id="84">
- Virkelig?
    <time id="T80E" value="00:13:28,620" />
  </s>
  <s id="85">
    <time id="T81S" value="00:13:28,837" />
Hvordan kunne du overse det?
    <time id="T81E" value="00:13:32,502" />
  </s>
  <s id="86">
    <time id="T82S" value="00:13:41,557" />
Jeg har spurt meg selv om det.
  </s>
  <s id="87">
Jeg vet ikke.
    <time id="T82E" value="00:13:45,256" />
  </s>
  <s id="88">
    <time id="T83S" value="00:13:46,852" />
En nesten utilgivelig forsømmelse, klerk.
    <time id="T83E" value="00:13:50,138" />
  </s>
  <s id="89">
    <time id="T84S" value="00:13:51,981" />
Jeg regner med at du vil være mer oppmerksom i framtida.
    <time id="T84E" value="00:13:56,524" />
  </s>
  <s id="90">
    <time id="T85S" value="00:13:57,945" />
Ja, sir.
    <time id="T85E" value="00:13:59,984" />
  </s>
  <s id="91">
    <time id="T86S" value="00:14:04,326" />
Turen fra Nederne minner meg alltid på hvorfor vi gjør dette.
    <time id="T86E" value="00:14:08,737" />
  </s>
  <s id="92">
    <time id="T87S" value="00:14:10,038" />
Gjør den?
    <time id="T87E" value="00:14:12,446" />
  </s>
  <s id="93">
    <time id="T88S" value="00:14:12,666" />
Turen fra Nederne minner meg alltid på hvorfor vi gjør dette.
    <time id="T88E" value="00:14:17,243" />
  </s>
  <s id="94">
    <time id="T89S" value="00:14:17,461" />
Gjør den?
    <time id="T89E" value="00:14:19,537" />
  </s>
  <s id="95">
    <time id="T90S" value="00:14:21,714" />
Gjør den?
    <time id="T90E" value="00:14:23,043" />
  </s>
  <s id="96">
    <time id="T91S" value="00:14:26,344" />
Rettslig bevismateriale for AR 136890.
    <time id="T91E" value="00:14:31,219" />
  </s>
  <s id="97">
    <time id="T92S" value="00:14:32,892" />
Det er kanskje ikke kommet inn i arkivene ennå.
    <time id="T92E" value="00:14:36,473" />
  </s>
  <s id="98">
    <time id="T93S" value="00:14:38,146" />
Det er ikke registrert noe, og det er ingenting som venter.
    <time id="T93E" value="00:14:42,938" />
  </s>
  <s id="99">
    <time id="T94S" value="00:14:43,150" />
Det var en gjenstand som ble brakt inn av grammaton Errol Partridge.
    <time id="T94E" value="00:14:48,061" />
  </s>
  <s id="100">
    <time id="T95S" value="00:14:48,280" />
Partridge har ikke levert noe på flere uker.
    <time id="T95E" value="00:14:52,442" />
  </s>
  <s id="101">
    <time id="T96S" value="00:14:52,658" />
- Du tar feil. 
  </s>
  <s id="102">
Det var ei bok.
  </s>
  <s id="103">
- Klerk...
    <time id="T96E" value="00:14:56,406" />
  </s>
  <s id="104">
    <time id="T97S" value="00:14:59,247" />
- Det er ikke noe.
  </s>
  <s id="105">
- Takk.
    <time id="T97E" value="00:15:03,410" />
  </s>
  <s id="106">
    <time id="T98S" value="00:15:08,087" />
Han har kjørt inn i Nederne hver kveld de siste to ukene.
    <time id="T98E" value="00:15:12,795" />
  </s>
  <s id="107">
    <time id="T99S" value="00:15:56,671" />
Du har visst det hele tida.
    <time id="T99E" value="00:15:59,587" />
  </s>
  <s id="108">
    <time id="T100S" value="00:16:08,472" />
"Men jeg, som er fattig, har bare mine drømmer."
    <time id="T100E" value="00:16:13,548" />
  </s>
  <s id="109">
    <time id="T101S" value="00:16:14,477" />
"Jeg har spredt ut mine drømmer under dine føtter."
    <time id="T101E" value="00:16:17,928" />
  </s>
  <s id="110">
    <time id="T102S" value="00:16:18,981" />
"Trå varsomt, for du tråkker på mine drømmer."
    <time id="T102E" value="00:16:24,140" />
  </s>
  <s id="111">
    <time id="T103S" value="00:16:26,613" />
Jeg går ut ifra at du drømmer, Preston.
    <time id="T103E" value="00:16:30,195" />
  </s>
  <s id="112">
    <time id="T104S" value="00:16:30,408" />
Jeg vil gjøre alt for at de skal være snille med deg.
    <time id="T104E" value="00:16:34,072" />
  </s>
  <s id="113">
    <time id="T105S" value="00:16:35,245" />
- De er aldri snille.
  </s>
  <s id="114">
- Det er jeg lei for.
    <time id="T105E" value="00:16:41,164" />
  </s>
  <s id="115">
    <time id="T106S" value="00:16:42,251" />
Nei, det er du ikke.
  </s>
  <s id="116">
Du aner ikke hva det betyr.
    <time id="T106E" value="00:16:46,414" />
  </s>
  <s id="117">
    <time id="T107S" value="00:16:47,130" />
Det er bare gamle ord for en følelse du aldri har kjent.
    <time id="T107E" value="00:16:52,965" />
  </s>
  <s id="118">
    <time id="T108S" value="00:16:53,177" />
Forstår du det ikke, Preston?
  </s>
  <s id="119">
Det er borte.
    <time id="T108E" value="00:16:58,418" />
  </s>
  <s id="120">
    <time id="T109S" value="00:16:58,640" />
Alt som gjør oss til dem vi er.
    <time id="T109E" value="00:17:01,309" />
  </s>
  <s id="121">
    <time id="T110S" value="00:17:01,517" />
Det er ingen krig. 
  </s>
  <s id="122">
Ingen mord.
    <time id="T110E" value="00:17:06,392" />
  </s>
  <s id="123">
    <time id="T111S" value="00:17:07,981" />
- Hva mener du vi gjør, da?
  </s>
  <s id="124">
- Nei.
    <time id="T111E" value="00:17:11,479" />
  </s>
  <s id="125">
    <time id="T112S" value="00:17:11,692" />
Vi har sett det. 
  </s>
  <s id="126">
Sjalusi, sinne.
    <time id="T112E" value="00:17:16,354" />
  </s>
  <s id="127">
    <time id="T113S" value="00:17:18,489" />
En tung omkostning.
    <time id="T113E" value="00:17:21,822" />
  </s>
  <s id="128">
    <time id="T114S" value="00:17:23,285" />
Jeg betaler den med glede.
    <time id="T114E" value="00:17:25,955" />
  </s>
  <s id="129">
    <time id="T115S" value="00:17:49,099" />
Ikke gjør det.
    <time id="T115E" value="00:17:50,973" />
  </s>
  <s id="130">
    <time id="T116S" value="00:18:32,928" />
Var du nært knyttet til partneren din?
    <time id="T116E" value="00:18:36,972" />
  </s>
  <s id="131">
    <time id="T117S" value="00:18:41,769" />
Jeg er veldig glad for denne stillingen.
    <time id="T117E" value="00:18:46,098" />
  </s>
  <s id="132">
    <time id="T118S" value="00:18:46,315" />
Jeg fikk vite at forfremmelsen ville gagne karrieren min.
    <time id="T118E" value="00:18:50,726" />
  </s>
  <s id="133">
    <time id="T119S" value="00:18:54,779" />
Jeg er som deg, klerk. 
  </s>
  <s id="134">
Intuitiv.
    <time id="T119E" value="00:18:58,991" />
  </s>
  <s id="135">
    <time id="T120S" value="00:19:00,326" />
Noen ganger vet jeg hva en person føler før de vet det selv.
    <time id="T120E" value="00:19:05,071" />
  </s>
  <s id="136">
    <time id="T121S" value="00:19:14,546" />
Klerk...
    <time id="T121E" value="00:19:16,420" />
  </s>
  <s id="137">
    <time id="T122S" value="00:19:18,049" />
Jeg håper jeg en dag vil bli like kompromissløs som deg.
    <time id="T122E" value="00:19:24,336" />
  </s>
  <s id="138">
    <time id="T123S" value="00:19:24,555" />
God natt.
    <time id="T123E" value="00:19:25,883" />
  </s>
  <s id="139">
    <time id="T124S" value="00:19:28,517" />
På slutten av 1900-tallet oppstod det   to politiske og psykologiske vitenskaper.
    <time id="T125E" value="00:19:37,603" />
  </s>
  <s id="140">
    <time id="T126S" value="00:19:39,401" />
For det første begrepet "etnisk motivert vold"...
    <time id="T126E" value="00:19:43,445" />
  </s>
  <s id="141">
    <time id="T127S" value="00:19:45,406" />
- John?
  </s>
  <s id="142">
- Ja.
    <time id="T127E" value="00:19:48,075" />
  </s>
  <s id="143">
    <time id="T128S" value="00:19:49,576" />
Jeg så Bobbie Taylor gråte i dag.
  </s>
  <s id="144">
Han visste ikke at jeg så det.
    <time id="T128E" value="00:19:54,782" />
  </s>
  <s id="145">
    <time id="T129S" value="00:19:54,997" />
Synes du jeg skal melde han?
    <time id="T129E" value="00:19:57,868" />
  </s>
  <s id="146">
    <time id="T130S" value="00:20:02,920" />
Helt klart.
    <time id="T130E" value="00:20:04,794" />
  </s>
  <s id="147">
    <time id="T131S" value="00:20:10,468" />
Den ufravikelige kjensgjerningen   at mennesker slo seg sammen langt mer målrettet i krig   enn de noensinne gjorde i sin søken etter fred.
    <time id="T133E" value="00:20:23,386" />
  </s>
  <s id="148">
    <time id="T134S" value="00:20:32,112" />
"Men jeg, som er fattig, har bare mine drømmer."
    <time id="T134E" value="00:20:37,319" />
  </s>
  <s id="149">
    <time id="T135S" value="00:20:37,534" />
"Jeg har spredt ut mine drømmer under dine føtter."
    <time id="T135E" value="00:20:42,195" />
  </s>
  <s id="150">
    <time id="T136S" value="00:20:42,413" />
"Trå varsomt, for du tråkker på mine drømmer."
    <time id="T136E" value="00:20:47,121" />
  </s>
  <s id="151">
    <time id="T137S" value="00:21:31,162" />
Viviana Preston, ikke rør deg!
  </s>
  <s id="152">
Stopp! 
  </s>
  <s id="153">
Ned på knær!
    <time id="T137E" value="00:21:36,157" />
  </s>
  <s id="154">
    <time id="T138S" value="00:21:40,629" />
Lkke skyt.
  </s>
  <s id="155">
Vi har en arrestordre på kona di.
    <time id="T138E" value="00:21:44,708" />
  </s>
  <s id="156">
    <time id="T139S" value="00:21:44,924" />
Hun er tiltalt for følelsesovertredelse.
    <time id="T139E" value="00:21:48,043" />
  </s>
  <s id="157">
    <time id="T140S" value="00:22:00,603" />
Ta henne!
    <time id="T140E" value="00:22:03,094" />
  </s>
  <s id="158">
    <time id="T141S" value="00:22:04,983" />
Husk meg!
    <time id="T141E" value="00:22:07,769" />
  </s>
  <s id="159">
    <time id="T142S" value="00:22:23,790" />
Våkn atter opp til triumf og en ny dag...
    <time id="T142E" value="00:22:30,077" />
  </s>
  <s id="160">
    <time id="T143S" value="00:23:07,243" />
Hva gjør du?
    <time id="T143E" value="00:23:09,236" />
  </s>
  <s id="161">
    <time id="T144S" value="00:23:12,456" />
- Hva gjør du, spurte jeg?
  </s>
  <s id="162">
- Jeg mistet morgenintervallet.
    <time id="T144E" value="00:23:18,956" />
  </s>
  <s id="163">
    <time id="T145S" value="00:23:19,921" />
Jeg tok det ut før jeg pusset tennene. 
  </s>
  <s id="164">
Jeg gjør aldri det.
    <time id="T145E" value="00:23:26,339" />
  </s>
  <s id="165">
    <time id="T146S" value="00:23:26,552" />
Dra til Equilibrium, da.
  </s>
  <s id="166">
Registrer tapet og få en ny.
    <time id="T146E" value="00:23:31,711" />
  </s>
  <s id="167">
    <time id="T147S" value="00:23:33,266" />
Ja, selvfølgelig.
    <time id="T147E" value="00:23:36,551" />
  </s>
  <s id="168">
    <time id="T148S" value="00:23:57,537" />
Den nye partneren din ringte.
  </s>
  <s id="169">
Han henter deg kl. 10.
    <time id="T148E" value="00:24:01,948" />
  </s>
  <s id="170">
    <time id="T149S" value="00:24:02,165" />
Er det greit at jeg sa du ville være på Equilibrium for å få en ny dose?
    <time id="T149E" value="00:24:08,913" />
  </s>
  <s id="171">
    <time id="T150S" value="00:24:10,005" />
Ja. 
  </s>
  <s id="172">
Det var det rette å gjøre.
    <time id="T150E" value="00:24:13,503" />
  </s>
  <s id="173">
    <time id="T151S" value="00:24:17,178" />
Slutt opp.
    <time id="T151E" value="00:24:18,885" />
  </s>
  <s id="174">
    <time id="T152S" value="00:24:26,436" />
På grunn av terroraktivitet er denne avdelingen stengt.
    <time id="T152E" value="00:24:31,393" />
  </s>
  <s id="175">
    <time id="T153S" value="00:24:31,607" />
Fortsett til Equilibrium-senteret i område 8A.
    <time id="T153E" value="00:24:36,482" />
  </s>
  <s id="176">
    <time id="T154S" value="00:24:37,904" />
På grunn av terroraktivitet er denne avdelingen stengt...
    <time id="T154E" value="00:24:44,617" />
  </s>
  <s id="177">
    <time id="T155S" value="00:24:54,543" />
Mer enn punktlig, klerk.
  </s>
  <s id="178">
Hopp inn.
    <time id="T155E" value="00:24:57,993" />
  </s>
  <s id="179">
    <time id="T156S" value="00:25:10,848" />
Hvordan var køene?
  </s>
  <s id="180">
Det gikk overraskende fort.
    <time id="T156E" value="00:25:17,051" />
  </s>
  <s id="181">
    <time id="T157S" value="00:25:18,104" />
Nei, de... er fine i dag.
    <time id="T157E" value="00:25:21,271" />
  </s>
  <s id="182">
    <time id="T158S" value="00:25:24,068" />
Kanskje jeg stikker innom senere og får intervallet mitt justert.
    <time id="T158E" value="00:25:28,694" />
  </s>
  <s id="183">
    <time id="T159S" value="00:25:28,905" />
- Forventer du motstand?
  </s>
  <s id="184">
- Jeg er en varsom person.
    <time id="T159E" value="00:25:35,523" />
  </s>
  <s id="185">
    <time id="T160S" value="00:25:37,079" />
Forsiktig av natur.
  </s>
  <s id="186">
Jeg forventer alltid det verste.
    <time id="T160E" value="00:25:42,036" />
  </s>
  <s id="187">
    <time id="T161S" value="00:25:44,544" />
- Dere kan ikke gjøre dette!
  </s>
  <s id="188">
- Tetragrammaton. 
  </s>
  <s id="189">
Vi kan alt.
    <time id="T161E" value="00:25:48,588" />
  </s>
  <s id="190">
    <time id="T162S" value="00:25:49,798" />
Hvor lenge har du gått uten å ta dosen din? 
  </s>
  <s id="191">
Se på deg!
    <time id="T162E" value="00:25:54,341" />
  </s>
  <s id="192">
    <time id="T163S" value="00:25:54,552" />
Se på deg!
    <time id="T163E" value="00:25:57,754" />
  </s>
  <s id="193">
    <time id="T164S" value="00:26:02,893" />
Se på deg.
    <time id="T164E" value="00:26:04,884" />
  </s>
  <s id="194">
    <time id="T165S" value="00:26:06,603" />
Rammen på speilet er ulovlig.
  </s>
  <s id="195">
Ødelegg den.
    <time id="T165E" value="00:26:10,186" />
  </s>
  <s id="196">
    <time id="T166S" value="00:27:11,200" />
- Dere brenner det, ikke sant?
  </s>
  <s id="197">
- Ja, på et eller annet tidspunkt.
    <time id="T166E" value="00:27:16,573" />
  </s>
  <s id="198">
    <time id="T167S" value="00:27:16,788" />
Men du kan ikke ha samlet alt dette selv. 
  </s>
  <s id="199">
Det må undersøkes.
    <time id="T167E" value="00:27:22,743" />
  </s>
  <s id="200">
    <time id="T168S" value="00:27:22,961" />
Vi skal nok finne dine medsammensvorne.
    <time id="T168E" value="00:27:25,961" />
  </s>
  <s id="201">
    <time id="T169S" value="00:27:46,689" />
Vi trenger henne.
    <time id="T169E" value="00:27:49,559" />
  </s>
  <s id="202">
    <time id="T170S" value="00:28:14,212" />
- Hva heter du?
  </s>
  <s id="203">
- O'Brien, Mary.
    <time id="T170E" value="00:28:18,505" />
  </s>
  <s id="204">
    <time id="T171S" value="00:28:18,716" />
Vel, Mary...
    <time id="T171E" value="00:28:22,085" />
  </s>
  <s id="205">
    <time id="T172S" value="00:28:22,303" />
Du kan enten vente og fortelle teknikerne i Justispalasset det,   eller du kan fortelle meg det nå.
  </s>
  <s id="206">
Hvem er vennene dine?
    <time id="T173E" value="00:28:32,390" />
  </s>
  <s id="207">
    <time id="T174S" value="00:28:35,856" />
Jeg lurer på om du overhodet vet hva det ordet betyr? 
  </s>
  <s id="208">
Venn.
    <time id="T174E" value="00:28:41,394" />
  </s>
  <s id="209">
    <time id="T175S" value="00:28:44,905" />
Er det ikke noe du ikke føler?
    <time id="T175E" value="00:28:48,818" />
  </s>
  <s id="210">
    <time id="T176S" value="00:28:49,033" />
Hva med skyld?
    <time id="T176E" value="00:28:52,069" />
  </s>
  <s id="211">
    <time id="T177S" value="00:28:52,286" />
La meg spørre deg om noe.
    <time id="T177E" value="00:28:56,034" />
  </s>
  <s id="212">
    <time id="T178S" value="00:29:02,794" />
Hvorfor er du i live?
    <time id="T178E" value="00:29:05,961" />
  </s>
  <s id="213">
    <time id="T179S" value="00:29:10,009" />
Jeg er i live...
    <time id="T179E" value="00:29:12,844" />
  </s>
  <s id="214">
    <time id="T180S" value="00:29:16,348" />
Jeg lever for å sikre fortsettelsen av dette storslåtte samfunnet.
    <time id="T180E" value="00:29:23,393" />
  </s>
  <s id="215">
    <time id="T181S" value="00:29:23,604" />
- For å tjene Libria.
  </s>
  <s id="216">
- Det er en sirkelslutning.
    <time id="T181E" value="00:29:26,521" />
  </s>
  <s id="217">
    <time id="T182S" value="00:29:26,732" />
Du eksisterer for å fortsette din eksistens. 
  </s>
  <s id="218">
Hva er formålet?
    <time id="T182E" value="00:29:31,974" />
  </s>
  <s id="219">
    <time id="T183S" value="00:29:32,195" />
Hva er formålet med din eksistens?
    <time id="T183E" value="00:29:34,732" />
  </s>
  <s id="220">
    <time id="T184S" value="00:29:34,989" />
Å føle. 
  </s>
  <s id="221">
Fordi du aldri har gjort det, kan du aldri vite det.
    <time id="T184E" value="00:29:39,531" />
  </s>
  <s id="222">
    <time id="T185S" value="00:29:39,743" />
Men det er like livsnødvendig som å puste.
    <time id="T185E" value="00:29:43,989" />
  </s>
  <s id="223">
    <time id="T186S" value="00:29:44,205" />
Uten kjærlighet, sinne, sorg så er pusten bare ei klokke som tikker.
    <time id="T187E" value="00:29:53,086" />
  </s>
  <s id="224">
    <time id="T188S" value="00:29:57,216" />
Jeg har ikke noe annet valg enn å sende deg til bearbeiding.
    <time id="T188E" value="00:30:02,422" />
  </s>
  <s id="225">
    <time id="T189S" value="00:30:03,971" />
"Bearbeiding".
    <time id="T189E" value="00:30:05,964" />
  </s>
  <s id="226">
    <time id="T190S" value="00:30:09,434" />
- Du mener henrettelse, hva?
  </s>
  <s id="227">
- Bearbeiding.
    <time id="T190E" value="00:30:15,437" />
  </s>
  <s id="228">
    <time id="T191S" value="00:30:23,488" />
Pistol-kataen.
    <time id="T191E" value="00:30:25,362" />
  </s>
  <s id="229">
    <time id="T192S" value="00:30:25,573" />
Gjennom analyser av tusenvis av skuddueller, har klerkene vist   at fordelingen av motstandere i enhver skuddkamp kan forutsis.
    <time id="T193E" value="00:30:36,074" />
  </s>
  <s id="230">
    <time id="T194S" value="00:30:36,875" />
Pistol-kataen behandler pistolen som et totalt våpen.
    <time id="T194E" value="00:30:39,958" />
  </s>
  <s id="231">
    <time id="T195S" value="00:30:40,169" />
Alle nye posisjoner er en maksimal drapssone,   som påfører maksimal skade   mens den holder forsvareren unna de tradisjonelle prosjektilbanene.
    <time id="T197E" value="00:30:52,042" />
  </s>
  <s id="232">
    <time id="T198S" value="00:30:54,139" />
Ved å beherske dette vil skudd- effektiviteten deres stige med 120%.
    <time id="T198E" value="00:30:59,097" />
  </s>
  <s id="233">
    <time id="T199S" value="00:30:59,310" />
En økt drapseffekt på 64% gjør pistol-kataen   til en motstander man bør ta alvorlig.
    <time id="T200E" value="00:31:09,265" />
  </s>
  <s id="234">
    <time id="T201S" value="00:31:59,402" />
Uten kjærlighet er pusten bare ei klokke som tikker.
    <time id="T201E" value="00:32:06,068" />
  </s>
  <s id="235">
    <time id="T202S" value="00:33:47,494" />
Prozium, den store lindreren.
    <time id="T202E" value="00:33:51,621" />
  </s>
  <s id="236">
    <time id="T203S" value="00:33:51,831" />
Massenes opium, det som holder samfunnet vårt sammen.
    <time id="T203E" value="00:33:56,291" />
  </s>
  <s id="237">
    <time id="T204S" value="00:33:56,502" />
Balsam og frelse.
    <time id="T204E" value="00:33:58,410" />
  </s>
  <s id="238">
    <time id="T205S" value="00:33:58,628" />
Det har fridd oss fra lidelse, sorg, melankoli og hat.
    <time id="T205E" value="00:34:05,626" />
  </s>
  <s id="239">
    <time id="T206S" value="00:34:06,969" />
Det bedøver sorg, utrydder sjalusi, utsletter raseri.
    <time id="T206E" value="00:34:12,555" />
  </s>
  <s id="240">
    <time id="T207S" value="00:34:13,892" />
Søsterimpulsene glede, kjærlighet og oppløftelse bedøves også.
    <time id="T207E" value="00:34:19,929" />
  </s>
  <s id="241">
    <time id="T208S" value="00:34:20,147" />
Det er et rimelig offer.
    <time id="T208E" value="00:34:22,852" />
  </s>
  <s id="242">
    <time id="T209S" value="00:34:23,066" />
For vi tar til oss Prozium i dets fulle utstrekning,   og alt det har gjort for vår storhet.
    <time id="T210E" value="00:34:33,861" />
  </s>
  <s id="243">
    <time id="T211S" value="00:35:26,370" />
- God morgen, klerk.
  </s>
  <s id="244">
- God morgen.
    <time id="T211E" value="00:35:29,121" />
  </s>
  <s id="245">
    <time id="T212S" value="00:35:30,165" />
Mennesket som vesen ble alltid dratt tilbake til det samme:
    <time id="T212E" value="00:35:37,542" />
  </s>
  <s id="246">
    <time id="T213S" value="00:35:38,505" />
Krig.
    <time id="T213E" value="00:35:40,047" />
  </s>
  <s id="247">
    <time id="T214S" value="00:35:40,257" />
Vi prøver derfor ikke å kurere symptomet, men selve sykdommen.
    <time id="T214E" value="00:35:46,045" />
  </s>
  <s id="248">
    <time id="T215S" value="00:35:46,262" />
Vi avviser individualitet og erstatter det med komformitet.
    <time id="T215E" value="00:35:52,299" />
  </s>
  <s id="249">
    <time id="T216S" value="00:35:52,517" />
Vi erstatter det med ensartethet og enhet,   og tillater hver mann, kvinne og barn i dette storslåtte samfunnet   å leve identiske liv.
    <time id="T218E" value="00:36:13,283" />
  </s>
  <s id="250">
    <time id="T219S" value="00:36:13,493" />
Begrepet "identisk miljøkonstruksjon"   tillater oss å gå hvert øyeblikk tillitsfullt i møte...
    <time id="T220E" value="00:36:20,989" />
  </s>
  <s id="251">
    <time id="T221S" value="00:36:38,681" />
Hva gjør du?
    <time id="T221E" value="00:36:40,589" />
  </s>
  <s id="252">
    <time id="T222S" value="00:36:44,352" />
- Flytter rundt på ting.
  </s>
  <s id="253">
- Likte du det ikke som det var?
    <time id="T222E" value="00:36:50,390" />
  </s>
  <s id="254">
    <time id="T223S" value="00:36:50,608" />
Jeg prøver bare å optimere det.
    <time id="T223E" value="00:36:54,356" />
  </s>
  <s id="255">
    <time id="T224S" value="00:36:57,280" />
Noen følelsesovertredere gjør motstand i Nederne.
    <time id="T224E" value="00:37:01,277" />
  </s>
  <s id="256">
    <time id="T225S" value="00:37:15,671" />
Vi anslår at det er 50 mann.
  </s>
  <s id="257">
De skal være fullt bevæpnet.
    <time id="T225E" value="00:37:21,294" />
  </s>
  <s id="258">
    <time id="T226S" value="00:37:22,343" />
Det er gruppa som saboterte Proziumfabrikkene.
    <time id="T226E" value="00:37:25,592" />
  </s>
  <s id="259">
    <time id="T227S" value="00:37:25,804" />
Dere renser, vi rydder opp.
    <time id="T227E" value="00:37:28,295" />
  </s>
  <s id="260">
    <time id="T228S" value="00:37:38,274" />
Innta trappeavsatsen!
    <time id="T228E" value="00:37:40,348" />
  </s>
  <s id="261">
    <time id="T229S" value="00:37:52,702" />
Dekk meg, jeg går inn.
    <time id="T229E" value="00:37:54,741" />
  </s>
  <s id="262">
    <time id="T230S" value="00:37:58,749" />
Bra fangst.
    <time id="T230E" value="00:38:00,658" />
  </s>
  <s id="263">
    <time id="T231S" value="00:40:29,585" />
Ludwig van Beethoven.
    <time id="T231E" value="00:40:33,250" />
  </s>
  <s id="264">
    <time id="T232S" value="00:42:32,564" />
Hvorfor etterlot du den ikke til Bevisinnsamlingsteamet?
    <time id="T232E" value="00:42:38,898" />
  </s>
  <s id="265">
    <time id="T233S" value="00:42:44,991" />
Noen ganger overser de ting.
  </s>
  <s id="266">
Jeg tar den med selv.
    <time id="T233E" value="00:42:51,028" />
  </s>
  <s id="267">
    <time id="T234S" value="00:42:55,834" />
Hvis vi fortsetter å brenne det som er forbudt,   vil det snart ikke være igjen mer.
  </s>
  <s id="268">
Hva skal sånne som oss gjøre da?
    <time id="T235E" value="00:43:07,669" />
  </s>
  <s id="269">
    <time id="T236S" value="00:43:07,886" />
Sir!
  </s>
  <s id="270">
Vi har noe på baksiden.
    <time id="T236E" value="00:43:11,469" />
  </s>
  <s id="271">
    <time id="T237S" value="00:43:28,278" />
Dyrene ble forsvart av kvinner og barn. 
  </s>
  <s id="272">
De var lette å avlive.
    <time id="T237E" value="00:43:32,322" />
  </s>
  <s id="273">
    <time id="T238S" value="00:43:32,532" />
Det er ikke første gang vi ser det.
  </s>
  <s id="274">
Hvorfor har de disse dyrene?
    <time id="T238E" value="00:43:38,201" />
  </s>
  <s id="275">
    <time id="T239S" value="00:43:38,412" />
Spiser de dem?
    <time id="T239E" value="00:43:40,404" />
  </s>
  <s id="276">
    <time id="T240S" value="00:43:43,207" />
- Hva skal vi gjøre, sir?
  </s>
  <s id="277">
- Utrydd dem, selvfølgelig.
    <time id="T240E" value="00:43:47,833" />
  </s>
  <s id="278">
    <time id="T241S" value="00:43:48,045" />
- Nei.
  </s>
  <s id="279">
- Hva er i veien, klerk?
    <time id="T241E" value="00:43:51,329" />
  </s>
  <s id="280">
    <time id="T242S" value="00:43:54,675" />
Ingenting.
    <time id="T242E" value="00:43:56,299" />
  </s>
  <s id="281">
    <time id="T243S" value="00:44:11,022" />
Ta den!
    <time id="T243E" value="00:44:13,311" />
  </s>
  <s id="282">
    <time id="T244S" value="00:44:21,281" />
Kast den inn igjen.
  </s>
  <s id="283">
Jeg tar livet av den.
    <time id="T244E" value="00:44:26,357" />
  </s>
  <s id="284">
    <time id="T245S" value="00:44:30,080" />
- Gi meg den, sir.
  </s>
  <s id="285">
- La han få den, klerk.
    <time id="T245E" value="00:44:34,124" />
  </s>
  <s id="286">
    <time id="T246S" value="00:44:46,970" />
Vent!
    <time id="T246E" value="00:44:48,511" />
  </s>
  <s id="287">
    <time id="T247S" value="00:44:51,265" />
Jeg synes at noen av dyrene bør testes for smittsomme sykdommer.
    <time id="T247E" value="00:44:57,800" />
  </s>
  <s id="288">
    <time id="T248S" value="00:44:58,020" />
Hvis dette er en epidemi, bør vi vite det.
    <time id="T248E" value="00:45:02,231" />
  </s>
  <s id="289">
    <time id="T249S" value="00:45:05,402" />
- Jeg forstår ikke logikken din.
  </s>
  <s id="290">
- Det var motstandsfolk.
    <time id="T249E" value="00:45:10,359" />
  </s>
  <s id="291">
    <time id="T250S" value="00:45:10,573" />
De kunne ha ført oss til Undergrunnen, men de ble drept.
    <time id="T250E" value="00:45:15,400" />
  </s>
  <s id="292">
    <time id="T251S" value="00:45:15,619" />
Far har meddelt at det er slutt med å bearbeide følelsesovertredere.
    <time id="T251E" value="00:45:22,996" />
  </s>
  <s id="293">
    <time id="T252S" value="00:45:23,209" />
De skal enten skytes på stedet eller brennes.
    <time id="T252E" value="00:45:27,786" />
  </s>
  <s id="294">
    <time id="T253S" value="00:45:28,004" />
Det er mot loven.
  </s>
  <s id="295">
Du sitter i Rådet.
    <time id="T253E" value="00:45:30,875" />
  </s>
  <s id="296">
    <time id="T254S" value="00:45:31,091" />
Det er ikke Rådets vilje, det er Fars, og han er loven.
    <time id="T254E" value="00:45:35,716" />
  </s>
  <s id="297">
    <time id="T255S" value="00:45:35,928" />
Ja, sir. 
  </s>
  <s id="298">
Men uten bearbeidelsens logikk, er det da ikke bare vold?
    <time id="T255E" value="00:45:42,843" />
  </s>
  <s id="299">
    <time id="T256S" value="00:45:43,059" />
Det vi har kjempet for å utrydde?
    <time id="T256E" value="00:45:46,262" />
  </s>
  <s id="300">
    <time id="T257S" value="00:45:46,478" />
Du må forstå, Preston, at selv om du, og selv jeg, er uenig,   er det ikke utsagnet som er viktig, men vår lydighet mot det.
    <time id="T258E" value="00:45:57,401" />
  </s>
  <s id="301">
    <time id="T259S" value="00:45:57,612" />
Fars vilje. 
  </s>
  <s id="302">
Kall det tro.
  </s>
  <s id="303">
Og det går jeg ut ifra at du har.
    <time id="T259E" value="00:46:04,824" />
  </s>
  <s id="304">
    <time id="T260S" value="00:46:09,373" />
- Ja. 
  </s>
  <s id="305">
Det har jeg.
  </s>
  <s id="306">
- Bra.
    <time id="T260E" value="00:46:15,458" />
  </s>
  <s id="307">
    <time id="T261S" value="00:46:36,479" />
Konfiskert bevismateriale X23-T45.
  </s>
  <s id="308">
Mary O'Brien.
    <time id="T261E" value="00:46:41,603" />
  </s>
  <s id="309">
    <time id="T262S" value="00:47:44,537" />
Klerk John Preston drar inn i Nederne i embets medfør.
    <time id="T262E" value="00:47:49,032" />
  </s>
  <s id="310">
    <time id="T263S" value="00:47:51,876" />
Takk, sir.
    <time id="T263E" value="00:47:53,334" />
  </s>
  <s id="311">
    <time id="T264S" value="00:48:25,363" />
Jeg vet ikke hva annet jeg skal gjøre med deg.
    <time id="T264E" value="00:48:30,652" />
  </s>
  <s id="312">
    <time id="T265S" value="00:48:30,867" />
Spring nå.
    <time id="T265E" value="00:48:32,575" />
  </s>
  <s id="313">
    <time id="T266S" value="00:48:35,413" />
Spring!
    <time id="T266E" value="00:48:37,452" />
  </s>
  <s id="314">
    <time id="T267S" value="00:49:13,112" />
Okei. 
  </s>
  <s id="315">
Men du må inn i bagasjerommet igjen.
    <time id="T267E" value="00:49:16,148" />
  </s>
  <s id="316">
    <time id="T268S" value="00:49:30,209" />
Okei.
    <time id="T268E" value="00:49:31,869" />
  </s>
  <s id="317">
    <time id="T269S" value="00:49:34,880" />
Her.
    <time id="T269E" value="00:49:38,082" />
  </s>
  <s id="318">
    <time id="T270S" value="00:49:47,682" />
Gå bort fra bilen.
  </s>
  <s id="319">
Gå bort fra bilen!
    <time id="T270E" value="00:49:51,679" />
  </s>
  <s id="320">
    <time id="T271S" value="00:49:51,894" />
For siste gang:
  </s>
  <s id="321">
Gå bort fra bilen!
    <time id="T271E" value="00:49:55,974" />
  </s>
  <s id="322">
    <time id="T272S" value="00:49:57,065" />
- Identifikasjon?
  </s>
  <s id="323">
- Jeg er klerk på offisiell...
    <time id="T272E" value="00:50:01,976" />
  </s>
  <s id="324">
    <time id="T273S" value="00:50:02,195" />
- Identifikasjon?
  </s>
  <s id="325">
- Den ligger i frakken min.
    <time id="T273E" value="00:50:05,280" />
  </s>
  <s id="326">
    <time id="T274S" value="00:50:05,490" />
- Hvor er den?
  </s>
  <s id="327">
- Jeg har den ikke.
    <time id="T274E" value="00:50:10,863" />
  </s>
  <s id="328">
    <time id="T275S" value="00:50:11,078" />
Uidentifiserte individ skal destrueres på stedet.
    <time id="T275E" value="00:50:13,829" />
  </s>
  <s id="329">
    <time id="T276S" value="00:50:14,038" />
Dette er en feiltakelse.
  </s>
  <s id="330">
Jeg er grammatonklerk av 1. klasse.
    <time id="T276E" value="00:50:17,039" />
  </s>
  <s id="331">
    <time id="T277S" value="00:50:17,250" />
- Vi undersøker bilen.
  </s>
  <s id="332">
- Nei, det gjør dere ikke.
    <time id="T277E" value="00:50:19,289" />
  </s>
  <s id="333">
    <time id="T278S" value="00:50:19,502" />
- Det er ingenting i den.
  </s>
  <s id="334">
- Undersøk bilen.
    <time id="T278E" value="00:50:23,000" />
  </s>
  <s id="335">
    <time id="T279S" value="00:50:28,550" />
- Den er tom.
  </s>
  <s id="336">
- Nøkkelen.
    <time id="T279E" value="00:50:30,258" />
  </s>
  <s id="337">
    <time id="T280S" value="00:50:30,469" />
Jeg skal overvære en avbrenning.
    <time id="T280E" value="00:50:34,513" />
  </s>
  <s id="338">
    <time id="T281S" value="00:50:35,890" />
Kaptein, mitt navn er John Preston.
    <time id="T281E" value="00:50:38,725" />
  </s>
  <s id="339">
    <time id="T282S" value="00:50:38,934" />
Jeg er klerk av høyeste rang i Tetragrammaton.
    <time id="T282E" value="00:50:41,852" />
  </s>
  <s id="340">
    <time id="T283S" value="00:50:42,062" />
Vent.
    <time id="T283E" value="00:50:43,888" />
  </s>
  <s id="341">
    <time id="T284S" value="00:50:46,482" />
Hvil.
    <time id="T284E" value="00:50:48,024" />
  </s>
  <s id="342">
    <time id="T285S" value="00:50:50,402" />
Unnskyld at jeg ikke kjente igjen deg.
    <time id="T285E" value="00:50:53,402" />
  </s>
  <s id="343">
    <time id="T286S" value="00:50:54,948" />
Det gjør ingenting.
  </s>
  <s id="344">
Du gjør bare jobben din.
    <time id="T286E" value="00:50:58,233" />
  </s>
  <s id="345">
    <time id="T287S" value="00:50:59,827" />
Vi eskorterer deg tilbake til porten.
    <time id="T287E" value="00:51:02,745" />
  </s>
  <s id="346">
    <time id="T288S" value="00:51:09,544" />
- Dyr. 
  </s>
  <s id="347">
Nederne er fulle av dem.
  </s>
  <s id="348">
- Det kom visst fra bagasjerommet.
    <time id="T288E" value="00:51:15,498" />
  </s>
  <s id="349">
    <time id="T289S" value="00:51:15,716" />
Umulig. 
  </s>
  <s id="350">
Bare gi meg nøklene mine, så kjører jeg.
    <time id="T289E" value="00:51:20,709" />
  </s>
  <s id="351">
    <time id="T290S" value="00:51:26,225" />
Kaptein, jeg ber deg for siste gang. 
  </s>
  <s id="352">
Ikke gjør det.
    <time id="T290E" value="00:51:31,810" />
  </s>
  <s id="353">
    <time id="T291S" value="00:51:34,731" />
- Ned på knær!
  </s>
  <s id="354">
- Ned!
    <time id="T291E" value="00:51:37,685" />
  </s>
  <s id="355">
    <time id="T292S" value="00:51:37,901" />
Ned på bakken!
    <time id="T292E" value="00:51:40,771" />
  </s>
  <s id="356">
    <time id="T293S" value="00:51:50,244" />
Hva? 
  </s>
  <s id="357">
Skyt han!
    <time id="T293E" value="00:51:53,827" />
  </s>
  <s id="358">
    <time id="T294S" value="00:54:22,777" />
Du øver deg bestandig.
  </s>
  <s id="359">
Det er vel derfor du er best.
    <time id="T294E" value="00:54:28,019" />
  </s>
  <s id="360">
    <time id="T295S" value="00:54:31,201" />
- Kanskje jeg bare er bedre.
  </s>
  <s id="361">
- Er det noe som plager deg?
    <time id="T295E" value="00:54:36,574" />
  </s>
  <s id="362">
    <time id="T296S" value="00:54:38,707" />
- Hvorfor spør du?
  </s>
  <s id="363">
- Tankelesing er jobben min.
    <time id="T296E" value="00:54:43,119" />
  </s>
  <s id="364">
    <time id="T297S" value="00:54:54,679" />
Hva tenker jeg på da?
    <time id="T297E" value="00:54:58,095" />
  </s>
  <s id="365">
    <time id="T298S" value="00:55:02,269" />
På mordene i Nederne i går kveld.
    <time id="T298E" value="00:55:05,602" />
  </s>
  <s id="366">
    <time id="T299S" value="00:55:11,568" />
Og om de vet hvem som gjorde det?
    <time id="T299E" value="00:55:14,190" />
  </s>
  <s id="367">
    <time id="T300S" value="00:55:18,908" />
Har jeg rett?
    <time id="T300E" value="00:55:20,699" />
  </s>
  <s id="368">
    <time id="T301S" value="00:55:23,287" />
Fortell meg det da. 
  </s>
  <s id="369">
Vet de det?
    <time id="T301E" value="00:55:26,157" />
  </s>
  <s id="370">
    <time id="T302S" value="00:55:32,753" />
Det finnes noen teorier.
  </s>
  <s id="371">
Jeg har et par selv også.
    <time id="T302E" value="00:55:37,213" />
  </s>
  <s id="372">
    <time id="T303S" value="00:55:37,424" />
Men det er for tidlig ennå.
    <time id="T303E" value="00:55:40,626" />
  </s>
  <s id="373">
    <time id="T304S" value="00:55:45,681" />
Jeg er glad det skjedde.
    <time id="T304E" value="00:55:48,597" />
  </s>
  <s id="374">
    <time id="T305S" value="00:55:50,935" />
Hvorfor?
    <time id="T305E" value="00:55:52,263" />
  </s>
  <s id="375">
    <time id="T306S" value="00:55:52,478" />
Nå vil Far og Rådet akselerere bekjempelsen av overtredere.
    <time id="T306E" value="00:55:57,899" />
  </s>
  <s id="376">
    <time id="T307S" value="00:55:58,943" />
De som gjorde det oppnår bare at motstanden blir knust fortere.
    <time id="T307E" value="00:56:03,650" />
  </s>
  <s id="377">
    <time id="T308S" value="00:56:12,662" />
Det blir en massakre.
    <time id="T308E" value="00:56:15,497" />
  </s>
  <s id="378">
    <time id="T309S" value="00:56:31,761" />
Jeg kom for å si at det er en razzia i Nederne. 
  </s>
  <s id="379">
Sektor 7.
    <time id="T309E" value="00:56:37,928" />
  </s>
  <s id="380">
    <time id="T310S" value="00:56:39,392" />
Gjør deg klar.
    <time id="T310E" value="00:56:41,551" />
  </s>
  <s id="381">
    <time id="T311S" value="00:57:22,221" />
Døra bak dere. 
  </s>
  <s id="382">
Spring.
    <time id="T311E" value="00:57:27,725" />
  </s>
  <s id="383">
    <time id="T312S" value="00:57:29,519" />
Spring, for pokker!
    <time id="T312E" value="00:57:32,009" />
  </s>
  <s id="384">
    <time id="T313S" value="00:57:35,274" />
- Stikk herfra, ellers dør dere.
  </s>
  <s id="385">
- Han skyter oss i ryggen.
    <time id="T313E" value="00:57:38,688" />
  </s>
  <s id="386">
    <time id="T314S" value="00:57:38,901" />
Hvis jeg ville skyte dere, skjøt jeg dere i ansiktet. 
  </s>
  <s id="387">
Spring!
    <time id="T314E" value="00:57:43,278" />
  </s>
  <s id="388">
    <time id="T315S" value="00:57:48,493" />
For pokker da. 
  </s>
  <s id="389">
Følg etter meg!
    <time id="T315E" value="00:57:51,778" />
  </s>
  <s id="390">
    <time id="T316S" value="00:58:07,634" />
Fanger og anholdte skal uskadeliggjøres.
    <time id="T316E" value="00:58:11,252" />
  </s>
  <s id="391">
    <time id="T317S" value="00:58:18,435" />
Pass på!
    <time id="T317E" value="00:58:20,309" />
  </s>
  <s id="392">
    <time id="T318S" value="00:58:33,615" />
Klerk, hva skjer?
  </s>
  <s id="393">
Vi hørte skudd.
    <time id="T318E" value="00:58:35,773" />
  </s>
  <s id="394">
    <time id="T319S" value="00:58:37,868" />
- Spring!
  </s>
  <s id="395">
- Det er motstandsfolk!
    <time id="T319E" value="00:58:41,319" />
  </s>
  <s id="396">
    <time id="T320S" value="00:58:43,415" />
- Klerk!
  </s>
  <s id="397">
- Han er følelsesovertreder!
    <time id="T320E" value="00:58:48,325" />
  </s>
  <s id="398">
    <time id="T321S" value="00:59:29,662" />
- Ned, ned!
  </s>
  <s id="399">
- Fang han i en annen kvadrant!
    <time id="T321E" value="00:59:34,904" />
  </s>
  <s id="400">
    <time id="T322S" value="00:59:46,426" />
Hva er dette?
  </s>
  <s id="401">
Hva gjør dere?
    <time id="T322E" value="00:59:50,293" />
  </s>
  <s id="402">
    <time id="T323S" value="00:59:50,513" />
Bra jobbet. 
  </s>
  <s id="403">
Du driver dem inn i fella, og jeg stenger den.
    <time id="T323E" value="00:59:59,469" />
  </s>
  <s id="404">
    <time id="T324S" value="01:00:03,900" />
Selve definisjonen på samarbeid.
    <time id="T324E" value="01:00:07,268" />
  </s>
  <s id="405">
    <time id="T325S" value="01:00:09,237" />
Ikke sant?
    <time id="T325E" value="01:00:11,111" />
  </s>
  <s id="406">
    <time id="T326S" value="01:00:13,741" />
Ta æren for henrettelsen du, klerk.
    <time id="T326E" value="01:00:16,742" />
  </s>
  <s id="407">
    <time id="T327S" value="01:00:20,580" />
- De bør bringes inn til avhør.
  </s>
  <s id="408">
- Fars kjennelse er klar.
    <time id="T327E" value="01:00:26,832" />
  </s>
  <s id="409">
    <time id="T328S" value="01:00:27,044" />
- Overtredere skytes på stedet.
  </s>
  <s id="410">
- De har verdifull informasjon...
    <time id="T328E" value="01:00:32,168" />
  </s>
  <s id="411">
    <time id="T329S" value="01:00:33,883" />
- De er til større nytte...
  </s>
  <s id="412">
- Klerk!
    <time id="T329E" value="01:00:36,717" />
  </s>
  <s id="413">
    <time id="T330S" value="01:00:37,261" />
Hvis våpenet ditt er flatt, bruk mitt.
    <time id="T330E" value="01:00:42,502" />
  </s>
  <s id="414">
    <time id="T331S" value="01:01:30,097" />
Nei.
    <time id="T331E" value="01:01:31,805" />
  </s>
  <s id="415">
    <time id="T332S" value="01:01:33,892" />
Jeg tror det er bedre at du får den.
    <time id="T332E" value="01:01:38,388" />
  </s>
  <s id="416">
    <time id="T333S" value="01:02:01,208" />
- Kaptein.
  </s>
  <s id="417">
- Still opp.
    <time id="T333E" value="01:02:03,994" />
  </s>
  <s id="418">
    <time id="T334S" value="01:02:08,422" />
Klar.
    <time id="T334E" value="01:02:10,165" />
  </s>
  <s id="419">
    <time id="T335S" value="01:02:18,179" />
Ta sikte!
    <time id="T335E" value="01:02:20,172" />
  </s>
  <s id="420">
    <time id="T336S" value="01:02:25,894" />
Skyt!
    <time id="T336E" value="01:02:28,183" />
  </s>
  <s id="421">
    <time id="T337S" value="01:02:34,652" />
- Sir.
  </s>
  <s id="422">
- Ja, klerk?
    <time id="T337E" value="01:02:37,985" />
  </s>
  <s id="423">
    <time id="T338S" value="01:02:38,197" />
Dere bad meg bli Fars instrument mot Motstandsbevegelsen.
    <time id="T338E" value="01:02:42,941" />
  </s>
  <s id="424">
    <time id="T339S" value="01:02:44,118" />
Jeg er klar.
  </s>
  <s id="425">
Jeg vil vise min tro.
    <time id="T339E" value="01:02:49,539" />
  </s>
  <s id="426">
    <time id="T340S" value="01:02:52,001" />
Jeg vil lokalisere Undergrunnen en gang for alle.
    <time id="T340E" value="01:02:56,792" />
  </s>
  <s id="427">
    <time id="T341S" value="01:02:57,004" />
For å ødelegge den.
    <time id="T341E" value="01:02:59,578" />
  </s>
  <s id="428">
    <time id="T342S" value="01:03:01,008" />
For å ødelegge den.
    <time id="T342E" value="01:03:02,881" />
  </s>
  <s id="429">
    <time id="T343S" value="01:03:03,093" />
Gjør det.
    <time id="T343E" value="01:03:05,002" />
  </s>
  <s id="430">
    <time id="T344S" value="01:03:14,436" />
Jeg er så lei for det.
    <time id="T344E" value="01:03:19,097" />
  </s>
  <s id="431">
    <time id="T345S" value="01:03:30,575" />
Dette er eiendelene han hadde på seg.
  </s>
  <s id="432">
Det offisielle blir brent med han.
    <time id="T345E" value="01:03:35,947" />
  </s>
  <s id="433">
    <time id="T346S" value="01:03:36,162" />
Bra.
    <time id="T346E" value="01:03:37,573" />
  </s>
  <s id="434">
    <time id="T347S" value="01:04:07,648" />
FRIHET
    <time id="T347E" value="01:04:10,138" />
  </s>
  <s id="435">
    <time id="T348S" value="01:04:18,240" />
Erroll Partridge.
    <time id="T348E" value="01:04:20,991" />
  </s>
  <s id="436">
    <time id="T349S" value="01:04:24,077" />
- Burde jeg kjenne han?
  </s>
  <s id="437">
- Han var klerk. 
  </s>
  <s id="438">
Du kjente han.
    <time id="T349E" value="01:04:28,538" />
  </s>
  <s id="439">
    <time id="T350S" value="01:04:28,749" />
Jeg er følelsesovertreder.
  </s>
  <s id="440">
Jeg omgås ikke klerker.
    <time id="T350E" value="01:04:34,169" />
  </s>
  <s id="441">
    <time id="T351S" value="01:04:41,050" />
Jeg vil vite noe om han.
    <time id="T351E" value="01:04:44,585" />
  </s>
  <s id="442">
    <time id="T352S" value="01:04:46,514" />
Da foreslår jeg at du spør han.
    <time id="T352E" value="01:04:50,558" />
  </s>
  <s id="443">
    <time id="T353S" value="01:04:51,852" />
Men jeg forstår at han er død.
  </s>
  <s id="444">
Drept av dine Grammaton-venner.
    <time id="T353E" value="01:04:57,936" />
  </s>
  <s id="445">
    <time id="T354S" value="01:04:58,149" />
Ikke av vennene mine. 
  </s>
  <s id="446">
Av meg.
    <time id="T354E" value="01:05:02,893" />
  </s>
  <s id="447">
    <time id="T355S" value="01:05:47,774" />
Dere var kjærester.
    <time id="T355E" value="01:05:50,526" />
  </s>
  <s id="448">
    <time id="T356S" value="01:06:30,393" />
Det står i vår Fars skrifter at vi finner den største...
    <time id="T356E" value="01:06:35,304" />
  </s>
  <s id="449">
    <time id="T357S" value="01:06:36,774" />
God dag, sir.
  </s>
  <s id="450">
Hva vil du lese?
    <time id="T357E" value="01:06:41,233" />
  </s>
  <s id="451">
    <time id="T358S" value="01:06:41,444" />
Den nyeste utgaven av "De uten følelser?" "Manifestet"?
    <time id="T358E" value="01:06:45,276" />
  </s>
  <s id="452">
    <time id="T359S" value="01:06:45,490" />
Erroll Partridge.
  </s>
  <s id="453">
Hva vet du om han?
    <time id="T359E" value="01:06:49,190" />
  </s>
  <s id="454">
    <time id="T360S" value="01:06:49,410" />
- Unnskyld?
  </s>
  <s id="455">
- Alle forlater lokalet.
    <time id="T360E" value="01:06:53,703" />
  </s>
  <s id="456">
    <time id="T361S" value="01:07:06,591" />
En gang til: 
  </s>
  <s id="457">
Erroll Partridge.
  </s>
  <s id="458">
Hva vet du om han?
    <time id="T361E" value="01:07:10,920" />
  </s>
  <s id="459">
    <time id="T362S" value="01:07:11,136" />
- Det må være en misforståelse...
  </s>
  <s id="460">
- Du er overtreder!
    <time id="T362E" value="01:07:15,844" />
  </s>
  <s id="461">
    <time id="T363S" value="01:07:16,057" />
- Nei, det er jeg ikke.
  </s>
  <s id="462">
- Hvorfor er du så redd da?
    <time id="T363E" value="01:07:19,841" />
  </s>
  <s id="463">
    <time id="T364S" value="01:07:20,061" />
Fortell meg alt du vet om Partridge, ellers får jeg deg brent!
    <time id="T364E" value="01:07:26,976" />
  </s>
  <s id="464">
    <time id="T365S" value="01:07:27,192" />
- Jeg vet ikke...
  </s>
  <s id="465">
- Snakk!
    <time id="T365E" value="01:07:31,058" />
  </s>
  <s id="466">
    <time id="T366S" value="01:07:31,278" />
Han kom inn hit med en fyr som het Jürgen. 
  </s>
  <s id="467">
Mer vet jeg ikke.
    <time id="T366E" value="01:07:38,774" />
  </s>
  <s id="468">
    <time id="T367S" value="01:08:00,219" />
Interessant.
    <time id="T367E" value="01:08:02,889" />
  </s>
  <s id="469">
    <time id="T368S" value="01:08:04,724" />
Pass på!
    <time id="T368E" value="01:08:06,632" />
  </s>
  <s id="470">
    <time id="T369S" value="01:08:40,670" />
Vi har holdt øye med deg, Preston.
    <time id="T369E" value="01:08:43,244" />
  </s>
  <s id="471">
    <time id="T370S" value="01:08:50,303" />
- Du er Jürgen.
  </s>
  <s id="472">
- Du føler.
    <time id="T370E" value="01:08:54,301" />
  </s>
  <s id="473">
    <time id="T371S" value="01:09:10,196" />
Vet du hvorfor du har kommet?
    <time id="T371E" value="01:09:14,109" />
  </s>
  <s id="474">
    <time id="T372S" value="01:09:35,091" />
Velkommen til Undergrunnen.
    <time id="T372E" value="01:09:37,582" />
  </s>
  <s id="475">
    <time id="T373S" value="01:09:48,187" />
En løgndetektor. 
  </s>
  <s id="476">
Den viser utsving i menneskelige følelser.
    <time id="T373E" value="01:09:54,438" />
  </s>
  <s id="477">
    <time id="T374S" value="01:09:54,650" />
Vi må være sikre.
    <time id="T374E" value="01:09:58,599" />
  </s>
  <s id="478">
    <time id="T375S" value="01:10:01,614" />
Mary.
    <time id="T375E" value="01:10:03,073" />
  </s>
  <s id="479">
    <time id="T376S" value="01:10:08,453" />
Du har ei rød sløyfe med parfymen hennes på i lomma.
    <time id="T376E" value="01:10:13,494" />
  </s>
  <s id="480">
    <time id="T377S" value="01:10:16,460" />
Du lukter på den når du tror ingen ser det.
    <time id="T377E" value="01:10:21,584" />
  </s>
  <s id="481">
    <time id="T378S" value="01:10:21,797" />
Men det du føler   kan bare forløses ved å la deg oppsluke av henne.
    <time id="T379E" value="01:10:30,220" />
  </s>
  <s id="482">
    <time id="T380S" value="01:10:36,601" />
Hun skal brennes.
  </s>
  <s id="483">
I morgen.
    <time id="T380E" value="01:10:42,307" />
  </s>
  <s id="484">
    <time id="T381S" value="01:10:47,278" />
Jeg vet det.
  </s>
  <s id="485">
Jeg var som deg.
    <time id="T381E" value="01:10:52,734" />
  </s>
  <s id="486">
    <time id="T382S" value="01:10:52,950" />
Men det første man lærer om følelser er at de har en pris.
    <time id="T382E" value="01:10:59,200" />
  </s>
  <s id="487">
    <time id="T383S" value="01:10:59,413" />
Et fullkomment paradoks.
    <time id="T383E" value="01:11:02,663" />
  </s>
  <s id="488">
    <time id="T384S" value="01:11:02,875" />
Men uten beherskelse og kontroll betyr følelser kaos.
    <time id="T384E" value="01:11:09,410" />
  </s>
  <s id="489">
    <time id="T385S" value="01:11:11,256" />
- Men er det forskjellig fra...?
  </s>
  <s id="490">
- Vi kan føle når vi vil.
    <time id="T385E" value="01:11:17,341" />
  </s>
  <s id="491">
    <time id="T386S" value="01:11:18,971" />
Men noen av oss...
    <time id="T386E" value="01:11:24,510" />
  </s>
  <s id="492">
    <time id="T387S" value="01:11:25,768" />
Noen av oss må unnvære den luksusen, så andre kan få den.
    <time id="T387E" value="01:11:31,058" />
  </s>
  <s id="493">
    <time id="T388S" value="01:11:31,273" />
Noen av oss må tvinge oss selv til ikke å føle.
    <time id="T388E" value="01:11:36,646" />
  </s>
  <s id="494">
    <time id="T389S" value="01:11:38,821" />
Som meg.
    <time id="T389E" value="01:11:40,814" />
  </s>
  <s id="495">
    <time id="T390S" value="01:11:41,866" />
Som deg.
    <time id="T390E" value="01:11:44,072" />
  </s>
  <s id="496">
    <time id="T391S" value="01:11:48,788" />
- Hva kan jeg gjøre?
  </s>
  <s id="497">
- Du kan drepe Far.
    <time id="T391E" value="01:11:55,075" />
  </s>
  <s id="498">
    <time id="T392S" value="01:12:30,657" />
Klerk John Preston. 
  </s>
  <s id="499">
Kom her.
    <time id="T392E" value="01:12:34,440" />
  </s>
  <s id="500">
    <time id="T393S" value="01:12:46,171" />
- Klerk Preston.
  </s>
  <s id="501">
- Sir.
    <time id="T393E" value="01:12:49,254" />
  </s>
  <s id="502">
    <time id="T394S" value="01:12:51,383" />
Jeg har hørt et foruroligende rykte.
    <time id="T394E" value="01:12:56,127" />
  </s>
  <s id="503">
    <time id="T395S" value="01:12:56,345" />
Ryktet sier at en av klerkene har sluttet å ta dosen sin.
    <time id="T395E" value="01:13:04,138" />
  </s>
  <s id="504">
    <time id="T396S" value="01:13:04,352" />
At en av elitefolkene våre faktisk føler.
    <time id="T396E" value="01:13:10,306" />
  </s>
  <s id="505">
    <time id="T397S" value="01:13:11,942" />
- Føler?
  </s>
  <s id="506">
- Leker du med meg, klerk?
    <time id="T397E" value="01:13:16,070" />
  </s>
  <s id="507">
    <time id="T398S" value="01:13:21,992" />
Nei, sir.
    <time id="T398E" value="01:13:24,197" />
  </s>
  <s id="508">
    <time id="T399S" value="01:13:28,706" />
Jeg har hørt at denne personen vil kontakte Motstandsbevegelsen.
    <time id="T399E" value="01:13:35,787" />
  </s>
  <s id="509">
    <time id="T400S" value="01:13:37,880" />
Fortell meg vennligst, hva har du brukt tida på i det siste?
    <time id="T400E" value="01:13:45,710" />
  </s>
  <s id="510">
    <time id="T401S" value="01:13:52,519" />
Jeg har prøvd å kontakte Motstandsbevegelsen.
    <time id="T401E" value="01:13:56,136" />
  </s>
  <s id="511">
    <time id="T402S" value="01:13:59,941" />
Prøvd?
    <time id="T402E" value="01:14:02,431" />
  </s>
  <s id="512">
    <time id="T403S" value="01:14:03,944" />
Hvordan vil du avsløre denne forræderen hvis du bare prøver?
    <time id="T403E" value="01:14:10,028" />
  </s>
  <s id="513">
    <time id="T404S" value="01:14:16,246" />
Du har 100% rett.
    <time id="T404E" value="01:14:21,620" />
  </s>
  <s id="514">
    <time id="T405S" value="01:14:23,877" />
Selvfølgelig har jeg det.
    <time id="T405E" value="01:14:26,450" />
  </s>
  <s id="515">
    <time id="T406S" value="01:14:28,340" />
Klerken er den siste forsvarslinja.
    <time id="T406E" value="01:14:31,589" />
  </s>
  <s id="516">
    <time id="T407S" value="01:14:31,800" />
Hvis Motstandsbevegelsen kompromitterer den, er vi fortapt.
    <time id="T407E" value="01:14:36,047" />
  </s>
  <s id="517">
    <time id="T408S" value="01:14:36,263" />
Da er Far fortapt.
    <time id="T408E" value="01:14:39,881" />
  </s>
  <s id="518">
    <time id="T409S" value="01:14:40,100" />
Jeg vil fordoble mine anstrengelser for å finne Motstandsbevegelsen.
    <time id="T409E" value="01:14:44,513" />
  </s>
  <s id="519">
    <time id="T410S" value="01:14:44,730" />
For å finne denne forræderen og bringe dem for Rådets domstol.
    <time id="T410E" value="01:14:49,437" />
  </s>
  <s id="520">
    <time id="T411S" value="01:14:54,362" />
Gjør det.
    <time id="T411E" value="01:14:56,401" />
  </s>
  <s id="521">
    <time id="T412S" value="01:15:40,109" />
Hva gjør du?
    <time id="T412E" value="01:15:42,019" />
  </s>
  <s id="522">
    <time id="T413S" value="01:15:44,155" />
Hva gjør du?
    <time id="T413E" value="01:15:47,605" />
  </s>
  <s id="523">
    <time id="T414S" value="01:15:48,492" />
Ingenting.
    <time id="T414E" value="01:15:51,113" />
  </s>
  <s id="524">
    <time id="T415S" value="01:15:55,497" />
Jeg sjekket for å være sikker på at du tar intervallet ditt.
    <time id="T415E" value="01:15:59,494" />
  </s>
  <s id="525">
    <time id="T416S" value="01:15:59,709" />
Er du fornøyd?
    <time id="T416E" value="01:16:04,252" />
  </s>
  <s id="526">
    <time id="T417S" value="01:16:06,673" />
Ja.
    <time id="T417E" value="01:16:08,665" />
  </s>
  <s id="527">
    <time id="T418S" value="01:16:10,885" />
God natt, pappa.
    <time id="T418E" value="01:16:13,720" />
  </s>
  <s id="528">
    <time id="T419S" value="01:16:14,846" />
Jeg forstår det ikke.
  </s>
  <s id="529">
Henrettelsen min er fastsatt.
    <time id="T419E" value="01:16:18,760" />
  </s>
  <s id="530">
    <time id="T420S" value="01:16:18,975" />
Hvorfor er du her?
    <time id="T420E" value="01:16:21,761" />
  </s>
  <s id="531">
    <time id="T421S" value="01:16:40,327" />
Skal du ikke dosere?
    <time id="T421E" value="01:16:42,996" />
  </s>
  <s id="532">
    <time id="T422S" value="01:16:56,090" />
Gode gud.
    <time id="T422E" value="01:16:58,297" />
  </s>
  <s id="533">
    <time id="T423S" value="01:17:00,469" />
Hva vil du gjøre?
    <time id="T423E" value="01:17:04,680" />
  </s>
  <s id="534">
    <time id="T424S" value="01:17:07,516" />
Jeg vet ikke.
    <time id="T424E" value="01:17:10,007" />
  </s>
  <s id="535">
    <time id="T425S" value="01:17:43,464" />
- 50 sweepere, kanskje flere.
  </s>
  <s id="536">
- Hva med en audiens?
    <time id="T425E" value="01:17:47,924" />
  </s>
  <s id="537">
    <time id="T426S" value="01:17:48,135" />
- Far gir ingen audienser lenger.
  </s>
  <s id="538">
- Du er vant til sånne odds.
    <time id="T426E" value="01:17:53,092" />
  </s>
  <s id="539">
    <time id="T427S" value="01:17:53,305" />
Selv om jeg kom igjennom, hvilken garanti er det da   for at det vil endre noe?
    <time id="T428E" value="01:18:02,386" />
  </s>
  <s id="540">
    <time id="T429S" value="01:18:02,605" />
Nettverket vårt er enormt.
    <time id="T429E" value="01:18:04,894" />
  </s>
  <s id="541">
    <time id="T430S" value="01:18:05,106" />
I det øyeblikket Far er død, og Rådet står uten leder,   vil det sprenges bomber på Proziumklinikkene og fabrikkene.
    <time id="T431E" value="01:18:12,396" />
  </s>
  <s id="542">
    <time id="T432S" value="01:18:12,613" />
Stopper vi forsyningene en dag, vinner den menneskelige natur.
    <time id="T432E" value="01:18:20,192" />
  </s>
  <s id="543">
    <time id="T433S" value="01:18:20,411" />
- Det vil oppstå krig og grusomheter.
  </s>
  <s id="544">
- Det Tetragrammaton erstattet?
    <time id="T433E" value="01:18:25,369" />
  </s>
  <s id="545">
    <time id="T434S" value="01:18:29,502" />
Vil du gjøre det?
    <time id="T434E" value="01:18:32,538" />
  </s>
  <s id="546">
    <time id="T435S" value="01:18:39,720" />
Ja.
    <time id="T435E" value="01:18:41,262" />
  </s>
  <s id="547">
    <time id="T436S" value="01:18:43,431" />
Kan du?
    <time id="T436E" value="01:18:45,922" />
  </s>
  <s id="548">
    <time id="T437S" value="01:18:48,019" />
Jeg vet ikke.
    <time id="T437E" value="01:18:51,138" />
  </s>
  <s id="549">
    <time id="T438S" value="01:19:00,445" />
Ikke gjør det. 
  </s>
  <s id="550">
Å se henne en siste gang vil gjøre oppgaven vanskeligere.
    <time id="T438E" value="01:19:07,776" />
  </s>
  <s id="551">
    <time id="T439S" value="01:19:40,730" />
...mens en ny slags ordensmakt, klerikatet,   ble sendt ut for å ødelegge resterende gjenstander,   og om nødvendig de som beskyttet dem.
    <time id="T441E" value="01:19:54,571" />
  </s>
  <s id="552">
    <time id="T442S" value="01:19:54,784" />
Opptak fra arkiv.
    <time id="T442E" value="01:19:57,238" />
  </s>
  <s id="553">
    <time id="T443S" value="01:19:59,329" />
Viviana Preston, dom og avbrenning.
    <time id="T443E" value="01:20:05,117" />
  </s>
  <s id="554">
    <time id="T444S" value="01:20:06,334" />
Lyd.
    <time id="T444E" value="01:20:07,793" />
  </s>
  <s id="555">
    <time id="T445S" value="01:20:08,003" />
Viviana Preston, for å avbryte intervallet og for å føle   dømmes du til utslettelse i forbrenningsanlegget.
    <time id="T446E" value="01:20:15,172" />
  </s>
  <s id="556">
    <time id="T447S" value="01:20:15,384" />
Du vil bli ført dit og brent omgående.
    <time id="T447E" value="01:20:19,297" />
  </s>
  <s id="557">
    <time id="T448S" value="01:20:35,401" />
...sendt ut for å ødelegge resterende gjenstander,   og om nødvendig de som beskyttet dem...
    <time id="T449E" value="01:20:45,274" />
  </s>
  <s id="558">
    <time id="T450S" value="01:21:28,320" />
- Er avbrenningen gjennomført?
  </s>
  <s id="559">
- Den blir gjennomført nå.
    <time id="T450E" value="01:21:32,816" />
  </s>
  <s id="560">
    <time id="T451S" value="01:22:01,723" />
Turbinen lader opp.
    <time id="T451E" value="01:22:05,768" />
  </s>
  <s id="561">
    <time id="T452S" value="01:22:05,978" />
- Jeg må snakke med kvinnen.
  </s>
  <s id="562">
- Det er for sent.
    <time id="T452E" value="01:22:10,105" />
  </s>
  <s id="563">
    <time id="T453S" value="01:22:10,314" />
Åpner vi døra nå, eksploderer turbinene på gateplan.
    <time id="T453E" value="01:22:13,185" />
  </s>
  <s id="564">
    <time id="T454S" value="01:22:13,400" />
Alt ikke-autorisert personale må forlate området.
    <time id="T454E" value="01:22:20,066" />
  </s>
  <s id="565">
    <time id="T455S" value="01:22:20,281" />
Turbinen starter nå.
    <time id="T455E" value="01:22:23,235" />
  </s>
  <s id="566">
    <time id="T456S" value="01:22:23,451" />
Avfyring om ti sekunder.
  </s>
  <s id="567">
Ni sekunder, åtte sekunder...
    <time id="T456E" value="01:22:29,322" />
  </s>
  <s id="568">
    <time id="T457S" value="01:22:41,591" />
Turbiner... fyr!
    <time id="T457E" value="01:22:43,750" />
  </s>
  <s id="569">
    <time id="T458S" value="01:23:35,012" />
Klerk John Preston.
    <time id="T458E" value="01:23:37,503" />
  </s>
  <s id="570">
    <time id="T459S" value="01:23:43,811" />
Du er arrestert.
    <time id="T459E" value="01:23:45,968" />
  </s>
  <s id="571">
    <time id="T460S" value="01:23:47,564" />
Denne mannen, denne overordnede klerken, har avbrutt dosen sin!
    <time id="T460E" value="01:23:53,268" />
  </s>
  <s id="572">
    <time id="T461S" value="01:23:53,485" />
Han føler!
    <time id="T461E" value="01:23:57,352" />
  </s>
  <s id="573">
    <time id="T462S" value="01:23:57,572" />
Han er ormen som spiser kjernen i vårt storslåtte samfunn.
    <time id="T462E" value="01:24:03,277" />
  </s>
  <s id="574">
    <time id="T463S" value="01:24:03,494" />
Jeg har brakt han inn for deres domstol.
    <time id="T463E" value="01:24:09,116" />
  </s>
  <s id="575">
    <time id="T464S" value="01:24:13,294" />
Jeg sa jo at jeg ville gjøre karriere med deg.
    <time id="T464E" value="01:24:17,077" />
  </s>
  <s id="576">
    <time id="T465S" value="01:24:19,090" />
Visekonsul, denne mannen er skyldig i å omgås følelsesovertredere,   i å ha et forhold til en kvinne   og i følelsesovertredelse.
    <time id="T467E" value="01:24:31,095" />
  </s>
  <s id="577">
    <time id="T468S" value="01:24:31,309" />
- Søk etter ubrukt Prozium...
  </s>
  <s id="578">
- Det er ikke nødvendig.
    <time id="T468E" value="01:24:35,307" />
  </s>
  <s id="579">
    <time id="T469S" value="01:24:35,522" />
En sporing vil vise at han var sammen med sweeperteamet   da de ble drept.
    <time id="T470E" value="01:24:43,314" />
  </s>
  <s id="580">
    <time id="T471S" value="01:24:48,240" />
Klerk, jeg går ut ifra at du har noe å si?
    <time id="T471E" value="01:24:51,691" />
  </s>
  <s id="581">
    <time id="T472S" value="01:24:54,370" />
Jeg vet...
  </s>
  <s id="582">
at det er vanskelig å tro at en klerk kan vende ryggen til alt han har lært,   bli en del av Motstandsbevegelsen,   ja, bli en av de ledende skikkelsene i Undergrunnen.
    <time id="T475E" value="01:25:13,383" />
  </s>
  <s id="583">
    <time id="T476S" value="01:25:13,595" />
Men det er sant.
    <time id="T476E" value="01:25:16,511" />
  </s>
  <s id="584">
    <time id="T477S" value="01:25:19,767" />
Jeg lovte å bringe deg den mannen.
    <time id="T477E" value="01:25:23,846" />
  </s>
  <s id="585">
    <time id="T478S" value="01:25:24,061" />
Og det har jeg gjort.
    <time id="T478E" value="01:25:27,762" />
  </s>
  <s id="586">
    <time id="T479S" value="01:25:28,983" />
Klerk Brandt. 
  </s>
  <s id="587">
Sporingen viser at det var ditt våpen i Nederne.
    <time id="T479E" value="01:25:35,697" />
  </s>
  <s id="588">
    <time id="T480S" value="01:25:35,906" />
Det er umulig.
    <time id="T480E" value="01:25:38,574" />
  </s>
  <s id="589">
    <time id="T481S" value="01:25:42,703" />
Dette er feil.
    <time id="T481E" value="01:25:44,695" />
  </s>
  <s id="590">
    <time id="T482S" value="01:25:44,913" />
Jeg tror det er bedre at du får den.
    <time id="T482E" value="01:25:50,618" />
  </s>
  <s id="591">
    <time id="T483S" value="01:25:50,835" />
Han byttet.
  </s>
  <s id="592">
Jeg har hans pistol nå.
    <time id="T483E" value="01:25:57,287" />
  </s>
  <s id="593">
    <time id="T484S" value="01:25:57,507" />
- Du tok den da du arresterte meg.
  </s>
  <s id="594">
- Hva?
    <time id="T484E" value="01:26:02,215" />
  </s>
  <s id="595">
    <time id="T485S" value="01:26:02,428" />
Før han til domsfellelse og avbrenning.
    <time id="T485E" value="01:26:05,464" />
  </s>
  <s id="596">
    <time id="T486S" value="01:26:05,680" />
Vent! 
  </s>
  <s id="597">
Jeg kan forklare dette.
    <time id="T486E" value="01:26:09,428" />
  </s>
  <s id="598">
    <time id="T487S" value="01:26:09,642" />
Det er ikke jeg som føler, det er han!
    <time id="T487E" value="01:26:13,639" />
  </s>
  <s id="599">
    <time id="T488S" value="01:26:13,854" />
Dette er en feiltakelse!
    <time id="T488E" value="01:26:16,807" />
  </s>
  <s id="600">
    <time id="T489S" value="01:26:18,108" />
Siden det har kommet en klage, krever loven   at jeg lar et team ransake leiligheten din.
    <time id="T490E" value="01:26:28,449" />
  </s>
  <s id="601">
    <time id="T491S" value="01:26:28,659" />
Er det nødvendig, eller er jeg for... streng?
    <time id="T491E" value="01:26:33,901" />
  </s>
  <s id="602">
    <time id="T492S" value="01:26:34,122" />
Som du selv sier, loven krever det.
    <time id="T492E" value="01:26:38,332" />
  </s>
  <s id="603">
    <time id="T493S" value="01:26:38,542" />
Plager det deg ikke at kollegaen din går døden i møte?
    <time id="T493E" value="01:26:43,832" />
  </s>
  <s id="604">
    <time id="T494S" value="01:26:44,046" />
Det eneste som plager meg   er at jeg er Fars våpen mot Undergrunnen når jeg aldri har hatt æren av å møte han.
    <time id="T496E" value="01:26:56,428" />
  </s>
  <s id="605">
    <time id="T497S" value="01:26:56,641" />
Du vet at Far ikke gir audienser.
    <time id="T497E" value="01:27:00,258" />
  </s>
  <s id="606">
    <time id="T498S" value="01:27:00,477" />
Ikke engang til han som bringer han Motstandsbevegelsen?
    <time id="T498E" value="01:27:06,348" />
  </s>
  <s id="607">
    <time id="T499S" value="01:27:16,532" />
- Beklager. 
  </s>
  <s id="608">
Det er kun en formalitet.
  </s>
  <s id="609">
- Flott. 
  </s>
  <s id="610">
Jeg har ingenting å skjule.
    <time id="T499E" value="01:27:22,652" />
  </s>
  <s id="611">
    <time id="T500S" value="01:27:43,305" />
- Ransakingsteamet har kommet.
  </s>
  <s id="612">
- Utmerket.
    <time id="T500E" value="01:27:46,674" />
  </s>
  <s id="613">
    <time id="T501S" value="01:28:07,951" />
Leter du etter noe?
    <time id="T501E" value="01:28:10,868" />
  </s>
  <s id="614">
    <time id="T502S" value="01:28:15,499" />
Hvis jeg var deg ville jeg være forsiktigere i framtida.
    <time id="T502E" value="01:28:21,121" />
  </s>
  <s id="615">
    <time id="T503S" value="01:28:26,967" />
- Hvor lenge?
  </s>
  <s id="616">
- Siden mor.
    <time id="T503E" value="01:28:29,921" />
  </s>
  <s id="617">
    <time id="T504S" value="01:28:33,390" />
- Og Lisa?
  </s>
  <s id="618">
- Selvfølgelig.
    <time id="T504E" value="01:28:35,381" />
  </s>
  <s id="619">
    <time id="T505S" value="01:28:40,729" />
Hvordan visste du det?
    <time id="T505E" value="01:28:42,721" />
  </s>
  <s id="620">
    <time id="T506S" value="01:28:42,939" />
Det er jobben min å vite hva du tenker.
    <time id="T506E" value="01:28:48,524" />
  </s>
  <s id="621">
    <time id="T507S" value="01:28:50,612" />
Da vet du hva jeg vil gjøre nå.
    <time id="T507E" value="01:28:54,562" />
  </s>
  <s id="622">
    <time id="T508S" value="01:28:55,575" />
Har du en beskjed til visekonsulen?
    <time id="T508E" value="01:28:58,658" />
  </s>
  <s id="623">
    <time id="T509S" value="01:28:58,869" />
Det er gjort. 
  </s>
  <s id="624">
Jeg har lokalisert Motstandsbevegelsen.
    <time id="T509E" value="01:29:03,280" />
  </s>
  <s id="625">
    <time id="T510S" value="01:29:03,497" />
Kom nå, så får du alle sammen.
    <time id="T510E" value="01:29:08,455" />
  </s>
  <s id="626">
    <time id="T511S" value="01:29:31,064" />
Svar bare Far på tiltale.
  </s>
  <s id="627">
Unngå øyekontakt.
    <time id="T511E" value="01:29:35,356" />
  </s>
  <s id="628">
    <time id="T512S" value="01:29:35,567" />
Bryter du sikkerhetssonen hans, blir du skutt omgående.
    <time id="T512E" value="01:29:41,984" />
  </s>
  <s id="629">
    <time id="T513S" value="01:29:42,197" />
Du må levere våpenet ditt, og så er det testen.
    <time id="T513E" value="01:29:47,322" />
  </s>
  <s id="630">
    <time id="T514S" value="01:29:47,536" />
- Testen?
  </s>
  <s id="631">
- Ja.
    <time id="T514E" value="01:29:52,612" />
  </s>
  <s id="632">
    <time id="T515S" value="01:29:52,832" />
Du tror vel ikke vi lar Far møte noen   uten å teste vedkommende først?
    <time id="T516E" value="01:30:01,456" />
  </s>
  <s id="633">
    <time id="T517S" value="01:30:06,259" />
Vær så god.
    <time id="T517E" value="01:30:07,588" />
  </s>
  <s id="634">
    <time id="T518S" value="01:30:22,606" />
Våpenet ditt, takk.
    <time id="T518E" value="01:30:24,515" />
  </s>
  <s id="635">
    <time id="T519S" value="01:30:29,405" />
Her.
    <time id="T519E" value="01:30:31,065" />
  </s>
  <s id="636">
    <time id="T520S" value="01:30:36,577" />
Sitt ned.
    <time id="T520E" value="01:30:38,819" />
  </s>
  <s id="637">
    <time id="T521S" value="01:30:41,456" />
Vi begynner med et prøvespørsmål.
  </s>
  <s id="638">
Det er nesten en gåte.
    <time id="T521E" value="01:30:46,082" />
  </s>
  <s id="639">
    <time id="T522S" value="01:30:48,086" />
Hva vil du si er den letteste måten å få et våpen fra en klerk?
    <time id="T522E" value="01:30:52,582" />
  </s>
  <s id="640">
    <time id="T523S" value="01:30:57,886" />
Be han om det.
    <time id="T523E" value="01:31:01,386" />
  </s>
  <s id="641">
    <time id="T524S" value="01:31:07,645" />
Jeg sa jo at jeg ville gjøre karriere med deg.
    <time id="T524E" value="01:31:11,309" />
  </s>
  <s id="642">
    <time id="T525S" value="01:31:16,985" />
Preston. 
  </s>
  <s id="643">
Brandts jobb var lett.
  </s>
  <s id="644">
Å få deg til å føle at du vant.
    <time id="T525E" value="01:31:22,940" />
  </s>
  <s id="645">
    <time id="T526S" value="01:31:24,326" />
Å få deg til å føle deg sikker.
    <time id="T526E" value="01:31:27,741" />
  </s>
  <s id="646">
    <time id="T527S" value="01:31:29,539" />
I årevis prøvde jeg å infiltrere Undergrunnen.
    <time id="T527E" value="01:31:34,496" />
  </s>
  <s id="647">
    <time id="T528S" value="01:31:36,336" />
Helt til det slo meg at for å trenge inn blant dem   og vinne deres tillit, måtte agenten min tenke som dem.
    <time id="T529E" value="01:31:49,345" />
  </s>
  <s id="648">
    <time id="T530S" value="01:31:50,640" />
Og føle som dem.
    <time id="T530E" value="01:31:53,556" />
  </s>
  <s id="649">
    <time id="T531S" value="01:31:53,767" />
Men hvor skulle jeg finne en sånn mann?
    <time id="T531E" value="01:31:56,970" />
  </s>
  <s id="650">
    <time id="T532S" value="01:31:57,187" />
En mann som var i stand til å føle, men som ikke visste det selv.
    <time id="T532E" value="01:32:02,690" />
  </s>
  <s id="651">
    <time id="T533S" value="01:32:04,693" />
Men vi har aldri møtt hverandre.
    <time id="T533E" value="01:32:08,357" />
  </s>
  <s id="652">
    <time id="T534S" value="01:32:08,571" />
Ikke det?
    <time id="T534E" value="01:32:10,148" />
  </s>
  <s id="653">
    <time id="T535S" value="01:32:15,576" />
Lkke se så overrasket ut.
    <time id="T535E" value="01:32:17,818" />
  </s>
  <s id="654">
    <time id="T536S" value="01:32:18,037" />
Hvorfor skulle Far være mer ekte enn andre politiske marionetter?
    <time id="T536E" value="01:32:22,663" />
  </s>
  <s id="655">
    <time id="T537S" value="01:32:22,875" />
Den virkelige Far døde for flere år siden.
    <time id="T537E" value="01:32:26,125" />
  </s>
  <s id="656">
    <time id="T538S" value="01:32:26,337" />
Rådet valgte meg til å fortsette hans faderlige tradisjon.
    <time id="T538E" value="01:32:30,583" />
  </s>
  <s id="657">
    <time id="T539S" value="01:32:30,798" />
Og du, Preston, som skulle frelse Motstandsbevegelsen,   vil nå ødelegge den.
    <time id="T540E" value="01:32:38,305" />
  </s>
  <s id="658">
    <time id="T541S" value="01:32:38,513" />
Og sammen med dem har du gitt meg deg selv.
    <time id="T541E" value="01:32:42,725" />
  </s>
  <s id="659">
    <time id="T542S" value="01:32:42,934" />
Rolig, kaldt.
    <time id="T542E" value="01:32:45,851" />
  </s>
  <s id="660">
    <time id="T543S" value="01:32:47,229" />
Helt uten opptrinn.
    <time id="T543E" value="01:32:50,680" />
  </s>
  <s id="661">
    <time id="T544S" value="01:32:55,569" />
Nei.
    <time id="T544E" value="01:32:57,645" />
  </s>
  <s id="662">
    <time id="T545S" value="01:32:59,823" />
Pokker.
    <time id="T545E" value="01:33:01,233" />
  </s>
  <s id="663">
    <time id="T546S" value="01:33:03,242" />
Ikke uten opptrinn.
    <time id="T546E" value="01:33:05,282" />
  </s>
  <s id="664">
    <time id="T547S" value="01:33:12,334" />
Jeg kommer.
    <time id="T547E" value="01:33:14,622" />
  </s>
  <s id="665">
    <time id="T548S" value="01:34:42,786" />
Du burde lære å banke på.
    <time id="T548E" value="01:34:46,070" />
  </s>
  <s id="666">
    <time id="T549S" value="01:35:11,768" />
Hvordan føltes det, Preston?
    <time id="T549E" value="01:35:15,266" />
  </s>
  <s id="667">
    <time id="T550S" value="01:35:55,263" />
Vær forsiktig med uniformen, klerk.
    <time id="T550E" value="01:35:58,133" />
  </s>
  <s id="668">
    <time id="T551S" value="01:36:03,270" />
Jeg har planer om å bruke den lenge.
    <time id="T551E" value="01:36:06,140" />
  </s>
  <s id="669">
    <time id="T552S" value="01:36:42,595" />
Forsiktig, Preston.
  </s>
  <s id="670">
Du tråkker på drømmene mine.
    <time id="T552E" value="01:36:47,091" />
  </s>
  <s id="671">
    <time id="T553S" value="01:37:24,965" />
Vent!
    <time id="T553E" value="01:37:27,502" />
  </s>
  <s id="672">
    <time id="T554S" value="01:37:27,717" />
Se på meg.
    <time id="T554E" value="01:37:31,168" />
  </s>
  <s id="673">
    <time id="T555S" value="01:37:32,138" />
Jeg er livet.
  </s>
  <s id="674">
Jeg lever, jeg puster.
    <time id="T555E" value="01:37:36,466" />
  </s>
  <s id="675">
    <time id="T556S" value="01:37:39,018" />
Jeg føler.
    <time id="T556E" value="01:37:41,971" />
  </s>
  <s id="676">
    <time id="T557S" value="01:37:42,979" />
Nå som du vet det, kan du virkelig ta det?
    <time id="T557E" value="01:37:47,522" />
  </s>
  <s id="677">
    <time id="T558S" value="01:37:47,734" />
Er det verdt prisen?
    <time id="T558E" value="01:37:51,517" />
  </s>
  <s id="678">
    <time id="T559S" value="01:37:56,073" />
Jeg betaler den med glede.
    <time id="T559E" value="01:37:58,362" />
  </s>
  <s id="679">
    <time id="T560S" value="01:38:17,676" />
Følgende gjenstander er EC- 10-klassifisert og fordømt Alexander den Store drepte over 1 million mennesker.
    <time id="T561E" value="01:38:48,656" />
  </s>
  <s id="680">
    <time id="T562S" value="01:38:50,370" />
300 år senere myrdet Caligula i sjalusi sin egen søster,   som var gravid med hans barn.
    <time id="T563E" value="01:39:00,243" />
  </s>
  <s id="681">
    <time id="T564S" value="01:39:17,101" />
...klassifisert, fordømt, destruert.
    <time id="T564E" value="01:39:19,770" />
  </s>
  <meta>
    <source>
      <genre>Action,Drama,Sci-Fi</genre>
      <original>English</original>
      <duration>107</duration>
      <cds>1/1</cds>
      <country>USA</country>
      <HD>1</HD>
      <year>2002</year>
    </source>
    <conversion>
      <unknown_words>0</unknown_words>
      <tokens>4820</tokens>
      <truecased_words>2</truecased_words>
      <encoding>windows-1252</encoding>
      <ignored_blocks>0</ignored_blocks>
      <sentences>681</sentences>
      <corrected_words>0</corrected_words>
    </conversion>
    <subtitle>
      <machine_translated>0</machine_translated>
      <version>0</version>
      <duration>01:39:19,770</duration>
      <language>Norwegian</language>
      <date>2007-08-27</date>
      <rating>7.0</rating>
      <confidence>1.0</confidence>
      <blocks>564</blocks>
    </subtitle>
  </meta>
</document>
