<?xml version="1.0" encoding="utf-8"?>
<document id="152438">
  <s id="1">
    <time id="T1S" value="00:01:40,053" />
Dr. Alexander Hartdegen PRAKTlSK MEKANlKK  lNGENlØRFAG
    <time id="T1E" value="00:01:43,807" />
  </s>
  <s id="2">
    <time id="T2S" value="00:02:12,253" />
Er det ikke noe du glemmer?
    <time id="T2E" value="00:02:14,562" />
  </s>
  <s id="3">
    <time id="T3S" value="00:02:14,733" />
-Den tredje differensialkoeffisienten.
  </s>
  <s id="4">
-lkke den.
    <time id="T3E" value="00:02:18,248" />
  </s>
  <s id="5">
    <time id="T4S" value="00:02:18,413" />
-l kveld.
  </s>
  <s id="6">
-Hva?
    <time id="T4E" value="00:02:20,688" />
  </s>
  <s id="7">
    <time id="T5S" value="00:02:20,853" />
Emma?
    <time id="T5E" value="00:02:23,128" />
  </s>
  <s id="8">
    <time id="T6S" value="00:02:23,293" />
-Hva er klokken?
  </s>
  <s id="9">
-Nesten fem.
    <time id="T6E" value="00:02:26,330" />
  </s>
  <s id="10">
    <time id="T7S" value="00:02:37,533" />
Både mitt konsept for å benytte sol- energi og mikroenergibølger, forkastet.
    <time id="T7E" value="00:02:42,561" />
  </s>
  <s id="11">
    <time id="T8S" value="00:02:42,733" />
Rektor foreslår at jeg fokuserer på noe som kan hjelpe mennesker, som hans studie om fordelene ved tobakksrøyking.
    <time id="T9E" value="00:02:49,124" />
  </s>
  <s id="12">
    <time id="T10S" value="00:02:49,293" />
Problemet er at ideene dine er litt for radikale.
    <time id="T10E" value="00:02:52,490" />
  </s>
  <s id="13">
    <time id="T11S" value="00:02:52,653" />
Problemet er fakultetet, de er dinosaurer.
    <time id="T11E" value="00:02:55,372" />
  </s>
  <s id="14">
    <time id="T12S" value="00:02:55,533" />
De er utslettet, de vet det bare ikke.
    <time id="T12E" value="00:02:57,842" />
  </s>
  <s id="15">
    <time id="T13S" value="00:02:58,013" />
De vil bli oppdaget av en arkeolog som ikke vil vite hva han skal mene om dem.
    <time id="T13E" value="00:03:01,608" />
  </s>
  <s id="16">
    <time id="T14S" value="00:03:01,773" />
Med sløve små øyne blottet for... 
    <time id="T14E" value="00:03:03,764" />
  </s>
  <s id="17">
    <time id="T15S" value="00:03:03,933" />
Alex, det er ditt første år som professor. 
  </s>
  <s id="18">
Vær mer konservativ.
    <time id="T15E" value="00:03:08,370" />
  </s>
  <s id="19">
    <time id="T16S" value="00:03:08,533" />
Du høres akkurat ut som min far.
    <time id="T16E" value="00:03:10,763" />
  </s>
  <s id="20">
    <time id="T17S" value="00:03:11,813" />
Se på dem, alle i like bowlerhatter.
    <time id="T17E" value="00:03:15,442" />
  </s>
  <s id="21">
    <time id="T18S" value="00:03:15,613" />
Vil du at studentene dine skal ende opp sånn?
    <time id="T18E" value="00:03:17,649" />
  </s>
  <s id="22">
    <time id="T19S" value="00:03:17,813" />
Jeg vil at de skal være forberedt på verdens realiteter.
    <time id="T19E" value="00:03:21,169" />
  </s>
  <s id="23">
    <time id="T20S" value="00:03:21,333" />
lkke jeg. 
  </s>
  <s id="24">
Jeg vil at de skal løpe ned gaten og slå av alle bowlerhattene.
    <time id="T20E" value="00:03:25,724" />
  </s>
  <s id="25">
    <time id="T21S" value="00:03:28,573" />
Mrs. Watchit!
    <time id="T21E" value="00:03:30,564" />
  </s>
  <s id="26">
    <time id="T22S" value="00:03:30,733" />
Bevares, herren er hjemme.
    <time id="T22E" value="00:03:32,928" />
  </s>
  <s id="27">
    <time id="T23S" value="00:03:33,093" />
-Fikk du hentet den?
  </s>
  <s id="28">
-Hallo, Mr. Philby.
    <time id="T23E" value="00:03:34,731" />
  </s>
  <s id="29">
    <time id="T24S" value="00:03:34,893" />
Hallo, Mrs. Watchit, du ser da pigg ut.
    <time id="T24E" value="00:03:37,327" />
  </s>
  <s id="30">
    <time id="T25S" value="00:03:37,493" />
Det må være treningen jeg får av å tråkke opp og ned trappene.
    <time id="T25E" value="00:03:40,530" />
  </s>
  <s id="31">
    <time id="T26S" value="00:03:40,693" />
-Fikk du hentet den?
  </s>
  <s id="32">
-Jeg fikk hentet den.
    <time id="T26E" value="00:03:42,888" />
  </s>
  <s id="33">
    <time id="T27S" value="00:03:43,053" />
Men tro ikke et øyeblikk at jeg lar deg gå ut i den møkkete jakken.
    <time id="T27E" value="00:03:47,888" />
  </s>
  <s id="34">
    <time id="T28S" value="00:03:48,053" />
Gå inn og skift.
    <time id="T28E" value="00:03:49,691" />
  </s>
  <s id="35">
    <time id="T29S" value="00:03:56,733" />
Du har fått enda et brev fra den irriterende lille mannen.
    <time id="T29E" value="00:04:00,169" />
  </s>
  <s id="36">
    <time id="T30S" value="00:04:02,173" />
Sett i gang, slå den på.
    <time id="T30E" value="00:04:04,448" />
  </s>
  <s id="37">
    <time id="T31S" value="00:04:04,613" />
Den vil hjelpe folk til å beholde tennene til de er i førtiårsalderen.
    <time id="T31E" value="00:04:08,208" />
  </s>
  <s id="38">
    <time id="T32S" value="00:04:08,373" />
Du burde overveie å få den der renset.
    <time id="T32E" value="00:04:10,364" />
  </s>
  <s id="39">
    <time id="T33S" value="00:04:10,533" />
Hvem har tid?
  </s>
  <s id="40">
Hvordan visste du det med Molly?
    <time id="T33E" value="00:04:13,411" />
  </s>
  <s id="41">
    <time id="T34S" value="00:04:13,573" />
-Visste hva?
  </s>
  <s id="42">
-At dere var ment for hverandre?
    <time id="T34E" value="00:04:16,167" />
  </s>
  <s id="43">
    <time id="T35S" value="00:04:16,333" />
Hun laget den beste kjøttpaien jeg har smakt.
    <time id="T35E" value="00:04:19,006" />
  </s>
  <s id="44">
    <time id="T36S" value="00:04:19,173" />
Har du ikke et romantisk bein i kroppen?
    <time id="T36E" value="00:04:20,845" />
  </s>
  <s id="45">
    <time id="T37S" value="00:04:21,013" />
Nei. 
  </s>
  <s id="46">
Jeg er bare bowlerhatt.
    <time id="T37E" value="00:04:24,528" />
  </s>
  <s id="47">
    <time id="T38S" value="00:04:27,693" />
Hvorfor kaster du bort tid på den tullingen?
    <time id="T38E" value="00:04:30,446" />
  </s>
  <s id="48">
    <time id="T39S" value="00:04:30,613" />
Han har noen interessante ideer.
    <time id="T39E" value="00:04:32,604" />
  </s>
  <s id="49">
    <time id="T40S" value="00:04:32,773" />
En professor på Columbia burde ikke brevveksle med en tysk bokholder.
    <time id="T40E" value="00:04:36,686" />
  </s>
  <s id="50">
    <time id="T41S" value="00:04:36,853" />
Patentkontorist, ikke bokholder.
    <time id="T41E" value="00:04:38,844" />
  </s>
  <s id="51">
    <time id="T42S" value="00:04:39,013" />
Jeg tror Mr. Einstein trenger all den støtte jeg kan gi ham.
    <time id="T42E" value="00:04:43,131" />
  </s>
  <s id="52">
    <time id="T43S" value="00:04:43,293" />
Jeg undres om vi noen gang vil gå for langt?
    <time id="T43E" value="00:04:45,648" />
  </s>
  <s id="53">
    <time id="T44S" value="00:04:45,813" />
-Med hva?
  </s>
  <s id="54">
-Med dette.
    <time id="T44E" value="00:04:47,485" />
  </s>
  <s id="55">
    <time id="T45S" value="00:04:47,653" />
Med alt dette.
    <time id="T45E" value="00:04:50,486" />
  </s>
  <s id="56">
    <time id="T46S" value="00:04:50,653" />
Noe sånt finnes ikke.
    <time id="T46E" value="00:04:52,644" />
  </s>
  <s id="57">
    <time id="T47S" value="00:04:54,653" />
-Greit. 
  </s>
  <s id="58">
Hvordan tar jeg meg ut?
  </s>
  <s id="59">
-Elegant, faktisk.
    <time id="T47E" value="00:04:58,931" />
  </s>
  <s id="60">
    <time id="T48S" value="00:04:59,093" />
Lykke til i kveld. 
  </s>
  <s id="61">
Hun er en flott pike, hun har vært bra for deg.
    <time id="T48E" value="00:05:03,132" />
  </s>
  <s id="62">
    <time id="T49S" value="00:05:03,293" />
Og vær ikke bekymret, du lukter fremdeles forførerisk av kritt.
    <time id="T49E" value="00:05:07,366" />
  </s>
  <s id="63">
    <time id="T50S" value="00:05:07,533" />
Må skynde meg.
    <time id="T50E" value="00:05:08,886" />
  </s>
  <s id="64">
    <time id="T51S" value="00:05:10,533" />
Sånn ja. 
  </s>
  <s id="65">
Du ser jo for en gangs skyld ut som en skikkelig herre.
    <time id="T51E" value="00:05:14,446" />
  </s>
  <s id="66">
    <time id="T52S" value="00:05:14,613" />
Ja, håp det. 
  </s>
  <s id="67">
Hvis Emma sier nei, så er du den neste.
    <time id="T52E" value="00:05:17,491" />
  </s>
  <s id="68">
    <time id="T53S" value="00:05:17,653" />
Jeg dåner allerede.
    <time id="T53E" value="00:05:20,167" />
  </s>
  <s id="69">
    <time id="T54S" value="00:05:20,333" />
Greit, ønsk meg lykke til.
    <time id="T54E" value="00:05:22,893" />
  </s>
  <s id="70">
    <time id="T55S" value="00:05:28,293" />
Takk.
    <time id="T55E" value="00:05:29,851" />
  </s>
  <s id="71">
    <time id="T56S" value="00:05:38,733" />
Friske blomster! 
  </s>
  <s id="72">
Friske blomster!
    <time id="T56E" value="00:05:41,725" />
  </s>
  <s id="73">
    <time id="T57S" value="00:05:45,733" />
-Blomster, sir.
  </s>
  <s id="74">
-lkke i kveld, takk.
    <time id="T57E" value="00:05:48,201" />
  </s>
  <s id="75">
    <time id="T58S" value="00:05:48,373" />
Nei, jeg lovte henne blomster.
    <time id="T58E" value="00:05:51,251" />
  </s>
  <s id="76">
    <time id="T59S" value="00:05:59,053" />
Praktfull.
    <time id="T59E" value="00:06:01,203" />
  </s>
  <s id="77">
    <time id="T60S" value="00:06:01,373" />
Praktfullt bortkastede penger.
  </s>
  <s id="78">
Greia svikter til stadighet.
    <time id="T60E" value="00:06:05,332" />
  </s>
  <s id="79">
    <time id="T61S" value="00:06:05,493" />
-Trenger du skyss?
  </s>
  <s id="80">
-Ja, ja.
    <time id="T61E" value="00:06:07,563" />
  </s>
  <s id="81">
    <time id="T62S" value="00:06:07,733" />
Hvordan holder du temperaturen stabil?
    <time id="T62E" value="00:06:09,485" />
  </s>
  <s id="82">
    <time id="T63S" value="00:06:09,653" />
Det er en pakning på brennstoffregulatoren.
    <time id="T63E" value="00:06:13,487" />
  </s>
  <s id="83">
    <time id="T64S" value="00:06:16,973" />
Mange takk. 
  </s>
  <s id="84">
Jeg skal gi deg en kjøretur før den svikter igjen.
    <time id="T64E" value="00:06:23,845" />
  </s>
  <s id="85">
    <time id="T65S" value="00:06:24,013" />
-Jeg har en avtale.
  </s>
  <s id="86">
-En annen gang da.
    <time id="T65E" value="00:06:28,370" />
  </s>
  <s id="87">
    <time id="T66S" value="00:06:28,533" />
-Vi kjører her nesten hver kveld.
  </s>
  <s id="88">
-Ja visst.
    <time id="T66E" value="00:06:31,525" />
  </s>
  <s id="89">
    <time id="T67S" value="00:06:36,133" />
-Skaff deg hest!
  </s>
  <s id="90">
-Ja, ja.
    <time id="T67E" value="00:06:38,886" />
  </s>
  <s id="91">
    <time id="T68S" value="00:07:12,173" />
Alexander!
    <time id="T68E" value="00:07:14,084" />
  </s>
  <s id="92">
    <time id="T69S" value="00:07:24,213" />
Du er sent ute, professor.
    <time id="T69E" value="00:07:26,124" />
  </s>
  <s id="93">
    <time id="T70S" value="00:07:26,293" />
Jeg kom så fort jeg kunne.
    <time id="T70E" value="00:07:29,842" />
  </s>
  <s id="94">
    <time id="T71S" value="00:07:31,213" />
Den er siste mote i Paris, men jeg fikk den for fem dollar på Macys.
    <time id="T71E" value="00:07:35,923" />
  </s>
  <s id="95">
    <time id="T72S" value="00:07:36,093" />
-Tåpelig, er den ikke?
  </s>
  <s id="96">
-Veldig tåpelig, jeg liker den.
    <time id="T72E" value="00:07:39,369" />
  </s>
  <s id="97">
    <time id="T73S" value="00:07:40,813" />
Vel, hvor er de?
    <time id="T73E" value="00:07:42,883" />
  </s>
  <s id="98">
    <time id="T74S" value="00:07:43,053" />
-Hva?
  </s>
  <s id="99">
-Blomstene.
    <time id="T74E" value="00:07:45,123" />
  </s>
  <s id="100">
    <time id="T75S" value="00:07:45,293" />
Du lovte meg blomster i kveld, husker du ikke det?
    <time id="T75E" value="00:07:48,171" />
  </s>
  <s id="101">
    <time id="T76S" value="00:07:48,333" />
Unnskyld, jeg ble distrahert.
    <time id="T76E" value="00:07:50,688" />
  </s>
  <s id="102">
    <time id="T77S" value="00:07:50,853" />
Det var noe nytt.
    <time id="T77E" value="00:07:53,048" />
  </s>
  <s id="103">
    <time id="T78S" value="00:07:54,733" />
Emma, jeg må snakke med deg.
    <time id="T78E" value="00:07:58,169" />
  </s>
  <s id="104">
    <time id="T79S" value="00:08:03,693" />
Skal vi spasere gjennom parken?
    <time id="T79E" value="00:08:06,253" />
  </s>
  <s id="105">
    <time id="T80S" value="00:08:06,413" />
Ja.
    <time id="T80E" value="00:08:08,085" />
  </s>
  <s id="106">
    <time id="T81S" value="00:08:12,413" />
Professor, du skjelver.
  </s>
  <s id="107">
Jeg håper at du ikke brygger på noe.
    <time id="T81E" value="00:08:17,885" />
  </s>
  <s id="108">
    <time id="T82S" value="00:08:18,053" />
Vel, jeg er redd for det.
    <time id="T82E" value="00:08:20,692" />
  </s>
  <s id="109">
    <time id="T83S" value="00:08:20,853" />
Jeg sover ikke særlig godt.
    <time id="T83E" value="00:08:23,242" />
  </s>
  <s id="110">
    <time id="T84S" value="00:08:23,413" />
Selv når jeg er våken får jeg ikke gjort stort.
    <time id="T84E" value="00:08:25,404" />
  </s>
  <s id="111">
    <time id="T85S" value="00:08:25,573" />
Jeg orker ikke spise eller gjøre noe som helst mer.
    <time id="T85E" value="00:08:31,330" />
  </s>
  <s id="112">
    <time id="T86S" value="00:08:31,493" />
Det verste er at jeg ikke vet om jeg noensinne vil bli frisk.
    <time id="T86E" value="00:08:35,805" />
  </s>
  <s id="113">
    <time id="T87S" value="00:08:35,973" />
Jeg tror at det bare finnes én kur.
    <time id="T87E" value="00:08:38,282" />
  </s>
  <s id="114">
    <time id="T88S" value="00:08:38,453" />
Og det er at du gifter deg med meg og lever resten av livet sammen med meg.
    <time id="T88E" value="00:08:43,243" />
  </s>
  <s id="115">
    <time id="T89S" value="00:08:47,053" />
Emma, jeg vet at det er det rette.
    <time id="T89E" value="00:08:49,567" />
  </s>
  <s id="116">
    <time id="T90S" value="00:08:49,733" />
Vi er ment for hverandre.
  </s>
  <s id="117">
Det er det eneste jeg aldri har tvilt på.
    <time id="T90E" value="00:08:53,851" />
  </s>
  <s id="118">
    <time id="T91S" value="00:08:55,133" />
Alex!
    <time id="T91E" value="00:08:56,930" />
  </s>
  <s id="119">
    <time id="T92S" value="00:08:59,493" />
Vent, jeg har noe til deg.
    <time id="T92E" value="00:09:02,565" />
  </s>
  <s id="120">
    <time id="T93S" value="00:09:09,293" />
Øyeblikket holder på å dø.
    <time id="T93E" value="00:09:11,363" />
  </s>
  <s id="121">
    <time id="T94S" value="00:09:11,533" />
Jeg vet det. 
  </s>
  <s id="122">
Vent litt.
    <time id="T94E" value="00:09:13,808" />
  </s>
  <s id="123">
    <time id="T95S" value="00:09:24,293" />
Det er ikke en diamant.
    <time id="T95E" value="00:09:25,282" />
  </s>
  <s id="124">
    <time id="T96S" value="00:09:25,453" />
-En månestein.
  </s>
  <s id="125">
-Det er fødselssteinen din.
    <time id="T96E" value="00:09:28,650" />
  </s>
  <s id="126">
    <time id="T97S" value="00:09:28,813" />
-Jeg trodde... 
  </s>
  <s id="127">
-Du trodde riktig.
    <time id="T97E" value="00:09:33,125" />
  </s>
  <s id="128">
    <time id="T98S" value="00:09:42,973" />
Jeg kunne gråte.
    <time id="T98E" value="00:09:46,204" />
  </s>
  <s id="129">
    <time id="T99S" value="00:09:46,373" />
Jeg kunne ikke la være å høre det.
    <time id="T99E" value="00:09:50,412" />
  </s>
  <s id="130">
    <time id="T100S" value="00:09:50,573" />
To kjekke unge mennesker som begynner på livets vei.
    <time id="T101E" value="00:09:56,447" />
  </s>
  <s id="131">
    <time id="T102S" value="00:09:56,613" />
-Jeg ønsker dere alt godt.
  </s>
  <s id="132">
-Takk.
    <time id="T102E" value="00:09:59,411" />
  </s>
  <s id="133">
    <time id="T103S" value="00:09:59,573" />
Og selv om jeg hater å gjøre dette, så rørt som jeg er av kjærlighetsløftene deres så må jeg få pengene deres nå.
    <time id="T105E" value="00:10:09,929" />
  </s>
  <s id="134">
    <time id="T106S" value="00:10:10,093" />
Og smykkene også.
    <time id="T106E" value="00:10:12,971" />
  </s>
  <s id="135">
    <time id="T107S" value="00:10:13,133" />
Dere kan vel kalle dette den første humpen på veien til ekteskapelig lykke.
    <time id="T107E" value="00:10:17,604" />
  </s>
  <s id="136">
    <time id="T108S" value="00:10:17,773" />
-Jeg forstår ikke.
  </s>
  <s id="137">
-Lag ingen scene.
    <time id="T108E" value="00:10:19,252" />
  </s>
  <s id="138">
    <time id="T109S" value="00:10:19,413" />
Det er ingen grunn til det.
  </s>
  <s id="139">
Gi meg bare lommeboka.
    <time id="T109E" value="00:10:23,770" />
  </s>
  <s id="140">
    <time id="T110S" value="00:10:25,453" />
Hører du meg, gutt?
    <time id="T110E" value="00:10:27,444" />
  </s>
  <s id="141">
    <time id="T111S" value="00:10:27,613" />
Greit, greit.
    <time id="T111E" value="00:10:29,604" />
  </s>
  <s id="142">
    <time id="T112S" value="00:10:29,773" />
Her, det er alt.
    <time id="T112E" value="00:10:31,092" />
  </s>
  <s id="143">
    <time id="T113S" value="00:10:33,013" />
Og klokka di.
    <time id="T113E" value="00:10:35,607" />
  </s>
  <s id="144">
    <time id="T114S" value="00:10:38,573" />
Og hanskene.
    <time id="T114E" value="00:10:41,212" />
  </s>
  <s id="145">
    <time id="T115S" value="00:10:45,373" />
Og ringen.
    <time id="T115E" value="00:10:47,489" />
  </s>
  <s id="146">
    <time id="T116S" value="00:10:48,653" />
Nei.
    <time id="T116E" value="00:10:50,644" />
  </s>
  <s id="147">
    <time id="T117S" value="00:10:50,813" />
Jeg er redd for det, kjære. 
  </s>
  <s id="148">
Kanskje han kjøper en diamant til deg nå.
    <time id="T117E" value="00:10:54,647" />
  </s>
  <s id="149">
    <time id="T118S" value="00:10:54,813" />
Vær så snill, ikke den.
    <time id="T118E" value="00:10:57,486" />
  </s>
  <s id="150">
    <time id="T119S" value="00:11:08,933" />
Hvorfor gjorde du det?
  </s>
  <s id="151">
Det er jo bare en ring.
    <time id="T119E" value="00:11:12,562" />
  </s>
  <s id="152">
    <time id="T120S" value="00:11:18,333" />
Emma.
    <time id="T120E" value="00:11:19,925" />
  </s>
  <s id="153">
    <time id="T121S" value="00:11:29,213" />
Emma!
    <time id="T121E" value="00:11:31,966" />
  </s>
  <s id="154">
    <time id="T122S" value="00:11:52,053" />
FIRE ÅR SENERE
    <time id="T122E" value="00:11:55,363" />
  </s>
  <s id="155">
    <time id="T123S" value="00:12:11,653" />
Hva?
    <time id="T123E" value="00:12:13,848" />
  </s>
  <s id="156">
    <time id="T124S" value="00:12:20,773" />
Sir, Mr. Philby er her.
    <time id="T124E" value="00:12:24,812" />
  </s>
  <s id="157">
    <time id="T125S" value="00:12:24,973" />
-Her?
  </s>
  <s id="158">
-Han insisterte på å komme.
    <time id="T125E" value="00:12:27,362" />
  </s>
  <s id="159">
    <time id="T126S" value="00:12:27,533" />
Be ham gå. 
  </s>
  <s id="160">
Jeg er opptatt.
    <time id="T126E" value="00:12:30,411" />
  </s>
  <s id="161">
    <time id="T127S" value="00:12:30,573" />
Jeg vil ikke gå, Alex.
    <time id="T127E" value="00:12:32,370" />
  </s>
  <s id="162">
    <time id="T128S" value="00:12:34,213" />
Herregud, hva har skjedd med deg?
    <time id="T128E" value="00:12:37,046" />
  </s>
  <s id="163">
    <time id="T129S" value="00:12:39,533" />
Jeg har arbeidet.
    <time id="T129E" value="00:12:41,683" />
  </s>
  <s id="164">
    <time id="T130S" value="00:12:41,853" />
Du husker hva det er.
  </s>
  <s id="165">
Du pleide å bry deg om arbeidet ditt.
    <time id="T130E" value="00:12:45,163" />
  </s>
  <s id="166">
    <time id="T131S" value="00:12:45,333" />
Jeg bryr meg mer om livet mitt, og ditt.
    <time id="T131E" value="00:12:48,882" />
  </s>
  <s id="167">
    <time id="T132S" value="00:12:49,053" />
Jeg kom hit hver dag etter begravelsen.
    <time id="T132E" value="00:12:51,442" />
  </s>
  <s id="168">
    <time id="T133S" value="00:12:51,613" />
Og hver uke, og hver annen måned.
    <time id="T133E" value="00:12:54,173" />
  </s>
  <s id="169">
    <time id="T134S" value="00:12:54,333" />
Så sluttet jeg å komme.
  </s>
  <s id="170">
La du engang merke til det?
    <time id="T134E" value="00:12:58,485" />
  </s>
  <s id="171">
    <time id="T135S" value="00:12:58,653" />
Det gjorde meg vondt, Alex. 
  </s>
  <s id="172">
Dypt.
    <time id="T135E" value="00:13:01,770" />
  </s>
  <s id="173">
    <time id="T136S" value="00:13:01,933" />
Så hvorfor er du her nå?
    <time id="T136E" value="00:13:03,924" />
  </s>
  <s id="174">
    <time id="T137S" value="00:13:04,093" />
Det er en del ting jeg må si til deg.
    <time id="T137E" value="00:13:06,243" />
  </s>
  <s id="175">
    <time id="T138S" value="00:13:06,413" />
Du er bekymret, det vet jeg. 
  </s>
  <s id="176">
Jeg hører det av Mrs. Watchit hver dag.
    <time id="T138E" value="00:13:10,167" />
  </s>
  <s id="177">
    <time id="T139S" value="00:13:10,333" />
Men virkelig... jegvilat du skalgånå.
    <time id="T139E" value="00:13:13,723" />
  </s>
  <s id="178">
    <time id="T140S" value="00:13:13,893" />
-Nei, ikke når du gjemmer deg her.
  </s>
  <s id="179">
-Jeg gjemmer meg ikke.
    <time id="T140E" value="00:13:17,568" />
  </s>
  <s id="180">
    <time id="T141S" value="00:13:17,733" />
Mrs. Watchit sier at du er her dag og natt.
    <time id="T141E" value="00:13:19,928" />
  </s>
  <s id="181">
    <time id="T142S" value="00:13:20,093" />
Vil du være snill å stå stille og se på meg!
    <time id="T142E" value="00:13:23,483" />
  </s>
  <s id="182">
    <time id="T143S" value="00:13:27,053" />
Det var ikke din skyld.
    <time id="T143E" value="00:13:29,442" />
  </s>
  <s id="183">
    <time id="T144S" value="00:13:31,693" />
Nei.
    <time id="T144E" value="00:13:33,809" />
  </s>
  <s id="184">
    <time id="T145S" value="00:13:33,973" />
Det var ikke min skyld.
    <time id="T145E" value="00:13:36,328" />
  </s>
  <s id="185">
    <time id="T146S" value="00:13:36,493" />
Kanskje vi skulle skylde på Mrs. Watchit som hentet den hos gullsmeden.
    <time id="T146E" value="00:13:41,521" />
  </s>
  <s id="186">
    <time id="T147S" value="00:13:41,693" />
Eller gullsmeden fordi han laget den.
    <time id="T147E" value="00:13:44,730" />
  </s>
  <s id="187">
    <time id="T148S" value="00:13:44,893" />
Eller den stakkars jævelen som gravde den opp av jorden.
    <time id="T148E" value="00:13:49,728" />
  </s>
  <s id="188">
    <time id="T149S" value="00:13:49,893" />
Kanskje jeg skulle skylde på deg som presenterte meg for Emma.
    <time id="T149E" value="00:13:53,727" />
  </s>
  <s id="189">
    <time id="T150S" value="00:13:53,893" />
Alexander, ingenting kan forandre det som skjedde.
    <time id="T150E" value="00:13:57,329" />
  </s>
  <s id="190">
    <time id="T151S" value="00:13:59,013" />
Nei, du tar feil.
  </s>
  <s id="191">
For jeg skal forandre det.
    <time id="T151E" value="00:14:02,244" />
  </s>
  <s id="192">
    <time id="T152S" value="00:14:04,413" />
Jeg er takknemlig for at du bryr deg om det.
    <time id="T152E" value="00:14:08,326" />
  </s>
  <s id="193">
    <time id="T153S" value="00:14:08,493" />
Men jeg ber deg om å ha tro på meg.
    <time id="T153E" value="00:14:10,802" />
  </s>
  <s id="194">
    <time id="T154S" value="00:14:10,973" />
Jeg vil ha tro på deg, Alex, men hva holder du på med her?
    <time id="T155E" value="00:14:17,044" />
  </s>
  <s id="195">
    <time id="T156S" value="00:14:18,093" />
Jeg skal si deg noe.
    <time id="T156E" value="00:14:20,129" />
  </s>
  <s id="196">
    <time id="T157S" value="00:14:20,293" />
Kom til middag om en uke, så skal jeg vise deg det.
    <time id="T157E" value="00:14:23,046" />
  </s>
  <s id="197">
    <time id="T158S" value="00:14:23,213" />
-Bli med meg hjem nå... 
  </s>
  <s id="198">
-Hørte du ikke hva jeg sa?
  </s>
  <s id="199">
!
    <time id="T158E" value="00:14:27,206" />
  </s>
  <s id="200">
    <time id="T159S" value="00:14:28,893" />
Jeg kan ikke holde opp nå når jeg er så nær.
    <time id="T159E" value="00:14:31,726" />
  </s>
  <s id="201">
    <time id="T160S" value="00:14:34,133" />
Greit, da fortsetter vi denne samtalen om en uke.
    <time id="T160E" value="00:14:37,967" />
  </s>
  <s id="202">
    <time id="T161S" value="00:14:43,693" />
Om en uke vil vi ikke engang ha hatt denne samtalen.
    <time id="T161E" value="00:14:48,448" />
  </s>
  <s id="203">
    <time id="T162S" value="00:15:04,053" />
TlL ALEXANDER FOR ALLTlD EMMA
    <time id="T162E" value="00:15:07,841" />
  </s>
  <s id="204">
    <time id="T163S" value="00:17:49,413" />
Takk, min gode mann.
    <time id="T163E" value="00:17:51,881" />
  </s>
  <s id="205">
    <time id="T164S" value="00:18:16,053" />
Du er tidlig ute. 
  </s>
  <s id="206">
Det er første... 
    <time id="T164E" value="00:18:19,125" />
  </s>
  <s id="207">
    <time id="T165S" value="00:18:19,293" />
Jeg ville snakke med deg.
    <time id="T165E" value="00:18:22,126" />
  </s>
  <s id="208">
    <time id="T166S" value="00:18:22,293" />
Vel, hvor er de?
    <time id="T166E" value="00:18:25,444" />
  </s>
  <s id="209">
    <time id="T167S" value="00:18:27,253" />
-Hva?
  </s>
  <s id="210">
-Blomstene.
    <time id="T167E" value="00:18:29,721" />
  </s>
  <s id="211">
    <time id="T168S" value="00:18:31,933" />
Du lovte meg blomster i kveld, husker du ikke det?
    <time id="T168E" value="00:18:35,972" />
  </s>
  <s id="212">
    <time id="T169S" value="00:18:46,133" />
Du slutter aldri å overraske meg.
    <time id="T169E" value="00:18:49,489" />
  </s>
  <s id="213">
    <time id="T170S" value="00:18:54,613" />
Emma, jeg må snakke med deg.
    <time id="T170E" value="00:18:57,730" />
  </s>
  <s id="214">
    <time id="T171S" value="00:18:57,893" />
-Skal vi spasere gjennom parken?
  </s>
  <s id="215">
-Nei.
    <time id="T171E" value="00:19:00,965" />
  </s>
  <s id="216">
    <time id="T172S" value="00:19:04,693" />
Nei, la oss dra inn i byen.
    <time id="T172E" value="00:19:07,412" />
  </s>
  <s id="217">
    <time id="T173S" value="00:19:08,693" />
-Hva er det?
  </s>
  <s id="218">
-lngenting, la oss bare skynde oss!
    <time id="T173E" value="00:19:12,129" />
  </s>
  <s id="219">
    <time id="T174S" value="00:19:12,293" />
Å Iøpe er greit for deg.
  </s>
  <s id="220">
Du har jo ikke korsett på deg!
    <time id="T174E" value="00:19:16,571" />
  </s>
  <s id="221">
    <time id="T175S" value="00:19:19,933" />
Bleeker Street, og få opp farten!
    <time id="T175E" value="00:19:22,686" />
  </s>
  <s id="222">
    <time id="T176S" value="00:19:46,333" />
Å, så gaIant du er.
    <time id="T176E" value="00:19:48,483" />
  </s>
  <s id="223">
    <time id="T177S" value="00:19:56,893" />
Professor, du skjelver. 
  </s>
  <s id="224">
Jeg håper at du ikke brygger på noe.
    <time id="T177E" value="00:20:01,171" />
  </s>
  <s id="225">
    <time id="T178S" value="00:20:01,333" />
Nei.
    <time id="T178E" value="00:20:03,324" />
  </s>
  <s id="226">
    <time id="T179S" value="00:20:03,493" />
Jeg har det bra.
    <time id="T179E" value="00:20:05,484" />
  </s>
  <s id="227">
    <time id="T180S" value="00:20:05,653" />
Jeg har det fantastisk.
    <time id="T180E" value="00:20:08,087" />
  </s>
  <s id="228">
    <time id="T181S" value="00:20:08,253" />
Jeg går bare på gaten sammen med deg igjen.
    <time id="T181E" value="00:20:10,244" />
  </s>
  <s id="229">
    <time id="T182S" value="00:20:10,413" />
-Men vi gikk for bare tre dager siden.
  </s>
  <s id="230">
-lkke sånn som dette.
    <time id="T182E" value="00:20:13,803" />
  </s>
  <s id="231">
    <time id="T183S" value="00:20:13,973" />
Aldri sånn som dette.
    <time id="T183E" value="00:20:17,409" />
  </s>
  <s id="232">
    <time id="T184S" value="00:20:18,213" />
-Jøss, se på den.
  </s>
  <s id="233">
-Jeg har sett den.
    <time id="T184E" value="00:20:21,410" />
  </s>
  <s id="234">
    <time id="T185S" value="00:20:21,573" />
Nå vet jeg at du er syk. 
  </s>
  <s id="235">
Du lar være å granske en ny innretning.
    <time id="T185E" value="00:20:26,806" />
  </s>
  <s id="236">
    <time id="T186S" value="00:20:26,973" />
Det er bare en maskin.
    <time id="T186E" value="00:20:28,725" />
  </s>
  <s id="237">
    <time id="T187S" value="00:20:28,893" />
Alexander, fortell meg hva som foregår. 
  </s>
  <s id="238">
Er det noe i veien?
    <time id="T187E" value="00:20:32,249" />
  </s>
  <s id="239">
    <time id="T188S" value="00:20:32,413" />
Nei.
    <time id="T188E" value="00:20:34,973" />
  </s>
  <s id="240">
    <time id="T189S" value="00:20:35,133" />
Nei. 
  </s>
  <s id="241">
Emma, hør på meg.
    <time id="T189E" value="00:20:37,886" />
  </s>
  <s id="242">
    <time id="T190S" value="00:20:38,053" />
Jeg må gå fra deg nå, men jeg vil at du skal gå rett hjem og bli der.
    <time id="T190E" value="00:20:41,250" />
  </s>
  <s id="243">
    <time id="T191S" value="00:20:41,413" />
Jeg lover å komme senere i kveld og du vil ikke forstå meg.
    <time id="T191E" value="00:20:45,770" />
  </s>
  <s id="244">
    <time id="T192S" value="00:20:45,933" />
Jeg vil være lei for at du ikke møtte meg i parken, men du må stole på meg.
    <time id="T192E" value="00:20:49,164" />
  </s>
  <s id="245">
    <time id="T193S" value="00:20:49,333" />
Alt skal bli bra.
    <time id="T193E" value="00:20:52,564" />
  </s>
  <s id="246">
    <time id="T194S" value="00:20:53,573" />
Men du skal vite hvor høyt jeg elsker deg. 
  </s>
  <s id="247">
Hvor høyt jeg alltid vil elske deg.
    <time id="T194E" value="00:20:58,169" />
  </s>
  <s id="248">
    <time id="T195S" value="00:21:03,853" />
Greit.
    <time id="T195E" value="00:21:05,923" />
  </s>
  <s id="249">
    <time id="T196S" value="00:21:06,813" />
Men først, hvor er blomstene mine?
    <time id="T196E" value="00:21:09,373" />
  </s>
  <s id="250">
    <time id="T197S" value="00:21:15,533" />
Blomster skal bli.
    <time id="T197E" value="00:21:19,162" />
  </s>
  <s id="251">
    <time id="T198S" value="00:21:19,333" />
Vent her. lkke rør deg.
    <time id="T198E" value="00:21:22,962" />
  </s>
  <s id="252">
    <time id="T199S" value="00:21:30,973" />
-Kan jeg hjelpe deg, sir?
  </s>
  <s id="253">
-Ja, et dusin roser, hvite.
    <time id="T199E" value="00:21:34,283" />
  </s>
  <s id="254">
    <time id="T200S" value="00:21:34,453" />
Nei, røde.
    <time id="T200E" value="00:21:35,932" />
  </s>
  <s id="255">
    <time id="T201S" value="00:21:56,373" />
Rolig. 
  </s>
  <s id="256">
Rolig.
    <time id="T201E" value="00:21:58,728" />
  </s>
  <s id="257">
    <time id="T202S" value="00:22:22,013" />
Jeg ser etter professor Hartdegen.
    <time id="T202E" value="00:22:24,971" />
  </s>
  <s id="258">
    <time id="T203S" value="00:22:31,853" />
Alex, jeg er... 
    <time id="T203E" value="00:22:34,413" />
  </s>
  <s id="259">
    <time id="T204S" value="00:22:34,573" />
Jeg er så lei for det.
    <time id="T204E" value="00:22:37,326" />
  </s>
  <s id="260">
    <time id="T205S" value="00:22:37,493" />
Det var ikke meningen at dette skulle skje.
    <time id="T205E" value="00:22:39,768" />
  </s>
  <s id="261">
    <time id="T206S" value="00:22:39,933" />
Naturligvis ikke.
    <time id="T206E" value="00:22:42,322" />
  </s>
  <s id="262">
    <time id="T207S" value="00:22:42,493" />
Jeg vet at det ikke er noe jeg kan si.
    <time id="T207E" value="00:22:44,484" />
  </s>
  <s id="263">
    <time id="T208S" value="00:22:44,653" />
Vi var ute av parken, Philby.
  </s>
  <s id="264">
Vi var trygge.
    <time id="T208E" value="00:22:48,248" />
  </s>
  <s id="265">
    <time id="T209S" value="00:22:52,333" />
Hvorfor kan jeg ikke forandre det?
    <time id="T209E" value="00:22:55,928" />
  </s>
  <s id="266">
    <time id="T210S" value="00:22:57,853" />
Jeg kunne komme tilbake tusen ganger.
    <time id="T210E" value="00:23:01,129" />
  </s>
  <s id="267">
    <time id="T211S" value="00:23:01,293" />
Og se henne dø på tusen måter.
    <time id="T211E" value="00:23:04,091" />
  </s>
  <s id="268">
    <time id="T212S" value="00:23:06,253" />
Jeg forstår ikke.
    <time id="T212E" value="00:23:09,290" />
  </s>
  <s id="269">
    <time id="T213S" value="00:23:10,613" />
Jeg kan ikke finne svaret her.
    <time id="T213E" value="00:23:14,765" />
  </s>
  <s id="270">
    <time id="T214S" value="00:23:14,933" />
lkke her.
    <time id="T214E" value="00:23:17,208" />
  </s>
  <s id="271">
    <time id="T215S" value="00:23:23,133" />
lkke nå.
    <time id="T215E" value="00:23:25,693" />
  </s>
  <s id="272">
    <time id="T216S" value="00:26:22,533" />
FRAMTIDEN ER NÅ
    <time id="T216E" value="00:26:24,330" />
  </s>
  <s id="273">
    <time id="T217S" value="00:26:42,333" />
...framtiden er nå!
    <time id="T217E" value="00:26:44,893" />
  </s>
  <s id="274">
    <time id="T218S" value="00:26:57,893" />
Hei, venner, siste nytt om fritidsboliger på månen.
    <time id="T218E" value="00:27:00,612" />
  </s>
  <s id="275">
    <time id="T219S" value="00:27:00,773" />
Våre ingeniører forbereder nå den første megatonn-sprengningen for å bygge underjordiske fritidsboliger på månen.
    <time id="T220E" value="00:27:07,963" />
  </s>
  <s id="276">
    <time id="T221S" value="00:27:08,133" />
Tenk dere å fiske i et velfylt Stillhetens Hav.
    <time id="T221E" value="00:27:10,886" />
  </s>
  <s id="277">
    <time id="T222S" value="00:27:11,053" />
Og spille golf på vår nye konkurranse- bane, hvor Neil Armstrong Open spilles.
    <time id="T222E" value="00:27:14,250" />
  </s>
  <s id="278">
    <time id="T223S" value="00:27:14,413" />
1 500 meters slag uten problemer.
    <time id="T223E" value="00:27:16,608" />
  </s>
  <s id="279">
    <time id="T224S" value="00:27:16,773" />
Med en sjettedel av Jordens tyngde- kraft, er dere tilbake på dansegulvet.
    <time id="T224E" value="00:27:20,209" />
  </s>
  <s id="280">
    <time id="T225S" value="00:27:20,373" />
Så kontakt Måneboliger i dag og reserver ditt eget stykke av himmelen for framtiden er nå.
    <time id="T226E" value="00:27:26,768" />
  </s>
  <s id="281">
    <time id="T228S" value="00:27:31,693" />
-Hei.
  </s>
  <s id="282">
-Hallo.
    <time id="T228E" value="00:27:34,002" />
  </s>
  <s id="283">
    <time id="T229S" value="00:27:36,293" />
Fin dress.
    <time id="T229E" value="00:27:37,692" />
  </s>
  <s id="284">
    <time id="T230S" value="00:27:37,853" />
Veldig retro.
    <time id="T230E" value="00:27:40,970" />
  </s>
  <s id="285">
    <time id="T231S" value="00:27:41,133" />
Takk.
    <time id="T231E" value="00:27:42,486" />
  </s>
  <s id="286">
    <time id="T232S" value="00:27:45,413" />
Den der lager sikkert en helsikes god cappuchino.
    <time id="T232E" value="00:27:50,009" />
  </s>
  <s id="287">
    <time id="T233S" value="00:27:50,173" />
Den dingsen.
    <time id="T233E" value="00:27:52,084" />
  </s>
  <s id="288">
    <time id="T234S" value="00:27:54,933" />
Ser deg.
    <time id="T234E" value="00:27:56,491" />
  </s>
  <s id="289">
    <time id="T235S" value="00:28:32,093" />
Hør etter, klasse 23, kan vi samle oss? 
  </s>
  <s id="290">
Vår neste stopp er antikviteter.
    <time id="T235E" value="00:28:37,292" />
  </s>
  <s id="291">
    <time id="T236S" value="00:28:37,453" />
Sørg for at mikroskannerne er klare til nedlasting.
    <time id="T236E" value="00:28:40,172" />
  </s>
  <s id="292">
    <time id="T237S" value="00:28:40,333" />
To og to, rett dere opp.
    <time id="T237E" value="00:28:42,801" />
  </s>
  <s id="293">
    <time id="T238S" value="00:28:42,973" />
Tommy, gjør du det der igjen, så endrer jeg DNA-sekvensen din. 
  </s>
  <s id="294">
Marsj nå!
    <time id="T238E" value="00:28:48,570" />
  </s>
  <s id="295">
    <time id="T239S" value="00:28:48,733" />
To og to. 
  </s>
  <s id="296">
Rett dere opp.
    <time id="T239E" value="00:28:51,122" />
  </s>
  <s id="297">
    <time id="T240S" value="00:29:00,333" />
Velkommen til Vox Systemet.
    <time id="T240E" value="00:29:02,483" />
  </s>
  <s id="298">
    <time id="T241S" value="00:29:02,653" />
Hva kan jeg hjelpe deg med?
    <time id="T241E" value="00:29:04,052" />
  </s>
  <s id="299">
    <time id="T242S" value="00:29:04,213" />
Å, jeg så deg ikke.
    <time id="T242E" value="00:29:06,932" />
  </s>
  <s id="300">
    <time id="T243S" value="00:29:07,093" />
Det virker som om jeg alltid har den effekten. 
  </s>
  <s id="301">
Hva kan jeg hjelpe deg med?
    <time id="T243E" value="00:29:11,848" />
  </s>
  <s id="302">
    <time id="T244S" value="00:29:12,013" />
Hva er den der?
    <time id="T244E" value="00:29:13,412" />
  </s>
  <s id="303">
    <time id="T245S" value="00:29:13,573" />
Det er min fotoniske huskebank, eller PMC som vi sier i bransjen.
    <time id="T245E" value="00:29:18,010" />
  </s>
  <s id="304">
    <time id="T246S" value="00:29:29,453" />
Her borte, sir.
    <time id="T246E" value="00:29:32,206" />
  </s>
  <s id="305">
    <time id="T247S" value="00:29:35,013" />
Hva er du?
    <time id="T247E" value="00:29:36,605" />
  </s>
  <s id="306">
    <time id="T248S" value="00:29:36,773" />
Jeg er bibliotekets informasjonsenhet, Vox-registrering NY-1 1 4.
    <time id="T248E" value="00:29:41,483" />
  </s>
  <s id="307">
    <time id="T249S" value="00:29:41,653" />
Hvordan kan jeg hjelpe deg?
    <time id="T249E" value="00:29:43,644" />
  </s>
  <s id="308">
    <time id="T250S" value="00:29:43,813" />
Et slags stereoptikon.
    <time id="T250E" value="00:29:45,804" />
  </s>
  <s id="309">
    <time id="T251S" value="00:29:45,973" />
Stereoptikon? 
  </s>
  <s id="310">
Nei, sir.
    <time id="T251E" value="00:29:48,407" />
  </s>
  <s id="311">
    <time id="T252S" value="00:29:48,573" />
Jeg er en fusjonsdrevet fotonikk med visuell og verbal tilknytning til alle databaser på planeten.
    <time id="T253E" value="00:29:57,412" />
  </s>
  <s id="312">
    <time id="T254S" value="00:29:57,573" />
Fotonikk?
    <time id="T254E" value="00:30:00,133" />
  </s>
  <s id="313">
    <time id="T255S" value="00:30:00,293" />
En samling av all menneskelig viten.
    <time id="T255E" value="00:30:04,047" />
  </s>
  <s id="314">
    <time id="T256S" value="00:30:05,853" />
Hva vil du spørre om?
    <time id="T256E" value="00:30:08,413" />
  </s>
  <s id="315">
    <time id="T257S" value="00:30:08,573" />
-Fysikk?
  </s>
  <s id="316">
-Aha! 
  </s>
  <s id="317">
Vi går inn i fysikk.
    <time id="T257E" value="00:30:12,725" />
  </s>
  <s id="318">
    <time id="T258S" value="00:30:12,893" />
Mekanikk?
    <time id="T258E" value="00:30:15,407" />
  </s>
  <s id="319">
    <time id="T259S" value="00:30:15,573" />
Dimensjonal optikk, kronografi temporær årsak og virkning, temporære paradokser.
    <time id="T260E" value="00:30:22,204" />
  </s>
  <s id="320">
    <time id="T261S" value="00:30:22,373" />
-Reise i tiden?
  </s>
  <s id="321">
-Ja!
    <time id="T261E" value="00:30:24,284" />
  </s>
  <s id="322">
    <time id="T262S" value="00:30:25,933" />
-Vi slår opp i Science Fiction.
  </s>
  <s id="323">
-Nei, praktisk anvendelse.
    <time id="T262E" value="00:30:29,323" />
  </s>
  <s id="324">
    <time id="T263S" value="00:30:29,493" />
Spørsmålet mitt er, hvorfor kan man ikke forandre fortiden?
    <time id="T263E" value="00:30:33,372" />
  </s>
  <s id="325">
    <time id="T264S" value="00:30:33,533" />
Fordi man kan ikke reise inn i fortiden.
    <time id="T264E" value="00:30:37,003" />
  </s>
  <s id="326">
    <time id="T265S" value="00:30:40,813" />
-Hva om man kunne det?
  </s>
  <s id="327">
-Man kan ikke det.
    <time id="T265E" value="00:30:44,044" />
  </s>
  <s id="328">
    <time id="T266S" value="00:30:44,213" />
Det er noe du kan tro meg på.
    <time id="T266E" value="00:30:47,410" />
  </s>
  <s id="329">
    <time id="T267S" value="00:30:47,573" />
Vi går inn i det som er skrevet av lsaac Asimov, H.G. Wells, Harlan Ellison- 
    <time id="T268S" value="00:30:51,693" />
  </s>
  <s id="330">
-Alexander Hartdegen.
    <time id="T268E" value="00:30:52,762" />
  </s>
  <s id="331">
    <time id="T269S" value="00:30:52,933" />
-Fortell meg om ham.
  </s>
  <s id="332">
-Alexander Hartdegen, 1 869 til 1 903.
    <time id="T269E" value="00:30:56,767" />
  </s>
  <s id="333">
    <time id="T270S" value="00:30:56,933" />
Amerikansk vitenskapsmann, kjent for eksentriske postulater.
    <time id="T270E" value="00:30:59,572" />
  </s>
  <s id="334">
    <time id="T271S" value="00:30:59,733" />
Etterlatte skrifter inkluderer forsøk på å lage en tidsmaskin.
    <time id="T271E" value="00:31:03,089" />
  </s>
  <s id="335">
    <time id="T272S" value="00:31:03,253" />
Fortell meg om tidsmaskinen.
    <time id="T272E" value="00:31:04,242" />
  </s>
  <s id="336">
    <time id="T273S" value="00:31:04,413" />
Tidsmaskinen ble skrevet av H.G. Wells i 1 884 og senere filmatisert og satt opp som musikal på Broadway... 
    <time id="T274E" value="00:31:10,485" />
  </s>
  <s id="337">
    <time id="T275S" value="00:31:10,653" />
-Det er ikke det jeg mener.
  </s>
  <s id="338">
-Vil du høre musikken?
    <time id="T275E" value="00:31:13,531" />
  </s>
  <s id="339">
    <time id="T276S" value="00:31:13,693" />
Nei.
    <time id="T276E" value="00:31:14,284" />
  </s>
  <s id="340">
    <time id="T277S" value="00:31:24,213" />
Takk, det holder lenge.
    <time id="T277E" value="00:31:26,010" />
  </s>
  <s id="341">
    <time id="T278S" value="00:31:27,973" />
Skal det være noe mer?
    <time id="T278E" value="00:31:30,009" />
  </s>
  <s id="342">
    <time id="T279S" value="00:31:30,173" />
Nei, jeg tror jeg kan få vite mer om noen hundre år.
    <time id="T279E" value="00:31:33,324" />
  </s>
  <s id="343">
    <time id="T280S" value="00:31:33,493" />
Lev lenge og vel.
    <time id="T280E" value="00:31:36,246" />
  </s>
  <s id="344">
    <time id="T281S" value="00:32:21,933" />
-Hvor er evakueringssenteret ditt?
  </s>
  <s id="345">
-Du er arrestert.
    <time id="T281E" value="00:32:27,212" />
  </s>
  <s id="346">
    <time id="T282S" value="00:32:27,373" />
Rekk meg hendene, sir, håndflatene mot hverandre.
    <time id="T282E" value="00:32:28,283" />
  </s>
  <s id="347">
    <time id="T283S" value="00:32:28,453" />
Du vil bli holdt i forvaring inntil senteret klarerer deg for transport.
    <time id="T283E" value="00:32:32,162" />
  </s>
  <s id="348">
    <time id="T284S" value="00:32:32,333" />
-Vent, vent!
  </s>
  <s id="349">
-Ta det med ro!
    <time id="T284E" value="00:32:35,245" />
  </s>
  <s id="350">
    <time id="T285S" value="00:32:35,413" />
Vi må vekk herfra!
    <time id="T285E" value="00:32:36,607" />
  </s>
  <s id="351">
    <time id="T286S" value="00:32:36,773" />
-Hvordan har dette skjedd?
  </s>
  <s id="352">
-Månen. 
  </s>
  <s id="353">
Få opp farten!
    <time id="T286E" value="00:32:39,765" />
  </s>
  <s id="354">
    <time id="T287S" value="00:32:42,973" />
-Det er umulig. 
  </s>
  <s id="355">
Hva har skjedd?
  </s>
  <s id="356">
-Har du levd under en stein?
    <time id="T287E" value="00:32:46,204" />
  </s>
  <s id="357">
    <time id="T288S" value="00:32:46,373" />
Ja, jeg har levd under en stein.
  </s>
  <s id="358">
Fortell meg det!
    <time id="T288E" value="00:32:49,570" />
  </s>
  <s id="359">
    <time id="T289S" value="00:32:52,013" />
Sprengninger for månekolonien ødela banen.
    <time id="T289E" value="00:32:54,481" />
  </s>
  <s id="360">
    <time id="T290S" value="00:32:54,653" />
Månen går i oppløsning, greit?
  </s>
  <s id="361">
Kom igjen.
    <time id="T290E" value="00:32:58,407" />
  </s>
  <s id="362">
    <time id="T291S" value="00:33:00,693" />
Glem ham, kom igjen!
    <time id="T291E" value="00:33:02,923" />
  </s>
  <s id="363">
    <time id="T292S" value="00:35:06,613" />
Emma?
    <time id="T292E" value="00:35:09,047" />
  </s>
  <s id="364">
    <time id="T293S" value="00:36:38,613" />
Hallo?
    <time id="T293E" value="00:36:40,968" />
  </s>
  <s id="365">
    <time id="T294S" value="00:37:14,228" />
Hallo.
    <time id="T294E" value="00:37:16,537" />
  </s>
  <s id="366">
    <time id="T295S" value="00:37:16,708" />
Vær ikke redd.
    <time id="T295E" value="00:37:19,347" />
  </s>
  <s id="367">
    <time id="T296S" value="00:37:23,148" />
Vent, ikke gå.
    <time id="T296E" value="00:37:25,025" />
  </s>
  <s id="368">
    <time id="T297S" value="00:37:50,468" />
Vent!
    <time id="T297E" value="00:37:51,947" />
  </s>
  <s id="369">
    <time id="T298S" value="00:37:52,108" />
Jeg vil bare snakke med deg.
    <time id="T298E" value="00:37:54,576" />
  </s>
  <s id="370">
    <time id="T299S" value="00:38:30,668" />
Beklager, jeg forstår deg ikke.
    <time id="T299E" value="00:38:33,341" />
  </s>
  <s id="371">
    <time id="T300S" value="00:38:33,508" />
Forstår du det jeg sier?
    <time id="T300E" value="00:38:35,544" />
  </s>
  <s id="372">
    <time id="T301S" value="00:38:35,708" />
Ja.
    <time id="T301E" value="00:38:37,699" />
  </s>
  <s id="373">
    <time id="T302S" value="00:38:42,588" />
Lex. 
  </s>
  <s id="374">
Steinspråket.
    <time id="T302E" value="00:38:44,943" />
  </s>
  <s id="375">
    <time id="T303S" value="00:38:45,108" />
Steinspråket?
    <time id="T303E" value="00:38:47,099" />
  </s>
  <s id="376">
    <time id="T304S" value="00:38:47,268" />
Men du forstår meg.
  </s>
  <s id="377">
Forstår du meg?
    <time id="T304E" value="00:38:49,498" />
  </s>
  <s id="378">
    <time id="T305S" value="00:38:49,668" />
Vi lærer det alle sammen når vi er unge.
    <time id="T305E" value="00:38:51,545" />
  </s>
  <s id="379">
    <time id="T306S" value="00:38:51,708" />
De toréjen. 
  </s>
  <s id="380">
Glemmer.
  </s>
  <s id="381">
De glemmer det.
    <time id="T306E" value="00:38:55,178" />
  </s>
  <s id="382">
    <time id="T307S" value="00:38:55,348" />
Men jeg underviser i det.
    <time id="T307E" value="00:38:57,908" />
  </s>
  <s id="383">
    <time id="T308S" value="00:39:07,908" />
Hva sier han?
    <time id="T308E" value="00:39:08,738" />
  </s>
  <s id="384">
    <time id="T309S" value="00:39:08,908" />
De prøver å finne ut om vi bør kaste deg i elven.
    <time id="T309E" value="00:39:11,263" />
  </s>
  <s id="385">
    <time id="T310S" value="00:39:12,468" />
Fortell meg sannheten kvikt.
  </s>
  <s id="386">
Hvor kommer du fra?
    <time id="T310E" value="00:39:15,699" />
  </s>
  <s id="387">
    <time id="T311S" value="00:39:17,908" />
Vel, faktisk herfra, men ikke fra nå... 
    <time id="T311E" value="00:39:21,264" />
  </s>
  <s id="388">
    <time id="T312S" value="00:39:21,428" />
Jeg har bygd en maskin som gjør at jeg kan reise gjennom tiden.
    <time id="T312E" value="00:39:26,548" />
  </s>
  <s id="389">
    <time id="T313S" value="00:39:26,708" />
Jeg er fra fortiden.
    <time id="T313E" value="00:39:29,222" />
  </s>
  <s id="390">
    <time id="T314S" value="00:39:48,548" />
Jeg fortalte dem at du har slått hodet ditt og at du er en vandrende idiot.
    <time id="T315E" value="00:39:54,465" />
  </s>
  <s id="391">
    <time id="T316S" value="00:40:09,068" />
-Hva gjør dere?
  </s>
  <s id="392">
-Forbereder oss til mor.
    <time id="T316E" value="00:40:11,946" />
  </s>
  <s id="393">
    <time id="T317S" value="00:40:12,108" />
Natten.
    <time id="T317E" value="00:40:15,464" />
  </s>
  <s id="394">
    <time id="T318S" value="00:40:15,628" />
Jeg blir med deg.
    <time id="T318E" value="00:40:16,947" />
  </s>
  <s id="395">
    <time id="T319S" value="00:40:37,828" />
-Eloi?
  </s>
  <s id="396">
-Hva heter ditt folk?
    <time id="T319E" value="00:40:40,706" />
  </s>
  <s id="397">
    <time id="T320S" value="00:40:40,868" />
Du kan vel kalle oss New Yorkere.
    <time id="T320E" value="00:40:44,907" />
  </s>
  <s id="398">
    <time id="T321S" value="00:40:45,068" />
New Yorkere.
    <time id="T321E" value="00:40:47,104" />
  </s>
  <s id="399">
    <time id="T322S" value="00:40:47,268" />
-Er de vennligsinnede?
  </s>
  <s id="400">
-lnntil du snakker til dem.
    <time id="T322E" value="00:40:51,386" />
  </s>
  <s id="401">
    <time id="T323S" value="00:40:53,388" />
Fortell meg om landsbyen din.
    <time id="T323E" value="00:40:54,946" />
  </s>
  <s id="402">
    <time id="T324S" value="00:40:55,108" />
Det er et meget travelt sted.
  </s>
  <s id="403">
Alle ser ut til å ha hastverk.
    <time id="T324E" value="00:40:59,977" />
  </s>
  <s id="404">
    <time id="T325S" value="00:41:00,148" />
Alle har like bowlerhatter.
    <time id="T325E" value="00:41:02,901" />
  </s>
  <s id="405">
    <time id="T326S" value="00:41:03,068" />
Små runde ting på hodet.
    <time id="T326E" value="00:41:05,343" />
  </s>
  <s id="406">
    <time id="T327S" value="00:41:05,508" />
Hva gjør du der?
    <time id="T327E" value="00:41:07,499" />
  </s>
  <s id="407">
    <time id="T328S" value="00:41:07,668" />
Jeg var lærer, som Mara.
    <time id="T328E" value="00:41:10,228" />
  </s>
  <s id="408">
    <time id="T329S" value="00:41:10,388" />
-Og jeg lager ting.
  </s>
  <s id="409">
-Jeg også.
    <time id="T329E" value="00:41:13,300" />
  </s>
  <s id="410">
    <time id="T330S" value="00:41:13,468" />
Jeg laget en sesséquinétan sammen med min far. 
  </s>
  <s id="411">
Vi bruker den ennå.
    <time id="T330E" value="00:41:18,383" />
  </s>
  <s id="412">
    <time id="T331S" value="00:41:18,548" />
En sesséquinétan?
    <time id="T331E" value="00:41:20,106" />
  </s>
  <s id="413">
    <time id="T332S" value="00:41:20,268" />
Mara, deréen jenéwen len?
    <time id="T332E" value="00:41:24,227" />
  </s>
  <s id="414">
    <time id="T333S" value="00:41:24,388" />
Trappetrinn av tau.
    <time id="T333E" value="00:41:28,427" />
  </s>
  <s id="415">
    <time id="T334S" value="00:41:28,588" />
En taustige.
    <time id="T334E" value="00:41:31,307" />
  </s>
  <s id="416">
    <time id="T335S" value="00:41:31,468" />
Vi kan lage en.
  </s>
  <s id="417">
Jeg skal lære deg det.
    <time id="T335E" value="00:41:34,585" />
  </s>
  <s id="418">
    <time id="T336S" value="00:41:36,508" />
Vil du fortelle meg mer lonéel, neste dag?
    <time id="T336E" value="00:41:39,705" />
  </s>
  <s id="419">
    <time id="T337S" value="00:41:39,868" />
l morgen? 
  </s>
  <s id="420">
Ja, det skal jeg gjøre.
    <time id="T337E" value="00:41:42,826" />
  </s>
  <s id="421">
    <time id="T338S" value="00:41:44,188" />
Kan du ta vare på denne for meg i natt?
    <time id="T338E" value="00:41:47,578" />
  </s>
  <s id="422">
    <time id="T339S" value="00:41:47,748" />
Takk.
    <time id="T339E" value="00:41:50,626" />
  </s>
  <s id="423">
    <time id="T340S" value="00:42:01,548" />
God natt.
    <time id="T340E" value="00:42:02,663" />
  </s>
  <s id="424">
    <time id="T341S" value="00:42:02,828" />
God natt.
    <time id="T341E" value="00:42:05,217" />
  </s>
  <s id="425">
    <time id="T342S" value="00:42:11,068" />
Kalen vil trette deg ut hvis du lar ham holde på.
    <time id="T342E" value="00:42:13,298" />
  </s>
  <s id="426">
    <time id="T343S" value="00:42:13,468" />
Han har alltid stilt spørsmål.
    <time id="T343E" value="00:42:15,060" />
  </s>
  <s id="427">
    <time id="T344S" value="00:42:15,228" />
Foreldrene våre var strenge, men han er sånn.
    <time id="T344E" value="00:42:19,380" />
  </s>
  <s id="428">
    <time id="T345S" value="00:42:24,348" />
Hvor er foreldrene dine?
    <time id="T345E" value="00:42:26,498" />
  </s>
  <s id="429">
    <time id="T346S" value="00:42:26,668" />
De har forlatt dette stedet.
    <time id="T346E" value="00:42:28,818" />
  </s>
  <s id="430">
    <time id="T347S" value="00:42:30,028" />
Beklager.
    <time id="T347E" value="00:42:32,019" />
  </s>
  <s id="431">
    <time id="T348S" value="00:42:53,228" />
Du hadde rett, Philby.
  </s>
  <s id="432">
Jeg gikk for langt.
    <time id="T348E" value="00:42:57,187" />
  </s>
  <s id="433">
    <time id="T349S" value="00:42:59,148" />
Sitt sammen med meg.
    <time id="T349E" value="00:43:01,742" />
  </s>
  <s id="434">
    <time id="T350S" value="00:43:07,548" />
Mara, hvorfor haler dere opp båtene om natten?
    <time id="T350E" value="00:43:10,984" />
  </s>
  <s id="435">
    <time id="T351S" value="00:43:11,148" />
Er dere redde for at de skal bli stjålet?
    <time id="T351E" value="00:43:13,343" />
  </s>
  <s id="436">
    <time id="T352S" value="00:43:13,508" />
Stjålet?
    <time id="T352E" value="00:43:14,987" />
  </s>
  <s id="437">
    <time id="T353S" value="00:43:15,148" />
-Jeg kjenner ikke det ordet.
  </s>
  <s id="438">
-Redde for at noen skal ta dem?
    <time id="T353E" value="00:43:19,778" />
  </s>
  <s id="439">
    <time id="T354S" value="00:43:19,948" />
Det er bare tryggere på denne måten.
    <time id="T354E" value="00:43:22,701" />
  </s>
  <s id="440">
    <time id="T355S" value="00:43:22,868" />
Må du gjøre ting for å bli trygg der du kommer fra?
    <time id="T355E" value="00:43:26,258" />
  </s>
  <s id="441">
    <time id="T356S" value="00:43:26,428" />
Selvfølgelig. 
  </s>
  <s id="442">
Ja.
    <time id="T356E" value="00:43:30,103" />
  </s>
  <s id="443">
    <time id="T357S" value="00:43:30,268" />
Eller når du kommer fra.
    <time id="T357E" value="00:43:33,817" />
  </s>
  <s id="444">
    <time id="T358S" value="00:43:33,988" />
Så jeg er ikke bare en vandrende idiot.
    <time id="T358E" value="00:43:36,548" />
  </s>
  <s id="445">
    <time id="T359S" value="00:43:46,748" />
Colémar.
    <time id="T359E" value="00:43:49,103" />
  </s>
  <s id="446">
    <time id="T360S" value="00:43:49,268" />
Kanskje vi kunne finne noen i morgen?
    <time id="T360E" value="00:43:53,227" />
  </s>
  <s id="447">
    <time id="T361S" value="00:43:53,388" />
Blomster?
    <time id="T361E" value="00:43:55,379" />
  </s>
  <s id="448">
    <time id="T362S" value="00:45:33,388" />
-Er alt i orden med ham?
  </s>
  <s id="449">
-Han hadde en drøm.
    <time id="T362E" value="00:45:36,744" />
  </s>
  <s id="450">
    <time id="T363S" value="00:45:37,908" />
Jeg også.
    <time id="T363E" value="00:45:41,184" />
  </s>
  <s id="451">
    <time id="T364S" value="00:45:43,668" />
Jeg gikk gjennom jungelen og... 
    <time id="T364E" value="00:45:45,943" />
  </s>
  <s id="452">
    <time id="T365S" value="00:45:46,108" />
Og du så en form foran deg.
    <time id="T365E" value="00:45:48,941" />
  </s>
  <s id="453">
    <time id="T366S" value="00:45:49,108" />
Et ansikt som ropte navnet mitt.
    <time id="T367E" value="00:45:53,461" />
  </s>
  <s id="454">
    <time id="T368S" value="00:45:53,628" />
Vi har alle den drømmen.
    <time id="T368E" value="00:45:55,300" />
  </s>
  <s id="455">
    <time id="T369S" value="00:45:58,548" />
-Alle sammen?
  </s>
  <s id="456">
-Ja. 
  </s>
  <s id="457">
Sov nå.
    <time id="T369E" value="00:46:02,143" />
  </s>
  <s id="458">
    <time id="T370S" value="00:46:02,308" />
Du er ikke frisk ennå.
    <time id="T370E" value="00:46:06,221" />
  </s>
  <s id="459">
    <time id="T371S" value="00:46:06,388" />
Hva betyr det ordet, "morlock"?
    <time id="T371E" value="00:46:08,982" />
  </s>
  <s id="460">
    <time id="T372S" value="00:46:09,148" />
Et barns drøm.
    <time id="T372E" value="00:46:11,616" />
  </s>
  <s id="461">
    <time id="T373S" value="00:46:11,788" />
lkke noe mer.
    <time id="T373E" value="00:46:13,779" />
  </s>
  <s id="462">
    <time id="T374S" value="00:46:13,948" />
Sov nå.
    <time id="T374E" value="00:46:15,825" />
  </s>
  <s id="463">
    <time id="T375S" value="00:46:27,188" />
Rådhuset BROOKLYN BRlDGE
    <time id="T375E" value="00:46:31,898" />
  </s>
  <s id="464">
    <time id="T376S" value="00:46:38,148" />
Vi har sånne steiner mange steder.
    <time id="T376E" value="00:46:42,027" />
  </s>
  <s id="465">
    <time id="T377S" value="00:46:42,188" />
Dette er rommet hvor foreldrene mine lærte meg det.
    <time id="T377E" value="00:46:46,625" />
  </s>
  <s id="466">
    <time id="T378S" value="00:46:54,708" />
Hvorfor lærer dere dette språket hvis dere ikke bruker det?
    <time id="T378E" value="00:46:58,064" />
  </s>
  <s id="467">
    <time id="T379S" value="00:46:58,228" />
Det er en tradisjon som går i arv.
    <time id="T379E" value="00:47:01,425" />
  </s>
  <s id="468">
    <time id="T380S" value="00:47:01,588" />
En gang betydde det noe.
    <time id="T380E" value="00:47:03,897" />
  </s>
  <s id="469">
    <time id="T381S" value="00:47:04,068" />
Det må være her av en grunn.
    <time id="T381E" value="00:47:05,262" />
  </s>
  <s id="470">
    <time id="T382S" value="00:47:07,748" />
"En generasjon går bort og en annen kommer.
    <time id="T382E" value="00:47:11,343" />
  </s>
  <s id="471">
    <time id="T383S" value="00:47:11,508" />
Men Jorden er evig. "
    <time id="T383E" value="00:47:14,261" />
  </s>
  <s id="472">
    <time id="T384S" value="00:47:18,628" />
Hvorfor er du kommet hit?
    <time id="T384E" value="00:47:21,665" />
  </s>
  <s id="473">
    <time id="T385S" value="00:47:21,828" />
Hvorfor har du reist gjennom tiden?
    <time id="T385E" value="00:47:24,058" />
  </s>
  <s id="474">
    <time id="T386S" value="00:47:24,228" />
For å få svar på et spørsmål.
    <time id="T386E" value="00:47:26,901" />
  </s>
  <s id="475">
    <time id="T387S" value="00:47:27,068" />
Et spørsmål?
    <time id="T387E" value="00:47:29,502" />
  </s>
  <s id="476">
    <time id="T388S" value="00:47:29,668" />
Ja, hvorfor kan jeg ikke forandre fortiden?
    <time id="T388E" value="00:47:32,307" />
  </s>
  <s id="477">
    <time id="T389S" value="00:47:32,468" />
Hvorfor skulle du ville det?
    <time id="T389E" value="00:47:34,538" />
  </s>
  <s id="478">
    <time id="T390S" value="00:47:41,068" />
Du har mistet noen.
    <time id="T390E" value="00:47:44,185" />
  </s>
  <s id="479">
    <time id="T391S" value="00:47:45,988" />
En du elsket svært høyt.
    <time id="T391E" value="00:47:48,422" />
  </s>
  <s id="480">
    <time id="T392S" value="00:47:57,628" />
Mara, hvorfor er det ingen eldre mennesker her?
    <time id="T392E" value="00:48:00,825" />
  </s>
  <s id="481">
    <time id="T393S" value="00:48:00,988" />
Hva mener du?
    <time id="T393E" value="00:48:02,660" />
  </s>
  <s id="482">
    <time id="T394S" value="00:48:02,828" />
Eldre mennesker, på dine foreldres alder eller dine besteforeldres alder.
    <time id="T394E" value="00:48:06,218" />
  </s>
  <s id="483">
    <time id="T395S" value="00:48:06,388" />
De har forlatt dette stedet.
    <time id="T395E" value="00:48:09,585" />
  </s>
  <s id="484">
    <time id="T396S" value="00:48:09,748" />
Mener du at de er døde?
    <time id="T396E" value="00:48:11,898" />
  </s>
  <s id="485">
    <time id="T397S" value="00:48:12,068" />
Ja.
    <time id="T397E" value="00:48:14,377" />
  </s>
  <s id="486">
    <time id="T398S" value="00:48:14,548" />
Alle sammen?
    <time id="T398E" value="00:48:16,857" />
  </s>
  <s id="487">
    <time id="T399S" value="00:48:17,028" />
Hvordan er det mulig?
    <time id="T399E" value="00:48:18,746" />
  </s>
  <s id="488">
    <time id="T400S" value="00:48:18,908" />
Det finnes ting det er best å ikke snakke om.
    <time id="T400E" value="00:48:21,866" />
  </s>
  <s id="489">
    <time id="T401S" value="00:48:22,028" />
Vi tenker ikke på fortiden, Alexander.
    <time id="T401E" value="00:48:26,499" />
  </s>
  <s id="490">
    <time id="T402S" value="00:48:26,668" />
-Vi gjør noe annet.
  </s>
  <s id="491">
-Hva da?
    <time id="T402E" value="00:48:30,058" />
  </s>
  <s id="492">
    <time id="T403S" value="00:48:30,228" />
Vi minnes dem med disse.
    <time id="T404E" value="00:48:35,948" />
  </s>
  <s id="493">
    <time id="T405S" value="00:49:08,348" />
-Kommer du for å arbeide nå?
  </s>
  <s id="494">
-Nei, han er ikke frisk nok.
    <time id="T405E" value="00:49:11,545" />
  </s>
  <s id="495">
    <time id="T406S" value="00:49:11,708" />
Vi skal se på maskinen hans.
    <time id="T406E" value="00:49:13,505" />
  </s>
  <s id="496">
    <time id="T407S" value="00:49:13,668" />
Nå?
    <time id="T407E" value="00:49:14,987" />
  </s>
  <s id="497">
    <time id="T408S" value="00:49:15,148" />
Bli her hos Toren.
    <time id="T408E" value="00:49:17,742" />
  </s>
  <s id="498">
    <time id="T409S" value="00:49:19,708" />
Gå neste dag, i morgen.
    <time id="T409E" value="00:49:21,221" />
  </s>
  <s id="499">
    <time id="T410S" value="00:49:21,388" />
Jeg må se om den er i orden.
    <time id="T410E" value="00:49:24,266" />
  </s>
  <s id="500">
    <time id="T411S" value="00:49:24,428" />
Denne veien.
    <time id="T411E" value="00:49:26,896" />
  </s>
  <s id="501">
    <time id="T412S" value="00:49:29,348" />
Vil du fortelle meg mer om New York i kveld?
    <time id="T412E" value="00:49:32,181" />
  </s>
  <s id="502">
    <time id="T413S" value="00:49:32,348" />
Ja da.
    <time id="T413E" value="00:49:34,259" />
  </s>
  <s id="503">
    <time id="T414S" value="00:50:17,508" />
Bra, den ser uskadd ut.
    <time id="T414E" value="00:50:21,342" />
  </s>
  <s id="504">
    <time id="T415S" value="00:50:21,508" />
Vi hadde litt av en tur sammen.
    <time id="T415E" value="00:50:24,068" />
  </s>
  <s id="505">
    <time id="T416S" value="00:50:25,748" />
-Er den klar?
  </s>
  <s id="506">
-Ser sånn ut.
    <time id="T416E" value="00:50:29,627" />
  </s>
  <s id="507">
    <time id="T417S" value="00:50:29,788" />
Vil du bruke den nå?
    <time id="T417E" value="00:50:31,779" />
  </s>
  <s id="508">
    <time id="T418S" value="00:50:31,948" />
Reise tilbake til din egen tid?
    <time id="T418E" value="00:50:34,587" />
  </s>
  <s id="509">
    <time id="T419S" value="00:50:34,748" />
Vel, jeg... 
    <time id="T419E" value="00:50:36,306" />
  </s>
  <s id="510">
    <time id="T420S" value="00:50:36,468" />
Jeg kunne vel det.
    <time id="T420E" value="00:50:39,221" />
  </s>
  <s id="511">
    <time id="T421S" value="00:50:43,908" />
Det virker som så lenge siden.
    <time id="T421E" value="00:50:45,546" />
  </s>
  <s id="512">
    <time id="T422S" value="00:50:45,708" />
Nei. 
  </s>
  <s id="513">
Du burde dra.
    <time id="T422E" value="00:50:48,063" />
  </s>
  <s id="514">
    <time id="T423S" value="00:50:48,228" />
Og jeg må spørre deg kan du ta med deg Kalen?
    <time id="T424E" value="00:50:52,627" />
  </s>
  <s id="515">
    <time id="T425S" value="00:50:52,788" />
Hvorfor det?
    <time id="T425E" value="00:50:54,346" />
  </s>
  <s id="516">
    <time id="T426S" value="00:50:54,508" />
Ta ham med herfra, tilbake til din tid. 
  </s>
  <s id="517">
Vil du gjøre det?
    <time id="T426E" value="00:50:57,306" />
  </s>
  <s id="518">
    <time id="T427S" value="00:50:57,468" />
-Mara, hvorfor?
  </s>
  <s id="519">
-Vær så snill.
    <time id="T427E" value="00:50:59,220" />
  </s>
  <s id="520">
    <time id="T428S" value="00:50:59,388" />
Du vet ikke. 
  </s>
  <s id="521">
Ta ham vekk herfra.
    <time id="T428E" value="00:51:02,903" />
  </s>
  <s id="522">
    <time id="T429S" value="00:51:15,428" />
-Mara, hva er det som foregår?
  </s>
  <s id="523">
-De er tidlig ute! 
  </s>
  <s id="524">
Vi må hente Kalen!
    <time id="T429E" value="00:51:19,307" />
  </s>
  <s id="525">
    <time id="T430S" value="00:54:23,548" />
Nei, bli her.
  </s>
  <s id="526">
Bli i gruppen.
    <time id="T430E" value="00:54:27,063" />
  </s>
  <s id="527">
    <time id="T431S" value="00:54:39,388" />
Løp!
    <time id="T431E" value="00:54:41,219" />
  </s>
  <s id="528">
    <time id="T432S" value="00:57:16,028" />
Hvor bringer de dem?
  </s>
  <s id="529">
Vi må følge etter dem.
    <time id="T432E" value="00:57:18,496" />
  </s>
  <s id="530">
    <time id="T433S" value="00:57:18,668" />
-Vi må finne dem.
  </s>
  <s id="531">
-Coléquinétor.
    <time id="T433E" value="00:57:20,340" />
  </s>
  <s id="532">
    <time id="T434S" value="00:57:20,508" />
-Nei.
  </s>
  <s id="533">
-Hvorfor ikke?
    <time id="T434E" value="00:57:21,782" />
  </s>
  <s id="534">
    <time id="T435S" value="00:57:21,948" />
Dette er neméeloitas.
  </s>
  <s id="535">
Vårt liv her.
    <time id="T435E" value="00:57:24,621" />
  </s>
  <s id="536">
    <time id="T436S" value="00:57:28,108" />
Hvordan kan dere la være å gjøre noe?
    <time id="T436E" value="00:57:30,099" />
  </s>
  <s id="537">
    <time id="T437S" value="00:57:30,268" />
Hvordan kan jeg torétas alémor?
  </s>
  <s id="538">
Det er dag og det er natt.
    <time id="T437E" value="00:57:33,101" />
  </s>
  <s id="539">
    <time id="T438S" value="00:57:33,268" />
-Dag og natt.
  </s>
  <s id="540">
-Dette er verden.
    <time id="T438E" value="00:57:35,384" />
  </s>
  <s id="541">
    <time id="T439S" value="00:57:38,668" />
Hvorfor gjør dere ikke motstand?
    <time id="T439E" value="00:57:41,944" />
  </s>
  <s id="542">
    <time id="T440S" value="00:57:42,108" />
Motstand. 
  </s>
  <s id="543">
Hvorfor gjør dere ikke det?
    <time id="T440E" value="00:57:45,498" />
  </s>
  <s id="544">
    <time id="T441S" value="00:57:45,668" />
De som faréquilépax gjør motstand blir tatt først.
    <time id="T443E" value="00:57:53,545" />
  </s>
  <s id="545">
    <time id="T444S" value="00:57:59,228" />
Vet dere hvor de blir brakt?
  </s>
  <s id="546">
Kommer de noen gang tilbake?
    <time id="T444E" value="00:58:02,937" />
  </s>
  <s id="547">
    <time id="T445S" value="00:58:03,108" />
-Har noen prøvd å følge etter dem?
  </s>
  <s id="548">
-Jeg vet ikke.
    <time id="T445E" value="00:58:05,144" />
  </s>
  <s id="549">
    <time id="T446S" value="00:58:05,308" />
-Hva med morlockene?
  </s>
  <s id="550">
-Vi har ikke lov til å snakke om det.
    <time id="T446E" value="00:58:06,457" />
  </s>
  <s id="551">
    <time id="T447S" value="00:58:06,628" />
Det må finnes en leder.
  </s>
  <s id="552">
Hør på meg.
    <time id="T447E" value="00:58:09,665" />
  </s>
  <s id="553">
    <time id="T448S" value="00:58:09,828" />
Noen ganger må vi finne oss i det som skjer, selv om vi ikke vil.
    <time id="T448E" value="00:58:12,661" />
  </s>
  <s id="554">
    <time id="T449S" value="00:58:12,828" />
Og andre ganger må vi kjempe selv om vi er redde.
    <time id="T450E" value="00:58:17,097" />
  </s>
  <s id="555">
    <time id="T451S" value="00:58:17,268" />
Det er vanskelig å forstå.
    <time id="T451E" value="00:58:20,101" />
  </s>
  <s id="556">
    <time id="T452S" value="00:58:20,268" />
Jeg vet det.
    <time id="T452E" value="00:58:21,667" />
  </s>
  <s id="557">
    <time id="T453S" value="00:58:21,828" />
Tro meg, jeg vet det.
    <time id="T453E" value="00:58:23,307" />
  </s>
  <s id="558">
    <time id="T454S" value="00:58:23,468" />
Nå er de redde og jeg ber deg om ikke å være det.
    <time id="T454E" value="00:58:27,666" />
  </s>
  <s id="559">
    <time id="T455S" value="00:58:27,828" />
Så vil du fortelle meg hva du vet?
    <time id="T455E" value="00:58:30,467" />
  </s>
  <s id="560">
    <time id="T456S" value="00:58:30,628" />
Vi kan redde henne.
    <time id="T456E" value="00:58:33,188" />
  </s>
  <s id="561">
    <time id="T457S" value="00:58:33,348" />
Vær så snill.
    <time id="T457E" value="00:58:35,737" />
  </s>
  <s id="562">
    <time id="T458S" value="00:58:35,908" />
Når de blir tatt, så skal vi ikke snakke om det.
    <time id="T458E" value="00:58:40,584" />
  </s>
  <s id="563">
    <time id="T459S" value="00:58:43,308" />
-Men vi vet alle om et sted.
  </s>
  <s id="564">
-Hvilket sted?
    <time id="T459E" value="00:58:47,017" />
  </s>
  <s id="565">
    <time id="T460S" value="00:58:47,188" />
Hvor åndene er.
    <time id="T460E" value="00:58:49,941" />
  </s>
  <s id="566">
    <time id="T461S" value="00:59:12,348" />
Her er det.
    <time id="T461E" value="00:59:14,657" />
  </s>
  <s id="567">
    <time id="T462S" value="00:59:49,508" />
Velkommen til Vox Systemet.
  </s>
  <s id="568">
Hvordan kan jeg hjelpe deg?
    <time id="T462E" value="00:59:52,625" />
  </s>
  <s id="569">
    <time id="T463S" value="00:59:53,828" />
Det er i orden.
  </s>
  <s id="570">
Jeg kjenner denne fyren.
    <time id="T463E" value="00:59:55,944" />
  </s>
  <s id="571">
    <time id="T464S" value="00:59:56,108" />
Hvordan kan jeg stå til tjeneste?
  </s>
  <s id="572">
Hva kan jeg finne fram til deg?
    <time id="T464E" value="00:59:59,464" />
  </s>
  <s id="573">
    <time id="T465S" value="00:59:59,628" />
La oss se. 
  </s>
  <s id="574">
Henry James.
    <time id="T465E" value="01:00:02,938" />
  </s>
  <s id="575">
    <time id="T466S" value="01:00:03,108" />
Nei, ja?
    <time id="T466E" value="01:00:04,018" />
  </s>
  <s id="576">
    <time id="T467S" value="01:00:04,188" />
Nei, for deprimerende.
  </s>
  <s id="577">
Kanskje Hemingway?
    <time id="T467E" value="01:00:06,258" />
  </s>
  <s id="578">
    <time id="T468S" value="01:00:06,428" />
Nei, nei, for svett.
    <time id="T468E" value="01:00:09,420" />
  </s>
  <s id="579">
    <time id="T469S" value="01:00:09,588" />
Platon, Proust, Pinter, Poe, Pound? 
  </s>
  <s id="580">
Nei.
    <time id="T469E" value="01:00:13,422" />
  </s>
  <s id="581">
    <time id="T470S" value="01:00:13,588" />
Martha Stewarts samlede verker?
    <time id="T470E" value="01:00:15,658" />
  </s>
  <s id="582">
    <time id="T471S" value="01:00:15,828" />
Jeg har det!
    <time id="T471E" value="01:00:18,501" />
  </s>
  <s id="583">
    <time id="T472S" value="01:00:18,668" />
Jules Verne. 
  </s>
  <s id="584">
Helt etter din smak, vil jeg tro.
    <time id="T472E" value="01:00:22,024" />
  </s>
  <s id="585">
    <time id="T473S" value="01:00:22,188" />
Fotonikk, ikke sant?
    <time id="T473E" value="01:00:23,541" />
  </s>
  <s id="586">
    <time id="T474S" value="01:00:23,708" />
Eller det som er igjen av en.
  </s>
  <s id="587">
Det som er igjen av dem alle.
    <time id="T474E" value="01:00:27,303" />
  </s>
  <s id="588">
    <time id="T475S" value="01:00:27,468" />
Jeg er den siste og "Disse fragmentene har jeg vernet mot ødeleggelsen" .
    <time id="T476E" value="01:00:32,857" />
  </s>
  <s id="589">
    <time id="T477S" value="01:00:33,028" />
T.S. Eliot.
    <time id="T477E" value="01:00:34,063" />
  </s>
  <s id="590">
    <time id="T478S" value="01:00:34,228" />
Du kjenner ham ikke ennå, men han er så deprimerende og likevel så guddommelig.
    <time id="T478E" value="01:00:38,506" />
  </s>
  <s id="591">
    <time id="T479S" value="01:00:41,348" />
Jeg beklager. 
  </s>
  <s id="592">
Lånebiblioteket er for tiden ute av drift.
    <time id="T479E" value="01:00:45,227" />
  </s>
  <s id="593">
    <time id="T480S" value="01:00:45,388" />
Vær ikke bekymret, jeg har dem alle her. 
  </s>
  <s id="594">
Hver side i hvert bind.
    <time id="T480E" value="01:00:51,384" />
  </s>
  <s id="595">
    <time id="T481S" value="01:00:51,548" />
-Kan du fortelle meg hva som skjer her?
  </s>
  <s id="596">
-Kildene mine er ikke lenger oppdatert og informasjonen min er litt anekdotisk men jeg tror at det som en gang var en rase, nå er to.
    <time id="T483E" value="01:01:02,587" />
  </s>
  <s id="597">
    <time id="T484S" value="01:01:02,748" />
En over og en under.
    <time id="T484E" value="01:01:06,058" />
  </s>
  <s id="598">
    <time id="T485S" value="01:01:06,228" />
Det har utviklet seg to forskjellige arter.
    <time id="T485E" value="01:01:09,220" />
  </s>
  <s id="599">
    <time id="T486S" value="01:01:09,388" />
Og hvordan overlever de som er under?
    <time id="T486E" value="01:01:11,663" />
  </s>
  <s id="600">
    <time id="T487S" value="01:01:11,828" />
Det er det virkelige spørsmålet, ikke sant?
    <time id="T487E" value="01:01:15,741" />
  </s>
  <s id="601">
    <time id="T488S" value="01:01:19,748" />
Jeg tror det ikke.
    <time id="T488E" value="01:01:22,865" />
  </s>
  <s id="602">
    <time id="T489S" value="01:01:23,028" />
Liker du ikke svarene, så burde du ikke stille spørsmålene.
    <time id="T489E" value="01:01:27,783" />
  </s>
  <s id="603">
    <time id="T490S" value="01:01:30,948" />
Se på dem.
    <time id="T490E" value="01:01:33,064" />
  </s>
  <s id="604">
    <time id="T491S" value="01:01:33,228" />
De har ingen kunnskap om fortiden.
  </s>
  <s id="605">
Og ingen ambisjoner for framtiden.
    <time id="T491E" value="01:01:38,018" />
  </s>
  <s id="606">
    <time id="T492S" value="01:01:38,188" />
Så heldige.
    <time id="T492E" value="01:01:40,702" />
  </s>
  <s id="607">
    <time id="T493S" value="01:01:40,868" />
Hvordan kan du si noe sånt?
    <time id="T493E" value="01:01:44,656" />
  </s>
  <s id="608">
    <time id="T494S" value="01:01:44,828" />
Kan du overhodet forestille deg hvordan det er å huske alt?
    <time id="T494E" value="01:01:47,945" />
  </s>
  <s id="609">
    <time id="T495S" value="01:01:49,268" />
Jeg husker seksåringen som spurte meg om dinosaurene for 800 000 år siden.
    <time id="T495E" value="01:01:53,784" />
  </s>
  <s id="610">
    <time id="T496S" value="01:01:53,948" />
Jeg husker den siste boken jeg anbefalte.
    <time id="T496E" value="01:01:56,587" />
  </s>
  <s id="611">
    <time id="T497S" value="01:01:56,748" />
Se hjemover, engel av Thomas Wolfe.
    <time id="T497E" value="01:01:59,137" />
  </s>
  <s id="612">
    <time id="T498S" value="01:01:59,308" />
Og, ja, jeg husker til og med deg.
    <time id="T498E" value="01:02:03,699" />
  </s>
  <s id="613">
    <time id="T499S" value="01:02:08,268" />
Reiser i tiden, praktisk anvendelse.
    <time id="T499E" value="01:02:12,102" />
  </s>
  <s id="614">
    <time id="T500S" value="01:02:13,308" />
Hvordan vet du om morlockene når du ikke kan komme herfra?
    <time id="T500E" value="01:02:16,345" />
  </s>
  <s id="615">
    <time id="T501S" value="01:02:16,508" />
Det var en eloi som greide å flykte.
    <time id="T501E" value="01:02:18,942" />
  </s>
  <s id="616">
    <time id="T502S" value="01:02:19,108" />
Han fortalte meg alt.
    <time id="T502E" value="01:02:21,906" />
  </s>
  <s id="617">
    <time id="T503S" value="01:02:25,028" />
Vi tilbrakte år sammen.
    <time id="T503E" value="01:02:28,225" />
  </s>
  <s id="618">
    <time id="T504S" value="01:02:28,388" />
Bare med å snakke.
    <time id="T504E" value="01:02:30,948" />
  </s>
  <s id="619">
    <time id="T505S" value="01:02:31,108" />
Samtalene fortoner seg litt uklare nå, men jeg husker dem.
    <time id="T505E" value="01:02:34,339" />
  </s>
  <s id="620">
    <time id="T506S" value="01:02:35,668" />
Det er godt å ha en venn.
    <time id="T506E" value="01:02:38,580" />
  </s>
  <s id="621">
    <time id="T507S" value="01:02:38,748" />
Da kan du hjelpe oss å finne morlockene. 
  </s>
  <s id="622">
Finne Mara.
    <time id="T507E" value="01:02:43,344" />
  </s>
  <s id="623">
    <time id="T508S" value="01:02:44,828" />
Og hvis sannheten er så grusom, vil den hjemsøke drømmene dine for alltid.
    <time id="T508E" value="01:02:48,867" />
  </s>
  <s id="624">
    <time id="T509S" value="01:02:49,028" />
Vel, jeg tror jeg er vant til det.
    <time id="T509E" value="01:02:52,543" />
  </s>
  <s id="625">
    <time id="T510S" value="01:02:58,468" />
Min venn sa at han kom fra øst.
    <time id="T510E" value="01:03:02,256" />
  </s>
  <s id="626">
    <time id="T511S" value="01:03:02,428" />
Fra jungelen.
    <time id="T511E" value="01:03:03,577" />
  </s>
  <s id="627">
    <time id="T512S" value="01:03:04,788" />
Kan du beskrive den?
    <time id="T512E" value="01:03:05,823" />
  </s>
  <s id="628">
    <time id="T513S" value="01:03:05,988" />
Jeg behøver ikke det.
    <time id="T513E" value="01:03:09,219" />
  </s>
  <s id="629">
    <time id="T514S" value="01:03:10,788" />
Følg bare åndedrettet.
    <time id="T514E" value="01:03:14,258" />
  </s>
  <s id="630">
    <time id="T515S" value="01:03:45,588" />
l drømmen beveger vi oss mot den.
    <time id="T515E" value="01:03:48,182" />
  </s>
  <s id="631">
    <time id="T516S" value="01:03:48,348" />
Men jeg tror den er ment for å holde oss unna.
    <time id="T516E" value="01:03:51,784" />
  </s>
  <s id="632">
    <time id="T517S" value="01:03:56,788" />
Jeg tror jeg bør gå inn alene.
    <time id="T517E" value="01:03:59,143" />
  </s>
  <s id="633">
    <time id="T518S" value="01:03:59,308" />
Mara ville bli svært sint på meg hvis du ble skadet.
    <time id="T518E" value="01:04:01,458" />
  </s>
  <s id="634">
    <time id="T519S" value="01:04:01,628" />
Jeg skal finne henne, men du må gå tilbake til landsbyen og tenne et bål så vi kan finne veien hjem.
    <time id="T520E" value="01:04:08,299" />
  </s>
  <s id="635">
    <time id="T521S" value="01:04:08,468" />
-Vil du gjøre det?
  </s>
  <s id="636">
-Jeg har mistet lommeuret ditt.
    <time id="T521E" value="01:04:12,347" />
  </s>
  <s id="637">
    <time id="T522S" value="01:04:12,508" />
De tok det fra rommet mitt.
    <time id="T522E" value="01:04:15,341" />
  </s>
  <s id="638">
    <time id="T523S" value="01:04:15,508" />
Jeg er lei for det.
    <time id="T523E" value="01:04:17,339" />
  </s>
  <s id="639">
    <time id="T524S" value="01:04:21,548" />
Hvorfor skulle de ta det?
    <time id="T524E" value="01:04:24,426" />
  </s>
  <s id="640">
    <time id="T525S" value="01:05:15,628" />
Dumt.
    <time id="T525E" value="01:05:18,062" />
  </s>
  <s id="641">
    <time id="T526S" value="01:07:20,388" />
Mara?
    <time id="T526E" value="01:07:22,948" />
  </s>
  <s id="642">
    <time id="T527S" value="01:08:42,748" />
Mara?
    <time id="T527E" value="01:08:45,820" />
  </s>
  <s id="643">
    <time id="T528S" value="01:08:57,388" />
Kom litt nærmere.
    <time id="T528E" value="01:08:59,618" />
  </s>
  <s id="644">
    <time id="T529S" value="01:08:59,788" />
Jeg biter ikke.
    <time id="T529E" value="01:09:01,904" />
  </s>
  <s id="645">
    <time id="T530S" value="01:09:16,508" />
Forbauser jeg deg?
    <time id="T530E" value="01:09:19,500" />
  </s>
  <s id="646">
    <time id="T531S" value="01:09:19,668" />
Litt, ja.
    <time id="T531E" value="01:09:22,740" />
  </s>
  <s id="647">
    <time id="T532S" value="01:09:22,908" />
Vi har ikke alltid vært sånn.
    <time id="T532E" value="01:09:25,103" />
  </s>
  <s id="648">
    <time id="T533S" value="01:09:25,268" />
Etter at månen falt ned fra himmelen kunne ikke lenger jorden fø artene.
    <time id="T534E" value="01:09:32,305" />
  </s>
  <s id="649">
    <time id="T535S" value="01:09:32,468" />
Noen greide å bli oppe.
    <time id="T535E" value="01:09:35,301" />
  </s>
  <s id="650">
    <time id="T536S" value="01:09:35,468" />
Resten av oss flyktet under jorden.
    <time id="T536E" value="01:09:38,824" />
  </s>
  <s id="651">
    <time id="T537S" value="01:09:38,988" />
Så, århundrer senere prøvde vi å komme ut i solen igjen men vi kunne ikke det.
    <time id="T538E" value="01:09:43,944" />
  </s>
  <s id="652">
    <time id="T539S" value="01:09:44,108" />
Så vi dannet kaster.
    <time id="T539E" value="01:09:49,626" />
  </s>
  <s id="653">
    <time id="T540S" value="01:09:49,788" />
Noen som skulle være våre øyne og ører.
    <time id="T540E" value="01:09:53,463" />
  </s>
  <s id="654">
    <time id="T541S" value="01:09:53,628" />
Noen som skulle være våre muskler og sener.
    <time id="T541E" value="01:09:55,220" />
  </s>
  <s id="655">
    <time id="T542S" value="01:09:55,388" />
Du mener jegere.
    <time id="T542E" value="01:09:57,265" />
  </s>
  <s id="656">
    <time id="T543S" value="01:09:59,308" />
Ja.
    <time id="T543E" value="01:10:00,184" />
  </s>
  <s id="657">
    <time id="T544S" value="01:10:00,348" />
Avlet for å være jegere, men også avlet for å bli kontrollert.
    <time id="T544E" value="01:10:04,944" />
  </s>
  <s id="658">
    <time id="T545S" value="01:10:05,108" />
Du skjønner, min kaste konsentrerte oss om å utvide våre hjerne-evner.
    <time id="T546E" value="01:10:11,902" />
  </s>
  <s id="659">
    <time id="T547S" value="01:10:12,068" />
Du kontrollerer tankene deres.
    <time id="T547E" value="01:10:14,343" />
  </s>
  <s id="660">
    <time id="T548S" value="01:10:14,508" />
lkke bare deres.
    <time id="T548E" value="01:10:17,102" />
  </s>
  <s id="661">
    <time id="T549S" value="01:10:18,748" />
Eloienes.
    <time id="T549E" value="01:10:21,945" />
  </s>
  <s id="662">
    <time id="T550S" value="01:10:22,108" />
Så det er ikke nok at dere jakter på dem som dyr.
    <time id="T550E" value="01:10:26,943" />
  </s>
  <s id="663">
    <time id="T551S" value="01:10:27,108" />
-Det er deres rolle her.
  </s>
  <s id="664">
-Å være mat for dere?
    <time id="T551E" value="01:10:30,100" />
  </s>
  <s id="665">
    <time id="T552S" value="01:10:31,868" />
Ja.
    <time id="T552E" value="01:10:34,507" />
  </s>
  <s id="666">
    <time id="T553S" value="01:10:34,668" />
Og for dem som er egnet for det, å være avlsobjekter for våre andre kolonier.
    <time id="T554E" value="01:10:41,261" />
  </s>
  <s id="667">
    <time id="T555S" value="01:10:41,428" />
Du skjønner, jeg er bare en av mange.
    <time id="T555E" value="01:10:45,467" />
  </s>
  <s id="668">
    <time id="T556S" value="01:10:46,708" />
Hvordan kan du sitte her og snakke så kaldt om dette?
    <time id="T556E" value="01:10:50,144" />
  </s>
  <s id="669">
    <time id="T557S" value="01:10:53,068" />
Har du ikke tenkt over den menneskelige kostnad ved det du gjør?
    <time id="T557E" value="01:10:56,822" />
  </s>
  <s id="670">
    <time id="T558S" value="01:10:56,988" />
Vi betaler alle en pris.
    <time id="T558E" value="01:10:59,786" />
  </s>
  <s id="671">
    <time id="T559S" value="01:11:01,788" />
Alexander.
    <time id="T559E" value="01:11:04,427" />
  </s>
  <s id="672">
    <time id="T560S" value="01:11:14,588" />
Vær ikke bekymret, du er trygg.
    <time id="T560E" value="01:11:18,058" />
  </s>
  <s id="673">
    <time id="T561S" value="01:11:18,228" />
Jeg kontrollerer dem.
    <time id="T561E" value="01:11:21,664" />
  </s>
  <s id="674">
    <time id="T562S" value="01:11:21,828" />
Uten den kontrollen ville de bruke opp matforrådet i løpet av noen måneder.
    <time id="T564E" value="01:11:30,781" />
  </s>
  <s id="675">
    <time id="T565S" value="01:11:30,948" />
Matforrådet?
  </s>
  <s id="676">
De er mennesker!
    <time id="T565E" value="01:11:33,508" />
  </s>
  <s id="677">
    <time id="T566S" value="01:11:35,388" />
Hvem er du til å overprøve 800 000 års-
    <time id="T567E" value="01:11:40,497" />
  </s>
  <s id="678">
    <time id="T568S" value="01:11:44,188" />
-utvikling?
    <time id="T568E" value="01:11:45,940" />
  </s>
  <s id="679">
    <time id="T569S" value="01:11:46,108" />
Dette er en forvrengning av alle naturens lover.
    <time id="T569E" value="01:11:49,066" />
  </s>
  <s id="680">
    <time id="T570S" value="01:11:50,348" />
Og hva er å reise i tiden annet enn et patetisk forsøk på å kontrollere verden omkring deg?
    <time id="T571E" value="01:11:55,456" />
  </s>
  <s id="681">
    <time id="T572S" value="01:11:55,628" />
Din fruktesløse streben etter å få svar på et spørsmål.
    <time id="T572E" value="01:12:00,577" />
  </s>
  <s id="682">
    <time id="T573S" value="01:12:00,748" />
Tror du ikke jeg kjenner deg, Alexander?
    <time id="T573E" value="01:12:05,458" />
  </s>
  <s id="683">
    <time id="T574S" value="01:12:05,628" />
Jeg kan se inn i hukommelsen din.
    <time id="T574E" value="01:12:09,587" />
  </s>
  <s id="684">
    <time id="T575S" value="01:12:09,748" />
Marerittene dine.
    <time id="T575E" value="01:12:12,057" />
  </s>
  <s id="685">
    <time id="T576S" value="01:12:12,228" />
Drømmene dine.
    <time id="T576E" value="01:12:14,378" />
  </s>
  <s id="686">
    <time id="T577S" value="01:12:14,548" />
Du er en mann hjemsøkt av to forferdelige ord:
    <time id="T577E" value="01:12:19,861" />
  </s>
  <s id="687">
    <time id="T578S" value="01:12:20,028" />
Hva om?
    <time id="T578E" value="01:12:22,781" />
  </s>
  <s id="688">
    <time id="T579S" value="01:13:13,348" />
Pappa! 
  </s>
  <s id="689">
Pappa!
    <time id="T579E" value="01:13:15,657" />
  </s>
  <s id="690">
    <time id="T580S" value="01:13:42,828" />
Du bygde tidsmaskinen din på grunn av Emmas død.
    <time id="T580E" value="01:13:47,458" />
  </s>
  <s id="691">
    <time id="T581S" value="01:13:47,628" />
Hvis hun hadde levd, ville den ikke ha eksistert.
    <time id="T581E" value="01:13:50,381" />
  </s>
  <s id="692">
    <time id="T582S" value="01:13:50,548" />
Så hvordan kunne du bruke maskinen til å dra tilbake for å redde henne?
    <time id="T582E" value="01:13:55,224" />
  </s>
  <s id="693">
    <time id="T583S" value="01:13:55,388" />
Du er det uunngåelige resultatet av din tragedie.
    <time id="T584E" value="01:14:01,621" />
  </s>
  <s id="694">
    <time id="T585S" value="01:14:01,788" />
Akkurat som jeg er det uunngåelige resultatet av dere.
    <time id="T587E" value="01:14:10,906" />
  </s>
  <s id="695">
    <time id="T588S" value="01:14:46,628" />
Du har fått ditt svar.
    <time id="T588E" value="01:14:49,426" />
  </s>
  <s id="696">
    <time id="T589S" value="01:14:49,588" />
Dra nå.
    <time id="T589E" value="01:14:50,703" />
  </s>
  <s id="697">
    <time id="T590S" value="01:15:23,108" />
Du har noe som tilhører meg.
    <time id="T590E" value="01:15:26,987" />
  </s>
  <s id="698">
    <time id="T591S" value="01:15:34,228" />
Vi har alle våre tidsmaskiner, har vi ikke?
    <time id="T591E" value="01:15:38,062" />
  </s>
  <s id="699">
    <time id="T592S" value="01:15:39,428" />
De som tar oss med tilbake er minner og de som bærer oss framover-
    <time id="T593E" value="01:15:45,626" />
  </s>
  <s id="700">
    <time id="T594S" value="01:15:49,348" />
-er drømmer.
    <time id="T594E" value="01:15:51,498" />
  </s>
  <s id="701">
    <time id="T595S" value="01:15:56,628" />
Du glemmer en ting.
    <time id="T595E" value="01:16:00,098" />
  </s>
  <s id="702">
    <time id="T596S" value="01:16:04,628" />
Hva om?
    <time id="T596E" value="01:16:06,778" />
  </s>
  <s id="703">
    <time id="T597S" value="01:19:26,788" />
Hva gjør du med den?
    <time id="T597E" value="01:19:28,426" />
  </s>
  <s id="704">
    <time id="T598S" value="01:19:28,588" />
Forandrer framtiden.
    <time id="T598E" value="01:19:30,624" />
  </s>
  <s id="705">
    <time id="T599S" value="01:20:13,028" />
Vent her.
    <time id="T599E" value="01:20:15,417" />
  </s>
  <s id="706">
    <time id="T600S" value="01:21:44,068" />
Løp.
    <time id="T600E" value="01:21:45,820" />
  </s>
  <s id="707">
    <time id="T601S" value="01:21:58,748" />
Skynd deg!
    <time id="T601E" value="01:22:00,943" />
  </s>
  <s id="708">
    <time id="T602S" value="01:23:09,188" />
Jeg er lei for at du mistet maskinen din.
    <time id="T602E" value="01:23:12,225" />
  </s>
  <s id="709">
    <time id="T603S" value="01:23:13,788" />
Det er i orden.
    <time id="T603E" value="01:23:16,586" />
  </s>
  <s id="710">
    <time id="T604S" value="01:23:16,748" />
Det var bare en maskin.
    <time id="T604E" value="01:23:18,784" />
  </s>
  <s id="711">
    <time id="T605S" value="01:23:39,908" />
"Menigheten reiste seg og stirret da de tre døde guttene kom marsjerende opp midtgangen- 
    <time id="T607S" value="01:23:47,348" />
  </s>
  <s id="712">
-Tom først så Joe og Huck som kledd i filler snek seg fårete bakerst.
    <time id="T609E" value="01:23:57,420" />
  </s>
  <s id="713">
    <time id="T610S" value="01:23:57,588" />
De hadde gjemt seg i et ubrukt galleri, og hørt på sin egen begravelsesandakt.
    <time id="T610E" value="01:24:02,901" />
  </s>
  <s id="714">
    <time id="T611S" value="01:24:03,068" />
Tante Polly, Mary og Harperfamilien kastet seg... " 
    <time id="T611E" value="01:24:06,185" />
  </s>
  <s id="715">
    <time id="T612S" value="01:24:06,348" />
Dette er stedet.
    <time id="T612E" value="01:24:09,021" />
  </s>
  <s id="716">
    <time id="T613S" value="01:24:09,188" />
Ja, det er det.
    <time id="T613E" value="01:24:11,497" />
  </s>
  <s id="717">
    <time id="T614S" value="01:24:16,668" />
-Men det er ingenting her.
  </s>
  <s id="718">
-Vel, det var annerledes da.
    <time id="T614E" value="01:24:21,378" />
  </s>
  <s id="719">
    <time id="T615S" value="01:24:21,548" />
Her var laboratoriet mitt.
    <time id="T615E" value="01:24:24,665" />
  </s>
  <s id="720">
    <time id="T616S" value="01:24:24,828" />
Kjøkkenet var der borte, hvor det treet står.
    <time id="T616E" value="01:24:29,344" />
  </s>
  <s id="721">
    <time id="T617S" value="01:24:29,508" />
lkke at Mrs. Watchit noen gang slapp meg inn dit.
    <time id="T617E" value="01:24:33,421" />
  </s>
  <s id="722">
    <time id="T618S" value="01:24:36,188" />
Jeg vet ikke hva jeg skal si, sir.
    <time id="T618E" value="01:24:38,782" />
  </s>
  <s id="723">
    <time id="T619S" value="01:24:40,788" />
Han har vært borte hele uken.
    <time id="T619E" value="01:24:42,938" />
  </s>
  <s id="724">
    <time id="T620S" value="01:24:43,108" />
Og du aner ikke hvor han har dratt?
    <time id="T620E" value="01:24:45,861" />
  </s>
  <s id="725">
    <time id="T621S" value="01:24:46,028" />
Nei, sir.
    <time id="T621E" value="01:24:47,177" />
  </s>
  <s id="726">
    <time id="T622S" value="01:24:47,348" />
Det var drivhuset mitt.
    <time id="T622E" value="01:24:48,827" />
  </s>
  <s id="727">
    <time id="T623S" value="01:24:48,988" />
Det var en hage utenfor.
    <time id="T623E" value="01:24:52,697" />
  </s>
  <s id="728">
    <time id="T624S" value="01:24:52,868" />
Grenétorémarétas?
    <time id="T624E" value="01:24:55,302" />
  </s>
  <s id="729">
    <time id="T625S" value="01:24:55,468" />
Ja.
    <time id="T625E" value="01:24:57,459" />
  </s>
  <s id="730">
    <time id="T626S" value="01:24:57,628" />
-Jeg er glad.
  </s>
  <s id="731">
-Sir?
    <time id="T626E" value="01:25:01,416" />
  </s>
  <s id="732">
    <time id="T627S" value="01:25:01,588" />
Jeg er glad for at han er reist.
    <time id="T627E" value="01:25:04,148" />
  </s>
  <s id="733">
    <time id="T628S" value="01:25:04,308" />
Kanskje han endelig har funnet et sted hvor han kan bli lykkelig.
    <time id="T628E" value="01:25:08,699" />
  </s>
  <s id="734">
    <time id="T629S" value="01:25:08,868" />
Dette var hjemmet mitt.
    <time id="T629E" value="01:25:10,859" />
  </s>
  <s id="735">
    <time id="T630S" value="01:25:11,028" />
Sitt hjem.
    <time id="T630E" value="01:25:13,496" />
  </s>
  <s id="736">
    <time id="T631S" value="01:25:13,668" />
For lenge siden.
    <time id="T631E" value="01:25:15,977" />
  </s>
  <s id="737">
    <time id="T632S" value="01:25:17,308" />
Vet du, Molly og jeg har snakket om å ansette en husholderske.
    <time id="T632E" value="01:25:22,177" />
  </s>
  <s id="738">
    <time id="T633S" value="01:25:22,348" />
En som kan bo hos oss og hjelpe oss med Jamie. 
  </s>
  <s id="739">
Er De interessert?
    <time id="T633E" value="01:25:27,297" />
  </s>
  <s id="740">
    <time id="T634S" value="01:25:29,308" />
Kanskje, bare til herren er tilbake.
    <time id="T634E" value="01:25:31,947" />
  </s>
  <s id="741">
    <time id="T635S" value="01:25:32,108" />
Naturligvis.
    <time id="T635E" value="01:25:34,383" />
  </s>
  <s id="742">
    <time id="T636S" value="01:25:34,548" />
Men det blir forandringer, jeg fører en stram husholdning.
    <time id="T636E" value="01:25:38,097" />
  </s>
  <s id="743">
    <time id="T637S" value="01:25:38,268" />
Det tviler jeg ikke på.
    <time id="T637E" value="01:25:40,259" />
  </s>
  <s id="744">
    <time id="T638S" value="01:25:40,428" />
Jeg kommer igjen i morgen, så ordner vi det.
    <time id="T638E" value="01:25:42,464" />
  </s>
  <s id="745">
    <time id="T639S" value="01:25:42,628" />
-God natt, Mrs. Watchit.
  </s>
  <s id="746">
-God natt, Mr. Philby.
    <time id="T639E" value="01:25:46,303" />
  </s>
  <s id="747">
    <time id="T640S" value="01:26:00,668" />
Gud være med deg, gutten min.
    <time id="T640E" value="01:26:05,219" />
  </s>
  <s id="748">
    <time id="T641S" value="01:26:05,388" />
Gud være med deg.
    <time id="T641E" value="01:26:07,856" />
  </s>
  <s id="749">
    <time id="T642S" value="01:31:42,388" />
Tekst:
  </s>
  <s id="750">
Harald Ohrvik
    <time id="T642E" value="01:31:43,377" />
  </s>
  <s id="751">
    <time id="T643S" value="01:31:43,548" />
Tekst:
  </s>
  <s id="752">
EuroLab Norge A/S
    <time id="T643E" value="01:31:44,537" />
  </s>
  <s id="753">
    <time id="T644S" value="01:31:44,708" />
Bearbeidelse:
  </s>
  <s id="754">
SDl Media Group
    <time id="T644E" value="01:31:45,697" />
  </s>
  <s id="755">
    <time id="T645S" value="01:31:45,868" />
[NORWEGlAN]
    <time id="T645E" value="01:31:46,857" />
  </s>
  <meta>
    <source>
      <genre>Action,Adventure,Sci-Fi</genre>
      <original>English</original>
      <duration>96</duration>
      <cds>1/1</cds>
      <country>USA</country>
      <HD>0</HD>
      <year>2002</year>
    </source>
    <conversion>
      <unknown_words>0</unknown_words>
      <tokens>5230</tokens>
      <truecased_words>10</truecased_words>
      <encoding>windows-1252</encoding>
      <ignored_blocks>1</ignored_blocks>
      <sentences>755</sentences>
      <corrected_words>0</corrected_words>
    </conversion>
    <subtitle>
      <machine_translated>0</machine_translated>
      <version>0</version>
      <duration>01:31:46,857</duration>
      <language>Norwegian</language>
      <date>2003-04-22</date>
      <rating>0.0</rating>
      <confidence>1.0</confidence>
      <blocks>645</blocks>
    </subtitle>
  </meta>
</document>
