<?xml version="1.0" encoding="utf-8"?>
<document id="25191">
  <s id="1">
    <time id="T1S" value="00:02:18,271" />
Vi vann med sju, men det borde ha varit med tjugo. 
  </s>
  <s id="2">
Var var du?
    <time id="T1E" value="00:02:22,867" />
  </s>
  <s id="3">
    <time id="T2S" value="00:02:23,471" />
Då ses vi om en kvart.
    <time id="T2E" value="00:02:25,780" />
  </s>
  <s id="4">
    <time id="T3S" value="00:02:47,431" />
Professorn gick rakt i min fälla.
    <time id="T3E" value="00:02:49,786" />
  </s>
  <s id="5">
    <time id="T4S" value="00:02:51,471" />
Nästa vecka?
    <time id="T4E" value="00:02:53,302" />
  </s>
  <s id="6">
    <time id="T5S" value="00:03:24,831" />
Redan som barn undersökte jag allt noggrant.
    <time id="T5E" value="00:03:28,949" />
  </s>
  <s id="7">
    <time id="T6S" value="00:03:29,191" />
Världen var full av gåtor och mysterier och jag fick tidigt veta att jag hade förmågan att lösa dem.
    <time id="T7E" value="00:03:36,022" />
  </s>
  <s id="8">
    <time id="T8S" value="00:03:36,271" />
Jag såg att en omsorgsfull under- sökning av hur, vad och varför gav förståelse och möjlig kontroll.
    <time id="T9E" value="00:03:44,465" />
  </s>
  <s id="9">
    <time id="T10S" value="00:03:44,671" />
Men jag aldrig hade föreställt mig att mitt eget liv en dag skulle bli den svåraste gåtan.
    <time id="T11E" value="00:03:52,382" />
  </s>
  <s id="10">
    <time id="T12S" value="00:03:52,551" />
Åtta bokstäver för "slakteri".
    <time id="T12E" value="00:03:55,224" />
  </s>
  <s id="11">
    <time id="T13S" value="00:03:58,751" />
-Slakthus.
  </s>
  <s id="12">
-Du är duktig.
    <time id="T13E" value="00:04:01,345" />
  </s>
  <s id="13">
    <time id="T14S" value="00:04:02,271" />
-Hur stavar du ditt efternamn?
  </s>
  <s id="14">
-N-e-n-o-n-e-n.
    <time id="T14E" value="00:04:06,583" />
  </s>
  <s id="15">
    <time id="T15S" value="00:04:06,791" />
Tony Nenonen. 
  </s>
  <s id="16">
Har vi jobbat ihop i nio månader nu, assistenten?
    <time id="T15E" value="00:04:11,069" />
  </s>
  <s id="17">
    <time id="T16S" value="00:04:11,271" />
-Ett ord för ditt namn på tio bokstäver.
  </s>
  <s id="18">
-För mitt namn?
    <time id="T16E" value="00:04:15,901" />
  </s>
  <s id="19">
    <time id="T17S" value="00:04:16,071" />
-Mitt namn har sju bokstäver.
  </s>
  <s id="20">
-Jo, men ordet är på tio bokstäver.
    <time id="T17E" value="00:04:20,144" />
  </s>
  <s id="21">
    <time id="T18S" value="00:04:21,431" />
Ord på tio bokstäver?
    <time id="T18E" value="00:04:23,661" />
  </s>
  <s id="22">
    <time id="T19S" value="00:04:43,111" />
Vad fan är det här?
    <time id="T19E" value="00:04:45,022" />
  </s>
  <s id="23">
    <time id="T20S" value="00:04:59,551" />
Så ser han ut med ansikte.
    <time id="T20E" value="00:05:02,224" />
  </s>
  <s id="24">
    <time id="T21S" value="00:05:04,511" />
Jay Cho. 
  </s>
  <s id="25">
Vi var skolkamrater.
    <time id="T21E" value="00:05:08,186" />
  </s>
  <s id="26">
    <time id="T22S" value="00:05:17,591" />
Så du kände honom?
    <time id="T22E" value="00:05:20,105" />
  </s>
  <s id="27">
    <time id="T23S" value="00:05:20,271" />
Var han din vän?
    <time id="T23E" value="00:05:22,501" />
  </s>
  <s id="28">
    <time id="T24S" value="00:05:23,231" />
Nej.
    <time id="T24E" value="00:05:24,823" />
  </s>
  <s id="29">
    <time id="T25S" value="00:05:29,231" />
Han var skitskum.
    <time id="T25E" value="00:05:31,586" />
  </s>
  <s id="30">
    <time id="T26S" value="00:05:31,831" />
Han var rätt tystlåten.
  </s>
  <s id="31">
Han verkade inte ha några vänner.
    <time id="T26E" value="00:05:36,222" />
  </s>
  <s id="32">
    <time id="T27S" value="00:05:36,471" />
Ett år provade han för basketlaget.
    <time id="T27E" value="00:05:39,383" />
  </s>
  <s id="33">
    <time id="T28S" value="00:05:39,591" />
Vilken mardröm.
    <time id="T28E" value="00:05:42,105" />
  </s>
  <s id="34">
    <time id="T29S" value="00:05:42,351" />
Vi plågade honom tills han hoppade av.
    <time id="T29E" value="00:05:45,787" />
  </s>
  <s id="35">
    <time id="T30S" value="00:05:45,991" />
-Vad gjorde ni med honom?
  </s>
  <s id="36">
-Vi gav honom ett rent helvete.
    <time id="T30E" value="00:05:50,382" />
  </s>
  <s id="37">
    <time id="T31S" value="00:05:54,431" />
Jag såg en gång en som rivits av en grizzlybjörn.
    <time id="T31E" value="00:05:58,140" />
  </s>
  <s id="38">
    <time id="T32S" value="00:05:58,351" />
Han såg ut ungefär så här.
  </s>
  <s id="39">
Som om nåt slitit sönder honom.
    <time id="T32E" value="00:06:02,424" />
  </s>
  <s id="40">
    <time id="T33S" value="00:06:04,191" />
Brukar du fiska, Tony?
    <time id="T33E" value="00:06:06,421" />
  </s>
  <s id="41">
    <time id="T34S" value="00:06:08,231" />
Ja, ibland tar jag med mig pojkarna upp i bergen.
    <time id="T34E" value="00:06:11,826" />
  </s>
  <s id="42">
    <time id="T35S" value="00:07:15,111" />
Vad har du där?
    <time id="T35E" value="00:07:16,908" />
  </s>
  <s id="43">
    <time id="T36S" value="00:07:19,831" />
Det är ett barns finger.
    <time id="T36E" value="00:07:22,425" />
  </s>
  <s id="44">
    <time id="T37S" value="00:07:43,071" />
Vi har två bra fingeravtryck på asken.
    <time id="T37E" value="00:07:45,426" />
  </s>
  <s id="45">
    <time id="T38S" value="00:07:45,631" />
Offrets och ett jag kollar i morgon.
    <time id="T38E" value="00:07:48,020" />
  </s>
  <s id="46">
    <time id="T39S" value="00:07:48,231" />
-Kan du kolla det i kväll?
  </s>
  <s id="47">
-Nej.
    <time id="T39E" value="00:07:50,222" />
  </s>
  <s id="48">
    <time id="T40S" value="00:07:50,391" />
För tro det eller ej, assistenten...
  </s>
  <s id="49">
Jag har ett liv.
    <time id="T40E" value="00:07:54,509" />
  </s>
  <s id="50">
    <time id="T41S" value="00:09:06,311" />
-Mår du bättre?
  </s>
  <s id="51">
-Lite.
    <time id="T41E" value="00:09:08,984" />
  </s>
  <s id="52">
    <time id="T42S" value="00:09:09,191" />
Jag tog ett bad och en tablett.
    <time id="T42E" value="00:09:12,228" />
  </s>
  <s id="53">
    <time id="T43S" value="00:09:16,391" />
-Sover du hemma i natt?
  </s>
  <s id="54">
-Jag har faktiskt fått en utredning.
    <time id="T43E" value="00:09:20,623" />
  </s>
  <s id="55">
    <time id="T44S" value="00:09:22,671" />
-Hur gick matchen?
  </s>
  <s id="56">
-Vi vann.
    <time id="T44E" value="00:09:25,549" />
  </s>
  <s id="57">
    <time id="T45S" value="00:09:27,111" />
Sov lite. 
  </s>
  <s id="58">
Du mår bättre i morgon.
    <time id="T45E" value="00:09:30,501" />
  </s>
  <s id="59">
    <time id="T46S" value="00:09:37,951" />
Jag tror på lojalitet...trohet.
    <time id="T46E" value="00:09:41,660" />
  </s>
  <s id="60">
    <time id="T47S" value="00:09:41,831" />
Jag förstår vad det betyder.
  </s>
  <s id="61">
Mina föräldrar har varit gifta i 40 år.
    <time id="T47E" value="00:09:45,710" />
  </s>
  <s id="62">
    <time id="T48S" value="00:09:46,751" />
Men jag lever i en annan värld.
    <time id="T48E" value="00:09:49,311" />
  </s>
  <s id="63">
    <time id="T49S" value="00:09:50,391" />
De flesta äktenskap spricker.
  </s>
  <s id="64">
De flesta män bara sticker.
    <time id="T49E" value="00:09:54,623" />
  </s>
  <s id="65">
    <time id="T50S" value="00:09:54,791" />
Jag vet att det hade knäckt henne.
    <time id="T50E" value="00:09:57,430" />
  </s>
  <s id="66">
    <time id="T51S" value="00:09:57,591" />
Men om hon inte vet... 
  </s>
  <s id="67">
Om det här kan få mig att komma hem vem är då att avgöra vad som är rätt eller fel?
    <time id="T52E" value="00:10:04,948" />
  </s>
  <s id="68">
    <time id="T53S" value="00:10:10,911" />
Gud, vad stövlarna är trånga.
    <time id="T53E" value="00:10:13,471" />
  </s>
  <s id="69">
    <time id="T54S" value="00:10:18,791" />
En kriminalare.
    <time id="T54E" value="00:10:20,383" />
  </s>
  <s id="70">
    <time id="T55S" value="00:10:21,751" />
Jag gillar snutar.
    <time id="T55E" value="00:10:24,140" />
  </s>
  <s id="71">
    <time id="T56S" value="00:10:26,991" />
Har du tuggummi?
    <time id="T56E" value="00:10:29,425" />
  </s>
  <s id="72">
    <time id="T57S" value="00:11:24,671" />
Precis det du vill ha så många gånger du vill.
    <time id="T57E" value="00:11:28,550" />
  </s>
  <s id="73">
    <time id="T58S" value="00:14:12,151" />
Jag drömmer inte.
    <time id="T58E" value="00:14:14,142" />
  </s>
  <s id="74">
    <time id="T59S" value="00:14:19,151" />
Hjälp mig!
    <time id="T59E" value="00:14:21,301" />
  </s>
  <s id="75">
    <time id="T60S" value="00:15:50,391" />
Hjälp mig!
    <time id="T60E" value="00:15:52,143" />
  </s>
  <s id="76">
    <time id="T61S" value="00:16:23,911" />
Hjälp mig!
    <time id="T61E" value="00:16:26,345" />
  </s>
  <s id="77">
    <time id="T62S" value="00:16:30,351" />
Hjälp mig.
    <time id="T62E" value="00:16:32,581" />
  </s>
  <s id="78">
    <time id="T63S" value="00:17:11,471" />
God morgon, assistenten!
  </s>
  <s id="79">
Du ser ut att behöva en obduktion.
    <time id="T63E" value="00:17:15,305" />
  </s>
  <s id="80">
    <time id="T64S" value="00:17:15,551" />
Du hade rätt om Jay Cho.
    <time id="T64E" value="00:17:17,428" />
  </s>
  <s id="81">
    <time id="T65S" value="00:17:17,591" />
Hålen och såren var orsakade av krokar med hullingar.
    <time id="T65E" value="00:17:22,711" />
  </s>
  <s id="82">
    <time id="T66S" value="00:17:22,871" />
Men det var inte smyckespiercingar.
  </s>
  <s id="83">
De var större och grövre, som om...
    <time id="T66E" value="00:17:28,707" />
  </s>
  <s id="84">
    <time id="T67S" value="00:17:28,871" />
-Skulle det göra ont?
  </s>
  <s id="85">
-Bingo.
    <time id="T67E" value="00:17:31,704" />
  </s>
  <s id="86">
    <time id="T68S" value="00:17:31,911" />
-Barnfingret i stearinljuset då?
  </s>
  <s id="87">
-Fingeravtrycket var helt avbränt.
    <time id="T68E" value="00:17:35,950" />
  </s>
  <s id="88">
    <time id="T69S" value="00:17:36,191" />
Men att döma av benstommen gissar jag på ett barn på 6-7 år.
    <time id="T69E" value="00:17:39,979" />
  </s>
  <s id="89">
    <time id="T70S" value="00:17:42,111" />
-Pojke eller flicka?
  </s>
  <s id="90">
-Utan DNA-prov ser man inte det.
    <time id="T70E" value="00:17:45,820" />
  </s>
  <s id="91">
    <time id="T71S" value="00:17:47,471" />
Blodflöde och vävnadsskador gör att jag är rätt säker på att barnet levde när fingret skars av.
    <time id="T72E" value="00:17:54,822" />
  </s>
  <s id="92">
    <time id="T73S" value="00:18:03,031" />
Joe?
    <time id="T73E" value="00:18:04,430" />
  </s>
  <s id="93">
    <time id="T74S" value="00:18:04,631" />
Jag pratar med dig. 
  </s>
  <s id="94">
Lyssnar du?
    <time id="T74E" value="00:18:07,225" />
  </s>
  <s id="95">
    <time id="T75S" value="00:18:07,471" />
Vad är svaret?
  </s>
  <s id="96">
Ett ord för mitt namn på tio bokstäver.
    <time id="T75E" value="00:18:11,020" />
  </s>
  <s id="97">
    <time id="T76S" value="00:18:12,831" />
-Du ger upp fortare än vanligt.
  </s>
  <s id="98">
-Säg det nu.
    <time id="T76E" value="00:18:16,346" />
  </s>
  <s id="99">
    <time id="T77S" value="00:18:16,511" />
Ditt namn är ett palindrom.
    <time id="T77E" value="00:18:19,309" />
  </s>
  <s id="100">
    <time id="T78S" value="00:18:19,471" />
Ett palindrom?
  </s>
  <s id="101">
Vad är det? 
  </s>
  <s id="102">
Driver du med mig?
    <time id="T78E" value="00:18:24,226" />
  </s>
  <s id="103">
    <time id="T79S" value="00:18:24,471" />
-Är det kasst?
  </s>
  <s id="104">
-N-e-n-o-n-e-n.
    <time id="T79E" value="00:18:28,259" />
  </s>
  <s id="105">
    <time id="T80S" value="00:18:29,511" />
Stavas likadant fram- och bakifrån.
    <time id="T80E" value="00:18:32,184" />
  </s>
  <s id="106">
    <time id="T81S" value="00:18:32,391" />
Det är precis som "mus rev inuits öra, sa röst i universum".
    <time id="T81E" value="00:18:36,430" />
  </s>
  <s id="107">
    <time id="T82S" value="00:18:37,391" />
Jag fattar.
    <time id="T82E" value="00:18:38,949" />
  </s>
  <s id="108">
    <time id="T83S" value="00:18:39,191" />
Det är som namnet Bob.
  </s>
  <s id="109">
Det är också ett, va?
    <time id="T83E" value="00:18:42,228" />
  </s>
  <s id="110">
    <time id="T84S" value="00:18:44,791" />
Ja. 
  </s>
  <s id="111">
Bravo, Tony.
    <time id="T84E" value="00:18:47,430" />
  </s>
  <s id="112">
    <time id="T85S" value="00:18:50,991" />
Assistent Thorne.
    <time id="T85E" value="00:18:53,141" />
  </s>
  <s id="113">
    <time id="T86S" value="00:18:53,391" />
Det är Daphne.
    <time id="T86E" value="00:18:55,586" />
  </s>
  <s id="114">
    <time id="T87S" value="00:18:56,551" />
-Tjejen du var med inatt.
  </s>
  <s id="115">
-Det här är mitt direktnummer...
    <time id="T87E" value="00:18:59,623" />
  </s>
  <s id="116">
    <time id="T88S" value="00:18:59,871" />
Jag är på motellet! 
  </s>
  <s id="117">
Herregud...
    <time id="T88E" value="00:19:03,989" />
  </s>
  <s id="118">
    <time id="T89S" value="00:19:05,391" />
Snälla, hjälp mig!
    <time id="T89E" value="00:19:07,461" />
  </s>
  <s id="119">
    <time id="T90S" value="00:19:07,671" />
Vänta, lugna ner dig.
    <time id="T90E" value="00:19:10,105" />
  </s>
  <s id="120">
    <time id="T91S" value="00:20:31,311" />
-Det är fan inte sant.
  </s>
  <s id="121">
-Vad har hänt?
    <time id="T91E" value="00:20:34,781" />
  </s>
  <s id="122">
    <time id="T92S" value="00:20:38,391" />
Jag sov här i natt och...
    <time id="T92E" value="00:20:40,905" />
  </s>
  <s id="123">
    <time id="T93S" value="00:20:41,951" />
Har du och Melanie grälat igen?
    <time id="T93E" value="00:20:44,863" />
  </s>
  <s id="124">
    <time id="T94S" value="00:20:45,031" />
Det är mycket värre än så.
    <time id="T94E" value="00:20:47,226" />
  </s>
  <s id="125">
    <time id="T95S" value="00:20:51,551" />
Kolla i badrummet.
    <time id="T95E" value="00:20:53,860" />
  </s>
  <s id="126">
    <time id="T96S" value="00:21:23,911" />
Vad fan?
  </s>
  <s id="127">
! 
  </s>
  <s id="128">
Vad fan menar du med att du sov här i natt?
    <time id="T96E" value="00:21:28,985" />
  </s>
  <s id="129">
    <time id="T97S" value="00:21:30,271" />
Vad fan har du gjort?
    <time id="T97E" value="00:21:32,660" />
  </s>
  <s id="130">
    <time id="T98S" value="00:21:38,751" />
Jag var med henne i natt. 
  </s>
  <s id="131">
Jag...
    <time id="T98E" value="00:21:41,823" />
  </s>
  <s id="132">
    <time id="T99S" value="00:21:43,271" />
Jag tog koks och knullade henne men jag vet inte vem som har gjort det där.
    <time id="T100E" value="00:21:49,306" />
  </s>
  <s id="133">
    <time id="T101S" value="00:21:49,551" />
När jag gick i morse låg hon i sängen och sov som ett barn.
    <time id="T101E" value="00:21:53,464" />
  </s>
  <s id="134">
    <time id="T102S" value="00:21:53,671" />
Tony, du måste hjälpa mig.
  </s>
  <s id="135">
Om jag kopplas ihop med det kommer allt jag har, min familj, tio år som polis, att vara borta.
    <time id="T103E" value="00:22:02,222" />
  </s>
  <s id="136">
    <time id="T104S" value="00:22:02,471" />
Fan! 
  </s>
  <s id="137">
Utsätt mig inte för det.
  </s>
  <s id="138">
Du känner mig.
    <time id="T104E" value="00:22:06,225" />
  </s>
  <s id="139">
    <time id="T105S" value="00:22:06,431" />
Jag är en bra polis som följer reglerna.
    <time id="T105E" value="00:22:09,662" />
  </s>
  <s id="140">
    <time id="T106S" value="00:22:11,511" />
-Jag har själv fru och två barn.
  </s>
  <s id="141">
-Jag vet, Tony.
    <time id="T106E" value="00:22:15,982" />
  </s>
  <s id="142">
    <time id="T107S" value="00:22:16,911" />
Du är en bra polis, men också min partner.
    <time id="T107E" value="00:22:20,301" />
  </s>
  <s id="143">
    <time id="T108S" value="00:22:20,511" />
Se på mig, Tony!
    <time id="T108E" value="00:22:22,149" />
  </s>
  <s id="144">
    <time id="T109S" value="00:22:22,391" />
Se mig i ögonen och säg att jag ljuger.
    <time id="T109E" value="00:22:26,782" />
  </s>
  <s id="145">
    <time id="T110S" value="00:22:37,711" />
Det är allt jag har rört.
    <time id="T110E" value="00:22:40,066" />
  </s>
  <s id="146">
    <time id="T111S" value="00:22:43,111" />
Ring och rapportera det.
    <time id="T111E" value="00:22:45,067" />
  </s>
  <s id="147">
    <time id="T112S" value="00:22:54,711" />
Det är Nenonen. 
  </s>
  <s id="148">
Vi har ett mord.
    <time id="T112E" value="00:22:57,384" />
  </s>
  <s id="149">
    <time id="T113S" value="00:22:57,551" />
Sunrise Motel. 
  </s>
  <s id="150">
Vid 39th och Rose.
    <time id="T113E" value="00:23:01,260" />
  </s>
  <s id="151">
    <time id="T114S" value="00:23:01,471" />
Vit kvinna i 20-årsåldern.
    <time id="T114E" value="00:23:04,269" />
  </s>
  <s id="152">
    <time id="T115S" value="00:23:04,471" />
Nån har hängt upp henne i duschen som ett köttstycke.
    <time id="T115E" value="00:23:08,066" />
  </s>
  <s id="153">
    <time id="T116S" value="00:23:08,271" />
Jag vet inte.
    <time id="T116E" value="00:23:10,341" />
  </s>
  <s id="154">
    <time id="T117S" value="00:23:10,551" />
Du får fråga assistent Thorne.
    <time id="T117E" value="00:23:12,940" />
  </s>
  <s id="155">
    <time id="T118S" value="00:23:14,911" />
Jag tror att det var ett anonymt tips.
    <time id="T118E" value="00:23:17,789" />
  </s>
  <s id="156">
    <time id="T119S" value="00:23:43,631" />
Vi går ut härifrån.
    <time id="T119E" value="00:23:45,986" />
  </s>
  <s id="157">
    <time id="T120S" value="00:23:47,791" />
-Är det där vad jag tror det är?
  </s>
  <s id="158">
-Ja, det är ett till.
    <time id="T120E" value="00:23:51,420" />
  </s>
  <s id="159">
    <time id="T121S" value="00:23:56,071" />
Ingen styvhet. 
  </s>
  <s id="160">
Det här barnet lever.
    <time id="T121E" value="00:24:00,144" />
  </s>
  <s id="161">
    <time id="T122S" value="00:24:03,951" />
Vi måste hitta barnet.
    <time id="T122E" value="00:24:06,306" />
  </s>
  <s id="162">
    <time id="T123S" value="00:24:17,351" />
-Har du hittat fingeravtrycket?
  </s>
  <s id="163">
-Nej, men jag kör det i datorn nu.
    <time id="T123E" value="00:24:23,028" />
  </s>
  <s id="164">
    <time id="T124S" value="00:24:23,271" />
När började du?
    <time id="T124E" value="00:24:25,068" />
  </s>
  <s id="165">
    <time id="T125S" value="00:24:25,871" />
För två timmar sen.
  </s>
  <s id="166">
AFlS läser 50 000 kort i timmen.
    <time id="T125E" value="00:24:29,500" />
  </s>
  <s id="167">
    <time id="T126S" value="00:24:29,751" />
Vi har sju miljoner kort. 
  </s>
  <s id="168">
Räkna själv.
    <time id="T126E" value="00:24:33,107" />
  </s>
  <s id="169">
    <time id="T127S" value="00:24:34,031" />
-Byt parametrar.
  </s>
  <s id="170">
-Till vad? 
  </s>
  <s id="171">
Vi har ingen misstänkt.
    <time id="T127E" value="00:24:37,819" />
  </s>
  <s id="172">
    <time id="T128S" value="00:24:38,071" />
Jag begränsade det till våldsdomar.
  </s>
  <s id="173">
Lägg av nu, ödsla inte min tid.
    <time id="T128E" value="00:24:42,861" />
  </s>
  <s id="174">
    <time id="T129S" value="00:24:48,711" />
Din tid spelar ingen roll nu.
  </s>
  <s id="175">
Förstår du?
    <time id="T129E" value="00:24:51,669" />
  </s>
  <s id="176">
    <time id="T130S" value="00:24:53,351" />
Vad vill du att jag ska göra?
    <time id="T130E" value="00:24:55,421" />
  </s>
  <s id="177">
    <time id="T131S" value="00:24:56,831" />
Ta ut "våldsdom"-parametern och lämna "tidigare straff" öppen.
    <time id="T131E" value="00:25:01,109" />
  </s>
  <s id="178">
    <time id="T132S" value="00:25:01,311" />
Gå in under "kännetecken" och välj "kroppsförändring".
    <time id="T132E" value="00:25:04,747" />
  </s>
  <s id="179">
    <time id="T133S" value="00:25:06,591" />
-Tatueringar?
  </s>
  <s id="180">
-Nej, nåt med krokar.
    <time id="T133E" value="00:25:09,742" />
  </s>
  <s id="181">
    <time id="T134S" value="00:25:09,951" />
Prova "kroppspiercing".
    <time id="T134E" value="00:25:12,067" />
  </s>
  <s id="182">
    <time id="T135S" value="00:25:35,831" />
Sherlock satans Holmes.
    <time id="T135E" value="00:25:37,947" />
  </s>
  <s id="183">
    <time id="T136S" value="00:25:39,311" />
Skriv ut filen.
    <time id="T136E" value="00:25:41,506" />
  </s>
  <s id="184">
    <time id="T137S" value="00:25:57,951" />
Sista dörren till vänster.
    <time id="T137E" value="00:26:00,385" />
  </s>
  <s id="185">
    <time id="T138S" value="00:26:07,231" />
Ännu en nöjd kund.
    <time id="T138E" value="00:26:09,142" />
  </s>
  <s id="186">
    <time id="T139S" value="00:26:09,351" />
Hon suger inte kuk på ett tag.
  </s>
  <s id="187">
Vad vill du?
    <time id="T139E" value="00:26:12,502" />
  </s>
  <s id="188">
    <time id="T140S" value="00:26:12,751" />
-Vi talar om asken.
  </s>
  <s id="189">
-Vilken ask?
    <time id="T140E" value="00:26:15,663" />
  </s>
  <s id="190">
    <time id="T141S" value="00:26:15,871" />
En liten guldask. 1 0 x 1 0 centimeter.
  </s>
  <s id="191">
Jay Cho tipsade mig om dig.
    <time id="T141E" value="00:26:20,786" />
  </s>
  <s id="192">
    <time id="T142S" value="00:26:22,591" />
Jay Cho...
  </s>
  <s id="193">
Du kan hälsa Jay Cho en sak!
    <time id="T142E" value="00:26:27,187" />
  </s>
  <s id="194">
    <time id="T143S" value="00:26:27,431" />
Ingenjören vill ha sina pengar eller sin egendom.
    <time id="T143E" value="00:26:30,741" />
  </s>
  <s id="195">
    <time id="T144S" value="00:26:30,991" />
Nästa gång sliter jag skallen av Jay Cho.
    <time id="T144E" value="00:26:33,266" />
  </s>
  <s id="196">
    <time id="T145S" value="00:26:33,511" />
Han blir gladare om jag gör det än om lngenjören får tag på honom.
    <time id="T145E" value="00:26:37,584" />
  </s>
  <s id="197">
    <time id="T146S" value="00:26:37,751" />
-Ta det lugnt, jag är inte Jay.
  </s>
  <s id="198">
-Vem fan är du då?
  </s>
  <s id="199">
!
    <time id="T146E" value="00:26:41,744" />
  </s>
  <s id="200">
    <time id="T147S" value="00:26:43,111" />
Jag är den snubben.
    <time id="T147E" value="00:26:45,306" />
  </s>
  <s id="201">
    <time id="T148S" value="00:26:50,031" />
Berätta nu om lngenjören, Leon.
    <time id="T148E" value="00:26:52,943" />
  </s>
  <s id="202">
    <time id="T149S" value="00:26:54,951" />
-Leon?
  </s>
  <s id="203">
-Sällan.
    <time id="T149E" value="00:26:57,385" />
  </s>
  <s id="204">
    <time id="T150S" value="00:26:58,511" />
Du har skyddstillsyn. 
  </s>
  <s id="205">
Jay Cho är död.
    <time id="T150E" value="00:27:02,345" />
  </s>
  <s id="206">
    <time id="T151S" value="00:27:02,511" />
Hans kropp slets i bitar av krokar som hade dödat en stor vit haj.
    <time id="T151E" value="00:27:07,027" />
  </s>
  <s id="207">
    <time id="T152S" value="00:27:07,191" />
Vi hittade dina fingeravtryck på asken.
    <time id="T152E" value="00:27:11,025" />
  </s>
  <s id="208">
    <time id="T153S" value="00:27:11,231" />
Han ville ha den!
  </s>
  <s id="209">
Jay Cho ville ha den jävla asken.
    <time id="T153E" value="00:27:14,860" />
  </s>
  <s id="210">
    <time id="T154S" value="00:27:15,071" />
Han hade inte råd med den, så aset stal den från mig.
    <time id="T154E" value="00:27:18,222" />
  </s>
  <s id="211">
    <time id="T155S" value="00:27:18,391" />
-lnte råd? 
  </s>
  <s id="212">
Jay Cho hade pengar.
  </s>
  <s id="213">
-lnte tillräckligt.
    <time id="T155E" value="00:27:22,179" />
  </s>
  <s id="214">
    <time id="T156S" value="00:27:22,391" />
Varför är asken så dyr?
    <time id="T156E" value="00:27:24,268" />
  </s>
  <s id="215">
    <time id="T157S" value="00:27:24,511" />
-Varför ville han så gärna ha den?
  </s>
  <s id="216">
-Som mellanhand förmedlar jag bud.
    <time id="T157E" value="00:27:28,584" />
  </s>
  <s id="217">
    <time id="T158S" value="00:27:28,831" />
Förvarar du den åt lngenjören?
  </s>
  <s id="218">
Asken är hans, va?
    <time id="T158E" value="00:27:32,221" />
  </s>
  <s id="219">
    <time id="T159S" value="00:27:33,831" />
Grip mig, kör mig till stationen, klå upp mig.
    <time id="T159E" value="00:27:37,585" />
  </s>
  <s id="220">
    <time id="T160S" value="00:27:37,791" />
Gör vad fan du vill, men jag säger inget om lngenjören.
    <time id="T160E" value="00:27:41,579" />
  </s>
  <s id="221">
    <time id="T161S" value="00:27:43,591" />
Det är okej, Leon. 
  </s>
  <s id="222">
Jag hittar honom vare sig du säger nåt eller ej.
    <time id="T161E" value="00:27:47,664" />
  </s>
  <s id="223">
    <time id="T162S" value="00:27:49,791" />
Om du jagar lngenjören så jagar lngenjören dig.
    <time id="T163E" value="00:27:54,750" />
  </s>
  <s id="224">
    <time id="T164S" value="00:27:58,511" />
Har du blivit av med hans ask så kanske du ligger risigt till.
    <time id="T164E" value="00:28:01,981" />
  </s>
  <s id="225">
    <time id="T165S" value="00:28:03,151" />
-Du glömmer mig inte, va?
  </s>
  <s id="226">
-Jag skickar julgodis till dig.
    <time id="T165E" value="00:28:07,224" />
  </s>
  <s id="227">
    <time id="T166S" value="00:28:23,271" />
Vad är det?
  </s>
  <s id="228">
!
    <time id="T166E" value="00:28:25,227" />
  </s>
  <s id="229">
    <time id="T167S" value="00:28:26,071" />
Ska du muddra eller knulla mig?
    <time id="T167E" value="00:28:29,188" />
  </s>
  <s id="230">
    <time id="T168S" value="00:28:40,151" />
Kallt och sött är det enda bra mot svett och värme en varm sommardag
    <time id="T169E" value="00:28:46,785" />
  </s>
  <s id="231">
    <time id="T170S" value="00:28:48,551" />
-Ta det kallt nu.
  </s>
  <s id="232">
-Där är du ju.
    <time id="T170E" value="00:28:51,702" />
  </s>
  <s id="233">
    <time id="T171S" value="00:28:53,031" />
-Hur är det?
  </s>
  <s id="234">
-Vad gav du dem, Bernie?
    <time id="T171E" value="00:28:56,387" />
  </s>
  <s id="235">
    <time id="T172S" value="00:28:56,591" />
Lägg av, jag har faktiskt skrupler.
  </s>
  <s id="236">
Ungarna får bara köpa glass.
    <time id="T172E" value="00:29:01,107" />
  </s>
  <s id="237">
    <time id="T173S" value="00:29:02,431" />
Håll den öppen, Bernie.
  </s>
  <s id="238">
Jag vill ha min...födelsedagspresent.
    <time id="T173E" value="00:29:06,265" />
  </s>
  <s id="239">
    <time id="T174S" value="00:29:08,191" />
-Du fyller år jävligt ofta.
  </s>
  <s id="240">
-Just det.
    <time id="T174E" value="00:29:12,946" />
  </s>
  <s id="241">
    <time id="T175S" value="00:29:15,231" />
Känner du till horan Daphne?
    <time id="T175E" value="00:29:18,746" />
  </s>
  <s id="242">
    <time id="T176S" value="00:29:18,951" />
-Hur ser hon ut?
  </s>
  <s id="243">
-Mörkhårig, läcker liten kropp.
    <time id="T176E" value="00:29:23,183" />
  </s>
  <s id="244">
    <time id="T177S" value="00:29:23,391" />
Raggar torskar söder om boulevarden.
    <time id="T177E" value="00:29:25,666" />
  </s>
  <s id="245">
    <time id="T178S" value="00:29:25,911" />
Hur gammal?
    <time id="T178E" value="00:29:28,106" />
  </s>
  <s id="246">
    <time id="T179S" value="00:29:28,351" />
Över 1 8 och lite för gammal för dig.
    <time id="T179E" value="00:29:31,149" />
  </s>
  <s id="247">
    <time id="T180S" value="00:29:31,351" />
"Daphne, Corey, Shawna, är ni sugna?" Jag är flörtig.
    <time id="T180E" value="00:29:36,300" />
  </s>
  <s id="248">
    <time id="T181S" value="00:29:37,391" />
Jag tror jag vet vem du menar.
    <time id="T181E" value="00:29:39,859" />
  </s>
  <s id="249">
    <time id="T182S" value="00:29:40,111" />
Hon är ny.
  </s>
  <s id="250">
Jag har inte provat henne.
    <time id="T182E" value="00:29:42,989" />
  </s>
  <s id="251">
    <time id="T183S" value="00:29:43,191" />
-Vem jobbar hon åt?
  </s>
  <s id="252">
-Jag har slutat med sånt.
    <time id="T183E" value="00:29:46,820" />
  </s>
  <s id="253">
    <time id="T184S" value="00:29:47,751" />
Okej, jag vet kanske att hon jobbar åt en kille...
    <time id="T184E" value="00:29:52,620" />
  </s>
  <s id="254">
    <time id="T185S" value="00:29:52,831" />
Terry nåt.
  </s>
  <s id="255">
Har kontakter, mycket på g...
    <time id="T185E" value="00:29:56,028" />
  </s>
  <s id="256">
    <time id="T186S" value="00:29:56,231" />
-Vad då för kontakter?
  </s>
  <s id="257">
-Bara kontakter.
    <time id="T186E" value="00:29:59,780" />
  </s>
  <s id="258">
    <time id="T187S" value="00:30:01,631" />
Jobbar han åt lngenjören?
    <time id="T187E" value="00:30:03,861" />
  </s>
  <s id="259">
    <time id="T188S" value="00:30:05,591" />
Jag känner ingen ingenjör.
    <time id="T188E" value="00:30:07,388" />
  </s>
  <s id="260">
    <time id="T189S" value="00:30:10,031" />
-Bernie...
  </s>
  <s id="261">
-Jag känner ingen ingenjör.
    <time id="T189E" value="00:30:12,909" />
  </s>
  <s id="262">
    <time id="T190S" value="00:30:15,871" />
Vad fan!
    <time id="T190E" value="00:30:17,748" />
  </s>
  <s id="263">
    <time id="T191S" value="00:30:20,511" />
Varför behandlar du mig så här?
  </s>
  <s id="264">
Är jag din strykpojke?
    <time id="T191E" value="00:30:24,663" />
  </s>
  <s id="265">
    <time id="T192S" value="00:30:27,111" />
Ska jag plocka in dig, Bernie?
    <time id="T192E" value="00:30:29,147" />
  </s>
  <s id="266">
    <time id="T193S" value="00:30:29,351" />
Beslagta bilen och kolla vad du pysslar med?
    <time id="T193E" value="00:30:33,185" />
  </s>
  <s id="267">
    <time id="T194S" value="00:30:40,111" />
Ingenjören, Bernie. 
  </s>
  <s id="268">
Vem är han?
    <time id="T194E" value="00:30:42,705" />
  </s>
  <s id="269">
    <time id="T195S" value="00:30:43,671" />
Jag har aldrig träffat honom, bara hört historier.
    <time id="T195E" value="00:30:47,425" />
  </s>
  <s id="270">
    <time id="T196S" value="00:30:48,311" />
Terry var hallick åt lngenjören.
  </s>
  <s id="271">
För några år sen.
    <time id="T196E" value="00:30:53,988" />
  </s>
  <s id="272">
    <time id="T197S" value="00:30:54,191" />
Ingenjören gav Terry en ny tjej.
    <time id="T197E" value="00:30:57,069" />
  </s>
  <s id="273">
    <time id="T198S" value="00:30:57,311" />
Och Terry, den stackars saten...
    <time id="T198E" value="00:30:59,779" />
  </s>
  <s id="274">
    <time id="T199S" value="00:30:59,991" />
Han drar upp byxorna en dag och upptäcker att han är kär.
    <time id="T199E" value="00:31:03,461" />
  </s>
  <s id="275">
    <time id="T200S" value="00:31:03,711" />
De vill gifta sig.
    <time id="T200E" value="00:31:05,508" />
  </s>
  <s id="276">
    <time id="T201S" value="00:31:05,711" />
Men lngenjören sa nej.
    <time id="T201E" value="00:31:08,066" />
  </s>
  <s id="277">
    <time id="T202S" value="00:31:10,231" />
Så Terry bara tog henne och stack.
  </s>
  <s id="278">
De gömde sig i en stuga i bergen.
    <time id="T202E" value="00:31:16,227" />
  </s>
  <s id="279">
    <time id="T203S" value="00:31:16,391" />
De skulle börja ett nytt jävla liv ihop.
    <time id="T203E" value="00:31:19,269" />
  </s>
  <s id="280">
    <time id="T204S" value="00:31:20,471" />
Så en dag kom Terry hem och hon var försvunnen.
    <time id="T205E" value="00:31:27,630" />
  </s>
  <s id="281">
    <time id="T206S" value="00:31:29,351" />
Terry blev galen.
    <time id="T206E" value="00:31:30,989" />
  </s>
  <s id="282">
    <time id="T207S" value="00:31:31,151" />
Han sa: "Jag ska hitta lngenjören och ta tillbaka det som är mitt."
    <time id="T207E" value="00:31:36,225" />
  </s>
  <s id="283">
    <time id="T208S" value="00:31:40,871" />
-Vad sa du?
  </s>
  <s id="284">
-lngenting.
    <time id="T208E" value="00:31:44,705" />
  </s>
  <s id="285">
    <time id="T209S" value="00:31:44,951" />
Det är bara...
    <time id="T209E" value="00:31:46,509" />
  </s>
  <s id="286">
    <time id="T210S" value="00:31:46,751" />
När folk...jagar lngenjören så säger de att ingenjören jagar en.
    <time id="T211E" value="00:31:55,709" />
  </s>
  <s id="287">
    <time id="T212S" value="00:32:00,391" />
Vad hände då?
    <time id="T212E" value="00:32:02,302" />
  </s>
  <s id="288">
    <time id="T213S" value="00:32:03,431" />
Terry fortsatte leta, men hittade aldrig lngenjören.
    <time id="T213E" value="00:32:08,869" />
  </s>
  <s id="289">
    <time id="T214S" value="00:32:09,951" />
Men Terry började få presenter som om lngenjören ville säga nåt.
    <time id="T215E" value="00:32:17,428" />
  </s>
  <s id="290">
    <time id="T216S" value="00:32:17,591" />
Det stod en låda utanför dörren.
  </s>
  <s id="291">
Eller så fick han nåt med posten.
    <time id="T216E" value="00:32:21,869" />
  </s>
  <s id="292">
    <time id="T217S" value="00:32:22,111" />
En medaljong som hon burit eller en lock av hennes hår.
    <time id="T217E" value="00:32:26,548" />
  </s>
  <s id="293">
    <time id="T218S" value="00:32:26,791" />
När vigselringen kom antog Terry att hon var död, men fortsatte leta.
    <time id="T218E" value="00:32:32,866" />
  </s>
  <s id="294">
    <time id="T219S" value="00:32:33,071" />
Och som när hon försvann kom Terry hem en morgon och hon var tillbaka.
    <time id="T220E" value="00:32:38,587" />
  </s>
  <s id="295">
    <time id="T221S" value="00:32:38,791" />
Hon låg i hans säng och sov som ett barn.
    <time id="T221E" value="00:32:42,261" />
  </s>
  <s id="296">
    <time id="T222S" value="00:32:44,351" />
Han tassade fram till sängen för att glida ner intill henne.
    <time id="T222E" value="00:32:49,869" />
  </s>
  <s id="297">
    <time id="T223S" value="00:32:51,591" />
Han drog av täcket.
  </s>
  <s id="298">
Men hon var inte där.
    <time id="T223E" value="00:32:56,346" />
  </s>
  <s id="299">
    <time id="T224S" value="00:32:57,951" />
Vad då, var inte där?
    <time id="T224E" value="00:33:00,146" />
  </s>
  <s id="300">
    <time id="T225S" value="00:33:01,391" />
Bara ett brev där kroppen skulle ha legat.
    <time id="T225E" value="00:33:05,145" />
  </s>
  <s id="301">
    <time id="T226S" value="00:33:06,231" />
Det stod:
    <time id="T226E" value="00:33:08,187" />
  </s>
  <s id="302">
    <time id="T227S" value="00:33:09,311" />
"Du vinner, Terry."
    <time id="T227E" value="00:33:11,142" />
  </s>
  <s id="303">
    <time id="T228S" value="00:33:11,351" />
"Jag behöll det jag behövde.
  </s>
  <s id="304">
Resten är ditt."
    <time id="T228E" value="00:33:15,026" />
  </s>
  <s id="305">
    <time id="T229S" value="00:33:19,311" />
-Tror du på den historien?
  </s>
  <s id="306">
-Terry hade inte hittat på sån skit.
    <time id="T229E" value="00:33:23,827" />
  </s>
  <s id="307">
    <time id="T230S" value="00:33:25,191" />
-Talar du med Terry?
  </s>
  <s id="308">
-Jag vet inte var han är!
    <time id="T230E" value="00:33:28,183" />
  </s>
  <s id="309">
    <time id="T231S" value="00:33:31,351" />
Tala med honom. l kväll vill jag veta var jag hittar lngenjören.
    <time id="T231E" value="00:33:35,663" />
  </s>
  <s id="310">
    <time id="T232S" value="00:33:43,191" />
Fick du nåt från glassgubben?
    <time id="T232E" value="00:33:45,910" />
  </s>
  <s id="311">
    <time id="T233S" value="00:33:46,111" />
Nån information?
    <time id="T233E" value="00:33:47,829" />
  </s>
  <s id="312">
    <time id="T234S" value="00:33:48,031" />
Vad är det som stör dig, Tony?
    <time id="T234E" value="00:33:50,704" />
  </s>
  <s id="313">
    <time id="T235S" value="00:33:52,471" />
Jag tycker bara att det finns gränser som man inte går över.
    <time id="T235E" value="00:33:58,068" />
  </s>
  <s id="314">
    <time id="T236S" value="00:33:58,271" />
Punkt slut.
    <time id="T236E" value="00:34:00,102" />
  </s>
  <s id="315">
    <time id="T237S" value="00:34:00,351" />
Annars går man över en efter en tills man är helt förlorad.
    <time id="T237E" value="00:34:06,142" />
  </s>
  <s id="316">
    <time id="T238S" value="00:34:06,351" />
Vi är partners.
  </s>
  <s id="317">
Det betyder nåt för mig.
    <time id="T238E" value="00:34:10,060" />
  </s>
  <s id="318">
    <time id="T239S" value="00:34:10,271" />
Men jag klarar inte det här, Joe.
    <time id="T239E" value="00:34:13,343" />
  </s>
  <s id="319">
    <time id="T240S" value="00:34:14,231" />
Jag berättar för chefen om Daphne.
    <time id="T240E" value="00:34:16,426" />
  </s>
  <s id="320">
    <time id="T241S" value="00:34:16,591" />
Om att vi torkade av dina avtryck.
  </s>
  <s id="321">
Jag säger till honom vad vi gjorde.
    <time id="T241E" value="00:34:21,346" />
  </s>
  <s id="322">
    <time id="T242S" value="00:34:22,911" />
Jag tror på att du inte mördade tjejen.
    <time id="T242E" value="00:34:25,789" />
  </s>
  <s id="323">
    <time id="T243S" value="00:34:25,991" />
Säg det med mig.
  </s>
  <s id="324">
Det är det enda rätta.
    <time id="T243E" value="00:34:29,870" />
  </s>
  <s id="325">
    <time id="T244S" value="00:34:31,351" />
Du har rätt om en sak, Tony.
  </s>
  <s id="326">
Jag mördade inte tjejen.
    <time id="T244E" value="00:34:35,742" />
  </s>
  <s id="327">
    <time id="T245S" value="00:34:37,231" />
Jag låter ingenting hindra mig från att ta reda på vem som gjorde det.
    <time id="T245E" value="00:34:41,827" />
  </s>
  <s id="328">
    <time id="T246S" value="00:34:44,911" />
Var är din penna?
    <time id="T246E" value="00:34:46,947" />
  </s>
  <s id="329">
    <time id="T247S" value="00:34:48,951" />
Din penna.
    <time id="T247E" value="00:34:50,669" />
  </s>
  <s id="330">
    <time id="T248S" value="00:34:50,911" />
Den med dina initialer.
  </s>
  <s id="331">
Som din fru gav dig.
    <time id="T248E" value="00:34:53,903" />
  </s>
  <s id="332">
    <time id="T249S" value="00:34:55,471" />
lnte vet jag.
    <time id="T249E" value="00:34:57,587" />
  </s>
  <s id="333">
    <time id="T250S" value="00:34:59,151" />
Den är nog på labbet. 
  </s>
  <s id="334">
Teknikerna tog den, du glömde den på mordplatsen.
    <time id="T250E" value="00:35:04,862" />
  </s>
  <s id="335">
    <time id="T251S" value="00:35:05,431" />
Och ditt sista cigarettpaket...
    <time id="T251E" value="00:35:08,503" />
  </s>
  <s id="336">
    <time id="T252S" value="00:35:08,751" />
Som var fullt av dina fingeravtryck.
  </s>
  <s id="337">
Du glömde ciggen där också, Tony.
    <time id="T252E" value="00:35:13,745" />
  </s>
  <s id="338">
    <time id="T253S" value="00:35:13,991" />
Tog du mina cigaretter?
    <time id="T253E" value="00:35:16,141" />
  </s>
  <s id="339">
    <time id="T254S" value="00:35:16,351" />
-Nej. 
  </s>
  <s id="340">
Du vände dig till mig.
  </s>
  <s id="341">
-Vad gjorde jag?
    <time id="T254E" value="00:35:20,310" />
  </s>
  <s id="342">
    <time id="T255S" value="00:35:20,551" />
Du knullade en hora och, fy fan, hittade henne död på morgonen.
    <time id="T255E" value="00:35:25,306" />
  </s>
  <s id="343">
    <time id="T256S" value="00:35:25,471" />
Du bad mig hjälpa dig sopa igen spår efter dig.
    <time id="T256E" value="00:35:28,941" />
  </s>
  <s id="344">
    <time id="T257S" value="00:35:29,151" />
Det skulle jag aldrig ha gjort.
    <time id="T257E" value="00:35:31,619" />
  </s>
  <s id="345">
    <time id="T258S" value="00:35:31,871" />
Alla vet att jag är en lojal partner.
    <time id="T258E" value="00:35:34,829" />
  </s>
  <s id="346">
    <time id="T259S" value="00:35:34,991" />
Du har jobbat här i två år.
  </s>
  <s id="347">
Tror du att de tror mig eller dig?
    <time id="T259E" value="00:35:39,940" />
  </s>
  <s id="348">
    <time id="T260S" value="00:35:40,151" />
Särskilt med tanke på all bevisning.
    <time id="T260E" value="00:35:43,143" />
  </s>
  <s id="349">
    <time id="T261S" value="00:35:43,391" />
Ditt jävla as. 
  </s>
  <s id="350">
Du planerade det och satte dig mig för det.
    <time id="T261E" value="00:35:48,829" />
  </s>
  <s id="351">
    <time id="T262S" value="00:35:49,031" />
Ingen sätts dit för det.
  </s>
  <s id="352">
Det är det snygga med det.
    <time id="T262E" value="00:35:53,821" />
  </s>
  <s id="353">
    <time id="T263S" value="00:35:54,071" />
När teknikerna är klara säger jag till chefen att du chockades av det vi såg.
    <time id="T263E" value="00:35:59,589" />
  </s>
  <s id="354">
    <time id="T264S" value="00:35:59,751" />
Jag såg dig röka och ta på saker innan du satte på handskarna.
    <time id="T264E" value="00:36:03,664" />
  </s>
  <s id="355">
    <time id="T265S" value="00:36:03,831" />
Det var ett enkelt misstag.
  </s>
  <s id="356">
Det värsta du får är en utskällning.
    <time id="T265E" value="00:36:08,188" />
  </s>
  <s id="357">
    <time id="T266S" value="00:36:08,431" />
Jag vill inte ställa dig i dålig dager.
  </s>
  <s id="358">
Jag tar hand om dig.
    <time id="T266E" value="00:36:13,027" />
  </s>
  <s id="359">
    <time id="T267S" value="00:36:14,391" />
Jag var tvungen att skydda mig.
    <time id="T267E" value="00:36:17,303" />
  </s>
  <s id="360">
    <time id="T268S" value="00:36:18,871" />
Jag litade på dig.
    <time id="T268E" value="00:36:21,260" />
  </s>
  <s id="361">
    <time id="T269S" value="00:36:36,831" />
Assistent Thorne? 
  </s>
  <s id="362">
Det här är till dig.
    <time id="T269E" value="00:36:39,823" />
  </s>
  <s id="363">
    <time id="T270S" value="00:37:09,471" />
Sluta. 
  </s>
  <s id="364">
Snälla, sluta!
    <time id="T270E" value="00:37:12,224" />
  </s>
  <s id="365">
    <time id="T271S" value="00:37:16,391" />
Nej...
    <time id="T271E" value="00:37:17,983" />
  </s>
  <s id="366">
    <time id="T272S" value="00:38:27,111" />
Jag förstår inte vad som har hänt.
  </s>
  <s id="367">
Kan du kolla om det har suddats?
    <time id="T272E" value="00:38:31,787" />
  </s>
  <s id="368">
    <time id="T273S" value="00:38:31,991" />
Jag ser om det har suddats men inte vad som fanns på det förut.
    <time id="T273E" value="00:38:36,507" />
  </s>
  <s id="369">
    <time id="T274S" value="00:38:36,711" />
-Om det nu var nåt.
  </s>
  <s id="370">
-Jag vet vad jag såg.
    <time id="T274E" value="00:38:40,340" />
  </s>
  <s id="371">
    <time id="T275S" value="00:38:41,071" />
Joseph, vi har kollat hela bandet två gånger. 
  </s>
  <s id="372">
Det finns ingenting.
    <time id="T275E" value="00:38:45,587" />
  </s>
  <s id="373">
    <time id="T276S" value="00:38:45,751" />
Jag vet fan vad jag såg!
    <time id="T276E" value="00:38:48,584" />
  </s>
  <s id="374">
    <time id="T277S" value="00:38:48,751" />
Herrarna kan återgå till arbetet.
    <time id="T277E" value="00:38:51,902" />
  </s>
  <s id="375">
    <time id="T278S" value="00:38:52,151" />
Joseph, stanna här en stund.
    <time id="T278E" value="00:38:54,790" />
  </s>
  <s id="376">
    <time id="T279S" value="00:38:57,111" />
Ditt mentala tillstånd oroar mig.
    <time id="T279E" value="00:38:58,942" />
  </s>
  <s id="377">
    <time id="T280S" value="00:38:59,151" />
-Bernie är din tjallare, va?
  </s>
  <s id="378">
-Han var min tjallare.
    <time id="T280E" value="00:39:02,587" />
  </s>
  <s id="379">
    <time id="T281S" value="00:39:02,791" />
-Du kände det första offret Jay Cho.
  </s>
  <s id="380">
-Knappt. 
  </s>
  <s id="381">
Det var år och dar sen.
    <time id="T281E" value="00:39:08,707" />
  </s>
  <s id="382">
    <time id="T282S" value="00:39:08,911" />
Nåt säger mig att nåt är galet.
    <time id="T282E" value="00:39:12,540" />
  </s>
  <s id="383">
    <time id="T283S" value="00:39:12,751" />
Jag kan suspendera dig.
  </s>
  <s id="384">
Fast det gör jag inte.
    <time id="T283E" value="00:39:16,790" />
  </s>
  <s id="385">
    <time id="T284S" value="00:39:16,951" />
Men du får tala med vår psykolog.
    <time id="T284E" value="00:39:20,739" />
  </s>
  <s id="386">
    <time id="T285S" value="00:39:20,951" />
Jag hinner inte. 
  </s>
  <s id="387">
Ett barn kan dö.
    <time id="T285E" value="00:39:23,749" />
  </s>
  <s id="388">
    <time id="T286S" value="00:39:23,951" />
Desto viktigare är det. 
  </s>
  <s id="389">
Du måste.
    <time id="T286E" value="00:39:26,909" />
  </s>
  <s id="390">
    <time id="T287S" value="00:39:27,071" />
Avtala en tid innan du jobbar mer på utredningen.
    <time id="T287E" value="00:39:30,507" />
  </s>
  <s id="391">
    <time id="T288S" value="00:39:36,831" />
-Trodde du jag skulle ha handfängsel?
  </s>
  <s id="392">
-Nej. 
  </s>
  <s id="393">
Hur så? 
  </s>
  <s id="394">
Har du gjort nåt dumt?
    <time id="T288E" value="00:39:42,144" />
  </s>
  <s id="395">
    <time id="T289S" value="00:39:51,911" />
Leon Gaultier.
  </s>
  <s id="396">
Hans fingeravtryck fanns på asken.
    <time id="T289E" value="00:39:55,301" />
  </s>
  <s id="397">
    <time id="T290S" value="00:39:56,391" />
-Asken?
  </s>
  <s id="398">
-Från där Jay Cho mördades.
    <time id="T290E" value="00:39:59,906" />
  </s>
  <s id="399">
    <time id="T291S" value="00:40:00,951" />
Den stod under ljuset.
  </s>
  <s id="400">
Jay stal den från Leon.
    <time id="T291E" value="00:40:03,988" />
  </s>
  <s id="401">
    <time id="T292S" value="00:40:04,151" />
Tack för upplysningen, "partner".
    <time id="T292E" value="00:40:06,904" />
  </s>
  <s id="402">
    <time id="T293S" value="00:40:07,071" />
Jag såg vapnet som dödade Bernie.
  </s>
  <s id="403">
Det hängde på väggen i Leons butik.
    <time id="T293E" value="00:40:13,306" />
  </s>
  <s id="404">
    <time id="T294S" value="00:40:14,231" />
Piskan på videobandet?
    <time id="T294E" value="00:40:16,187" />
  </s>
  <s id="405">
    <time id="T295S" value="00:40:18,991" />
Hitta Leon och plocka in honom.
  </s>
  <s id="406">
Och håll utkik efter Bernies bil.
    <time id="T295E" value="00:40:24,270" />
  </s>
  <s id="407">
    <time id="T296S" value="00:40:24,511" />
Vad ska du göra?
    <time id="T296E" value="00:40:26,422" />
  </s>
  <s id="408">
    <time id="T297S" value="00:40:27,631" />
Ligga och prata om min barndom.
    <time id="T297E" value="00:40:30,429" />
  </s>
  <s id="409">
    <time id="T298S" value="00:40:32,671" />
Har du varit med om att döda nån?
    <time id="T298E" value="00:40:36,027" />
  </s>
  <s id="410">
    <time id="T299S" value="00:40:37,591" />
lnte på sistone.
    <time id="T299E" value="00:40:39,582" />
  </s>
  <s id="411">
    <time id="T300S" value="00:40:40,271" />
Drogproblem? 
  </s>
  <s id="412">
Problem hemma?
    <time id="T300E" value="00:40:43,069" />
  </s>
  <s id="413">
    <time id="T301S" value="00:40:43,311" />
Sa inte chefen varför jag är här?
    <time id="T301E" value="00:40:46,542" />
  </s>
  <s id="414">
    <time id="T302S" value="00:40:46,751" />
Nej. 
  </s>
  <s id="415">
Varför är du här?
    <time id="T302E" value="00:40:48,343" />
  </s>
  <s id="416">
    <time id="T303S" value="00:40:50,311" />
lnte för att jag vill.
    <time id="T303E" value="00:40:52,666" />
  </s>
  <s id="417">
    <time id="T304S" value="00:40:52,871" />
Sätt dig.
    <time id="T304E" value="00:40:54,623" />
  </s>
  <s id="418">
    <time id="T305S" value="00:40:57,431" />
Pratstunderna är informella.
  </s>
  <s id="419">
Vi kan tala om precis vad du vill.
    <time id="T305E" value="00:41:02,346" />
  </s>
  <s id="420">
    <time id="T306S" value="00:41:02,511" />
-Vilket fint foto.
  </s>
  <s id="421">
-Min dotter Melissa. 
  </s>
  <s id="422">
Hon är sex.
    <time id="T306E" value="00:41:06,504" />
  </s>
  <s id="423">
    <time id="T307S" value="00:41:06,711" />
Jag har också en dotter.
  </s>
  <s id="424">
Hon fyller nio om en månad.
    <time id="T307E" value="00:41:09,987" />
  </s>
  <s id="425">
    <time id="T308S" value="00:41:11,071" />
-Då är du inte präst.
  </s>
  <s id="426">
-Episkopalkyrkan.
    <time id="T308E" value="00:41:13,790" />
  </s>
  <s id="427">
    <time id="T309S" value="00:41:15,511" />
Vi får ha lite roligt.
  </s>
  <s id="428">
Hon är det bästa jag har.
    <time id="T309E" value="00:41:20,266" />
  </s>
  <s id="429">
    <time id="T310S" value="00:41:22,271" />
Jag avundas barn.
  </s>
  <s id="430">
Jag avundas dem deras oskuld.
    <time id="T310E" value="00:41:25,900" />
  </s>
  <s id="431">
    <time id="T311S" value="00:41:27,111" />
-Jag också.
  </s>
  <s id="432">
-De är kinesiska, va?
    <time id="T311E" value="00:41:30,183" />
  </s>
  <s id="433">
    <time id="T312S" value="00:41:30,391" />
Mot stress?
    <time id="T312E" value="00:41:32,746" />
  </s>
  <s id="434">
    <time id="T313S" value="00:41:34,111" />
Det håller igång mig.
    <time id="T313E" value="00:41:37,421" />
  </s>
  <s id="435">
    <time id="T314S" value="00:41:40,831" />
Handtrolleri. 
  </s>
  <s id="436">
Jag slår vad om att din dotter älskar det.
    <time id="T314E" value="00:41:44,983" />
  </s>
  <s id="437">
    <time id="T315S" value="00:41:48,031" />
Jag underhåller mig själv med det.
    <time id="T315E" value="00:41:51,228" />
  </s>
  <s id="438">
    <time id="T316S" value="00:41:54,711" />
Kan vi ta det här en annan dag?
  </s>
  <s id="439">
För jag har inte sovit så mycket...
    <time id="T316E" value="00:41:59,307" />
  </s>
  <s id="440">
    <time id="T317S" value="00:41:59,511" />
Vad sägs om i morgon vid tio?
    <time id="T317E" value="00:42:02,264" />
  </s>
  <s id="441">
    <time id="T318S" value="00:42:02,471" />
Okej, visst.
    <time id="T318E" value="00:42:04,541" />
  </s>
  <s id="442">
    <time id="T319S" value="00:42:08,391" />
Var rädd om dig.
    <time id="T319E" value="00:42:10,507" />
  </s>
  <s id="443">
    <time id="T320S" value="00:42:15,871" />
Dr Gregory avundas barns oskuld men när man ser tusentals försvunna barns ansikten är avund det sista man känner.
    <time id="T322E" value="00:42:24,985" />
  </s>
  <s id="444">
    <time id="T323S" value="00:42:25,191" />
Jag kände bara raseri.
    <time id="T323E" value="00:42:27,386" />
  </s>
  <s id="445">
    <time id="T324S" value="00:42:29,551" />
Barn är det enda okränkbara i världen och de flesta var försvunna för alltid.
    <time id="T325E" value="00:42:36,187" />
  </s>
  <s id="446">
    <time id="T326S" value="00:42:36,391" />
Men barnet som jag letade efter levde fortfarande.
    <time id="T326E" value="00:42:40,828" />
  </s>
  <s id="447">
    <time id="T327S" value="00:42:41,071" />
Och om jag kunde rädda barnet vore det mitt livs största bedrift.
    <time id="T327E" value="00:42:46,065" />
  </s>
  <s id="448">
    <time id="T328S" value="00:42:59,111" />
Vad fan är det om?
    <time id="T328E" value="00:43:01,625" />
  </s>
  <s id="449">
    <time id="T329S" value="00:43:05,831" />
De har hittat din tjallare.
    <time id="T329E" value="00:43:07,947" />
  </s>
  <s id="450">
    <time id="T330S" value="00:43:18,911" />
En ny jävla röra.
  </s>
  <s id="451">
Precis som du beskrev det.
    <time id="T330E" value="00:43:23,189" />
  </s>
  <s id="452">
    <time id="T331S" value="00:43:23,431" />
-Är du förvånad?
  </s>
  <s id="453">
-Nej, inte direkt.
    <time id="T331E" value="00:43:26,821" />
  </s>
  <s id="454">
    <time id="T332S" value="00:43:32,991" />
All right, ni kan gå ut.
    <time id="T332E" value="00:43:35,459" />
  </s>
  <s id="455">
    <time id="T333S" value="00:43:47,311" />
Han har fått ett meddelande.
    <time id="T333E" value="00:43:49,302" />
  </s>
  <s id="456">
    <time id="T334S" value="00:43:49,551" />
Du har ett nytt meddelande.
    <time id="T334E" value="00:43:52,543" />
  </s>
  <s id="457">
    <time id="T335S" value="00:43:52,711" />
Bernie, det är Terry.
  </s>
  <s id="458">
Angående det vi talade om...
    <time id="T335E" value="00:43:56,147" />
  </s>
  <s id="459">
    <time id="T336S" value="00:43:56,391" />
Hitta mr Parmagi på The Crossing efter Blackhawk längst ner på vägen.
    <time id="T336E" value="00:44:00,464" />
  </s>
  <s id="460">
    <time id="T337S" value="00:44:00,711" />
Nu är vi kvitt, jag är inte skyldig dig ett vitten.
    <time id="T337E" value="00:44:04,340" />
  </s>
  <s id="461">
    <time id="T338S" value="00:44:04,511" />
Meddelandet är slut.
    <time id="T338E" value="00:44:06,342" />
  </s>
  <s id="462">
    <time id="T339S" value="00:44:07,591" />
-Brukar han inte ge oss fingret?
  </s>
  <s id="463">
-Vi har inte hittat det än.
    <time id="T339E" value="00:44:11,743" />
  </s>
  <s id="464">
    <time id="T340S" value="00:44:12,391" />
-l kassaapparaten.
  </s>
  <s id="465">
-Va?
    <time id="T340E" value="00:44:14,825" />
  </s>
  <s id="466">
    <time id="T341S" value="00:44:14,991" />
Det ligger i kassaapparaten!
    <time id="T341E" value="00:44:17,425" />
  </s>
  <s id="467">
    <time id="T342S" value="00:44:22,031" />
Det var med videobandet!
    <time id="T342E" value="00:44:24,784" />
  </s>
  <s id="468">
    <time id="T343S" value="00:44:27,871" />
Kom nu, partner.
    <time id="T343E" value="00:44:29,827" />
  </s>
  <s id="469">
    <time id="T344S" value="00:44:35,711" />
Han vill kanske bara ha sin ask.
    <time id="T344E" value="00:44:38,145" />
  </s>
  <s id="470">
    <time id="T345S" value="00:44:39,151" />
Asken stod framme där Jay dog.
    <time id="T345E" value="00:44:42,029" />
  </s>
  <s id="471">
    <time id="T346S" value="00:44:42,751" />
Han hade kunnat ta asken då.
  </s>
  <s id="472">
Fingrarna är ett meddelande.
    <time id="T346E" value="00:44:46,949" />
  </s>
  <s id="473">
    <time id="T347S" value="00:44:48,431" />
Om jag fortsätter leta efter honom mördar han barnet och sen mig.
    <time id="T347E" value="00:44:53,221" />
  </s>
  <s id="474">
    <time id="T348S" value="00:44:53,391" />
Jagar du lngenjören, jagar lngenjören dig.
    <time id="T348E" value="00:44:56,064" />
  </s>
  <s id="475">
    <time id="T349S" value="00:44:57,751" />
Han behöver inte jaga mig länge.
    <time id="T349E" value="00:45:00,219" />
  </s>
  <s id="476">
    <time id="T350S" value="00:45:17,351" />
Hänger du med?
    <time id="T350E" value="00:45:19,228" />
  </s>
  <s id="477">
    <time id="T351S" value="00:45:19,431" />
Självklart, partner.
    <time id="T351E" value="00:45:21,501" />
  </s>
  <s id="478">
    <time id="T352S" value="00:46:19,871" />
Jag ser marker, men ingen kassör.
    <time id="T352E" value="00:46:23,261" />
  </s>
  <s id="479">
    <time id="T353S" value="00:46:25,951" />
Var kan jag köpa marker?
    <time id="T353E" value="00:46:28,943" />
  </s>
  <s id="480">
    <time id="T354S" value="00:46:29,631" />
Jag söker mr Parmagi.
  </s>
  <s id="481">
Jobbar han kvar här?
    <time id="T354E" value="00:46:32,862" />
  </s>
  <s id="482">
    <time id="T355S" value="00:46:33,631" />
Det gör jag. 
  </s>
  <s id="483">
Jag känner igen alla ansikten, men ert är inte bekant.
    <time id="T355E" value="00:46:40,104" />
  </s>
  <s id="484">
    <time id="T356S" value="00:46:41,231" />
-Revolvrarna ser äkta ut.
  </s>
  <s id="485">
-Är ni här för att spela?
    <time id="T356E" value="00:46:43,950" />
  </s>
  <s id="486">
    <time id="T357S" value="00:46:45,991" />
Jag har licens på vapnen, om ni vill se den.
    <time id="T357E" value="00:46:49,063" />
  </s>
  <s id="487">
    <time id="T358S" value="00:46:56,271" />
Är du lngenjören?
    <time id="T358E" value="00:46:58,739" />
  </s>
  <s id="488">
    <time id="T359S" value="00:46:58,991" />
Herrn smickrar mig.
    <time id="T359E" value="00:47:00,868" />
  </s>
  <s id="489">
    <time id="T360S" value="00:47:05,231" />
Jag försvinner inte.
  </s>
  <s id="490">
Hälsa honom det.
    <time id="T360E" value="00:47:09,190" />
  </s>
  <s id="491">
    <time id="T361S" value="00:47:10,311" />
Jag fick hans meddelande, så säg:
    <time id="T361E" value="00:47:13,667" />
  </s>
  <s id="492">
    <time id="T362S" value="00:47:13,871" />
Jag slutar inte förrän jag hittar barnet vid liv.
    <time id="T362E" value="00:47:18,023" />
  </s>
  <s id="493">
    <time id="T363S" value="00:47:18,191" />
Jag försäkrar er. 
  </s>
  <s id="494">
Ni har missuppfattat lngenjörens...meddelande.
    <time id="T363E" value="00:47:24,380" />
  </s>
  <s id="495">
    <time id="T364S" value="00:47:24,591" />
Tjafsa inte med mig!
    <time id="T364E" value="00:47:27,185" />
  </s>
  <s id="496">
    <time id="T365S" value="00:47:27,711" />
Assistenten tycker om att spela, va?
  </s>
  <s id="497">
Ingenjören tycker om spel.
    <time id="T365E" value="00:47:33,422" />
  </s>
  <s id="498">
    <time id="T366S" value="00:47:33,591" />
Och det verkar som om ni spelar ett av hans spel i detta nu.
    <time id="T366E" value="00:47:38,460" />
  </s>
  <s id="499">
    <time id="T367S" value="00:47:39,911" />
Han vill inte att ni slutar.
  </s>
  <s id="500">
Han vill att ni spelar spelet.
    <time id="T367E" value="00:47:45,907" />
  </s>
  <s id="501">
    <time id="T368S" value="00:47:47,991" />
Tror han att det är ett jävla spel?
    <time id="T368E" value="00:47:50,266" />
  </s>
  <s id="502">
    <time id="T369S" value="00:49:00,791" />
Tony?
    <time id="T369E" value="00:49:02,668" />
  </s>
  <s id="503">
    <time id="T370S" value="00:49:44,831" />
Jag ska ändå hitta barnet.
    <time id="T370E" value="00:49:47,743" />
  </s>
  <s id="504">
    <time id="T371S" value="00:49:49,111" />
Jag misstänker att det är spelets syfte.
    <time id="T371E" value="00:49:53,821" />
  </s>
  <s id="505">
    <time id="T372S" value="00:50:12,751" />
Joseph?
    <time id="T372E" value="00:50:14,423" />
  </s>
  <s id="506">
    <time id="T373S" value="00:50:17,391" />
Herrejävlar. 
  </s>
  <s id="507">
Kom!
    <time id="T373E" value="00:50:19,427" />
  </s>
  <s id="508">
    <time id="T374S" value="00:50:30,871" />
Stäng av den.
    <time id="T374E" value="00:50:32,748" />
  </s>
  <s id="509">
    <time id="T375S" value="00:50:33,511" />
Stäng av!
    <time id="T375E" value="00:50:35,388" />
  </s>
  <s id="510">
    <time id="T376S" value="00:50:36,871" />
Jag har försökt hålla dig vaken.
    <time id="T376E" value="00:50:39,305" />
  </s>
  <s id="511">
    <time id="T377S" value="00:50:39,511" />
-Vart är vi på väg?
  </s>
  <s id="512">
-Till sjukhuset. 
  </s>
  <s id="513">
Vi är snart där.
    <time id="T377E" value="00:50:42,628" />
  </s>
  <s id="514">
    <time id="T378S" value="00:50:42,831" />
-Förlåt, jag körde vilse i skogen.
  </s>
  <s id="515">
-Kör mig till stationen.
    <time id="T378E" value="00:50:47,666" />
  </s>
  <s id="516">
    <time id="T379S" value="00:50:47,871" />
Va? 
  </s>
  <s id="517">
Du måste till sjukhuset.
  </s>
  <s id="518">
Du kan ha fått en hjärnskakning.
    <time id="T379E" value="00:50:52,581" />
  </s>
  <s id="519">
    <time id="T380S" value="00:50:52,831" />
Kör till stationen!
    <time id="T380E" value="00:50:54,150" />
  </s>
  <s id="520">
    <time id="T381S" value="00:51:03,231" />
Joseph?
    <time id="T381E" value="00:51:04,869" />
  </s>
  <s id="521">
    <time id="T382S" value="00:51:05,031" />
-Vi måste prata.
  </s>
  <s id="522">
-Visst, kom in.
    <time id="T382E" value="00:51:08,023" />
  </s>
  <s id="523">
    <time id="T383S" value="00:51:11,591" />
-Mår du bra?
  </s>
  <s id="524">
-Jag ballar ur.
    <time id="T383E" value="00:51:14,901" />
  </s>
  <s id="525">
    <time id="T384S" value="00:51:15,071" />
-Vad menar du?
  </s>
  <s id="526">
-Jag tror att jag blir galen.
    <time id="T384E" value="00:51:18,586" />
  </s>
  <s id="527">
    <time id="T385S" value="00:51:19,351" />
En tanke som galna sällan tänker.
  </s>
  <s id="528">
Joseph, sätt dig nu.
    <time id="T385E" value="00:51:25,426" />
  </s>
  <s id="529">
    <time id="T386S" value="00:51:25,591" />
Jag är rädd att jag om jag sätter mig inte kommer upp igen.
    <time id="T386E" value="00:51:29,630" />
  </s>
  <s id="530">
    <time id="T387S" value="00:51:33,631" />
För flera år sen när jag var helt ny i kåren hörde jag om lngenjören.
    <time id="T388E" value="00:51:41,308" />
  </s>
  <s id="531">
    <time id="T389S" value="00:51:41,471" />
Jag trodde det var en skröna som skulle skrämma oss aspiranter.
    <time id="T389E" value="00:51:46,784" />
  </s>
  <s id="532">
    <time id="T390S" value="00:51:47,671" />
Men i dag hörde jag hans namn igen.
    <time id="T390E" value="00:51:51,425" />
  </s>
  <s id="533">
    <time id="T391S" value="00:51:55,031" />
Vet du vad jag menar?
    <time id="T391E" value="00:51:57,147" />
  </s>
  <s id="534">
    <time id="T392S" value="00:51:57,991" />
-Fortsätt...
  </s>
  <s id="535">
-Svara nu!
    <time id="T392E" value="00:52:00,983" />
  </s>
  <s id="536">
    <time id="T393S" value="00:52:03,071" />
Vad vet du om lngenjören?
    <time id="T393E" value="00:52:05,346" />
  </s>
  <s id="537">
    <time id="T394S" value="00:52:35,871" />
Jag har ofta återkommit till den här akten.
    <time id="T394E" value="00:52:38,943" />
  </s>
  <s id="538">
    <time id="T395S" value="00:52:39,151" />
Det var 1 986, mitt första år som polispsykolog.
    <time id="T395E" value="00:52:42,666" />
  </s>
  <s id="539">
    <time id="T396S" value="00:52:44,231" />
Han var veteran som du. 
  </s>
  <s id="540">
Duktig.
    <time id="T396E" value="00:52:46,791" />
  </s>
  <s id="541">
    <time id="T397S" value="00:52:47,551" />
Tills han fick en utredning i vilken alla spår pekade mot lngenjören.
    <time id="T397E" value="00:52:53,069" />
  </s>
  <s id="542">
    <time id="T398S" value="00:52:54,311" />
Den här kriminalaren började tvivla på sina instinkter.
    <time id="T398E" value="00:52:59,066" />
  </s>
  <s id="543">
    <time id="T399S" value="00:52:59,231" />
Tvivlet blev förföljelsemani.
    <time id="T399E" value="00:53:01,699" />
  </s>
  <s id="544">
    <time id="T400S" value="00:53:01,951" />
l sin mani såg han lngenjören som en figur med övermänskliga krafter.
    <time id="T400E" value="00:53:06,229" />
  </s>
  <s id="545">
    <time id="T401S" value="00:53:07,031" />
Han sa att ingenjören visste allt om alla poliser.
    <time id="T401E" value="00:53:10,307" />
  </s>
  <s id="546">
    <time id="T402S" value="00:53:10,471" />
Särskilt om honom.
    <time id="T402E" value="00:53:12,780" />
  </s>
  <s id="547">
    <time id="T403S" value="00:53:13,031" />
Hans ångest förbyttes snabbt i djup depression till han en dag kom till jobbet, satte sig vid skrivbordet och sköt sig själv i huvudet.
    <time id="T405E" value="00:53:25,505" />
  </s>
  <s id="548">
    <time id="T406S" value="00:53:28,071" />
Jag får se.
    <time id="T406E" value="00:53:30,027" />
  </s>
  <s id="549">
    <time id="T407S" value="00:53:31,071" />
Han hade den på sig när han sköt dig.
    <time id="T407E" value="00:53:33,904" />
  </s>
  <s id="550">
    <time id="T408S" value="00:53:34,111" />
Jag medger att jag letade efter den men när jag kollade på bevisförvaringen var den borta.
    <time id="T409E" value="00:53:41,990" />
  </s>
  <s id="551">
    <time id="T410S" value="00:53:42,191" />
Den är borta eller förstörd nu.
    <time id="T410E" value="00:53:45,103" />
  </s>
  <s id="552">
    <time id="T411S" value="00:53:45,271" />
Allt som finns kvar är bilden.
    <time id="T411E" value="00:53:47,626" />
  </s>
  <s id="553">
    <time id="T412S" value="00:53:56,471" />
Vad är det?
    <time id="T412E" value="00:53:58,382" />
  </s>
  <s id="554">
    <time id="T413S" value="00:53:58,591" />
Du kunde inte glömma den, jag tror att du vet.
    <time id="T413E" value="00:54:01,344" />
  </s>
  <s id="555">
    <time id="T414S" value="00:54:03,431" />
Du har rätt, jag forskade lite.
    <time id="T414E" value="00:54:06,184" />
  </s>
  <s id="556">
    <time id="T415S" value="00:54:07,431" />
Den kallas Sorgkonfigurationen.
    <time id="T415E" value="00:54:10,229" />
  </s>
  <s id="557">
    <time id="T416S" value="00:54:11,551" />
Den beskrivs i ockulta skrifter.
    <time id="T416E" value="00:54:14,349" />
  </s>
  <s id="558">
    <time id="T417S" value="00:54:14,591" />
-Vad står det om den?
  </s>
  <s id="559">
-Att det är ett fönster.
    <time id="T417E" value="00:54:18,027" />
  </s>
  <s id="560">
    <time id="T418S" value="00:54:18,191" />
Eller en port.
    <time id="T418E" value="00:54:20,227" />
  </s>
  <s id="561">
    <time id="T419S" value="00:54:20,431" />
Om du öppnar den, kommer de och tar dig.
    <time id="T419E" value="00:54:23,389" />
  </s>
  <s id="562">
    <time id="T420S" value="00:54:24,431" />
Och de sliter dig i stycken.
    <time id="T420E" value="00:54:26,740" />
  </s>
  <s id="563">
    <time id="T421S" value="00:54:28,431" />
-"De"?
  </s>
  <s id="564">
-Somliga kallar dem cenobiter.
    <time id="T421E" value="00:54:31,662" />
  </s>
  <s id="565">
    <time id="T422S" value="00:54:31,871" />
Andra säger att de är demoner som för en till helvetet.
    <time id="T422E" value="00:54:35,546" />
  </s>
  <s id="566">
    <time id="T423S" value="00:54:35,751" />
De förde inte mig till helvetet.
    <time id="T423E" value="00:54:38,390" />
  </s>
  <s id="567">
    <time id="T424S" value="00:54:40,231" />
-Har du öppnat asken?
  </s>
  <s id="568">
-Ja, i natt.
    <time id="T424E" value="00:54:43,223" />
  </s>
  <s id="569">
    <time id="T425S" value="00:54:44,391" />
Jag hade en...mardröm.
    <time id="T425E" value="00:54:47,986" />
  </s>
  <s id="570">
    <time id="T426S" value="00:54:50,071" />
Ända sen dess har jag sett dem.
    <time id="T427E" value="00:54:58,142" />
  </s>
  <s id="571">
    <time id="T428S" value="00:55:02,751" />
Håller jag på att bli galen?
    <time id="T428E" value="00:55:05,470" />
  </s>
  <s id="572">
    <time id="T429S" value="00:55:05,671" />
Jag är mer psykiater än präst.
    <time id="T429E" value="00:55:09,107" />
  </s>
  <s id="573">
    <time id="T430S" value="00:55:09,311" />
Frågar du om jag tror på djävulen vet jag inte vad jag ska säga.
    <time id="T430E" value="00:55:13,065" />
  </s>
  <s id="574">
    <time id="T431S" value="00:55:13,311" />
Men frågar du om jag tror på asken...
    <time id="T431E" value="00:55:15,779" />
  </s>
  <s id="575">
    <time id="T432S" value="00:55:15,951" />
Utifrån vad jag har sett och läst tror jag att den är äkta.
    <time id="T432E" value="00:55:19,944" />
  </s>
  <s id="576">
    <time id="T433S" value="00:55:20,631" />
Men det är alltid samma historia:
  </s>
  <s id="577">
Asken öppnas.
    <time id="T433E" value="00:55:24,749" />
  </s>
  <s id="578">
    <time id="T434S" value="00:55:24,951" />
De kommer och tar en. 
  </s>
  <s id="579">
De går.
    <time id="T434E" value="00:55:28,148" />
  </s>
  <s id="580">
    <time id="T435S" value="00:55:29,071" />
Så om du säger att de lämnade dig och att du fortfarande ser dem så är de kanske kvar här.
    <time id="T436E" value="00:55:37,066" />
  </s>
  <s id="581">
    <time id="T437S" value="00:55:44,511" />
Jag lever i en värld av fakta och noggranna detaljstudier.
    <time id="T437E" value="00:55:48,948" />
  </s>
  <s id="582">
    <time id="T438S" value="00:55:49,191" />
Hur förvirrande mysteriet än är och hur svår gåtan än är så förefaller lösningen till slut att vara lika naturlig som regn.
    <time id="T439E" value="00:55:58,022" />
  </s>
  <s id="583">
    <time id="T440S" value="00:55:58,231" />
Allt, varje process, hur invecklad den än är är en del av verkligheten och syftet kan förstås.
    <time id="T441E" value="00:56:06,627" />
  </s>
  <s id="584">
    <time id="T442S" value="00:56:06,871" />
Allt kan till slut förklaras.
    <time id="T442E" value="00:56:10,181" />
  </s>
  <s id="585">
    <time id="T443S" value="00:56:11,031" />
Men vissa fakta finns kanske i betraktarens öga.
    <time id="T443E" value="00:56:14,387" />
  </s>
  <s id="586">
    <time id="T444S" value="00:56:14,631" />
Mamma, vänta!
    <time id="T444E" value="00:56:16,064" />
  </s>
  <s id="587">
    <time id="T445S" value="00:56:16,311" />
Och vissa förklaringar är kanske utomjordiska.
    <time id="T445E" value="00:56:20,020" />
  </s>
  <s id="588">
    <time id="T446S" value="00:56:20,802" />
Hjälp mig!
    <time id="T446E" value="00:56:22,793" />
  </s>
  <s id="589">
    <time id="T447S" value="00:56:38,322" />
Var har du varit? 
  </s>
  <s id="590">
Du har inte ringt trots att jag har sökt dig.
    <time id="T447E" value="00:56:42,281" />
  </s>
  <s id="591">
    <time id="T448S" value="00:56:42,482" />
-Jag jobbar på en utredning, sa jag.
  </s>
  <s id="592">
-Varför ljuger du för mig, Joseph?
    <time id="T448E" value="00:56:48,318" />
  </s>
  <s id="593">
    <time id="T449S" value="00:56:48,482" />
Du kan inte fortsätta så här...
    <time id="T449E" value="00:56:50,950" />
  </s>
  <s id="594">
    <time id="T450S" value="00:56:51,202" />
Herregud! 
  </s>
  <s id="595">
Vad har du gjort?
    <time id="T450E" value="00:56:54,194" />
  </s>
  <s id="596">
    <time id="T451S" value="00:56:54,362" />
Jag blev överfallen. 
  </s>
  <s id="597">
Jag klarar mig.
    <time id="T451E" value="00:56:56,830" />
  </s>
  <s id="598">
    <time id="T452S" value="00:56:57,082" />
Pappa, har du kommit hem nu?
    <time id="T452E" value="00:56:59,721" />
  </s>
  <s id="599">
    <time id="T453S" value="00:57:01,002" />
Nej, gumman, jag måste snart gå.
    <time id="T453E" value="00:57:04,836" />
  </s>
  <s id="600">
    <time id="T454S" value="00:57:05,842" />
-Följ med in.
  </s>
  <s id="601">
-När kommer du hem?
    <time id="T454E" value="00:57:09,471" />
  </s>
  <s id="602">
    <time id="T455S" value="00:57:10,642" />
Gumman, somna om nu.
    <time id="T455E" value="00:57:13,202" />
  </s>
  <s id="603">
    <time id="T456S" value="00:58:28,482" />
Hallå?
    <time id="T456E" value="00:58:30,313" />
  </s>
  <s id="604">
    <time id="T457S" value="00:58:30,522" />
Hej, hur är det?
    <time id="T457E" value="00:58:32,717" />
  </s>
  <s id="605">
    <time id="T458S" value="00:58:36,362" />
Vänta!
    <time id="T458E" value="00:58:38,353" />
  </s>
  <s id="606">
    <time id="T459S" value="00:58:42,682" />
Det var din mamma.
    <time id="T459E" value="00:58:44,673" />
  </s>
  <s id="607">
    <time id="T460S" value="00:58:47,042" />
Hon sa att hon hade besök.
  </s>
  <s id="608">
Nån du letade efter eller nåt sånt.
    <time id="T460E" value="00:58:51,672" />
  </s>
  <s id="609">
    <time id="T461S" value="00:58:51,922" />
Jag tyckte hon sa att han var "ingenjör".
    <time id="T461E" value="00:58:55,312" />
  </s>
  <s id="610">
    <time id="T462S" value="00:59:00,962" />
Lämna inte huset. 
  </s>
  <s id="611">
Förstår du?
    <time id="T462E" value="00:59:04,034" />
  </s>
  <s id="612">
    <time id="T463S" value="00:59:07,802" />
Lås alla dörrar och alla fönster.
  </s>
  <s id="613">
Minns du hur man skjuter?
    <time id="T464E" value="00:59:12,831" />
  </s>
  <s id="614">
    <time id="T465S" value="00:59:13,082" />
-Minns du det?
  </s>
  <s id="615">
!
  </s>
  <s id="616">
-Ja! 
  </s>
  <s id="617">
Har du problem?
    <time id="T465E" value="00:59:16,631" />
  </s>
  <s id="618">
    <time id="T466S" value="00:59:16,802" />
Ja, det har jag. 
  </s>
  <s id="619">
Vi har problem.
    <time id="T466E" value="00:59:20,317" />
  </s>
  <s id="620">
    <time id="T467S" value="00:59:20,522" />
Pappa!
    <time id="T467E" value="00:59:22,752" />
  </s>
  <s id="621">
    <time id="T468S" value="00:59:23,762" />
Gör det bara.
    <time id="T468E" value="00:59:25,593" />
  </s>
  <s id="622">
    <time id="T469S" value="00:59:27,362" />
Säg nåt!
    <time id="T469E" value="00:59:29,353" />
  </s>
  <s id="623">
    <time id="T470S" value="00:59:30,442" />
-Det ordnar sig.
  </s>
  <s id="624">
-Jag vill ha min pappa.
    <time id="T470E" value="00:59:34,401" />
  </s>
  <s id="625">
    <time id="T471S" value="00:59:47,722" />
VÅRDHEM
    <time id="T471E" value="00:59:49,952" />
  </s>
  <s id="626">
    <time id="T472S" value="00:59:55,962" />
Kan jag hjälpa till?
    <time id="T472E" value="00:59:57,554" />
  </s>
  <s id="627">
    <time id="T473S" value="00:59:57,802" />
Jag ska till Art och Mary Thorne.
  </s>
  <s id="628">
Jag är deras son.
    <time id="T473E" value="01:00:00,635" />
  </s>
  <s id="629">
    <time id="T474S" value="01:00:00,802" />
Jag visste inte att de hade en son.
    <time id="T474E" value="01:00:03,316" />
  </s>
  <s id="630">
    <time id="T475S" value="01:00:04,562" />
Har de haft andra besökare i dag?
    <time id="T475E" value="01:00:07,713" />
  </s>
  <s id="631">
    <time id="T476S" value="01:00:07,922" />
-Är ni verkligen deras son?
  </s>
  <s id="632">
-Hör du, det är bråttom.
    <time id="T476E" value="01:00:13,713" />
  </s>
  <s id="633">
    <time id="T477S" value="01:00:17,642" />
De har inte haft andra besökare i dag eller nån annan dag, vad jag minns.
    <time id="T477E" value="01:00:22,352" />
  </s>
  <s id="634">
    <time id="T478S" value="01:00:22,602" />
Skriv in er. 
  </s>
  <s id="635">
Rum 1 1 6.
    <time id="T478E" value="01:00:25,036" />
  </s>
  <s id="636">
    <time id="T479S" value="01:00:26,042" />
Ni måste skriva in er. 
  </s>
  <s id="637">
Vänta!
    <time id="T479E" value="01:00:29,079" />
  </s>
  <s id="638">
    <time id="T480S" value="01:00:57,522" />
Vilken söt pojke!
    <time id="T480E" value="01:00:59,478" />
  </s>
  <s id="639">
    <time id="T481S" value="01:01:24,322" />
-Mamma? 
  </s>
  <s id="640">
Är allt bra med er?
  </s>
  <s id="641">
-Varför besöker du oss inte, Joe?
    <time id="T481E" value="01:01:28,918" />
  </s>
  <s id="642">
    <time id="T482S" value="01:01:29,082" />
Pappa blir lite sämre varje dag.
    <time id="T482E" value="01:01:31,721" />
  </s>
  <s id="643">
    <time id="T483S" value="01:01:43,082" />
Varför besöker du oss inte, Joe?
  </s>
  <s id="644">
Vi ser dig aldrig nuförtiden.
    <time id="T483E" value="01:01:47,997" />
  </s>
  <s id="645">
    <time id="T484S" value="01:01:48,202" />
Vi trivs inte här.
    <time id="T484E" value="01:01:50,158" />
  </s>
  <s id="646">
    <time id="T485S" value="01:01:51,002" />
Jag vet inte, mamma. 
  </s>
  <s id="647">
Jag försöker.
    <time id="T485E" value="01:01:54,074" />
  </s>
  <s id="648">
    <time id="T486S" value="01:02:02,282" />
Hjälp mig!
    <time id="T486E" value="01:02:05,080" />
  </s>
  <s id="649">
    <time id="T487S" value="01:02:10,762" />
Joseph Thorne...
    <time id="T487E" value="01:02:12,753" />
  </s>
  <s id="650">
    <time id="T488S" value="01:02:13,562" />
Stoppa ner den där.
    <time id="T488E" value="01:02:16,474" />
  </s>
  <s id="651">
    <time id="T489S" value="01:02:46,802" />
Mamma?
    <time id="T489E" value="01:02:48,360" />
  </s>
  <s id="652">
    <time id="T490S" value="01:02:48,602" />
-Släpp in mig!
  </s>
  <s id="653">
-Snälla, nej!
    <time id="T490E" value="01:02:51,480" />
  </s>
  <s id="654">
    <time id="T491S" value="01:03:14,202" />
Sluta!
    <time id="T491E" value="01:03:16,477" />
  </s>
  <s id="655">
    <time id="T492S" value="01:03:47,042" />
Hallå?
    <time id="T492E" value="01:03:49,272" />
  </s>
  <s id="656">
    <time id="T493S" value="01:03:50,162" />
Hej, hur är det?
    <time id="T493E" value="01:03:52,073" />
  </s>
  <s id="657">
    <time id="T494S" value="01:03:52,322" />
Vänta!
    <time id="T494E" value="01:03:54,790" />
  </s>
  <s id="658">
    <time id="T495S" value="01:03:59,122" />
Det var din mamma.
    <time id="T495E" value="01:04:01,431" />
  </s>
  <s id="659">
    <time id="T496S" value="01:04:02,682" />
Hon sa att hon hade besök.
  </s>
  <s id="660">
En du letade efter eller nåt sånt.
    <time id="T496E" value="01:04:07,153" />
  </s>
  <s id="661">
    <time id="T497S" value="01:04:07,362" />
Jag tyckte hon sa att han var ingenjör.
    <time id="T497E" value="01:04:10,672" />
  </s>
  <s id="662">
    <time id="T498S" value="01:04:22,762" />
Vänta! 
  </s>
  <s id="663">
- Han var beväpnad.
    <time id="T498E" value="01:04:26,038" />
  </s>
  <s id="664">
    <time id="T499S" value="01:04:32,002" />
Rör dig fan inte!
    <time id="T499E" value="01:04:34,277" />
  </s>
  <s id="665">
    <time id="T500S" value="01:04:35,322" />
Släpp den!
    <time id="T500E" value="01:04:37,199" />
  </s>
  <s id="666">
    <time id="T501S" value="01:04:39,842" />
Vänd dig om!
    <time id="T501E" value="01:04:42,037" />
  </s>
  <s id="667">
    <time id="T502S" value="01:04:45,122" />
Jag är kriminalare vid Denver-polisen.
    <time id="T502E" value="01:04:48,239" />
  </s>
  <s id="668">
    <time id="T503S" value="01:04:48,442" />
-Jag söker paret Thorne.
  </s>
  <s id="669">
-Ja, vi har väntat på er.
    <time id="T503E" value="01:04:52,401" />
  </s>
  <s id="670">
    <time id="T504S" value="01:04:52,602" />
Ni borde ha legitimerat er.
    <time id="T504E" value="01:04:55,639" />
  </s>
  <s id="671">
    <time id="T505S" value="01:04:57,282" />
-Jag är deras son.
  </s>
  <s id="672">
-Jag visste inte att de hade en son.
    <time id="T505E" value="01:05:01,036" />
  </s>
  <s id="673">
    <time id="T506S" value="01:05:06,242" />
De är inte här.
  </s>
  <s id="674">
Vi ringde polisen för en timme sen.
    <time id="T506E" value="01:05:10,076" />
  </s>
  <s id="675">
    <time id="T507S" value="01:05:10,282" />
De försvann efter middagen och vi har letat överallt.
    <time id="T507E" value="01:05:14,400" />
  </s>
  <s id="676">
    <time id="T508S" value="01:05:14,602" />
De verkar ha gått upp i rök.
    <time id="T508E" value="01:05:16,877" />
  </s>
  <s id="677">
    <time id="T509S" value="01:05:32,762" />
Det är konstigt. 
  </s>
  <s id="678">
Mr Thorne kommer inte ur sängen längre.
    <time id="T509E" value="01:05:37,756" />
  </s>
  <s id="679">
    <time id="T510S" value="01:05:37,962" />
Och de brukar inte gå iväg som vissa av våra...
    <time id="T510E" value="01:05:42,080" />
  </s>
  <s id="680">
    <time id="T511S" value="01:06:55,402" />
Din fru sa att du kanske var här.
    <time id="T511E" value="01:06:58,519" />
  </s>
  <s id="681">
    <time id="T512S" value="01:06:58,722" />
Tony!
    <time id="T512E" value="01:07:00,997" />
  </s>
  <s id="682">
    <time id="T513S" value="01:07:01,202" />
Du har inga skäl att lita på mig men jag fick en lapp från lngenjören.
    <time id="T514E" value="01:07:06,321" />
  </s>
  <s id="683">
    <time id="T515S" value="01:07:06,562" />
-Följ med till den här adressen...
  </s>
  <s id="684">
-Chefen vill tala med dig.
    <time id="T515E" value="01:07:09,952" />
  </s>
  <s id="685">
    <time id="T516S" value="01:07:12,522" />
-Har du berättat om Daphne?
  </s>
  <s id="686">
-lnte än. 
  </s>
  <s id="687">
Du har ballat ur, Joe.
    <time id="T516E" value="01:07:16,834" />
  </s>
  <s id="688">
    <time id="T517S" value="01:07:17,042" />
Följ med då. 
  </s>
  <s id="689">
Vi kan ta den jäveln och göra slut på det.
    <time id="T517E" value="01:07:22,070" />
  </s>
  <s id="690">
    <time id="T518S" value="01:07:23,602" />
Jag behöver din hjälp. 
  </s>
  <s id="691">
Jag är skiträdd.
    <time id="T518E" value="01:07:27,117" />
  </s>
  <s id="692">
    <time id="T519S" value="01:07:27,282" />
Följ med och tala med chefen då.
    <time id="T519E" value="01:07:30,160" />
  </s>
  <s id="693">
    <time id="T520S" value="01:07:30,362" />
Vad ska vi säga till honom?
  </s>
  <s id="694">
Ska vi berätta om lngenjören?
    <time id="T520E" value="01:07:34,435" />
  </s>
  <s id="695">
    <time id="T521S" value="01:07:34,642" />
Han tror mig först när jag kan bevisa att ingenjören är sambandet!
    <time id="T521E" value="01:07:39,318" />
  </s>
  <s id="696">
    <time id="T522S" value="01:07:39,562" />
Han är inte sambandet.
  </s>
  <s id="697">
Du är sambandet.
    <time id="T522E" value="01:07:42,838" />
  </s>
  <s id="698">
    <time id="T523S" value="01:07:43,082" />
Du kände Daphne, Bernie och Jay Cho.
    <time id="T523E" value="01:07:46,279" />
  </s>
  <s id="699">
    <time id="T524S" value="01:07:46,482" />
Det finns ingen ingenjör.
    <time id="T524E" value="01:07:48,438" />
  </s>
  <s id="700">
    <time id="T525S" value="01:07:50,482" />
Det är bara du.
    <time id="T525E" value="01:07:52,598" />
  </s>
  <s id="701">
    <time id="T526S" value="01:08:04,522" />
Upp med dig!
    <time id="T526E" value="01:08:06,433" />
  </s>
  <s id="702">
    <time id="T527S" value="01:08:08,202" />
Tror du att jag hade kunnat mörda dem?
    <time id="T527E" value="01:08:11,877" />
  </s>
  <s id="703">
    <time id="T528S" value="01:08:12,042" />
Du var med horan, du kände Bernie och det fanns inget på videobandet.
  </s>
  <s id="704">
Och du visste var fingret fanns.
    <time id="T529E" value="01:08:18,755" />
  </s>
  <s id="705">
    <time id="T530S" value="01:08:18,962" />
Vad ska jag tro?
    <time id="T530E" value="01:08:21,192" />
  </s>
  <s id="706">
    <time id="T531S" value="01:08:23,562" />
-Det var inte meningen.
  </s>
  <s id="707">
-Rör mig inte!
    <time id="T531E" value="01:08:26,281" />
  </s>
  <s id="708">
    <time id="T532S" value="01:08:29,202" />
Tror du att jag hade kunnat mörda?
    <time id="T532E" value="01:08:31,670" />
  </s>
  <s id="709">
    <time id="T533S" value="01:08:31,882" />
Jag vet inte.
    <time id="T533E" value="01:08:33,395" />
  </s>
  <s id="710">
    <time id="T534S" value="01:08:33,602" />
l går hade jag sagt nej.
  </s>
  <s id="711">
Men i dag...jag vet faktiskt inte.
    <time id="T534E" value="01:08:38,801" />
  </s>
  <s id="712">
    <time id="T535S" value="01:08:45,602" />
-Du behöver hjälp, Joe.
  </s>
  <s id="713">
-Dra åt helvete.
    <time id="T535E" value="01:08:48,912" />
  </s>
  <s id="714">
    <time id="T536S" value="01:10:39,882" />
Tony?
    <time id="T536E" value="01:10:41,395" />
  </s>
  <s id="715">
    <time id="T537S" value="01:10:50,802" />
Nej!
    <time id="T537E" value="01:10:52,554" />
  </s>
  <s id="716">
    <time id="T538S" value="01:11:20,442" />
Sex fingrar, sex mord.
    <time id="T538E" value="01:11:23,912" />
  </s>
  <s id="717">
    <time id="T539S" value="01:11:26,002" />
Bara fyra fingrar kvar.
    <time id="T539E" value="01:11:29,039" />
  </s>
  <s id="718">
    <time id="T540S" value="01:11:35,402" />
Vet du vem jag är, assistenten ?
    <time id="T540E" value="01:11:38,678" />
  </s>
  <s id="719">
    <time id="T541S" value="01:11:40,722" />
Låt mig gissa... 
  </s>
  <s id="720">
Du är lngenjören.
    <time id="T541E" value="01:11:44,237" />
  </s>
  <s id="721">
    <time id="T542S" value="01:11:47,322" />
Jag fick ditt meddelande och jag förstår ditt jävla spel.
    <time id="T542E" value="01:11:51,600" />
  </s>
  <s id="722">
    <time id="T543S" value="01:11:52,922" />
Lever barnet överhuvudtaget?
    <time id="T543E" value="01:11:55,482" />
  </s>
  <s id="723">
    <time id="T544S" value="01:12:01,082" />
Vad vill du att jag ska göra?
  </s>
  <s id="724">
!
    <time id="T544E" value="01:12:03,516" />
  </s>
  <s id="725">
    <time id="T545S" value="01:12:03,722" />
Jag vill att du åker hem.
  </s>
  <s id="726">
Det är dags att åka hem.
    <time id="T545E" value="01:12:08,432" />
  </s>
  <s id="727">
    <time id="T546S" value="01:12:11,202" />
Kollega skadad.
  </s>
  <s id="728">
Kör till Mountain Vista-skolan.
    <time id="T546E" value="01:12:15,480" />
  </s>
  <s id="729">
    <time id="T547S" value="01:12:15,682" />
Jag är inte där.
    <time id="T547E" value="01:12:17,559" />
  </s>
  <s id="730">
    <time id="T548S" value="01:12:18,122" />
Skicka en bil direkt. 
  </s>
  <s id="731">
Klart slut.
    <time id="T548E" value="01:12:21,558" />
  </s>
  <s id="732">
    <time id="T549S" value="01:13:09,602" />
Välkommen hem, assistenten.
    <time id="T549E" value="01:13:11,991" />
  </s>
  <s id="733">
    <time id="T550S" value="01:13:16,002" />
Det tar timmar att frysa ihjäl.
    <time id="T550E" value="01:13:19,074" />
  </s>
  <s id="734">
    <time id="T551S" value="01:13:19,282" />
Timmar då ingen kom hem.
    <time id="T551E" value="01:13:21,591" />
  </s>
  <s id="735">
    <time id="T552S" value="01:13:22,762" />
Ingen var här och hörde dem gråta.
    <time id="T552E" value="01:13:25,401" />
  </s>
  <s id="736">
    <time id="T553S" value="01:13:28,442" />
Varför ljuger du för mig, Joseph?
  </s>
  <s id="737">
Du kan inte hålla på så här.
    <time id="T553E" value="01:13:33,470" />
  </s>
  <s id="738">
    <time id="T554S" value="01:13:34,522" />
Pappa? 
  </s>
  <s id="739">
Har du kommit hem?
    <time id="T554E" value="01:13:37,082" />
  </s>
  <s id="740">
    <time id="T555S" value="01:13:41,362" />
Ja, gumman.
  </s>
  <s id="741">
Pappa är hemma, han är här.
    <time id="T555E" value="01:13:45,355" />
  </s>
  <s id="742">
    <time id="T556S" value="01:13:45,962" />
Jag saknar dig, pappa.
  </s>
  <s id="743">
När kommer du hem?
    <time id="T556E" value="01:13:49,671" />
  </s>
  <s id="744">
    <time id="T557S" value="01:14:52,482" />
De hittade Tony. 
  </s>
  <s id="745">
Med barnfingret som mördaren lämnade i hans mun.
    <time id="T557E" value="01:14:58,000" />
  </s>
  <s id="746">
    <time id="T558S" value="01:14:58,202" />
Men nu var avtrycket inte avbränt.
    <time id="T558E" value="01:15:00,875" />
  </s>
  <s id="747">
    <time id="T559S" value="01:15:01,082" />
De kollade det och som genom ett mirakel hittade de det direkt.
    <time id="T559E" value="01:15:07,715" />
  </s>
  <s id="748">
    <time id="T560S" value="01:15:08,962" />
Men de förstod inte resultatet, för barnets fingeravtryck...
    <time id="T560E" value="01:15:13,558" />
  </s>
  <s id="749">
    <time id="T561S" value="01:15:15,762" />
Det var ditt.
    <time id="T561E" value="01:15:17,878" />
  </s>
  <s id="750">
    <time id="T562S" value="01:15:19,762" />
Jag förstår inte.
    <time id="T562E" value="01:15:22,151" />
  </s>
  <s id="751">
    <time id="T563S" value="01:15:23,042" />
Jag vet.
    <time id="T563E" value="01:15:24,919" />
  </s>
  <s id="752">
    <time id="T564S" value="01:15:25,122" />
Du missförstod mig när jag sa åt dig att åka hem. 
  </s>
  <s id="753">
Jag menade inte hit.
    <time id="T564E" value="01:15:29,912" />
  </s>
  <s id="754">
    <time id="T565S" value="01:15:31,682" />
Jag menade ditt första hem.
    <time id="T565E" value="01:15:34,116" />
  </s>
  <s id="755">
    <time id="T566S" value="01:15:34,362" />
Ditt barndomshem.
  </s>
  <s id="756">
Jag kan hjälpa dig förstå.
    <time id="T566E" value="01:15:38,321" />
  </s>
  <s id="757">
    <time id="T567S" value="01:15:39,242" />
Jag vet allt om dig, Joseph.
    <time id="T567E" value="01:15:41,915" />
  </s>
  <s id="758">
    <time id="T568S" value="01:15:45,442" />
Din akt är nästan fullständig.
    <time id="T568E" value="01:15:48,400" />
  </s>
  <s id="759">
    <time id="T569S" value="01:16:04,762" />
Är du lngenjören?
    <time id="T569E" value="01:16:06,753" />
  </s>
  <s id="760">
    <time id="T570S" value="01:16:09,882" />
Kalla mig vad du vill.
    <time id="T570E" value="01:16:12,521" />
  </s>
  <s id="761">
    <time id="T571S" value="01:16:38,202" />
Vad är du?
    <time id="T571E" value="01:16:39,430" />
  </s>
  <s id="762">
    <time id="T572S" value="01:16:39,642" />
Vad och vem jag är angår inte dig.
    <time id="T572E" value="01:16:44,432" />
  </s>
  <s id="763">
    <time id="T573S" value="01:16:46,602" />
Jag är inte mördaren.
    <time id="T573E" value="01:16:49,241" />
  </s>
  <s id="764">
    <time id="T574S" value="01:16:49,442" />
För att hitta honom måste du åka tillbaka till den plats där du började.
    <time id="T574E" value="01:16:53,720" />
  </s>
  <s id="765">
    <time id="T575S" value="01:16:55,122" />
Åk tillbaka, Joseph.
    <time id="T575E" value="01:16:57,033" />
  </s>
  <s id="766">
    <time id="T576S" value="01:16:57,242" />
Åk hem.
    <time id="T576E" value="01:16:59,551" />
  </s>
  <s id="767">
    <time id="T577S" value="01:18:00,562" />
Joseph! 
  </s>
  <s id="768">
Joseph Thorne!
    <time id="T577E" value="01:18:04,350" />
  </s>
  <s id="769">
    <time id="T578S" value="01:18:45,162" />
Pappa?
    <time id="T578E" value="01:18:47,118" />
  </s>
  <s id="770">
    <time id="T579S" value="01:19:01,562" />
Jag har bakat brownies, Joseph.
    <time id="T579E" value="01:19:04,122" />
  </s>
  <s id="771">
    <time id="T580S" value="01:19:21,202" />
Vet du varför du får brownies?
  </s>
  <s id="772">
För att du är en sån duktig pojke.
    <time id="T580E" value="01:19:25,275" />
  </s>
  <s id="773">
    <time id="T581S" value="01:19:37,242" />
Jag älskar dig, Joseph.
    <time id="T581E" value="01:19:39,836" />
  </s>
  <s id="774">
    <time id="T582S" value="01:19:40,042" />
Vi sparar några som pappa kan få när han vaknar.
    <time id="T582E" value="01:19:43,512" />
  </s>
  <s id="775">
    <time id="T583S" value="01:19:51,402" />
Mamma...?
    <time id="T583E" value="01:19:53,597" />
  </s>
  <s id="776">
    <time id="T584S" value="01:20:41,402" />
Varför besöker du oss inte, Joe?
  </s>
  <s id="777">
Vi ser dig aldrig nuförtiden.
    <time id="T584E" value="01:20:45,839" />
  </s>
  <s id="778">
    <time id="T585S" value="01:20:46,042" />
Vi trivs inte här.
    <time id="T585E" value="01:20:47,998" />
  </s>
  <s id="779">
    <time id="T586S" value="01:20:51,962" />
Sluta!
    <time id="T586E" value="01:20:53,600" />
  </s>
  <s id="780">
    <time id="T587S" value="01:22:00,482" />
Precis vad du vill ha så många gånger du vill.
    <time id="T587E" value="01:22:04,441" />
  </s>
  <s id="781">
    <time id="T588S" value="01:22:17,002" />
Hjälp mig!
    <time id="T588E" value="01:22:20,199" />
  </s>
  <s id="782">
    <time id="T589S" value="01:22:36,522" />
Jag litade på dig.
    <time id="T589E" value="01:22:38,911" />
  </s>
  <s id="783">
    <time id="T590S" value="01:22:39,122" />
Tony, förlåt mig.
    <time id="T590E" value="01:22:41,158" />
  </s>
  <s id="784">
    <time id="T591S" value="01:22:45,882" />
Tony, sluta!
    <time id="T591E" value="01:22:48,237" />
  </s>
  <s id="785">
    <time id="T592S" value="01:22:54,882" />
Jag litade på dig.
    <time id="T592E" value="01:22:56,520" />
  </s>
  <s id="786">
    <time id="T593S" value="01:23:29,522" />
Det är inte rätt att du behandlar mig så här, Joe.
    <time id="T593E" value="01:23:33,071" />
  </s>
  <s id="787">
    <time id="T594S" value="01:23:33,282" />
Förlåt, det var inte meningen...
    <time id="T594E" value="01:23:35,398" />
  </s>
  <s id="788">
    <time id="T595S" value="01:23:35,562" />
Är jag din strykpojke?
    <time id="T595E" value="01:23:37,280" />
  </s>
  <s id="789">
    <time id="T596S" value="01:23:49,722" />
Hjälp mig!
    <time id="T596E" value="01:23:51,838" />
  </s>
  <s id="790">
    <time id="T597S" value="01:25:44,002" />
Du...
    <time id="T597E" value="01:25:46,197" />
  </s>
  <s id="791">
    <time id="T598S" value="01:26:14,922" />
Varför?
  </s>
  <s id="792">
!
    <time id="T598E" value="01:26:17,675" />
  </s>
  <s id="793">
    <time id="T599S" value="01:26:19,962" />
Visst är väl allt en gåta, Joseph?
  </s>
  <s id="794">
Som ett schackparti kanske.
    <time id="T599E" value="01:26:25,036" />
  </s>
  <s id="795">
    <time id="T600S" value="01:26:25,202" />
Pjäserna flyttas till synes mållöst, men alltid med ett enda syfte.
    <time id="T600E" value="01:26:31,516" />
  </s>
  <s id="796">
    <time id="T601S" value="01:26:31,722" />
För att döda kungen.
  </s>
  <s id="797">
Och vem är kung i detta parti?
    <time id="T601E" value="01:26:37,479" />
  </s>
  <s id="798">
    <time id="T602S" value="01:26:37,962" />
Det måste du fråga dig själv.
    <time id="T602E" value="01:26:41,034" />
  </s>
  <s id="799">
    <time id="T603S" value="01:26:41,722" />
Känner du inte igen ditt eget kött, din egen själ?
    <time id="T603E" value="01:26:47,558" />
  </s>
  <s id="800">
    <time id="T604S" value="01:26:49,282" />
Jag förstår inte!
    <time id="T604E" value="01:26:51,352" />
  </s>
  <s id="801">
    <time id="T605S" value="01:26:53,722" />
Mänsklighetens eviga refräng:
  </s>
  <s id="802">
de är okunniga och ber om nåd.
    <time id="T605E" value="01:26:59,399" />
  </s>
  <s id="803">
    <time id="T606S" value="01:26:59,602" />
"Hjälp mig, jag förstår inte."
    <time id="T606E" value="01:27:02,799" />
  </s>
  <s id="804">
    <time id="T607S" value="01:27:03,002" />
Det här är livet som du valde, Joseph.
    <time id="T607E" value="01:27:07,120" />
  </s>
  <s id="805">
    <time id="T608S" value="01:27:07,322" />
Alla människor du sårat, alla lustar du hängett dig åt.
    <time id="T608E" value="01:27:11,076" />
  </s>
  <s id="806">
    <time id="T609S" value="01:27:11,282" />
Du har förstört din egen oskuld och låtit ditt kött förtära din själ.
    <time id="T609E" value="01:27:18,393" />
  </s>
  <s id="807">
    <time id="T610S" value="01:27:19,842" />
Du är din egen kung och det här är det helvete som du har skapat åt dig själv.
    <time id="T611E" value="01:27:27,032" />
  </s>
  <s id="808">
    <time id="T612S" value="01:27:43,122" />
Ditt kött dödar din själ.
    <time id="T612E" value="01:27:46,353" />
  </s>
  <s id="809">
    <time id="T613S" value="01:27:47,442" />
Nej!
    <time id="T613E" value="01:27:49,558" />
  </s>
  <s id="810">
    <time id="T614S" value="01:27:50,882" />
Jo då, Joseph. 
  </s>
  <s id="811">
Jo då.
    <time id="T614E" value="01:27:55,080" />
  </s>
  <s id="812">
    <time id="T615S" value="01:27:55,322" />
Du har svikit dig själv.
    <time id="T615E" value="01:27:57,882" />
  </s>
  <s id="813">
    <time id="T616S" value="01:28:09,162" />
Bara ett finger kvar nu, Joseph.
  </s>
  <s id="814">
Bara en död till.
    <time id="T616E" value="01:28:15,635" />
  </s>
  <s id="815">
    <time id="T617S" value="01:28:33,762" />
Välkommen till helvetet!
    <time id="T617E" value="01:28:36,276" />
  </s>
  <s id="816">
    <time id="T618S" value="01:29:34,762" />
Har jag inte gjort rätt för pengarna?
    <time id="T618E" value="01:29:37,401" />
  </s>
  <s id="817">
    <time id="T619S" value="01:29:39,242" />
Förlåt.
    <time id="T619E" value="01:29:41,437" />
  </s>
  <s id="818">
    <time id="T620S" value="01:30:19,642" />
Hur gick det?
    <time id="T620E" value="01:30:21,234" />
  </s>
  <s id="819">
    <time id="T621S" value="01:30:22,682" />
Hur gick matchen i går?
    <time id="T621E" value="01:30:24,912" />
  </s>
  <s id="820">
    <time id="T622S" value="01:30:25,882" />
Vi vann med sju, men det borde ha varit med tjugo.
    <time id="T622E" value="01:30:30,080" />
  </s>
  <s id="821">
    <time id="T623S" value="01:30:30,282" />
-Tony kom aldrig.
  </s>
  <s id="822">
-Jag fiskade.
    <time id="T623E" value="01:30:33,911" />
  </s>
  <s id="823">
    <time id="T624S" value="01:30:38,082" />
Assistent Thorne.
    <time id="T624E" value="01:30:40,118" />
  </s>
  <s id="824">
    <time id="T625S" value="01:30:42,082" />
Det är Daphne.
    <time id="T625E" value="01:30:44,471" />
  </s>
  <s id="825">
    <time id="T626S" value="01:30:45,322" />
Tjejen du var med inatt.
  </s>
  <s id="826">
Snälla, jag är på motellet!
    <time id="T626E" value="01:30:50,999" />
  </s>
  <s id="827">
    <time id="T627S" value="01:30:51,762" />
Herregud.
    <time id="T627E" value="01:30:54,117" />
  </s>
  <s id="828">
    <time id="T628S" value="01:30:54,362" />
Vad är det, Joe? 
  </s>
  <s id="829">
Är allt bra?
    <time id="T628E" value="01:30:56,876" />
  </s>
  <s id="830">
    <time id="T629S" value="01:30:58,202" />
Vad är det? 
  </s>
  <s id="831">
Joe?
    <time id="T629E" value="01:30:59,874" />
  </s>
  <s id="832">
    <time id="T630S" value="01:31:02,642" />
Nej, skjut inte!
    <time id="T630E" value="01:31:04,360" />
  </s>
  <s id="833">
    <time id="T631S" value="01:31:23,722" />
Jag levde i en värld av fakta, en verklighet jag trodde mig förstå.
    <time id="T631E" value="01:31:29,558" />
  </s>
  <s id="834">
    <time id="T632S" value="01:31:29,762" />
Jag trodde jag var mittpunkten och att jag hade svar på allt.
    <time id="T632E" value="01:31:34,677" />
  </s>
  <s id="835">
    <time id="T633S" value="01:31:36,642" />
Men nu ser jag hur jag sårat mina närmaste och hur jag genom att såra dem har skadat mig själv.
    <time id="T634E" value="01:31:44,993" />
  </s>
  <s id="836">
    <time id="T635S" value="01:31:47,242" />
Jag har mött mina demoner och det enda jag säkert vet är att jag får leva med dem i evighet.
    <time id="T636E" value="01:31:56,115" />
  </s>
  <s id="837">
    <time id="T637S" value="01:31:59,962" />
Ripped and Encoded by:
  </s>
  <s id="838">
[BeRRa]
    <time id="T637E" value="01:35:00,000" />
  </s>
  <meta>
    <conversion>
      <ignored_blocks>0</ignored_blocks>
      <corrected_words>47</corrected_words>
      <unknown_words>59</unknown_words>
      <encoding>windows-1252</encoding>
      <truecased_words>1</truecased_words>
      <tokens>5673</tokens>
      <sentences>838</sentences>
    </conversion>
    <subtitle>
      <rating>0.0</rating>
      <date>2002-06-14</date>
      <blocks>637</blocks>
      <confidence>1.0</confidence>
      <machine_translated>0</machine_translated>
      <language>Swedish</language>
      <version>0</version>
      <duration>01:35:00,000</duration>
    </subtitle>
    <source>
      <HD>0</HD>
      <genre>Crime,Horror,Mystery</genre>
      <cds>1/1</cds>
      <year>2000</year>
      <country>USA</country>
      <original>English</original>
      <duration>99</duration>
    </source>
  </meta>
</document>
