<?xml version="1.0" encoding="utf-8"?>
<document id="4929802">
  <s id="1">
    <time id="T1S" value="00:00:22,345" />
28 OKTOBER KLOCKAN 02.16
    <time id="T1E" value="00:00:25,111" />
  </s>
  <s id="2">
    <time id="T2S" value="00:01:26,769" />
Tre dagar har gått sedan incidenten vid J.S.A.
    <time id="T2E" value="00:01:30,877" />
  </s>
  <s id="3">
    <time id="T3S" value="00:01:31,566" />
Försöket till en gemensam utredning mellan koreanerna har misslyckats.
    <time id="T3E" value="00:01:37,500" />
  </s>
  <s id="4">
    <time id="T4S" value="00:01:38,440" />
Förhandlarna har dock gjort framsteg.
  </s>
  <s id="5">
Båda parter har i dag samtyckt till att NNSC gör en utredning.
  </s>
  <s id="6">
Rykten om Nordkoreas kärnvapen och USA-fartygens annalkande har spetsat till situationen.
    <time id="T6E" value="00:01:57,075" />
  </s>
  <s id="7">
    <time id="T7S" value="00:01:57,984" />
Båda sidor inser vikten av en neutral förhandlare.
    <time id="T7E" value="00:02:02,260" />
  </s>
  <s id="8">
    <time id="T8S" value="00:02:03,020" />
Man vill till varje pris undvika att incidenten ska leda till krig.
    <time id="T8E" value="00:02:07,587" />
  </s>
  <s id="9">
    <time id="T9S" value="00:02:08,337" />
Därför skickar NNSC en schweizisk och en svensk förhandlare som båda besitter praktisk erfarenhet inom detta område.
    <time id="T10E" value="00:02:20,745" />
  </s>
  <s id="10">
    <time id="T11S" value="00:02:30,199" />
Välkommen till Neutral Nations Supervisory Commission.
    <time id="T11E" value="00:02:34,543" />
  </s>
  <s id="11">
    <time id="T12S" value="00:02:45,905" />
Ni är den första kvinnan här sedan 1953.
    <time id="T12E" value="00:02:50,680" />
  </s>
  <s id="12">
    <time id="T13S" value="00:02:51,899" />
Verkligen?
    <time id="T13E" value="00:02:53,859" />
  </s>
  <s id="13">
    <time id="T14S" value="00:03:05,729" />
-Mademoiselle, gick resan bra?
  </s>
  <s id="14">
-Ja, sir.
    <time id="T14E" value="00:03:10,005" />
  </s>
  <s id="15">
    <time id="T15S" value="00:03:11,004" />
Varsågod och sitt, major.
    <time id="T15E" value="00:03:13,390" />
  </s>
  <s id="16">
    <time id="T16S" value="00:03:20,755" />
General Botta är även antropolog.
  </s>
  <s id="17">
Han studerar området vid Polynesien.
    <time id="T16E" value="00:03:27,110" />
  </s>
  <s id="18">
    <time id="T17S" value="00:03:28,708" />
Ni är alltså "fåtölj-antropolog"?
    <time id="T17E" value="00:03:32,636" />
  </s>
  <s id="19">
    <time id="T18S" value="00:03:38,339" />
Fåtöljen är mycket obekvämare efter den otäcka incidenten.
    <time id="T18E" value="00:03:43,607" />
  </s>
  <s id="20">
    <time id="T19S" value="00:03:44,455" />
Scheisse!
    <time id="T19E" value="00:03:46,274" />
  </s>
  <s id="21">
    <time id="T20S" value="00:03:53,207" />
Hur gammal var ni när ni flyttade till Schweiz?
    <time id="T20E" value="00:03:56,466" />
  </s>
  <s id="22">
    <time id="T21S" value="00:03:57,086" />
Min far är korean - och jag föddess och växte upp i Genève.
    <time id="T21E" value="00:04:02,660" />
  </s>
  <s id="23">
    <time id="T22S" value="00:04:04,437" />
Hon lärde sig koreanska där, men hon är här för första gången.
    <time id="T22E" value="00:04:08,716" />
  </s>
  <s id="24">
    <time id="T23S" value="00:04:09,434" />
Det här är ett unikt uppdrag.
  </s>
  <s id="25">
Gärningsmannen sitter häktad och han har till och med erkänt.
  </s>
  <s id="26">
Vår uppgift är att ta reda på varför han gjorde det. 
  </s>
  <s id="27">
Det viktiga är inte resultatet, utan proceduren.
    <time id="T25E" value="00:04:26,979" />
  </s>
  <s id="28">
    <time id="T26S" value="00:04:28,219" />
Den koreanska halvön står nu och väger mellan spänning och försoning.
    <time id="T26E" value="00:04:34,993" />
  </s>
  <s id="29">
    <time id="T27S" value="00:04:36,731" />
Man förhandlar i Peking och i Panmunjon allt medan konflikterna fortgår.
  </s>
  <s id="30">
Samtalen mellan Syd och Nord pågår bildligt talat...i en torr skog. 
  </s>
  <s id="31">
En enda liten gnista kan bränna ner hela skogen.
    <time id="T30E" value="00:04:59,054" />
  </s>
  <s id="32">
    <time id="T31S" value="00:05:01,270" />
Ert mål är att förbli helt neutral, utan att provocera endera sidan.
    <time id="T31E" value="00:05:07,836" />
  </s>
  <s id="33">
    <time id="T32S" value="00:05:10,343" />
Är det uppfattat?
    <time id="T32E" value="00:05:12,831" />
  </s>
  <s id="34">
    <time id="T33S" value="00:05:14,540" />
Jag ska alltså ställa mig vid gränsen och fråga:
    <time id="T33E" value="00:05:18,957" />
  </s>
  <s id="35">
    <time id="T34S" value="00:05:19,737" />
"Kan ni vara snäll och tala om varför ni sköt?"
    <time id="T34E" value="00:05:23,493" />
  </s>
  <s id="36">
    <time id="T35S" value="00:05:35,682" />
Om en strid utbryter, så skjuter man fanskapen.
    <time id="T35E" value="00:05:38,450" />
  </s>
  <s id="37">
    <time id="T36S" value="00:05:38,960" />
Men du dödade inte en enda.
  </s>
  <s id="38">
Kallar du dig själv soldat?
    <time id="T36E" value="00:05:43,098" />
  </s>
  <s id="39">
    <time id="T37S" value="00:05:43,837" />
Jag trodde att min uppgift var att rädda sergeant Lee.
    <time id="T37E" value="00:05:47,552" />
  </s>
  <s id="40">
    <time id="T38S" value="00:05:48,671" />
Därför kunde du inte sikta?
  </s>
  <s id="41">
Fick du order om att skjuta ner träd?
    <time id="T38E" value="00:05:53,406" />
  </s>
  <s id="42">
    <time id="T39S" value="00:05:54,189" />
Jag skulle skjuta för att skrämmas och att täcka räddningsstyrkan.
    <time id="T39E" value="00:05:58,434" />
  </s>
  <s id="43">
    <time id="T40S" value="00:06:01,461" />
-Var det inte du som blev rädd?
  </s>
  <s id="44">
-Jag ville inte starta ett krig.
    <time id="T40E" value="00:06:05,959" />
  </s>
  <s id="45">
    <time id="T41S" value="00:06:06,737" />
En soldat som är rädd för krig?
  </s>
  <s id="46">
Din idiot...!
    <time id="T41E" value="00:06:10,494" />
  </s>
  <s id="47">
    <time id="T42S" value="00:06:12,052" />
Vad är det?
    <time id="T42E" value="00:06:13,941" />
  </s>
  <s id="48">
    <time id="T43S" value="00:06:17,447" />
Rapportering!
    <time id="T43E" value="00:06:19,547" />
  </s>
  <s id="49">
    <time id="T44S" value="00:06:26,480" />
Krig bryter inte ut så lätt.
  </s>
  <s id="50">
Du kan gå nu.
    <time id="T44E" value="00:06:30,618" />
  </s>
  <s id="51">
    <time id="T45S" value="00:06:31,396" />
Ja, sir!
    <time id="T45E" value="00:06:32,866" />
  </s>
  <s id="52">
    <time id="T46S" value="00:06:35,553" />
Den här incidenten...
  </s>
  <s id="53">
Är det inte ganska uppenbart?
    <time id="T46E" value="00:06:41,098" />
  </s>
  <s id="54">
    <time id="T47S" value="00:06:42,267" />
Några kommunister grep en av våra soldater och påstod att han frivilligt bytte sida.
    <time id="T48E" value="00:06:49,481" />
  </s>
  <s id="55">
    <time id="T49S" value="00:06:50,021" />
-Stämmer det?
  </s>
  <s id="56">
-Ja, sir!
    <time id="T49E" value="00:06:52,507" />
  </s>
  <s id="57">
    <time id="T50S" value="00:06:53,659" />
Vad heter han nu igen?
    <time id="T50E" value="00:06:57,304" />
  </s>
  <s id="58">
    <time id="T51S" value="00:06:58,454" />
-Lee Soo Hyuk.
  </s>
  <s id="59">
-Ja, Lee Soo Hyuk.
    <time id="T51E" value="00:07:01,961" />
  </s>
  <s id="60">
    <time id="T52S" value="00:07:02,570" />
Låt oss avsluta det här, så han kan få permission.
    <time id="T52E" value="00:07:06,009" />
  </s>
  <s id="61">
    <time id="T53S" value="00:07:06,607" />
Vår pojke här slog ut två av de jävlarna. 
  </s>
  <s id="62">
Han är en hjälte.
    <time id="T53E" value="00:07:12,502" />
  </s>
  <s id="63">
    <time id="T54S" value="00:07:13,480" />
-Major Jean?
  </s>
  <s id="64">
-Er åsikt kommer att noteras.
    <time id="T54E" value="00:07:18,149" />
  </s>
  <s id="65">
    <time id="T55S" value="00:07:21,154" />
NNSC kommer nu att ta den misstänkte i försvar.
    <time id="T55E" value="00:07:26,419" />
  </s>
  <s id="66">
    <time id="T56S" value="00:07:27,629" />
Inga sydkoreanska militärer släpps in utan mitt tillstånd.
    <time id="T56E" value="00:07:32,196" />
  </s>
  <s id="67">
    <time id="T57S" value="00:07:41,698" />
Övervakningskommissionen är alltså neutral?
    <time id="T57E" value="00:07:45,314" />
  </s>
  <s id="68">
    <time id="T58S" value="00:07:47,812" />
Det finns två sorts människor i världen. 
  </s>
  <s id="69">
Kommunistjävlar och deras fiender. 
  </s>
  <s id="70">
Här finns ingen plats för neutralitet.
    <time id="T59E" value="00:07:57,365" />
  </s>
  <s id="71">
    <time id="T60S" value="00:07:58,164" />
Ni måste välja sida. 
  </s>
  <s id="72">
Som jurist gör ni säkert ett klokt beslut.
    <time id="T60E" value="00:08:04,547" />
  </s>
  <s id="73">
    <time id="T61S" value="00:08:12,110" />
Major Sophie Jean från Schweiz.
  </s>
  <s id="74">
Kapten Persson från Sverige.
    <time id="T61E" value="00:08:17,376" />
  </s>
  <s id="75">
    <time id="T62S" value="00:08:20,586" />
Han är fortfarande chockad.
  </s>
  <s id="76">
Han fick ett slag mot huvudet.
    <time id="T62E" value="00:08:25,880" />
  </s>
  <s id="77">
    <time id="T63S" value="00:08:26,739" />
Blåmärket där bevisar att han blev kidnappad.
    <time id="T63E" value="00:08:30,778" />
  </s>
  <s id="78">
    <time id="T64S" value="00:08:33,734" />
UTLÅTANDE
    <time id="T64E" value="00:08:35,592" />
  </s>
  <s id="79">
    <time id="T65S" value="00:11:02,609" />
-Parterna är närmare än jag trodde.
  </s>
  <s id="80">
-Ja, man kan höra dem prutta.
    <time id="T65E" value="00:11:09,425" />
  </s>
  <s id="81">
    <time id="T66S" value="00:11:10,644" />
Efter Koreakriget korsade krigsfångarna den här bron och återvände aldrig. 
  </s>
  <s id="82">
Därför kallas den "Bron utan återvändo".
    <time id="T67E" value="00:11:21,895" />
  </s>
  <s id="83">
    <time id="T68S" value="00:11:25,710" />
Ni känner väl till yxmords-incidenten?
    <time id="T68E" value="00:11:29,216" />
  </s>
  <s id="84">
    <time id="T69S" value="00:11:29,868" />
Amerikanarna höggs till döds med yxa - vid trädet där borta.
    <time id="T69E" value="00:11:35,373" />
  </s>
  <s id="85">
    <time id="T70S" value="00:11:36,940" />
Mitt i gränslinjen. 
  </s>
  <s id="86">
Verkar inte det lite väl teatraliskt?
    <time id="T70E" value="00:11:42,878" />
  </s>
  <s id="87">
    <time id="T71S" value="00:11:46,573" />
Här påträffades löjtnant Chois kropp.
    <time id="T71E" value="00:11:50,819" />
  </s>
  <s id="88">
    <time id="T72S" value="00:11:52,687" />
Och där stupade menige Jung.
    <time id="T72E" value="00:11:56,964" />
  </s>
  <s id="89">
    <time id="T73S" value="00:12:01,840" />
En källarbunker?
    <time id="T73E" value="00:12:04,228" />
  </s>
  <s id="90">
    <time id="T74S" value="00:12:16,508" />
Menige Jung var en begåvad konstnär.
    <time id="T74E" value="00:12:19,837" />
  </s>
  <s id="91">
    <time id="T75S" value="00:12:20,425" />
Han vann en nationell konsttävling.
  </s>
  <s id="92">
Han var populär bland soldaterna för att han ritade av deras flickvänner.
    <time id="T76E" value="00:12:29,207" />
  </s>
  <s id="93">
    <time id="T77S" value="00:12:29,778" />
RIS ÄR kommunism
    <time id="T77E" value="00:12:31,915" />
  </s>
  <s id="94">
    <time id="T78S" value="00:12:32,934" />
När Lee lämnat vaktposten stormade sydkoreanska soldater in.
    <time id="T78E" value="00:12:39,459" />
  </s>
  <s id="95">
    <time id="T79S" value="00:12:40,926" />
Lyckligtvis överlevde sergeant Oh.
  </s>
  <s id="96">
Annars hade Syd spridit ut lögner om att det var en provokation anordnad av Nordkorea.
    <time id="T80E" value="00:12:51,579" />
  </s>
  <s id="97">
    <time id="T81S" value="00:12:52,838" />
-Det är ju vad de påstår nu.
  </s>
  <s id="98">
-Vem tror på det?
    <time id="T81E" value="00:12:57,185" />
  </s>
  <s id="99">
    <time id="T82S" value="00:12:57,913" />
Vi har ju ett ögonvittne.
    <time id="T82E" value="00:13:00,681" />
  </s>
  <s id="100">
    <time id="T83S" value="00:13:07,666" />
Ligg kvar.
  </s>
  <s id="101">
Det här är major Jean från NNSC.
    <time id="T83E" value="00:13:13,240" />
  </s>
  <s id="102">
    <time id="T84S" value="00:13:20,894" />
-Mår du bra?
  </s>
  <s id="103">
-Det är ingen fara med mig.
    <time id="T84E" value="00:13:25,630" />
  </s>
  <s id="104">
    <time id="T85S" value="00:13:29,527" />
Det här gjorde en terrorist i Libyen.
  </s>
  <s id="105">
Han skar mig med en kniv.
    <time id="T85E" value="00:13:34,263" />
  </s>
  <s id="106">
    <time id="T86S" value="00:13:35,043" />
En gång i Egypten fick jag skrapa bort granatsplitter. 
  </s>
  <s id="107">
Vill ni se?
    <time id="T86E" value="00:13:40,377" />
  </s>
  <s id="108">
    <time id="T87S" value="00:13:43,157" />
Verkligen? 
  </s>
  <s id="109">
Ska vi kika på det?
    <time id="T87E" value="00:13:46,842" />
  </s>
  <s id="110">
    <time id="T88S" value="00:13:52,827" />
Jag är glad över att du mår bra.
    <time id="T88E" value="00:13:55,945" />
  </s>
  <s id="111">
    <time id="T89S" value="00:13:56,825" />
Kan du berätta lite om den där natten?
    <time id="T89E" value="00:14:00,682" />
  </s>
  <s id="112">
    <time id="T90S" value="00:14:02,500" />
-Allt står i mitt utlåtande.
  </s>
  <s id="113">
-Som du gav helt omtöcknad?
    <time id="T90E" value="00:14:08,256" />
  </s>
  <s id="114">
    <time id="T91S" value="00:14:12,531" />
Jävla slyna...!
    <time id="T91E" value="00:14:14,848" />
  </s>
  <s id="115">
    <time id="T92S" value="00:14:15,728" />
Förlåt, vad sa du?
    <time id="T92E" value="00:14:18,846" />
  </s>
  <s id="116">
    <time id="T93S" value="00:14:21,444" />
Utlåtanden finns - men ändå är det ingen som säger nånting!
    <time id="T93E" value="00:14:26,569" />
  </s>
  <s id="117">
    <time id="T94S" value="00:14:31,757" />
-Hur var permissionen?
  </s>
  <s id="118">
-Som vanligt. 
  </s>
  <s id="119">
Inget märkvärdigt.
    <time id="T94E" value="00:14:37,371" />
  </s>
  <s id="120">
    <time id="T95S" value="00:15:44,176" />
En provokation.
  </s>
  <s id="121">
Familjen togs hit med avsikt.
    <time id="T95E" value="00:15:48,739" />
  </s>
  <s id="122">
    <time id="T96S" value="00:15:56,446" />
Två skott. 
  </s>
  <s id="123">
Ett i bröstet - krossade revbenen och gjorde hål i lungan.
    <time id="T96E" value="00:16:02,968" />
  </s>
  <s id="124">
    <time id="T97S" value="00:16:05,116" />
Men det var inte det dödande skottet.
    <time id="T97E" value="00:16:08,874" />
  </s>
  <s id="125">
    <time id="T98S" value="00:16:16,148" />
Det var den andra kulan som dödade honom.
    <time id="T98E" value="00:16:19,906" />
  </s>
  <s id="126">
    <time id="T99S" value="00:16:21,983" />
Av vinkeln att döma blev han skjuten från nära håll.
    <time id="T99E" value="00:16:26,300" />
  </s>
  <s id="127">
    <time id="T100S" value="00:16:27,019" />
-Det här gynnar inte utredningen.
  </s>
  <s id="128">
-Hur så?
    <time id="T100E" value="00:16:31,586" />
  </s>
  <s id="129">
    <time id="T101S" value="00:16:34,453" />
Han sköts på nytt, medan han låg ner. 
  </s>
  <s id="130">
Det var en ren avrättning.
    <time id="T101E" value="00:16:41,576" />
  </s>
  <s id="131">
    <time id="T102S" value="00:16:45,963" />
Så går det ofta till när motivet är hämnd.
    <time id="T102E" value="00:16:50,170" />
  </s>
  <s id="132">
    <time id="T103S" value="00:16:50,919" />
Vad gäller nästa...
  </s>
  <s id="133">
Totalt åtta kulor.
    <time id="T103E" value="00:16:56,994" />
  </s>
  <s id="134">
    <time id="T104S" value="00:16:58,673" />
Ofattbart. 
  </s>
  <s id="135">
Från det avståndet gick kulorna rakt igenom honom.
    <time id="T104E" value="00:17:03,967" />
  </s>
  <s id="136">
    <time id="T105S" value="00:17:04,827" />
Första kulan träffade ansiktet.
  </s>
  <s id="137">
Han avled direkt.
    <time id="T105E" value="00:17:08,895" />
  </s>
  <s id="138">
    <time id="T106S" value="00:17:09,585" />
Resten av kulorna sköts in i en död kropp.
    <time id="T106E" value="00:17:13,581" />
  </s>
  <s id="139">
    <time id="T107S" value="00:17:24,210" />
Choi dödades med en välriktad kula.
  </s>
  <s id="140">
Resten sköts enbart impulsivt.
    <time id="T107E" value="00:17:31,587" />
  </s>
  <s id="141">
    <time id="T108S" value="00:17:32,724" />
Intressant skillnad.
    <time id="T108E" value="00:17:35,671" />
  </s>
  <s id="142">
    <time id="T109S" value="00:17:36,920" />
Lee Soo Hyuk.
    <time id="T109E" value="00:17:39,687" />
  </s>
  <s id="143">
    <time id="T110S" value="00:17:40,237" />
-Han var en bra karl.
  </s>
  <s id="144">
-Ja, jag förstår det.
    <time id="T110E" value="00:17:45,115" />
  </s>
  <s id="145">
    <time id="T111S" value="00:17:45,913" />
En gång hörde han hur man förbannade vår president.
    <time id="T111E" value="00:17:51,069" />
  </s>
  <s id="146">
    <time id="T112S" value="00:17:51,907" />
Då tog Soo Hyuk en sten och slog sönder deras fönster.
    <time id="T112E" value="00:17:57,275" />
  </s>
  <s id="147">
    <time id="T113S" value="00:17:58,743" />
Jag samlade mina mannar och sa:
  </s>
  <s id="148">
"Härligt - bra gjort!"
    <time id="T113E" value="00:18:04,078" />
  </s>
  <s id="149">
    <time id="T114S" value="00:18:05,017" />
En gång halkade han efter gruppen.
  </s>
  <s id="150">
Det blev nästan uppror i leden.
    <time id="T114E" value="00:18:11,543" />
  </s>
  <s id="151">
    <time id="T115S" value="00:18:12,571" />
Fyra timmar senare dyker han upp igen.
    <time id="T115E" value="00:18:18,048" />
  </s>
  <s id="152">
    <time id="T116S" value="00:18:19,766" />
Han sa att han trampat på en mina och fick desarmera den. 
  </s>
  <s id="153">
Helvete!
    <time id="T116E" value="00:18:25,420" />
  </s>
  <s id="154">
    <time id="T117S" value="00:18:26,320" />
Då förstod jag att han var nånting extra.
    <time id="T117E" value="00:18:30,987" />
  </s>
  <s id="155">
    <time id="T118S" value="00:18:31,756" />
Han hade nerver av stål!
    <time id="T118E" value="00:18:35,543" />
  </s>
  <s id="156">
    <time id="T119S" value="00:18:36,350" />
Nam Sung Shik, du var med Lee när det hela inträffade - eller hur?
    <time id="T119E" value="00:18:43,685" />
  </s>
  <s id="157">
    <time id="T120S" value="00:18:44,864" />
Ja, frun!
    <time id="T120E" value="00:18:46,474" />
  </s>
  <s id="158">
    <time id="T121S" value="00:18:47,422" />
Jag är faktiskt inte döv.
    <time id="T121E" value="00:18:50,608" />
  </s>
  <s id="159">
    <time id="T122S" value="00:18:51,219" />
Varför gick sergeant Lee ut ensam?
    <time id="T122E" value="00:18:54,697" />
  </s>
  <s id="160">
    <time id="T123S" value="00:18:55,615" />
Naturen kallade.
    <time id="T123E" value="00:18:58,103" />
  </s>
  <s id="161">
    <time id="T124S" value="00:18:58,612" />
Får en soldat lämna sin post för sånt?
    <time id="T124E" value="00:19:02,608" />
  </s>
  <s id="162">
    <time id="T125S" value="00:19:04,767" />
Får man förstoppning måste man ta vara på varje tillfälle, sa han.
    <time id="T125E" value="00:19:10,244" />
  </s>
  <s id="163">
    <time id="T126S" value="00:19:21,394" />
Hur många kulor fanns det i sergeant Lees Beretta?
    <time id="T126E" value="00:19:26,030" />
  </s>
  <s id="164">
    <time id="T127S" value="00:19:32,345" />
Fem stycken.
    <time id="T127E" value="00:19:34,303" />
  </s>
  <s id="165">
    <time id="T128S" value="00:19:34,743" />
-Hur många fanns i kropparna?
  </s>
  <s id="166">
-Elva stycken, allt som allt.
    <time id="T128E" value="00:19:41,978" />
  </s>
  <s id="167">
    <time id="T129S" value="00:19:44,935" />
-Hur många ryms i ett magasin?
  </s>
  <s id="168">
-Femton. 
  </s>
  <s id="169">
Men...
    <time id="T129E" value="00:19:50,689" />
  </s>
  <s id="170">
    <time id="T130S" value="00:19:53,366" />
Den sextonde kan tryckas in så här.
    <time id="T130E" value="00:19:57,265" />
  </s>
  <s id="171">
    <time id="T131S" value="00:20:04,836" />
Okej...
    <time id="T131E" value="00:20:06,556" />
  </s>
  <s id="172">
    <time id="T132S" value="00:20:07,516" />
Antalet patroner som sätts in beror på vad man är van vid.
    <time id="T132E" value="00:20:13,200" />
  </s>
  <s id="173">
    <time id="T133S" value="00:20:15,028" />
Det här är lösa patroner.
  </s>
  <s id="174">
Ladda dem som du brukar göra.
    <time id="T133E" value="00:20:20,085" />
  </s>
  <s id="175">
    <time id="T134S" value="00:20:21,583" />
Vägrar du att prata överhuvudtaget?
    <time id="T134E" value="00:20:25,131" />
  </s>
  <s id="176">
    <time id="T135S" value="00:20:27,419" />
Jag besökte norra sidan och jag såg kropparna.
    <time id="T135E" value="00:20:31,626" />
  </s>
  <s id="177">
    <time id="T136S" value="00:20:33,175" />
Varför skjuta en man åtta gånger, om man bara vill fly?
    <time id="T136E" value="00:20:37,739" />
  </s>
  <s id="178">
    <time id="T137S" value="00:20:39,728" />
-Jag har bilder på kropparna.
  </s>
  <s id="179">
-Jag vill inte se dem.
    <time id="T137E" value="00:20:45,205" />
  </s>
  <s id="180">
    <time id="T138S" value="00:20:48,520" />
Du har trevlig röst.
    <time id="T138E" value="00:20:51,328" />
  </s>
  <s id="181">
    <time id="T139S" value="00:21:32,285" />
Det sägs att du är snabb med vapen.
  </s>
  <s id="182">
Stämmer det? 
  </s>
  <s id="183">
Kan du visa mig?
    <time id="T139E" value="00:21:38,219" />
  </s>
  <s id="184">
    <time id="T140S" value="00:21:41,997" />
Snabbhet är inte viktigast i strid.
    <time id="T140E" value="00:21:46,134" />
  </s>
  <s id="185">
    <time id="T141S" value="00:21:48,830" />
Det är självbehärskning och tapperhet som gäller.
    <time id="T141E" value="00:21:53,006" />
  </s>
  <s id="186">
    <time id="T142S" value="00:21:53,947" />
Det betyder allt.
    <time id="T142E" value="00:21:56,366" />
  </s>
  <s id="187">
    <time id="T143S" value="00:21:57,703" />
Kan du ladda vapnet igen, precis som förut?
    <time id="T143E" value="00:22:02,300" />
  </s>
  <s id="188">
    <time id="T144S" value="00:22:09,453" />
Är du verkligen schweizisk soldat?
    <time id="T144E" value="00:22:12,780" />
  </s>
  <s id="189">
    <time id="T145S" value="00:22:16,527" />
Pratar sergeant Lee mycket om militärlivet?
    <time id="T145E" value="00:22:21,404" />
  </s>
  <s id="190">
    <time id="T146S" value="00:22:22,962" />
Han försöker, men jag förbjuder honom.
    <time id="T146E" value="00:22:26,219" />
  </s>
  <s id="191">
    <time id="T147S" value="00:22:26,839" />
Har han nånsin pratat om uppdrag, eller om specialutbildning?
    <time id="T147E" value="00:22:33,365" />
  </s>
  <s id="192">
    <time id="T148S" value="00:22:35,711" />
Specialutbildning?
    <time id="T148E" value="00:22:38,199" />
  </s>
  <s id="193">
    <time id="T149S" value="00:22:38,748" />
-Kan du hjälpa mig?
  </s>
  <s id="194">
-Oroar du dig inte för sergeant Lee?
    <time id="T149E" value="00:22:45,065" />
  </s>
  <s id="195">
    <time id="T150S" value="00:22:47,343" />
Vi har inget seriöst förhållande.
    <time id="T150E" value="00:22:50,819" />
  </s>
  <s id="196">
    <time id="T151S" value="00:22:53,136" />
Hur är han som person?
    <time id="T151E" value="00:22:56,924" />
  </s>
  <s id="197">
    <time id="T152S" value="00:22:57,893" />
Han behandlar min bror väldigt bra.
    <time id="T152E" value="00:23:02,769" />
  </s>
  <s id="198">
    <time id="T153S" value="00:23:03,608" />
Min bror hade inte många vänner när han var liten.
    <time id="T153E" value="00:23:07,786" />
  </s>
  <s id="199">
    <time id="T154S" value="00:23:08,485" />
Men när han tog värvning blev allt mycket bättre. 
  </s>
  <s id="200">
Tack vare Soo Hyuk.
    <time id="T154E" value="00:23:12,131" />
  </s>
  <s id="201">
    <time id="T155S" value="00:23:12,761" />
Han har ett gott hjärta. 
  </s>
  <s id="202">
Antagligen för att han också växte upp fattig.
    <time id="T155E" value="00:23:17,007" />
  </s>
  <s id="203">
    <time id="T156S" value="00:23:17,716" />
-Vänta lite... 
  </s>
  <s id="204">
Din bror?
  </s>
  <s id="205">
-Visste du inte det?
    <time id="T156E" value="00:23:22,593" />
  </s>
  <s id="206">
    <time id="T157S" value="00:23:23,431" />
Menige Nam Sung Shik.
  </s>
  <s id="207">
De är i samma pluton.
    <time id="T157E" value="00:23:26,549" />
  </s>
  <s id="208">
    <time id="T158S" value="00:23:27,108" />
Han ville att jag skulle träffa Soo Hyuk, och det gjorde jag.
    <time id="T158E" value="00:23:31,077" />
  </s>
  <s id="209">
    <time id="T159S" value="00:23:35,661" />
Vad är det?
  </s>
  <s id="210">
Har jag nånting i ansiktet?
    <time id="T159E" value="00:23:39,627" />
  </s>
  <s id="211">
    <time id="T160S" value="00:23:42,497" />
Nej, inte alls.
    <time id="T160E" value="00:23:44,664" />
  </s>
  <s id="212">
    <time id="T161S" value="00:23:57,363" />
4 NOVEMBER KLOCKAN 15.50
    <time id="T161E" value="00:23:59,681" />
  </s>
  <s id="213">
    <time id="T162S" value="00:24:08,435" />
På tre soldater påträffades elva skottskador.
    <time id="T162E" value="00:24:12,889" />
  </s>
  <s id="214">
    <time id="T163S" value="00:24:13,668" />
Tio kulor hittades på platsen.
  </s>
  <s id="215">
En saknades.
    <time id="T163E" value="00:24:18,447" />
  </s>
  <s id="216">
    <time id="T164S" value="00:24:19,267" />
Den saknade kulan.
  </s>
  <s id="217">
Det fanns fem stycken i ditt vapen.
    <time id="T164E" value="00:24:25,090" />
  </s>
  <s id="218">
    <time id="T165S" value="00:24:27,938" />
Fem plus tio kulor gör tillsammans 15 stycken.
    <time id="T165E" value="00:24:32,354" />
  </s>
  <s id="219">
    <time id="T166S" value="00:24:33,134" />
Eftersom du inte laddar en extra, hade du 15 stycken från början.
    <time id="T166E" value="00:24:39,877" />
  </s>
  <s id="220">
    <time id="T167S" value="00:24:42,687" />
Vad är då det här för kula? 
  </s>
  <s id="221">
Du sköt den inte - och den påträffades inte.
    <time id="T167E" value="00:24:48,931" />
  </s>
  <s id="222">
    <time id="T168S" value="00:24:49,920" />
Men den genomborrade en soldats kropp.
    <time id="T168E" value="00:24:53,918" />
  </s>
  <s id="223">
    <time id="T169S" value="00:24:55,197" />
Om någon gömde kulan, gjorde han det för att han är rädd för att vapnet ska bli avslöjat.
  </s>
  <s id="224">
Det innebär alltså att det fanns en femte person på platsen.
    <time id="T171E" value="00:25:08,715" />
  </s>
  <s id="225">
    <time id="T172S" value="00:25:10,542" />
Vad anser du om min teori?
    <time id="T172E" value="00:25:13,559" />
  </s>
  <s id="226">
    <time id="T173S" value="00:25:17,938" />
Ibland tänder de eldar vid gränszonerna - för att se bättre.
    <time id="T173E" value="00:25:22,883" />
  </s>
  <s id="227">
    <time id="T174S" value="00:25:24,090" />
En natt brände vi en hel åker.
    <time id="T174E" value="00:25:27,668" />
  </s>
  <s id="228">
    <time id="T175S" value="00:25:29,406" />
Alla minor exploderade, precis som ett fyrverkeri. 
  </s>
  <s id="229">
En annan gång...
    <time id="T175E" value="00:25:35,301" />
  </s>
  <s id="230">
    <time id="T176S" value="00:25:38,200" />
Var menige Nam också med då?
    <time id="T176E" value="00:25:41,525" />
  </s>
  <s id="231">
    <time id="T177S" value="00:25:51,507" />
Det är är Berettan du hade när du räddades.
    <time id="T177E" value="00:25:55,086" />
  </s>
  <s id="232">
    <time id="T178S" value="00:25:55,745" />
Alla antog att det var ditt vapen.
    <time id="T178E" value="00:25:58,933" />
  </s>
  <s id="233">
    <time id="T179S" value="00:26:01,579" />
Jag bad dem att undersöka serienumret.
    <time id="T179E" value="00:26:05,646" />
  </s>
  <s id="234">
    <time id="T180S" value="00:26:06,377" />
Vapnet tillhör menige Nam.
    <time id="T180E" value="00:26:08,794" />
  </s>
  <s id="235">
    <time id="T181S" value="00:26:09,654" />
Han sa att vapnet bara avlossades en enda gång.
    <time id="T181E" value="00:26:14,038" />
  </s>
  <s id="236">
    <time id="T182S" value="00:26:18,766" />
Beretta M-9 är ett automatvapen.
    <time id="T182E" value="00:26:22,174" />
  </s>
  <s id="237">
    <time id="T183S" value="00:26:22,762" />
Slutstycket går tillbaka efter varje skott.
    <time id="T183E" value="00:26:25,739" />
  </s>
  <s id="238">
    <time id="T184S" value="00:26:26,278" />
Den gick sönder här. 
  </s>
  <s id="239">
Du vet det, för du är expert på vapen.
    <time id="T184E" value="00:26:31,196" />
  </s>
  <s id="240">
    <time id="T185S" value="00:26:31,995" />
Jag kollade vapnet som Nam lämnade tillbaka.
    <time id="T185E" value="00:26:35,892" />
  </s>
  <s id="241">
    <time id="T186S" value="00:26:36,590" />
En kontroll av vapnet avslöjade mer än bara krutrester:
    <time id="T186E" value="00:26:41,576" />
  </s>
  <s id="242">
    <time id="T187S" value="00:26:44,264" />
Blodfläckar.
    <time id="T187E" value="00:26:46,363" />
  </s>
  <s id="243">
    <time id="T188S" value="00:26:54,776" />
Slutstycket sköts tillbaka och fastnade efter första skottet.
    <time id="T188E" value="00:27:00,249" />
  </s>
  <s id="244">
    <time id="T189S" value="00:27:03,608" />
Blod från kroppen stänkte hit...
    <time id="T189E" value="00:27:07,117" />
  </s>
  <s id="245">
    <time id="T190S" value="00:27:15,119" />
Blodet visade sig tillhöra menig Jung.
    <time id="T190E" value="00:27:19,225" />
  </s>
  <s id="246">
    <time id="T191S" value="00:27:19,955" />
Blodfläckarna här syntes inte, så de blev aldrig borttorkade.
    <time id="T191E" value="00:27:26,519" />
  </s>
  <s id="247">
    <time id="T192S" value="00:27:32,145" />
Sergeant Lee, har du hört talas om Keelers polygraf?
    <time id="T192E" value="00:27:36,740" />
  </s>
  <s id="248">
    <time id="T193S" value="00:27:37,540" />
Även känd som en lögndetektor.
    <time id="T193E" value="00:27:40,416" />
  </s>
  <s id="249">
    <time id="T194S" value="00:27:45,095" />
Skjut inte - den är inte laddad!
    <time id="T194E" value="00:27:48,111" />
  </s>
  <s id="250">
    <time id="T195S" value="00:27:48,649" />
Lägg ner vapnet!
    <time id="T195E" value="00:27:50,789" />
  </s>
  <s id="251">
    <time id="T196S" value="00:27:56,245" />
Ja?
    <time id="T196E" value="00:27:57,854" />
  </s>
  <s id="252">
    <time id="T197S" value="00:28:17,665" />
Vad är det som händer?
    <time id="T197E" value="00:28:20,295" />
  </s>
  <s id="253">
    <time id="T198S" value="00:28:24,062" />
Helvete...!
    <time id="T198E" value="00:28:25,879" />
  </s>
  <s id="254">
    <time id="T199S" value="00:28:48,801" />
Kom ihåg att det är förbjudet att fotografera.
    <time id="T199E" value="00:28:53,365" />
  </s>
  <s id="255">
    <time id="T200S" value="00:29:33,484" />
Tack så mycket.
    <time id="T200E" value="00:29:35,732" />
  </s>
  <s id="256">
    <time id="T201S" value="00:29:39,837" />
Om jag varit sydkoreansk soldat hade min arm brutit mot lagen.
    <time id="T201E" value="00:29:45,274" />
  </s>
  <s id="257">
    <time id="T202S" value="00:29:54,786" />
Lagen förbjuder all kommunikation med nordkoreaner.
    <time id="T202E" value="00:29:59,732" />
  </s>
  <s id="258">
    <time id="T203S" value="00:30:00,540" />
Jag skulle kunna bli hängd för det jag nyss gjorde.
    <time id="T203E" value="00:30:04,116" />
  </s>
  <s id="259">
    <time id="T204S" value="00:30:18,967" />
17 FEBRUARI KLOCKAN 17.35
    <time id="T204E" value="00:30:21,704" />
  </s>
  <s id="260">
    <time id="T205S" value="00:30:35,112" />
Här är checkpoint 2.
  </s>
  <s id="261">
Är det här nummer 3?
    <time id="T205E" value="00:30:40,657" />
  </s>
  <s id="262">
    <time id="T206S" value="00:30:43,666" />
-Vilka är koordinaterna?
  </s>
  <s id="263">
-Om vi befinner oss här...
    <time id="T206E" value="00:30:48,891" />
  </s>
  <s id="264">
    <time id="T207S" value="00:31:12,040" />
Vi har alltså överskridit gränsen?
    <time id="T207E" value="00:31:14,919" />
  </s>
  <s id="265">
    <time id="T208S" value="00:31:30,867" />
Vi har strulat till det.
    <time id="T208E" value="00:31:33,773" />
  </s>
  <s id="266">
    <time id="T209S" value="00:31:35,701" />
Retirera - snabbt!
    <time id="T209E" value="00:31:38,119" />
  </s>
  <s id="267">
    <time id="T210S" value="00:32:23,542" />
Sergeant Hwang...!
    <time id="T210E" value="00:32:26,279" />
  </s>
  <s id="268">
    <time id="T211S" value="00:32:26,859" />
Löjtnant Choi...!
    <time id="T211E" value="00:32:29,316" />
  </s>
  <s id="269">
    <time id="T212S" value="00:32:31,695" />
Hjälp mig...!
    <time id="T212E" value="00:32:33,903" />
  </s>
  <s id="270">
    <time id="T213S" value="00:32:35,211" />
Snow Base ... 
  </s>
  <s id="271">
Tre-två.
    <time id="T213E" value="00:32:38,298" />
  </s>
  <s id="272">
    <time id="T214S" value="00:34:26,878" />
Du skulle ju inte ta med dig hundjäveln!
    <time id="T214E" value="00:34:30,596" />
  </s>
  <s id="273">
    <time id="T215S" value="00:34:31,316" />
-Det gjorde jag inte heller!
  </s>
  <s id="274">
-Håll käften!
    <time id="T215E" value="00:34:33,454" />
  </s>
  <s id="275">
    <time id="T216S" value="00:34:33,873" />
Jag står på en mina!
    <time id="T216E" value="00:34:36,569" />
  </s>
  <s id="276">
    <time id="T217S" value="00:34:39,187" />
Vi kan komma att dö, allihop.
    <time id="T217E" value="00:34:41,787" />
  </s>
  <s id="277">
    <time id="T218S" value="00:34:42,266" />
Försiktigt!
    <time id="T218E" value="00:34:44,014" />
  </s>
  <s id="278">
    <time id="T219S" value="00:34:45,863" />
Kom inte närmare!
    <time id="T219E" value="00:34:48,001" />
  </s>
  <s id="279">
    <time id="T220S" value="00:34:48,421" />
Ett steg till och jag utlöser minan!
    <time id="T220E" value="00:34:51,966" />
  </s>
  <s id="280">
    <time id="T221S" value="00:35:03,727" />
Jävla dårar!
  </s>
  <s id="281">
Ska ni bara lämna mig här?
  </s>
  <s id="282">
!
    <time id="T221E" value="00:35:08,144" />
  </s>
  <s id="283">
    <time id="T222S" value="00:35:11,002" />
Du sa ju till oss att gå.
    <time id="T222E" value="00:35:13,979" />
  </s>
  <s id="284">
    <time id="T223S" value="00:35:14,558" />
Ni skulle inte komma närmare.
  </s>
  <s id="285">
Jag bad er inte att gå...!
    <time id="T223E" value="00:35:19,436" />
  </s>
  <s id="286">
    <time id="T224S" value="00:35:24,750" />
Rädda mig!
    <time id="T224E" value="00:35:26,847" />
  </s>
  <s id="287">
    <time id="T225S" value="00:35:32,305" />
En vuxen karl som gråter som en bebis...!
    <time id="T225E" value="00:35:36,091" />
  </s>
  <s id="288">
    <time id="T226S" value="00:35:52,287" />
Sergeant Oh?
  </s>
  <s id="289">
Vad händer om...
    <time id="T226E" value="00:35:55,975" />
  </s>
  <s id="290">
    <time id="T227S" value="00:35:58,482" />
Nu går vi...!
    <time id="T227E" value="00:36:00,970" />
  </s>
  <s id="291">
    <time id="T228S" value="00:36:08,114" />
Ta den - det är en present.
    <time id="T228E" value="00:36:11,232" />
  </s>
  <s id="292">
    <time id="T229S" value="00:36:35,611" />
-Vi går.
  </s>
  <s id="293">
-Du också, lilla vovven.
    <time id="T229E" value="00:36:39,507" />
  </s>
  <s id="294">
    <time id="T230S" value="00:36:43,045" />
-Var rädd om dig!
  </s>
  <s id="295">
-Den där minan...
    <time id="T230E" value="00:36:47,461" />
  </s>
  <s id="296">
    <time id="T231S" value="00:37:06,746" />
Kanin!
    <time id="T231E" value="00:37:08,604" />
  </s>
  <s id="297">
    <time id="T232S" value="00:37:17,216" />
Kanin!
    <time id="T232E" value="00:37:19,385" />
  </s>
  <s id="298">
    <time id="T233S" value="00:37:20,054" />
Här har ni er jävla kanin!
    <time id="T233E" value="00:37:23,241" />
  </s>
  <s id="299">
    <time id="T234S" value="00:39:10,243" />
Skuggan överskrider gränsen.
  </s>
  <s id="300">
Se upp.
    <time id="T234E" value="00:39:13,679" />
  </s>
  <s id="301">
    <time id="T235S" value="00:39:32,744" />
Skriver du fortfarande till Soo Jung?
    <time id="T235E" value="00:39:36,041" />
  </s>
  <s id="302">
    <time id="T236S" value="00:39:36,620" />
Ja.
    <time id="T236E" value="00:39:38,159" />
  </s>
  <s id="303">
    <time id="T237S" value="00:39:47,691" />
Jag tackade inte för senast, broder.
  </s>
  <s id="304">
Får jag kalla dig broder?
    <time id="T237E" value="00:39:53,026" />
  </s>
  <s id="305">
    <time id="T238S" value="00:39:53,885" />
-Jag har alltid velat ha en bror.
  </s>
  <s id="306">
-Här får man jämt höra "kamrat".
    <time id="T238E" value="00:40:01,120" />
  </s>
  <s id="307">
    <time id="T239S" value="00:40:02,398" />
Det är trevligt att bli kallad "broder".
    <time id="T239E" value="00:40:04,955" />
  </s>
  <s id="308">
    <time id="T240S" value="00:40:05,435" />
Min hobby är baseball.
  </s>
  <s id="309">
Jag var kastare i gymnasiet.
    <time id="T240E" value="00:40:09,963" />
  </s>
  <s id="310">
    <time id="T241S" value="00:40:18,346" />
Jag tyckte om kassetterna som du skickade.
    <time id="T241E" value="00:40:21,434" />
  </s>
  <s id="311">
    <time id="T242S" value="00:40:21,982" />
Han Da Su var svår i början, men nu tycker jag om det.
    <time id="T242E" value="00:40:26,928" />
  </s>
  <s id="312">
    <time id="T243S" value="00:40:27,776" />
Kim Hyun Shik är också bra.
    <time id="T243E" value="00:40:30,517" />
  </s>
  <s id="313">
    <time id="T244S" value="00:40:32,215" />
Men har ni inga kvinnliga sångerskor här?
    <time id="T244E" value="00:40:36,460" />
  </s>
  <s id="314">
    <time id="T245S" value="00:41:52,466" />
Det var inte meningen. 
  </s>
  <s id="315">
Jag tänkte skriva och skoja med honom.
    <time id="T245E" value="00:41:57,873" />
  </s>
  <s id="316">
    <time id="T246S" value="00:41:59,581" />
Jag trodde aldrig att han skulle komma hit. 
  </s>
  <s id="317">
Hur galen får man bli?
  </s>
  <s id="318">
!
    <time id="T246E" value="00:42:04,706" />
  </s>
  <s id="319">
    <time id="T247S" value="00:42:08,773" />
På återseende.
    <time id="T247E" value="00:42:11,052" />
  </s>
  <s id="320">
    <time id="T248S" value="00:42:11,571" />
Jag menade inte att du skulle gå!
    <time id="T248E" value="00:42:14,657" />
  </s>
  <s id="321">
    <time id="T249S" value="00:42:17,645" />
Ni har gjort en fantastisk sak.
  </s>
  <s id="322">
Ett halvt sekel efter splittringen har ni brutit vår skamliga historia och öppnat våra länders förenade damm! 
  </s>
  <s id="323">
Vi välkomnar dig.
    <time id="T251E" value="00:42:33,054" />
  </s>
  <s id="324">
    <time id="T252S" value="00:42:41,986" />
Förlåt mig.
    <time id="T252E" value="00:42:44,054" />
  </s>
  <s id="325">
    <time id="T253S" value="00:42:50,978" />
11 APRIL KLOCKAN 03.17
    <time id="T253E" value="00:42:53,645" />
  </s>
  <s id="326">
    <time id="T254S" value="00:43:01,248" />
Har du befordrats? 
  </s>
  <s id="327">
Tack vare mig har du fått leva och bli sergeant.
    <time id="T254E" value="00:43:05,886" />
  </s>
  <s id="328">
    <time id="T255S" value="00:43:06,645" />
Som död hade jag blivit översergeant.
  </s>
  <s id="329">
Tänk om jag vågat flytta foten...
    <time id="T255E" value="00:43:11,561" />
  </s>
  <s id="330">
    <time id="T256S" value="00:43:12,361" />
-Jag räddade faktiskt era liv.
  </s>
  <s id="331">
-Du snackar en massa skit.
    <time id="T256E" value="00:43:16,496" />
  </s>
  <s id="332">
    <time id="T257S" value="00:43:17,275" />
Flytta på er armé, så att vi får slåss mot jänkarna!
    <time id="T257E" value="00:43:22,751" />
  </s>
  <s id="333">
    <time id="T258S" value="00:43:23,670" />
Bara två år och två månader?
  </s>
  <s id="334">
Vi tjänstgör i 13 år!
    <time id="T258E" value="00:43:29,604" />
  </s>
  <s id="335">
    <time id="T259S" value="00:43:33,103" />
Jag är snabb med vapen, och jag brukar träna ofta.
    <time id="T259E" value="00:43:38,229" />
  </s>
  <s id="336">
    <time id="T260S" value="00:43:39,097" />
Med vattenpistol? 
  </s>
  <s id="337">
Du måste sluta att pissa på dig omkring minor!
    <time id="T260E" value="00:43:44,325" />
  </s>
  <s id="338">
    <time id="T261S" value="00:44:00,480" />
Ja, du är ganska snabb.
    <time id="T261E" value="00:44:03,457" />
  </s>
  <s id="339">
    <time id="T262S" value="00:44:07,875" />
Men har du någonsin...
    <time id="T262E" value="00:44:10,782" />
  </s>
  <s id="340">
    <time id="T263S" value="00:44:20,344" />
-...skjutit en man?
  </s>
  <s id="341">
-Nej.
    <time id="T263E" value="00:44:24,240" />
  </s>
  <s id="342">
    <time id="T264S" value="00:44:25,419" />
Det har jag gjort, flera gånger.
    <time id="T264E" value="00:44:28,156" />
  </s>
  <s id="343">
    <time id="T265S" value="00:44:31,175" />
Okej, jag förstår.
    <time id="T265E" value="00:44:34,152" />
  </s>
  <s id="344">
    <time id="T266S" value="00:44:35,971" />
Vår kamrat har varit överallt:
  </s>
  <s id="345">
Afrika, Mellanöstern...
    <time id="T266E" value="00:44:40,605" />
  </s>
  <s id="346">
    <time id="T267S" value="00:44:41,365" />
Han har utbildat soldater i tio år!
  </s>
  <s id="347">
Det visste ni inte, eller hur?
    <time id="T267E" value="00:44:46,802" />
  </s>
  <s id="348">
    <time id="T268S" value="00:44:48,040" />
Sergeant Lee, det viktigaste i strid är inte snabbhet.
    <time id="T268E" value="00:44:54,286" />
  </s>
  <s id="349">
    <time id="T269S" value="00:44:55,795" />
Krigsfärdigheter existerar inte.
    <time id="T269E" value="00:44:58,602" />
  </s>
  <s id="350">
    <time id="T270S" value="00:44:59,111" />
Självbehärskning och tapperhet.
  </s>
  <s id="351">
Det betyder allt!
    <time id="T270E" value="00:45:04,656" />
  </s>
  <s id="352">
    <time id="T271S" value="00:45:07,704" />
Varför bevakar en stor krigare som du den här posten?
    <time id="T271E" value="00:45:12,480" />
  </s>
  <s id="353">
    <time id="T272S" value="00:45:13,260" />
Självbehärskning, förstås.
    <time id="T272E" value="00:45:16,376" />
  </s>
  <s id="354">
    <time id="T273S" value="00:45:22,253" />
Har du kvar tändhatten från minan?
  </s>
  <s id="355">
Behåll den. 
  </s>
  <s id="356">
Kulor biter inte på dig.
    <time id="T273E" value="00:45:28,915" />
  </s>
  <s id="357">
    <time id="T274S" value="00:45:59,061" />
-Häftigt...!
  </s>
  <s id="358">
-Varför gillar du allt från Amerika?
    <time id="T274E" value="00:46:04,116" />
  </s>
  <s id="359">
    <time id="T275S" value="00:46:04,975" />
Prova den, så förstår du att den är fantastisk.
    <time id="T275E" value="00:46:09,153" />
  </s>
  <s id="360">
    <time id="T276S" value="00:46:09,893" />
-Den är säkert dyr.
  </s>
  <s id="361">
-Den gör rent tänderna också.
    <time id="T276E" value="00:46:14,907" />
  </s>
  <s id="362">
    <time id="T277S" value="00:46:30,156" />
Ligg...!
    <time id="T277E" value="00:46:31,875" />
  </s>
  <s id="363">
    <time id="T278S" value="00:46:32,633" />
Ligg, sa jag!
    <time id="T278E" value="00:46:34,701" />
  </s>
  <s id="364">
    <time id="T279S" value="00:47:00,329" />
Ser du?
    <time id="T279E" value="00:47:02,497" />
  </s>
  <s id="365">
    <time id="T280S" value="00:47:03,086" />
Amerikanskt skit...!
    <time id="T280E" value="00:47:05,685" />
  </s>
  <s id="366">
    <time id="T281S" value="00:47:15,436" />
-Varför är ni inte på era poster?
  </s>
  <s id="367">
-Jo, vi bara...
    <time id="T281E" value="00:47:19,934" />
  </s>
  <s id="368">
    <time id="T282S" value="00:47:20,674" />
Idiot!
    <time id="T282E" value="00:47:22,212" />
  </s>
  <s id="369">
    <time id="T283S" value="00:47:25,668" />
Du tror tydligen att du är nånting, bara för att du varit utomlands?
    <time id="T283E" value="00:47:30,516" />
  </s>
  <s id="370">
    <time id="T284S" value="00:47:43,655" />
Är det här en lekpark, tror ni?
  </s>
  <s id="371">
Vi är vid vårt lands front!
    <time id="T284E" value="00:47:48,709" />
  </s>
  <s id="372">
    <time id="T285S" value="00:47:50,406" />
Ta med hunden till slaktaren.
  </s>
  <s id="373">
Den blir morgondagens lunch.
    <time id="T285E" value="00:47:54,306" />
  </s>
  <s id="374">
    <time id="T286S" value="00:47:54,965" />
Va?
  </s>
  <s id="375">
!
    <time id="T286E" value="00:47:56,503" />
  </s>
  <s id="376">
    <time id="T287S" value="00:47:57,723" />
Vårt land litar på oss.
    <time id="T287E" value="00:48:00,950" />
  </s>
  <s id="377">
    <time id="T288S" value="00:48:02,957" />
Vi får inte göra dem besvikna.
    <time id="T288E" value="00:48:05,935" />
  </s>
  <s id="378">
    <time id="T289S" value="00:48:20,704" />
Var rädd om dig.
    <time id="T289E" value="00:48:23,052" />
  </s>
  <s id="379">
    <time id="T290S" value="00:48:31,335" />
Se upp för landminor!
    <time id="T290E" value="00:48:34,003" />
  </s>
  <s id="380">
    <time id="T291S" value="00:48:37,728" />
I väg med dig!
    <time id="T291E" value="00:48:39,936" />
  </s>
  <s id="381">
    <time id="T292S" value="00:48:40,364" />
Andra hållet, din byracka!
    <time id="T292E" value="00:48:42,996" />
  </s>
  <s id="382">
    <time id="T293S" value="00:48:52,036" />
Den där killen är rolig...!
    <time id="T293E" value="00:48:55,295" />
  </s>
  <s id="383">
    <time id="T294S" value="00:48:57,033" />
-Sergeant Lee?
  </s>
  <s id="384">
-Vad är det?
    <time id="T294E" value="00:49:00,258" />
  </s>
  <s id="385">
    <time id="T295S" value="00:49:06,465" />
-Du är verkligen stilig.
  </s>
  <s id="386">
-Det vet jag väl...
    <time id="T295E" value="00:49:11,411" />
  </s>
  <s id="387">
    <time id="T296S" value="00:49:13,938" />
Ut med språket.
  </s>
  <s id="388">
Tror du att jag är tankeläsare?
    <time id="T296E" value="00:49:18,185" />
  </s>
  <s id="389">
    <time id="T297S" value="00:49:18,935" />
Det måste kännas skönt att bara ha tre månader kvar.
    <time id="T297E" value="00:49:22,552" />
  </s>
  <s id="390">
    <time id="T298S" value="00:49:23,171" />
Nej, 87 dagar.
    <time id="T298E" value="00:49:25,728" />
  </s>
  <s id="391">
    <time id="T299S" value="00:49:28,845" />
Jag är orolig för min resterande tid här.
    <time id="T299E" value="00:49:32,354" />
  </s>
  <s id="392">
    <time id="T300S" value="00:49:37,918" />
Ska jag presentera dig för några vänner?
    <time id="T300E" value="00:49:41,886" />
  </s>
  <s id="393">
    <time id="T301S" value="00:49:44,833" />
Vilka, då?
    <time id="T301E" value="00:49:46,482" />
  </s>
  <s id="394">
    <time id="T302S" value="00:49:50,906" />
Nej, förresten. 
  </s>
  <s id="395">
Glöm det.
    <time id="T302E" value="00:49:54,065" />
  </s>
  <s id="396">
    <time id="T303S" value="00:51:08,843" />
16 SEPTEMBER KLOCKAN 03.20
    <time id="T303E" value="00:51:11,121" />
  </s>
  <s id="397">
    <time id="T304S" value="00:51:14,478" />
-Måste jag gå?
  </s>
  <s id="398">
-Va?
    <time id="T304E" value="00:51:17,956" />
  </s>
  <s id="399">
    <time id="T305S" value="00:51:20,833" />
Efter ett halvt sekel av separation bryter vi vår skamliga historia och öppnar den förenade dammen...
    <time id="T307E" value="00:51:35,911" />
  </s>
  <s id="400">
    <time id="T308S" value="00:51:38,377" />
Skulle vi kunna öppna den lite senare?
    <time id="T308E" value="00:51:41,785" />
  </s>
  <s id="401">
    <time id="T309S" value="00:51:51,845" />
Jag har hört mycket om dig.
  </s>
  <s id="402">
Jag är Oh Kyung Pil.
    <time id="T309E" value="00:51:56,553" />
  </s>
  <s id="403">
    <time id="T310S" value="00:52:05,714" />
Hälsa på honom.
    <time id="T310E" value="00:52:07,963" />
  </s>
  <s id="404">
    <time id="T311S" value="00:52:20,624" />
Du är varm.
    <time id="T311E" value="00:52:22,902" />
  </s>
  <s id="405">
    <time id="T312S" value="00:52:47,240" />
Det är varmt...!
    <time id="T312E" value="00:52:49,629" />
  </s>
  <s id="406">
    <time id="T313S" value="00:52:56,034" />
-Sergeant Lee...
  </s>
  <s id="407">
-Ja?
    <time id="T313E" value="00:52:58,980" />
  </s>
  <s id="408">
    <time id="T314S" value="00:53:06,225" />
Vad är det för fel i att människor av samma blod leker ihop?
    <time id="T314E" value="00:53:12,650" />
  </s>
  <s id="409">
    <time id="T315S" value="00:53:13,738" />
Är det fel? 
  </s>
  <s id="410">
Har vi varit otrogna, eller avslöjat militära hemligheter?
    <time id="T315E" value="00:53:19,605" />
  </s>
  <s id="411">
    <time id="T316S" value="00:53:21,172" />
-Vi vet inga hemligheter.
  </s>
  <s id="412">
-Nej, exakt!
    <time id="T316E" value="00:53:24,608" />
  </s>
  <s id="413">
    <time id="T317S" value="00:54:45,622" />
Södra armén...flytta på dig!
    <time id="T317E" value="00:54:49,238" />
  </s>
  <s id="414">
    <time id="T318S" value="00:55:00,248" />
Jag sa ju att vi skulle använda småstenar!
    <time id="T318E" value="00:55:04,385" />
  </s>
  <s id="415">
    <time id="T319S" value="00:55:32,223" />
Broder...betala.
    <time id="T319E" value="00:55:34,921" />
  </s>
  <s id="416">
    <time id="T320S" value="00:55:43,054" />
Min far dog ung, så jag är den ende mannen i huset.
    <time id="T320E" value="00:55:48,069" />
  </s>
  <s id="417">
    <time id="T321S" value="00:55:52,684" />
-Hon är vacker.
  </s>
  <s id="418">
-Är hon verkligen din?
    <time id="T321E" value="00:55:57,392" />
  </s>
  <s id="419">
    <time id="T322S" value="00:55:59,560" />
-Har inte du nån, broder?
  </s>
  <s id="420">
-Kom igen - visa oss!
    <time id="T322E" value="00:56:03,905" />
  </s>
  <s id="421">
    <time id="T323S" value="00:56:12,069" />
Herregud...!
    <time id="T323E" value="00:56:14,236" />
  </s>
  <s id="422">
    <time id="T324S" value="00:57:10,421" />
-Vad är det? 
  </s>
  <s id="423">
Sluta larva dig.
  </s>
  <s id="424">
-Du minns väl vad avhopparen sa?
    <time id="T324E" value="00:57:16,075" />
  </s>
  <s id="425">
    <time id="T325S" value="00:57:16,974" />
Nordvakterna är tränade att värva oss till deras sida.
    <time id="T325E" value="00:57:22,312" />
  </s>
  <s id="426">
    <time id="T326S" value="00:57:25,407" />
Du hade fel.
    <time id="T326E" value="00:57:27,655" />
  </s>
  <s id="427">
    <time id="T327S" value="00:57:30,366" />
Han räddade mitt liv.
    <time id="T327E" value="00:57:33,172" />
  </s>
  <s id="428">
    <time id="T328S" value="00:57:55,424" />
Broder, varför tillverkar inte vår republik såna här chokladkex?
    <time id="T328E" value="00:58:00,998" />
  </s>
  <s id="429">
    <time id="T329S" value="00:58:04,495" />
Broder?
    <time id="T329E" value="00:58:06,285" />
  </s>
  <s id="430">
    <time id="T330S" value="00:58:09,532" />
Jag tänkte på en sak...
    <time id="T330E" value="00:58:12,408" />
  </s>
  <s id="431">
    <time id="T331S" value="00:58:15,845" />
Vill du gå över till Syd?
    <time id="T331E" value="00:58:18,935" />
  </s>
  <s id="432">
    <time id="T332S" value="00:58:24,280" />
Då kan du äta chokladkex ända till du spyr...!
    <time id="T332E" value="00:58:28,205" />
  </s>
  <s id="433">
    <time id="T333S" value="00:58:37,347" />
Men bara om du vill det, förstås.
    <time id="T333E" value="00:58:40,504" />
  </s>
  <s id="434">
    <time id="T334S" value="00:58:45,263" />
Lee Soo Hyuk...
    <time id="T334E" value="00:58:47,859" />
  </s>
  <s id="435">
    <time id="T335S" value="00:58:48,419" />
Jag säger bara det här en gång, så lyssna noga nu:
    <time id="T335E" value="00:58:53,614" />
  </s>
  <s id="436">
    <time id="T336S" value="00:58:56,053" />
Min dröm är att vår republik en dag ska göra bästa kexen på hela halvön.
    <time id="T336E" value="00:59:02,267" />
  </s>
  <s id="437">
    <time id="T337S" value="00:59:04,205" />
Fattar du?
    <time id="T337E" value="00:59:06,165" />
  </s>
  <s id="438">
    <time id="T338S" value="00:59:11,561" />
Tills dess kan jag bara drömma om de här chokladkexen.
    <time id="T338E" value="00:59:16,684" />
  </s>
  <s id="439">
    <time id="T339S" value="00:59:23,790" />
Glöm allting. 
  </s>
  <s id="440">
Du bara pratar.
  </s>
  <s id="441">
Lägg av...!
    <time id="T339E" value="00:59:28,205" />
  </s>
  <s id="442">
    <time id="T340S" value="00:59:31,464" />
Sluta!
    <time id="T340E" value="00:59:33,631" />
  </s>
  <s id="443">
    <time id="T341S" value="01:00:07,394" />
De behöver inte putsas, bara torkas av. 
  </s>
  <s id="444">
Ta av dig dem.
    <time id="T341E" value="01:00:12,268" />
  </s>
  <s id="445">
    <time id="T342S" value="01:00:14,865" />
Först skakar man den så här.
  </s>
  <s id="446">
Sen stryker man på det.
    <time id="T342E" value="01:00:19,923" />
  </s>
  <s id="447">
    <time id="T343S" value="01:00:23,260" />
Så här gör man... 9 OKTOBER KLOCKAN 00.14
    <time id="T344E" value="01:00:48,648" />
  </s>
  <s id="448">
    <time id="T345S" value="01:00:51,795" />
Larm, larm...!
    <time id="T345E" value="01:00:53,893" />
  </s>
  <s id="449">
    <time id="T346S" value="01:00:58,711" />
Snabba på!
    <time id="T346E" value="01:01:00,807" />
  </s>
  <s id="450">
    <time id="T347S" value="01:01:22,411" />
Klockan 02.35 fick vi veta att Nord skickat trupper till gränsen.
    <time id="T347E" value="01:01:29,883" />
  </s>
  <s id="451">
    <time id="T348S" value="01:01:31,085" />
Vi befinner oss vid DEFCON 3.
    <time id="T348E" value="01:01:34,630" />
  </s>
  <s id="452">
    <time id="T349S" value="01:01:50,027" />
Är ni rädda?
  </s>
  <s id="453">
Se till att hålla er lugna.
    <time id="T349E" value="01:01:54,835" />
  </s>
  <s id="454">
    <time id="T350S" value="01:01:57,542" />
Låtsas att det är en övning.
  </s>
  <s id="455">
Märkvärdigare än så är det inte.
    <time id="T350E" value="01:02:02,107" />
  </s>
  <s id="456">
    <time id="T351S" value="01:03:32,103" />
17 OKTOBER KLOCKAN 20.07
    <time id="T351E" value="01:03:34,201" />
  </s>
  <s id="457">
    <time id="T352S" value="01:03:51,046" />
Sung Shik...
    <time id="T352E" value="01:03:52,904" />
  </s>
  <s id="458">
    <time id="T353S" value="01:03:55,524" />
Vi går inte över till andra sidan igen.
    <time id="T353E" value="01:03:58,571" />
  </s>
  <s id="459">
    <time id="T354S" value="01:04:05,554" />
Jung fyller snart år - och du får snart åka hem.
    <time id="T354E" value="01:04:10,920" />
  </s>
  <s id="460">
    <time id="T355S" value="01:04:13,387" />
Vi borde åtminstone ta farväl.
    <time id="T355E" value="01:04:16,014" />
  </s>
  <s id="461">
    <time id="T356S" value="01:04:28,535" />
Gå aldrig dit ensam när jag har gett mig av.
    <time id="T356E" value="01:04:32,672" />
  </s>
  <s id="462">
    <time id="T357S" value="01:04:34,051" />
Förstår du det?
    <time id="T357E" value="01:04:36,368" />
  </s>
  <s id="463">
    <time id="T358S" value="01:04:53,394" />
Broder, hade Nord verkligen tänkt anfalla den där dan?
    <time id="T358E" value="01:04:58,550" />
  </s>
  <s id="464">
    <time id="T359S" value="01:04:59,430" />
-Hur ska jag veta det?
  </s>
  <s id="465">
-Jänkarna tänkte bomba oss.
    <time id="T359E" value="01:05:04,413" />
  </s>
  <s id="466">
    <time id="T360S" value="01:05:05,223" />
-Skulle vi bara ha väntat?
  </s>
  <s id="467">
-Sluta tillverka kärnvapen och sånt.
    <time id="T360E" value="01:05:10,631" />
  </s>
  <s id="468">
    <time id="T361S" value="01:05:11,500" />
-Tillverkar jag dem?
  </s>
  <s id="469">
-Varför blir du arg?
    <time id="T361E" value="01:05:15,675" />
  </s>
  <s id="470">
    <time id="T362S" value="01:05:16,775" />
Sluta prata om kriget.
    <time id="T362E" value="01:05:19,724" />
  </s>
  <s id="471">
    <time id="T363S" value="01:05:20,532" />
Skriv brev till era föräldrar, och ett till Soo Jung.
    <time id="T363E" value="01:05:25,936" />
  </s>
  <s id="472">
    <time id="T364S" value="01:05:27,644" />
Om det blir krig - måste vi skjuta varandra också då?
    <time id="T364E" value="01:05:33,222" />
  </s>
  <s id="473">
    <time id="T365S" value="01:05:48,249" />
Vi skriver intyg åt varandra!
    <time id="T365E" value="01:05:51,965" />
  </s>
  <s id="474">
    <time id="T366S" value="01:05:52,603" />
"Vi intygar att denne person tjänade republiken." Och allas underskrifter.
    <time id="T366E" value="01:05:59,659" />
  </s>
  <s id="475">
    <time id="T367S" value="01:06:00,799" />
-Nånting i den stilen!
  </s>
  <s id="476">
-En bra idé.
    <time id="T367E" value="01:06:05,255" />
  </s>
  <s id="477">
    <time id="T368S" value="01:06:05,994" />
Bortkastad tid. 
  </s>
  <s id="478">
Om jänkarna vill leka krig, så dör vi allihop.
    <time id="T368E" value="01:06:12,238" />
  </s>
  <s id="479">
    <time id="T369S" value="01:06:13,307" />
Efter tre minuter kommer båda länderna att vara utplånade.
    <time id="T369E" value="01:06:19,175" />
  </s>
  <s id="480">
    <time id="T370S" value="01:06:22,181" />
Allt kommer att jämnas med marken.
  </s>
  <s id="481">
Förstår ni inte det?
    <time id="T370E" value="01:06:27,796" />
  </s>
  <s id="482">
    <time id="T371S" value="01:06:28,695" />
Jo, jag förstår.
    <time id="T371E" value="01:06:30,904" />
  </s>
  <s id="483">
    <time id="T372S" value="01:06:36,808" />
Den här sången påminner om min mamma.
    <time id="T372E" value="01:06:40,424" />
  </s>
  <s id="484">
    <time id="T373S" value="01:06:41,522" />
Varför var sångaren tvungen att dö så ung?
    <time id="T373E" value="01:06:46,191" />
  </s>
  <s id="485">
    <time id="T374S" value="01:06:48,879" />
Nu skålar vi...!
  </s>
  <s id="486">
För sångaren Kwang Suk.
    <time id="T374E" value="01:06:53,794" />
  </s>
  <s id="487">
    <time id="T375S" value="01:07:07,224" />
Oh Kyumg Pil, Chollima Street Pyongyang
    <time id="T375E" value="01:07:10,270" />
  </s>
  <s id="488">
    <time id="T376S" value="01:07:20,053" />
Jag får inte in rätt vinkel...
    <time id="T376E" value="01:07:22,891" />
  </s>
  <s id="489">
    <time id="T377S" value="01:07:23,929" />
-Vad är det?
  </s>
  <s id="490">
-Ingenting.
    <time id="T377E" value="01:07:27,085" />
  </s>
  <s id="491">
    <time id="T378S" value="01:07:38,476" />
Tryck ihop er lite grann.
    <time id="T378E" value="01:07:41,354" />
  </s>
  <s id="492">
    <time id="T379S" value="01:07:43,993" />
Perfekt!
    <time id="T379E" value="01:07:45,882" />
  </s>
  <s id="493">
    <time id="T380S" value="01:08:02,777" />
28 OKTOBER KLOCKAN 02.24
    <time id="T380E" value="01:08:05,473" />
  </s>
  <s id="494">
    <time id="T381S" value="01:08:10,051" />
Ska du inte gå?
    <time id="T381E" value="01:08:12,537" />
  </s>
  <s id="495">
    <time id="T382S" value="01:08:13,966" />
Jo, vi måste gå.
    <time id="T382E" value="01:08:17,223" />
  </s>
  <s id="496">
    <time id="T383S" value="01:08:20,322" />
Kom igen.
    <time id="T383E" value="01:08:22,351" />
  </s>
  <s id="497">
    <time id="T384S" value="01:08:31,953" />
Idiot...! 
  </s>
  <s id="498">
Jag visade ju hur man gör, men du gör ändå fel.
    <time id="T384E" value="01:08:37,427" />
  </s>
  <s id="499">
    <time id="T385S" value="01:08:40,464" />
-Jag får dem inte att blänka.
  </s>
  <s id="500">
-Visa mig.
    <time id="T385E" value="01:08:45,311" />
  </s>
  <s id="501">
    <time id="T386S" value="01:08:47,139" />
En soldat måste lyckas första gången.
    <time id="T386E" value="01:08:51,416" />
  </s>
  <s id="502">
    <time id="T387S" value="01:08:56,573" />
Vänta lite.
    <time id="T387E" value="01:08:58,890" />
  </s>
  <s id="503">
    <time id="T388S" value="01:09:05,962" />
Grattis på födelsedagen.
    <time id="T388E" value="01:09:08,523" />
  </s>
  <s id="504">
    <time id="T389S" value="01:09:17,833" />
Tack, kamrat.
    <time id="T389E" value="01:09:19,693" />
  </s>
  <s id="505">
    <time id="T390S" value="01:09:21,151" />
Broder... 
  </s>
  <s id="506">
Fan också!
    <time id="T390E" value="01:09:25,008" />
  </s>
  <s id="507">
    <time id="T391S" value="01:09:30,384" />
-Du gråter!
  </s>
  <s id="508">
-Jag rår inte för det.
    <time id="T391E" value="01:09:35,051" />
  </s>
  <s id="509">
    <time id="T392S" value="01:09:37,418" />
-Jag har en sak åt er, grabbar.
  </s>
  <s id="510">
-Vad?
    <time id="T392E" value="01:09:41,985" />
  </s>
  <s id="511">
    <time id="T393S" value="01:09:52,044" />
Vart tog det vägen?
  </s>
  <s id="512">
!
    <time id="T393E" value="01:09:55,413" />
  </s>
  <s id="513">
    <time id="T394S" value="01:09:58,441" />
Vad är det?
    <time id="T394E" value="01:10:00,578" />
  </s>
  <s id="514">
    <time id="T395S" value="01:10:10,671" />
-Vad fan har du ätit?
  </s>
  <s id="515">
-Öppna dörren!
    <time id="T395E" value="01:10:14,105" />
  </s>
  <s id="516">
    <time id="T396S" value="01:11:52,424" />
Ja?
    <time id="T396E" value="01:11:53,892" />
  </s>
  <s id="517">
    <time id="T397S" value="01:12:02,537" />
Va...?
    <time id="T397E" value="01:12:04,184" />
  </s>
  <s id="518">
    <time id="T398S" value="01:12:05,334" />
Varför vill han skjuta upp förhöret?
    <time id="T398E" value="01:12:08,882" />
  </s>
  <s id="519">
    <time id="T399S" value="01:12:12,727" />
Hälsa generalen detta: 
  </s>
  <s id="520">
Jag struntar i om menige Nam hoppar av eller om sergeant Lee befinner sig i chocktillstånd.
    <time id="T400E" value="01:12:21,501" />
  </s>
  <s id="521">
    <time id="T401S" value="01:12:22,040" />
Jag hinner inte dalta med de misstänkta!
    <time id="T401E" value="01:12:25,478" />
  </s>
  <s id="522">
    <time id="T402S" value="01:13:30,544" />
5 NOVEMBER KLOCKAN 14.00
    <time id="T402E" value="01:13:33,031" />
  </s>
  <s id="523">
    <time id="T403S" value="01:14:15,784" />
Här är era utlåtanden. 
  </s>
  <s id="524">
Läs dem och säg om ni vill ändra på nåt.
    <time id="T403E" value="01:14:20,803" />
  </s>
  <s id="525">
    <time id="T404S" value="01:14:29,454" />
Förlåt mig.
    <time id="T404E" value="01:14:31,523" />
  </s>
  <s id="526">
    <time id="T405S" value="01:14:41,642" />
-Det stämmer.
  </s>
  <s id="527">
-Ja.
    <time id="T405E" value="01:14:44,342" />
  </s>
  <s id="528">
    <time id="T406S" value="01:14:56,033" />
Känner ni igen den här?
  </s>
  <s id="529">
Det är brottsplatsen.
    <time id="T406E" value="01:15:00,139" />
  </s>
  <s id="530">
    <time id="T407S" value="01:15:01,467" />
Löjtnant Choi Man Soo.
    <time id="T407E" value="01:15:03,675" />
  </s>
  <s id="531">
    <time id="T408S" value="01:15:04,384" />
Sergeant Oh Kyung Pil.
    <time id="T408E" value="01:15:06,634" />
  </s>
  <s id="532">
    <time id="T409S" value="01:15:07,583" />
Menige Jung Woo Jin.
    <time id="T409E" value="01:15:10,391" />
  </s>
  <s id="533">
    <time id="T410S" value="01:15:11,180" />
-Hur många soldater anföll?
  </s>
  <s id="534">
-Bara en.
    <time id="T410E" value="01:15:15,746" />
  </s>
  <s id="535">
    <time id="T411S" value="01:15:16,973" />
-Är du säker?
  </s>
  <s id="536">
-Ja.
    <time id="T411E" value="01:15:20,453" />
  </s>
  <s id="537">
    <time id="T412S" value="01:15:23,649" />
Okej...
    <time id="T412E" value="01:15:25,327" />
  </s>
  <s id="538">
    <time id="T413S" value="01:15:27,524" />
Sergeant Lee Soo Hyuk.
    <time id="T413E" value="01:15:30,153" />
  </s>
  <s id="539">
    <time id="T414S" value="01:15:40,035" />
Känner ni igen honom?
    <time id="T414E" value="01:15:42,803" />
  </s>
  <s id="540">
    <time id="T415S" value="01:15:46,391" />
En sydkoreansk marionett.
    <time id="T415E" value="01:15:49,017" />
  </s>
  <s id="541">
    <time id="T416S" value="01:16:07,174" />
-Vad betyder det här?
  </s>
  <s id="542">
-Vad gör ni?
  </s>
  <s id="543">
!
    <time id="T416E" value="01:16:09,801" />
  </s>
  <s id="544">
    <time id="T417S" value="01:16:10,291" />
Det finns ännu en soldat som kanske var där.
    <time id="T417E" value="01:16:13,866" />
  </s>
  <s id="545">
    <time id="T418S" value="01:16:14,525" />
Han ligger i koma och kunde inte komma hit.
    <time id="T418E" value="01:16:18,312" />
  </s>
  <s id="546">
    <time id="T419S" value="01:16:20,043" />
-På vilka grunder, då?
  </s>
  <s id="547">
-När vi talade om lögndetektor försökte menige Nam ta sitt liv.
  </s>
  <s id="548">
Det måste ses som ett erkännande.
    <time id="T420E" value="01:16:32,472" />
  </s>
  <s id="549">
    <time id="T421S" value="01:16:33,392" />
Jag föreslår att vi gör om utredningen från början.
    <time id="T421E" value="01:16:38,096" />
  </s>
  <s id="550">
    <time id="T422S" value="01:16:38,985" />
-Vi är inte här för att lyssna på...
  </s>
  <s id="551">
-Sluta!
    <time id="T422E" value="01:16:42,242" />
  </s>
  <s id="552">
    <time id="T423S" value="01:17:09,800" />
Din jävel!
    <time id="T423E" value="01:17:11,309" />
  </s>
  <s id="553">
    <time id="T424S" value="01:17:16,275" />
Jävla kapitalistsvin! 
  </s>
  <s id="554">
Vet du hur länge jag har väntat på det här?
  </s>
  <s id="555">
!
    <time id="T424E" value="01:17:21,612" />
  </s>
  <s id="556">
    <time id="T425S" value="01:17:22,470" />
Vet du hur länge?
  </s>
  <s id="557">
!
    <time id="T425E" value="01:17:25,237" />
  </s>
  <s id="558">
    <time id="T426S" value="01:17:26,146" />
Släpp mig! 
  </s>
  <s id="559">
Jag ska visa hur stark vår republik är!
    <time id="T426E" value="01:17:30,952" />
  </s>
  <s id="560">
    <time id="T427S" value="01:17:51,125" />
Din förbannade förrädare!
    <time id="T427E" value="01:17:54,073" />
  </s>
  <s id="561">
    <time id="T428S" value="01:17:57,082" />
Länge leve Chosuns arbetarparti!
    <time id="T428E" value="01:18:00,338" />
  </s>
  <s id="562">
    <time id="T429S" value="01:18:01,358" />
Länge leve vår store ledare, Kim Jong Il!
    <time id="T429E" value="01:18:05,922" />
  </s>
  <s id="563">
    <time id="T430S" value="01:18:52,354" />
Vad är det här?
    <time id="T430E" value="01:18:54,604" />
  </s>
  <s id="564">
    <time id="T431S" value="01:19:00,387" />
Ni sa att det här var er första gång i Korea.
    <time id="T431E" value="01:19:04,773" />
  </s>
  <s id="565">
    <time id="T432S" value="01:19:06,422" />
Hur kändes det att komma till er fars hemland?
    <time id="T432E" value="01:19:10,460" />
  </s>
  <s id="566">
    <time id="T433S" value="01:19:17,612" />
Under Koreakriget fanns det ett koncentrationsläger för nordkoreanska krigsfångar.
  </s>
  <s id="567">
Där delades de in i två grupper:
    <time id="T434E" value="01:19:28,313" />
  </s>
  <s id="568">
    <time id="T435S" value="01:19:29,482" />
Kommunister och ickekommunister som hamnat i krig mot sin vilja.
    <time id="T435E" value="01:19:34,710" />
  </s>
  <s id="569">
    <time id="T436S" value="01:19:35,718" />
Det mördades på båda sidor.
  </s>
  <s id="570">
Det var ett slags inbördeskrig inom inbördeskriget. 
  </s>
  <s id="571">
Efter kriget fick fångarna välja fritt vilken sida de ville gå till.
  </s>
  <s id="572">
Sydkoreas kapitalism eller tillbaka till kommunismen i Nordkorea.
    <time id="T439E" value="01:19:54,943" />
  </s>
  <s id="573">
    <time id="T440S" value="01:19:55,502" />
Av 170 000 fångar vägrade 76 att välja sida.
    <time id="T440E" value="01:20:00,208" />
  </s>
  <s id="574">
    <time id="T441S" value="01:20:02,976" />
De spreds över hela världen.
  </s>
  <s id="575">
Man vet inte var alla befinner sig.
    <time id="T441E" value="01:20:09,570" />
  </s>
  <s id="576">
    <time id="T442S" value="01:20:11,090" />
En av dem är er far.
    <time id="T442E" value="01:20:14,346" />
  </s>
  <s id="577">
    <time id="T443S" value="01:20:16,483" />
Han reste till Argentina och gifte sig med en schweizisk kvinna.
    <time id="T443E" value="01:20:21,542" />
  </s>
  <s id="578">
    <time id="T444S" value="01:20:24,199" />
Generalen undersökte ert förflutna.
  </s>
  <s id="579">
Försvars- och utrikesministeriet var också inblandade.
  </s>
  <s id="580">
Indiens, Brasiliens, Argentinas och Schweiz ambassad hjälpte också till att få fram information.
    <time id="T446E" value="01:20:37,816" />
  </s>
  <s id="581">
    <time id="T447S" value="01:20:38,385" />
Generalen kunde inte låta en f.d. kommunists dotter leda utredningen.
    <time id="T447E" value="01:20:43,403" />
  </s>
  <s id="582">
    <time id="T448S" value="01:20:45,341" />
Hur skulle han kunna göra det?
    <time id="T448E" value="01:20:47,868" />
  </s>
  <s id="583">
    <time id="T449S" value="01:20:49,977" />
Tre dagar till. 
  </s>
  <s id="584">
Jag är säker på att få ett erkännande av Lee.
    <time id="T449E" value="01:20:55,872" />
  </s>
  <s id="585">
    <time id="T450S" value="01:20:57,331" />
Erkännande?
    <time id="T450E" value="01:20:59,359" />
  </s>
  <s id="586">
    <time id="T451S" value="01:21:01,645" />
Ni fick menige Nam att försöka begå självmord.
    <time id="T451E" value="01:21:06,142" />
  </s>
  <s id="587">
    <time id="T452S" value="01:21:06,963" />
Ni kan bli entledigad bara för det.
  </s>
  <s id="588">
Ni har inte lärt er mycket om Panmunjom än så länge.
  </s>
  <s id="589">
Här bevarar vi freden genom att dölja sanningen.
    <time id="T454E" value="01:21:22,480" />
  </s>
  <s id="590">
    <time id="T455S" value="01:21:23,150" />
Båda parter vill att den här utredningen inte bevisar ett dugg.
    <time id="T455E" value="01:21:28,484" />
  </s>
  <s id="591">
    <time id="T456S" value="01:21:30,222" />
Därför överlät de utredningen åt ett litet neutralt lands kommission?
    <time id="T456E" value="01:21:38,366" />
  </s>
  <s id="592">
    <time id="T457S" value="01:21:41,373" />
Soldaterna som inte valde sida ville resa till Sverige eller Schweiz men dessa två länder övervakade koreaner och vägrade ta emot dem.
    <time id="T458E" value="01:21:56,013" />
  </s>
  <s id="593">
    <time id="T459S" value="01:21:57,480" />
När jag tänker på de 76 soldaterna frågar jag mig hur humanitära dessa två neutrala stater i själva verket är?
    <time id="T460E" value="01:22:09,781" />
  </s>
  <s id="594">
    <time id="T461S" value="01:22:12,347" />
Adieu, mademoiselle.
    <time id="T461E" value="01:22:14,834" />
  </s>
  <s id="595">
    <time id="T462S" value="01:22:20,422" />
Hälsa vackra Genève från mig.
    <time id="T462E" value="01:22:23,828" />
  </s>
  <s id="596">
    <time id="T463S" value="01:23:43,953" />
Släck lyset.
    <time id="T463E" value="01:23:45,881" />
  </s>
  <s id="597">
    <time id="T464S" value="01:24:02,176" />
Jag beklagar att du var tvungen att komma hit.
    <time id="T464E" value="01:24:05,823" />
  </s>
  <s id="598">
    <time id="T465S" value="01:24:07,573" />
Jag kommer att släppa utredningen från och med i morgon.
    <time id="T465E" value="01:24:12,139" />
  </s>
  <s id="599">
    <time id="T466S" value="01:24:13,206" />
Jag hörde om er far.
    <time id="T466E" value="01:24:16,153" />
  </s>
  <s id="600">
    <time id="T467S" value="01:24:30,914" />
Hur känns det att veta att min far var en nordkoreansk general?
    <time id="T467E" value="01:24:35,968" />
  </s>
  <s id="601">
    <time id="T468S" value="01:24:37,586" />
Jag har en fredlig känsla.
    <time id="T468E" value="01:24:40,253" />
  </s>
  <s id="602">
    <time id="T469S" value="01:24:45,621" />
Jag har ett blåmärke, men du verkar vara okej.
    <time id="T469E" value="01:24:50,816" />
  </s>
  <s id="603">
    <time id="T470S" value="01:24:54,332" />
Du har ett starkare grepp än sergeant Oh.
    <time id="T470E" value="01:24:58,400" />
  </s>
  <s id="604">
    <time id="T471S" value="01:25:00,727" />
Nu börjar den verkliga visningen.
    <time id="T471E" value="01:25:04,372" />
  </s>
  <s id="605">
    <time id="T472S" value="01:25:10,720" />
Jag visste direkt att jag hade träffat Soo Jung förut.
    <time id="T472E" value="01:25:15,595" />
  </s>
  <s id="606">
    <time id="T473S" value="01:25:16,393" />
Det var inte svårt att lista ut vem hon var.
    <time id="T473E" value="01:25:20,502" />
  </s>
  <s id="607">
    <time id="T474S" value="01:25:21,791" />
Menige Jung tecknade den här.
    <time id="T474E" value="01:25:24,877" />
  </s>
  <s id="608">
    <time id="T475S" value="01:25:26,265" />
Det här fotografiet hittades på menige Jungs kropp.
    <time id="T475E" value="01:25:31,322" />
  </s>
  <s id="609">
    <time id="T476S" value="01:25:33,300" />
Om den saknade kulan förstörde Nams alibi så bevisar detta ansikte att de fyra soldaterna var vänner.
    <time id="T477E" value="01:25:43,922" />
  </s>
  <s id="610">
    <time id="T478S" value="01:25:52,803" />
Än sen, då?
    <time id="T478E" value="01:25:54,973" />
  </s>
  <s id="611">
    <time id="T479S" value="01:25:56,162" />
Här är två helt olika rapporter.
  </s>
  <s id="612">
Du avgör vilken jag ska skicka.
    <time id="T479E" value="01:26:02,236" />
  </s>
  <s id="613">
    <time id="T480S" value="01:26:08,431" />
Om du berättar sanningen får min efterträdare ingen information.
    <time id="T480E" value="01:26:14,884" />
  </s>
  <s id="614">
    <time id="T481S" value="01:26:20,021" />
-Är det ett hot?
  </s>
  <s id="615">
-Nej, ett erbjudande.
    <time id="T481E" value="01:26:24,587" />
  </s>
  <s id="616">
    <time id="T482S" value="01:26:25,376" />
Jag struntar i om jag får fängelse eller medalj.
    <time id="T482E" value="01:26:29,234" />
  </s>
  <s id="617">
    <time id="T483S" value="01:26:29,893" />
Vad erbjuder ni mig, om jag berättar sanningen?
    <time id="T483E" value="01:26:35,089" />
  </s>
  <s id="618">
    <time id="T484S" value="01:26:38,685" />
Det du försökte skydda hela tiden.
  </s>
  <s id="619">
Sergeant Ohs säkerhet.
    <time id="T484E" value="01:26:44,193" />
  </s>
  <s id="620">
    <time id="T485S" value="01:27:14,816" />
28 OKTOBER KLOCKAN 02.31
    <time id="T485E" value="01:27:17,302" />
  </s>
  <s id="621">
    <time id="T486S" value="01:27:37,117" />
Kamrat Choi, lugna dig!
  </s>
  <s id="622">
Jag ska förklara allting.
    <time id="T486E" value="01:27:41,362" />
  </s>
  <s id="623">
    <time id="T487S" value="01:27:42,153" />
-Vad är det som pågår?
  </s>
  <s id="624">
!
  </s>
  <s id="625">
-Snälla, lägg undan vapnen.
    <time id="T487E" value="01:27:46,500" />
  </s>
  <s id="626">
    <time id="T488S" value="01:27:51,983" />
Din jävel!
    <time id="T488E" value="01:27:53,632" />
  </s>
  <s id="627">
    <time id="T489S" value="01:27:54,261" />
Ni jäklas med vakterna.
  </s>
  <s id="628">
Grip dem!
    <time id="T489E" value="01:27:58,899" />
  </s>
  <s id="629">
    <time id="T490S" value="01:28:03,055" />
De ville prata om att gå över till nordsidan.
    <time id="T490E" value="01:28:07,233" />
  </s>
  <s id="630">
    <time id="T491S" value="01:28:07,932" />
-Jag tar hand om allt.
  </s>
  <s id="631">
-Det här är en order. 
  </s>
  <s id="632">
De är fiender!
    <time id="T491E" value="01:28:13,476" />
  </s>
  <s id="633">
    <time id="T492S" value="01:28:14,365" />
-Avväpna dem.
  </s>
  <s id="634">
-Skjut dem!
    <time id="T492E" value="01:28:17,621" />
  </s>
  <s id="635">
    <time id="T493S" value="01:28:21,801" />
Jag tar på mig ansvaret.
  </s>
  <s id="636">
Gör ingenting dumt.
    <time id="T493E" value="01:28:24,747" />
  </s>
  <s id="637">
    <time id="T494S" value="01:28:25,276" />
Gör som jag säger, så ser jag mellan fingrarna den här gången.
    <time id="T494E" value="01:28:29,982" />
  </s>
  <s id="638">
    <time id="T495S" value="01:28:32,512" />
Gör det!
    <time id="T495E" value="01:28:34,510" />
  </s>
  <s id="639">
    <time id="T496S" value="01:28:36,627" />
Jag ber om ursäkt.
    <time id="T496E" value="01:28:39,153" />
  </s>
  <s id="640">
    <time id="T497S" value="01:28:46,620" />
Soo Hyuk...
    <time id="T497E" value="01:28:48,338" />
  </s>
  <s id="641">
    <time id="T498S" value="01:28:49,136" />
Lägg ner pistolen.
  </s>
  <s id="642">
Det finns inget annat sätt.
    <time id="T498E" value="01:28:53,523" />
  </s>
  <s id="643">
    <time id="T499S" value="01:28:56,572" />
Aldrig...!
    <time id="T499E" value="01:28:58,320" />
  </s>
  <s id="644">
    <time id="T500S" value="01:28:59,369" />
Jag hjälper dig över till norr.
  </s>
  <s id="645">
Du kan leva ihop med oss.
    <time id="T500E" value="01:29:04,422" />
  </s>
  <s id="646">
    <time id="T501S" value="01:29:05,642" />
Okej?
    <time id="T501E" value="01:29:07,322" />
  </s>
  <s id="647">
    <time id="T502S" value="01:29:08,522" />
-Släpp vapnet, så pratar vi.
  </s>
  <s id="648">
-I helvete heller!
    <time id="T502E" value="01:29:12,308" />
  </s>
  <s id="649">
    <time id="T503S" value="01:29:12,997" />
Man kan inte lita på honom.
  </s>
  <s id="650">
Han var ju en rövslickare, sa du!
    <time id="T503E" value="01:29:19,383" />
  </s>
  <s id="651">
    <time id="T504S" value="01:29:20,632" />
Han dödar oss båda och säger att vi har infiltrerat fienden!
    <time id="T504E" value="01:29:25,405" />
  </s>
  <s id="652">
    <time id="T505S" value="01:29:26,184" />
Jag lovar att skydda dig.
  </s>
  <s id="653">
Litar du inte på mig?
    <time id="T505E" value="01:29:29,971" />
  </s>
  <s id="654">
    <time id="T506S" value="01:29:30,623" />
Sung Shik, prata med honom.
    <time id="T506E" value="01:29:33,600" />
  </s>
  <s id="655">
    <time id="T507S" value="01:29:38,456" />
-Kan det här vara en fälla?
  </s>
  <s id="656">
-Soo Hyuk...
    <time id="T507E" value="01:29:41,053" />
  </s>
  <s id="657">
    <time id="T508S" value="01:29:41,533" />
Minns du när Oh räddade dig från minan?
    <time id="T508E" value="01:29:45,880" />
  </s>
  <s id="658">
    <time id="T509S" value="01:29:46,650" />
Minns du det?
  </s>
  <s id="659">
Släpp pistolen.
    <time id="T509E" value="01:29:50,435" />
  </s>
  <s id="660">
    <time id="T510S" value="01:29:57,321" />
Skitsnack...!
    <time id="T510E" value="01:29:59,599" />
  </s>
  <s id="661">
    <time id="T511S" value="01:30:00,157" />
Åt helvete med "broderskapet".
  </s>
  <s id="662">
Vi är alla fiender i slutändan.
    <time id="T511E" value="01:30:06,263" />
  </s>
  <s id="663">
    <time id="T512S" value="01:30:19,901" />
Du kallade mig fegis. 
  </s>
  <s id="664">
Vi ska se om jag vågar döda honom!
    <time id="T512E" value="01:30:25,127" />
  </s>
  <s id="665">
    <time id="T513S" value="01:30:29,172" />
Soo Hyuk...
  </s>
  <s id="666">
Vi ska alla dö på det här viset.
    <time id="T513E" value="01:30:34,330" />
  </s>
  <s id="667">
    <time id="T514S" value="01:30:37,646" />
Låt oss börja om.
    <time id="T514E" value="01:30:40,662" />
  </s>
  <s id="668">
    <time id="T515S" value="01:30:43,482" />
Lägg ner era vapen.
  </s>
  <s id="669">
- Du också, Woo Jin!
    <time id="T515E" value="01:30:47,030" />
  </s>
  <s id="670">
    <time id="T516S" value="01:30:55,433" />
Lägg ner dem.
    <time id="T516E" value="01:30:57,820" />
  </s>
  <s id="671">
    <time id="T517S" value="01:30:58,909" />
Ta ner dem.
    <time id="T517E" value="01:31:01,226" />
  </s>
  <s id="672">
    <time id="T518S" value="01:34:05,513" />
Säg att ni blev kidnappade.
  </s>
  <s id="673">
Ni var aldrig här - förstår ni?
    <time id="T518E" value="01:34:10,640" />
  </s>
  <s id="674">
    <time id="T519S" value="01:34:11,469" />
Ge dig i väg!
    <time id="T519E" value="01:34:13,396" />
  </s>
  <s id="675">
    <time id="T520S" value="01:34:15,464" />
Gå...!
    <time id="T520E" value="01:34:17,071" />
  </s>
  <s id="676">
    <time id="T521S" value="01:34:28,134" />
Soo Hyuk...
    <time id="T521E" value="01:34:29,882" />
  </s>
  <s id="677">
    <time id="T522S" value="01:38:03,474" />
Menige Jung dog alltså på sin födelsedag.
    <time id="T522E" value="01:38:07,542" />
  </s>
  <s id="678">
    <time id="T523S" value="01:38:09,670" />
Jag tänker inte på de döda.
    <time id="T523E" value="01:38:12,477" />
  </s>
  <s id="679">
    <time id="T524S" value="01:38:15,983" />
Kan du förlåta menige Nam och sergeant Lee?
    <time id="T524E" value="01:38:19,910" />
  </s>
  <s id="680">
    <time id="T525S" value="01:38:28,254" />
Kan jag få en?
    <time id="T525E" value="01:38:30,463" />
  </s>
  <s id="681">
    <time id="T526S" value="01:38:47,797" />
Om det här hade hänt vid en sydpostering så hade jag skjutit först.
    <time id="T527E" value="01:38:56,930" />
  </s>
  <s id="682">
    <time id="T528S" value="01:39:08,301" />
Jag hörde att du har blivit hemförlovad.
    <time id="T528E" value="01:39:12,058" />
  </s>
  <s id="683">
    <time id="T529S" value="01:39:14,136" />
Hur känns det att lämna Panmunjom?
    <time id="T529E" value="01:39:17,223" />
  </s>
  <s id="684">
    <time id="T530S" value="01:39:26,324" />
Sergeant Lee har skickats till ett militärsjukhus.
    <time id="T530E" value="01:39:30,502" />
  </s>
  <s id="685">
    <time id="T531S" value="01:39:31,202" />
Ska jag hälsa honom något?
    <time id="T531E" value="01:39:34,429" />
  </s>
  <s id="686">
    <time id="T532S" value="01:40:01,976" />
Han har använt den flitigt.
  </s>
  <s id="687">
Han sa att han ska sluta röka.
    <time id="T532E" value="01:40:06,473" />
  </s>
  <s id="688">
    <time id="T533S" value="01:40:07,253" />
Den saknade kulan... 
  </s>
  <s id="689">
Oh slängde den i dammen ihop med kassettspelaren.
    <time id="T533E" value="01:40:13,006" />
  </s>
  <s id="690">
    <time id="T534S" value="01:40:17,921" />
Jag har tydligen fläckat er karriär.
    <time id="T534E" value="01:40:21,750" />
  </s>
  <s id="691">
    <time id="T535S" value="01:40:23,518" />
Det gör ingenting.
  </s>
  <s id="692">
Jag valde att misslyckas.
    <time id="T535E" value="01:40:28,223" />
  </s>
  <s id="693">
    <time id="T536S" value="01:40:30,712" />
Det finns en motsägelse i Ohs vittnesmål.
    <time id="T536E" value="01:40:34,540" />
  </s>
  <s id="694">
    <time id="T537S" value="01:40:35,229" />
Han sa att Nam inte dödade Jung.
  </s>
  <s id="695">
Han sa att det var du.
    <time id="T537E" value="01:40:40,283" />
  </s>
  <s id="696">
    <time id="T538S" value="01:40:41,102" />
Men allt gick så fort.
  </s>
  <s id="697">
Du minns säkert fel.
    <time id="T538E" value="01:40:44,930" />
  </s>
  <s id="698">
    <time id="T539S" value="01:40:45,578" />
Eller också har sergeant Oh fel.
  </s>
  <s id="699">
Men vad spelar det för roll vem som sköt en sekund tidigare eller senare?
    <time id="T540E" value="01:40:54,733" />
  </s>
  <s id="700">
    <time id="T541S" value="01:41:10,479" />
Jag hoppas du blir bra snart.
    <time id="T541E" value="01:41:14,095" />
  </s>
  <s id="701">
    <time id="T542S" value="01:43:49,585" />
NÅGON GÅNG I NOVEMBER KLOCKAN 20.13
    <time id="T542E" value="01:43:52,283" />
  </s>
  <s id="702">
    <time id="T543S" value="01:44:30,032" />
Tack så mycket.
    <time id="T543E" value="01:44:32,202" />
  </s>
  <s id="703">
    <time id="T544S" value="01:45:43,212" />
Översättning: 
  </s>
  <s id="704">
Weine Erickson
    <time id="T544E" value="01:45:45,141" />
  </s>
  <meta>
    <subtitle>
      <rating>1.0</rating>
      <language>Swedish</language>
      <version>1</version>
      <confidence>1.0</confidence>
      <machine_translated>0</machine_translated>
      <date>2013-04-13</date>
      <blocks>544</blocks>
      <duration>01:45:45,141</duration>
    </subtitle>
    <conversion>
      <tokens>4873</tokens>
      <encoding>windows-1252</encoding>
      <unknown_words>22</unknown_words>
      <ignored_blocks>0</ignored_blocks>
      <sentences>704</sentences>
      <truecased_words>29</truecased_words>
      <corrected_words>1</corrected_words>
    </conversion>
    <source>
      <HD>1</HD>
      <cds>1/1</cds>
      <country>South Korea</country>
      <original>Korean, English, German</original>
      <year>2000</year>
      <genre>Drama,Thriller,War</genre>
      <duration>110</duration>
    </source>
  </meta>
</document>
