<?xml version="1.0" encoding="utf-8"?>
<document id="4547144">
  <s id="1">
    <time id="T1S" value="00:00:02,040" />
Begäran om assistans
    <time id="T1E" value="00:00:05,635" />
  </s>
  <s id="2">
    <time id="T2S" value="00:00:11,120" />
Nødebo kyrka
    <time id="T2E" value="00:00:16,035" />
  </s>
  <s id="3">
    <time id="T3S" value="00:00:28,720" />
-Är du redo, min flicka?
  </s>
  <s id="4">
-Jag är livrädd.
    <time id="T3E" value="00:00:33,919" />
  </s>
  <s id="5">
    <time id="T4S" value="00:00:42,040" />
Varför står de där?
  </s>
  <s id="6">
Han får inte se mig!
    <time id="T4E" value="00:00:46,716" />
  </s>
  <s id="7">
    <time id="T5S" value="00:00:46,880" />
-Vad är det?
  </s>
  <s id="8">
-Prästen har inte kommit.
    <time id="T5E" value="00:00:49,792" />
  </s>
  <s id="9">
    <time id="T6S" value="00:00:49,960" />
Du får inte se mig!
  </s>
  <s id="10">
Det betyder otur.
    <time id="T6E" value="00:00:55,432" />
  </s>
  <s id="11">
    <time id="T7S" value="00:00:55,600" />
Låssmeden är här.
    <time id="T7E" value="00:00:58,512" />
  </s>
  <s id="12">
    <time id="T8S" value="00:00:58,680" />
-Nu har han fått upp dörren.
  </s>
  <s id="13">
-Kom nu här.
    <time id="T8E" value="00:01:04,391" />
  </s>
  <s id="14">
    <time id="T9S" value="00:01:05,400" />
Vår räddare i nöden.
    <time id="T9E" value="00:01:08,437" />
  </s>
  <s id="15">
    <time id="T10S" value="00:01:08,600" />
-Vad är det?
  </s>
  <s id="16">
-Prästen... 
  </s>
  <s id="17">
Hon ligger där inne.
    <time id="T10E" value="00:01:12,798" />
  </s>
  <s id="18">
    <time id="T11S" value="00:01:16,800" />
Jag sa ju att det betyder otur.
    <time id="T11E" value="00:01:18,916" />
  </s>
  <s id="19">
    <time id="T12S" value="00:01:39,800" />
Jag får be alla att lämna kyrkan och kyrkogårdsområdet.
    <time id="T12E" value="00:01:44,510" />
  </s>
  <s id="20">
    <time id="T13S" value="00:01:44,680" />
Hon är död.
    <time id="T13E" value="00:01:46,875" />
  </s>
  <s id="21">
    <time id="T14S" value="00:02:46,520" />
Jag vill gifta mig.
    <time id="T14E" value="00:02:49,353" />
  </s>
  <s id="22">
    <time id="T15S" value="00:02:49,520" />
Det behöver inte vara nåt stort.
  </s>
  <s id="23">
Bara vi fyra.
    <time id="T15E" value="00:02:53,513" />
  </s>
  <s id="24">
    <time id="T16S" value="00:02:53,680" />
-Eller är det för tråkigt utan fest?
  </s>
  <s id="25">
-Vadå för fest?
    <time id="T16E" value="00:02:57,468" />
  </s>
  <s id="26">
    <time id="T17S" value="00:02:57,640" />
-När vi ska gifta oss.
  </s>
  <s id="27">
-Varför ska vi gifta oss?
    <time id="T17E" value="00:03:01,838" />
  </s>
  <s id="28">
    <time id="T18S" value="00:03:02,000" />
-Det kan ju hända mig nåt.
  </s>
  <s id="29">
-Då kan det ju kvitta.
    <time id="T18E" value="00:03:06,357" />
  </s>
  <s id="30">
    <time id="T19S" value="00:03:06,520" />
Hela min pension tillfaller staten om jag inte är gift.
    <time id="T19E" value="00:03:11,116" />
  </s>
  <s id="31">
    <time id="T20S" value="00:03:11,280" />
Jag trodde att du älskade mig, men det är bara rent praktiskt.
    <time id="T20E" value="00:03:15,796" />
  </s>
  <s id="32">
    <time id="T21S" value="00:03:15,960" />
-Rent praktiskt...
  </s>
  <s id="33">
-God morgon.
    <time id="T21E" value="00:03:20,112" />
  </s>
  <s id="34">
    <time id="T22S" value="00:03:20,280" />
-Är du uppe? 
  </s>
  <s id="35">
Klockan är inte tolv än.
  </s>
  <s id="36">
-Ni kanske gick upp för tidigt.
    <time id="T22E" value="00:03:25,274" />
  </s>
  <s id="37">
    <time id="T23S" value="00:03:25,440" />
Man får gå upp tidigt när man ska planera bröllop.
    <time id="T23E" value="00:03:29,991" />
  </s>
  <s id="38">
    <time id="T24S" value="00:03:30,160" />
-Ska ni gifta er? 
  </s>
  <s id="39">
Vad häftigt!
  </s>
  <s id="40">
-Men bara på rådhuset.
    <time id="T24E" value="00:03:34,517" />
  </s>
  <s id="41">
    <time id="T25S" value="00:03:34,680" />
Nej, det ska vara på riktigt med stor fest.
    <time id="T25E" value="00:03:38,309" />
  </s>
  <s id="42">
    <time id="T26S" value="00:03:38,480" />
-Tobias, de ska gifta sig.
  </s>
  <s id="43">
-Det är vad din mor säger.
    <time id="T26E" value="00:03:43,600" />
  </s>
  <s id="44">
    <time id="T27S" value="00:03:43,760" />
-Vi behöver väl inte säga nåt?
  </s>
  <s id="45">
-Jo, det ska vara på riktigt.
    <time id="T27E" value="00:03:47,799" />
  </s>
  <s id="46">
    <time id="T28S" value="00:03:47,960" />
-I kyrkan och allting!
  </s>
  <s id="47">
-Ta det lugnt - det blir i rådhuset.
    <time id="T28E" value="00:03:53,398" />
  </s>
  <s id="48">
    <time id="T29S" value="00:03:58,320" />
Nu dödar de präster också.
  </s>
  <s id="49">
En kvinnlig.
    <time id="T29E" value="00:04:02,313" />
  </s>
  <s id="50">
    <time id="T30S" value="00:04:02,480" />
De hittade henne i kyrkan igår, alldeles före en vigsel.
    <time id="T30E" value="00:04:07,634" />
  </s>
  <s id="51">
    <time id="T31S" value="00:04:10,000" />
Jag ska ut till rättsmedicin.
  </s>
  <s id="52">
Det här blir besvärligt.
    <time id="T31E" value="00:04:14,232" />
  </s>
  <s id="53">
    <time id="T32S" value="00:04:14,400" />
Ulf är på väg dit.
    <time id="T32E" value="00:04:16,630" />
  </s>
  <s id="54">
    <time id="T33S" value="00:04:16,800" />
Brudens far råkar vara en f.d. kriminalinspektör och vän till Ulf.
    <time id="T33E" value="00:04:22,830" />
  </s>
  <s id="55">
    <time id="T34S" value="00:04:24,200" />
-Det är min pyjamas.
  </s>
  <s id="56">
-Jag vet.
    <time id="T34E" value="00:04:26,475" />
  </s>
  <s id="57">
    <time id="T35S" value="00:04:34,040" />
-Är det du? 
  </s>
  <s id="58">
Kommer du själv?
  </s>
  <s id="59">
-De andra är på väg.
    <time id="T35E" value="00:04:39,876" />
  </s>
  <s id="60">
    <time id="T36S" value="00:04:40,040" />
-Njuter du ditt otium?
  </s>
  <s id="61">
-Nej, men lyckligtvis har alla inte märkt att jag gått.
  </s>
  <s id="62">
Minns du "Morden i Rue Morgue"?
    <time id="T37E" value="00:04:50,672" />
  </s>
  <s id="63">
    <time id="T38S" value="00:04:50,840" />
Edgar Allan Poe.
  </s>
  <s id="64">
Det stängda rummet.
    <time id="T38E" value="00:04:55,118" />
  </s>
  <s id="65">
    <time id="T39S" value="00:04:59,800" />
Dörren var låst inifrån och nyckeln satt i låset.
    <time id="T39E" value="00:05:05,397" />
  </s>
  <s id="66">
    <time id="T40S" value="00:05:05,560" />
Jag hittade henne här.
    <time id="T40E" value="00:05:08,552" />
  </s>
  <s id="67">
    <time id="T41S" value="00:05:08,720" />
Inget mordvapen, inga andra dörrar och ingen annan flyktväg.
    <time id="T41E" value="00:05:14,397" />
  </s>
  <s id="68">
    <time id="T42S" value="00:05:15,480" />
-Och fönstren?
  </s>
  <s id="69">
-De går inte att öppna.
    <time id="T42E" value="00:05:19,075" />
  </s>
  <s id="70">
    <time id="T43S" value="00:05:19,240" />
Tänk att jag har varit stationschef här i fjorton år.
    <time id="T43E" value="00:05:24,189" />
  </s>
  <s id="71">
    <time id="T44S" value="00:05:24,360" />
Och ett halvår efter att jag slutat får vi äntligen ett fall som utmanar de små grå.
  </s>
  <s id="72">
Visst är det ironiskt?
    <time id="T45E" value="00:05:34,272" />
  </s>
  <s id="73">
    <time id="T46S" value="00:05:34,440" />
-Hur går det annars?
  </s>
  <s id="74">
-Jodå.
    <time id="T46E" value="00:05:37,477" />
  </s>
  <s id="75">
    <time id="T47S" value="00:05:37,640" />
Vi har ju inte pratat med varann sen du blev feminist.
    <time id="T47E" value="00:05:42,634" />
  </s>
  <s id="76">
    <time id="T48S" value="00:05:42,800" />
Ja, din utnämning av Ingrid Dahl måste väl bygga på könskvotering.
    <time id="T48E" value="00:05:47,590" />
  </s>
  <s id="77">
    <time id="T49S" value="00:05:47,760" />
Politik!
    <time id="T49E" value="00:05:50,558" />
  </s>
  <s id="78">
    <time id="T50S" value="00:05:50,720" />
Jag vill ha större budget och polis- chefen ville ha en kvinnlig chef.
    <time id="T50E" value="00:05:56,033" />
  </s>
  <s id="79">
    <time id="T51S" value="00:05:56,200" />
-Klarar hon det?
  </s>
  <s id="80">
-Ja, det är inget fel på resultaten.
    <time id="T51E" value="00:06:00,193" />
  </s>
  <s id="81">
    <time id="T52S" value="00:06:00,360" />
Hon är omgiven av duktigt folk.
    <time id="T52E" value="00:06:03,113" />
  </s>
  <s id="82">
    <time id="T53S" value="00:06:03,280" />
-Välkommen!
  </s>
  <s id="83">
-Är kollegerna där ute allt ni har?
    <time id="T53E" value="00:06:08,877" />
  </s>
  <s id="84">
    <time id="T54S" value="00:06:09,040" />
Vi hade sjutton man här ute igår som förhörde hela Nødebo.
    <time id="T54E" value="00:06:14,239" />
  </s>
  <s id="85">
    <time id="T55S" value="00:06:14,400" />
Samt mina bröllopsgäster. 
  </s>
  <s id="86">
Alla som varit i kyrkan de sista två dagarna har fått lämna fingeravtryck.
  </s>
  <s id="87">
Teknikerna var mycket grundliga.
    <time id="T56E" value="00:06:24,477" />
  </s>
  <s id="88">
    <time id="T57S" value="00:06:24,640" />
De hittade en diktafon där borta.
    <time id="T57E" value="00:06:27,916" />
  </s>
  <s id="89">
    <time id="T58S" value="00:06:28,920" />
Förresten såg min fru i tidningen att Kirsten var vid radioteatern.
    <time id="T59E" value="00:06:35,193" />
  </s>
  <s id="90">
    <time id="T60S" value="00:06:35,360" />
-Pjäsen sänds imorgon klockan 20.
  </s>
  <s id="91">
-Värst vad du är insatt.
    <time id="T60E" value="00:06:40,388" />
  </s>
  <s id="92">
    <time id="T61S" value="00:06:40,560" />
-Kände du pastor Eriksen väl?
  </s>
  <s id="93">
-Ja, det får man nog säga.
    <time id="T61E" value="00:06:45,190" />
  </s>
  <s id="94">
    <time id="T62S" value="00:06:45,360" />
Var hon lite depressiv?
  </s>
  <s id="95">
- Minns du internen i Vejle, lP?
    <time id="T62E" value="00:06:50,150" />
  </s>
  <s id="96">
    <time id="T63S" value="00:06:50,320" />
Han som tog livet av sig genom att banka huvudet i golvet.
    <time id="T63E" value="00:06:54,632" />
  </s>
  <s id="97">
    <time id="T64S" value="00:06:54,800" />
Självmord är uteslutet.
    <time id="T64E" value="00:06:57,598" />
  </s>
  <s id="98">
    <time id="T65S" value="00:06:59,600" />
Även om pastor Eriksen var en viljestark kvinna som beslutat sig för att lämna in genom att banka huvudet i golvet så stämmer inte skadorna.
    <time id="T67E" value="00:07:10,676" />
  </s>
  <s id="99">
    <time id="T68S" value="00:07:10,840" />
-När dog hon?
  </s>
  <s id="100">
-Ett ögonblick...
    <time id="T68E" value="00:07:15,197" />
  </s>
  <s id="101">
    <time id="T69S" value="00:07:18,800" />
-Gillar du löskokta ägg?
  </s>
  <s id="102">
-Va...?
    <time id="T69E" value="00:07:21,997" />
  </s>
  <s id="103">
    <time id="T70S" value="00:07:23,000" />
-Vad ser kraniet ut som?
  </s>
  <s id="104">
-Ett knäckt äggskal.
    <time id="T70E" value="00:07:28,597" />
  </s>
  <s id="105">
    <time id="T71S" value="00:07:28,760" />
Precis som efter en tesked.
    <time id="T71E" value="00:07:32,036" />
  </s>
  <s id="106">
    <time id="T72S" value="00:07:32,200" />
När dog hon?
    <time id="T72E" value="00:07:34,794" />
  </s>
  <s id="107">
    <time id="T73S" value="00:07:34,960" />
Hon hade en temperatur på 18,3 grader när vi hittade henne.
    <time id="T73E" value="00:07:41,399" />
  </s>
  <s id="108">
    <time id="T74S" value="00:07:41,560" />
Hennes temperatur har sjunkit med 1,2-1,3 grader i timmen så hon har mött sin Fader mellan 21 och 23 på fredagskvällen.
    <time id="T76E" value="00:07:52,437" />
  </s>
  <s id="109">
    <time id="T77S" value="00:07:54,240" />
Osäkerheten är lite större.
  </s>
  <s id="110">
Mellan 20.30 och 23.30.
    <time id="T77E" value="00:08:00,679" />
  </s>
  <s id="111">
    <time id="T78S" value="00:08:00,840" />
-Vad menade du med "viljestyrka"?
  </s>
  <s id="112">
-Såg du hennes fingrar?
    <time id="T78E" value="00:08:06,551" />
  </s>
  <s id="113">
    <time id="T79S" value="00:08:06,720" />
Lederna var tjocka och slemhinnorna svullna.
    <time id="T79E" value="00:08:10,679" />
  </s>
  <s id="114">
    <time id="T80S" value="00:08:10,840" />
Jag skulle tro att hon led av Sjögrens syndrom.
    <time id="T80E" value="00:08:15,152" />
  </s>
  <s id="115">
    <time id="T81S" value="00:08:15,320" />
Man är trött och det känns som om man har sand i ögonen.
    <time id="T81E" value="00:08:18,790" />
  </s>
  <s id="116">
    <time id="T82S" value="00:08:18,960" />
Man får vara stark för att klara en gudstjänst. 
  </s>
  <s id="117">
Följer du med och badar?
    <time id="T82E" value="00:08:25,593" />
  </s>
  <s id="118">
    <time id="T83S" value="00:08:25,760" />
Bada du, så går jag.
    <time id="T83E" value="00:08:29,150" />
  </s>
  <s id="119">
    <time id="T84S" value="00:08:29,320" />
Är du säker på att hon dog på platsen?
    <time id="T84E" value="00:08:32,517" />
  </s>
  <s id="120">
    <time id="T85S" value="00:08:32,680" />
Ska jag ta fram henne igen och visa varför?
    <time id="T85E" value="00:08:36,229" />
  </s>
  <s id="121">
    <time id="T86S" value="00:08:36,400" />
Inga tecken på motstånd.
  </s>
  <s id="122">
Första slaget släckte henne.
    <time id="T86E" value="00:08:40,393" />
  </s>
  <s id="123">
    <time id="T87S" value="00:08:40,560" />
Sen får hon två slag till, helt i onödan.
    <time id="T87E" value="00:08:44,155" />
  </s>
  <s id="124">
    <time id="T88S" value="00:08:44,320" />
Omöjligt - kyrkan var ju låst.
    <time id="T88E" value="00:08:47,676" />
  </s>
  <s id="125">
    <time id="T89S" value="00:08:47,840" />
-Sover du över här?
  </s>
  <s id="126">
-Det tror jag inte.
    <time id="T89E" value="00:08:50,718" />
  </s>
  <s id="127">
    <time id="T90S" value="00:08:50,880" />
Jag lagar lite mat åt oss, sen kan vi tänka ut några geniala teorier.
    <time id="T90E" value="00:08:56,079" />
  </s>
  <s id="128">
    <time id="T91S" value="00:08:56,240" />
Du är inte lite fräck.
    <time id="T91E" value="00:08:58,913" />
  </s>
  <s id="129">
    <time id="T92S" value="00:08:59,080" />
Hälsa tråkmånsen.
    <time id="T92E" value="00:09:02,072" />
  </s>
  <s id="130">
    <time id="T93S" value="00:09:15,120" />
-Var det tur att bröllopet avbröts?
  </s>
  <s id="131">
-Det slutar alltid illa.
    <time id="T93E" value="00:09:20,752" />
  </s>
  <s id="132">
    <time id="T94S" value="00:09:20,920" />
-De kanske älskade varandra.
  </s>
  <s id="133">
-"Älska" och "äga" är olika saker.
    <time id="T94E" value="00:09:24,913" />
  </s>
  <s id="134">
    <time id="T95S" value="00:09:25,080" />
-Hur är det med det där de kallar...
  </s>
  <s id="135">
-Kärlek?
    <time id="T95E" value="00:09:29,517" />
  </s>
  <s id="136">
    <time id="T96S" value="00:09:29,680" />
Ja, det är Johnny.
    <time id="T96E" value="00:09:33,639" />
  </s>
  <s id="137">
    <time id="T97S" value="00:09:33,800" />
Va...? 
  </s>
  <s id="138">
Så kan du inte göra!
    <time id="T97E" value="00:09:37,429" />
  </s>
  <s id="139">
    <time id="T98S" value="00:09:39,200" />
När har du tänkt att jag ska träffa dem, då? 
  </s>
  <s id="140">
Var är du nånstans...?
    <time id="T98E" value="00:09:45,196" />
  </s>
  <s id="141">
    <time id="T99S" value="00:09:54,080" />
-Är du okej?
  </s>
  <s id="142">
-Det var min f.d. fru.
    <time id="T99E" value="00:09:58,039" />
  </s>
  <s id="143">
    <time id="T100S" value="00:09:58,200" />
Hon flyttar till Manchester. 
  </s>
  <s id="144">
Hon hade ett bra jobb när jag spelade där.
    <time id="T100E" value="00:10:03,194" />
  </s>
  <s id="145">
    <time id="T101S" value="00:10:03,360" />
Det har hon fått tillbaka.
    <time id="T101E" value="00:10:07,194" />
  </s>
  <s id="146">
    <time id="T102S" value="00:10:09,480" />
Hon tänker ta med sig pojkarna.
    <time id="T102E" value="00:10:12,711" />
  </s>
  <s id="147">
    <time id="T103S" value="00:10:12,880" />
-Så kan hon väl inte göra?
  </s>
  <s id="148">
-Mette kan göra vad som helst.
    <time id="T103E" value="00:10:18,238" />
  </s>
  <s id="149">
    <time id="T104S" value="00:10:18,400" />
Bara hon vet att jag inte gillar det.
    <time id="T104E" value="00:10:21,676" />
  </s>
  <s id="150">
    <time id="T105S" value="00:10:31,920" />
"Om jag delar ut allt jag äger men saknar kärlek, vinner jag inget. "
    <time id="T105E" value="00:10:37,756" />
  </s>
  <s id="151">
    <time id="T106S" value="00:10:37,920" />
"Kärleken är tålmodig och god... "
    <time id="T106E" value="00:10:42,869" />
  </s>
  <s id="152">
    <time id="T107S" value="00:10:44,640" />
Paulus.
    <time id="T107E" value="00:10:47,074" />
  </s>
  <s id="153">
    <time id="T108S" value="00:10:51,520" />
-Är du så Bibelsprängd?
  </s>
  <s id="154">
-Det är Sørens älsklingstext.
    <time id="T108E" value="00:10:55,593" />
  </s>
  <s id="155">
    <time id="T109S" value="00:10:55,760" />
Han är ateist, men den kan han:
    <time id="T109E" value="00:10:58,752" />
  </s>
  <s id="156">
    <time id="T110S" value="00:10:58,920" />
"Nu består tro, hopp och kärlek, och störst av dem är kärleken."
    <time id="T110E" value="00:11:03,710" />
  </s>
  <s id="157">
    <time id="T111S" value="00:11:03,880" />
Det skulle hon tala om vid vigseln.
  </s>
  <s id="158">
Hon brukade förbereda sig i kyrkan.
    <time id="T111E" value="00:11:10,877" />
  </s>
  <s id="159">
    <time id="T112S" value="00:11:11,040" />
Hon använde den här.
  </s>
  <s id="160">
Här ska du få höra:
    <time id="T112E" value="00:11:15,238" />
  </s>
  <s id="161">
    <time id="T113S" value="00:11:15,400" />
"... är kärleken. " Vad vill du nu?
    <time id="T113E" value="00:11:18,153" />
  </s>
  <s id="162">
    <time id="T114S" value="00:11:18,320" />
Det är det sista hon säger.
    <time id="T114E" value="00:11:21,312" />
  </s>
  <s id="163">
    <time id="T115S" value="00:11:21,480" />
Och förmodligen den siste hon talar med i jordelivet.
    <time id="T115E" value="00:11:26,235" />
  </s>
  <s id="164">
    <time id="T116S" value="00:11:26,400" />
Vad vill du nu?
    <time id="T116E" value="00:11:28,038" />
  </s>
  <s id="165">
    <time id="T117S" value="00:11:28,200" />
Vad säger det oss, bortsett från att det är nån hon känner?
    <time id="T117E" value="00:11:32,159" />
  </s>
  <s id="166">
    <time id="T118S" value="00:11:32,320" />
-Att hon inte är rädd för personen.
  </s>
  <s id="167">
-Jag kommer från polisen i Hillerød.
    <time id="T118E" value="00:11:37,189" />
  </s>
  <s id="168">
    <time id="T119S" value="00:11:37,360" />
Här är deras rapporter.
  </s>
  <s id="169">
De har gjort ett enormt arbete.
    <time id="T119E" value="00:11:42,229" />
  </s>
  <s id="170">
    <time id="T120S" value="00:11:42,400" />
Ni känner ju Vindfeldt, den f.d. kriminalinspektören som trodde han skulle få njuta av pensionen.
    <time id="T121E" value="00:11:49,598" />
  </s>
  <s id="171">
    <time id="T122S" value="00:11:49,760" />
Du kan väl ge oss lite bakgrund.
    <time id="T122E" value="00:11:53,912" />
  </s>
  <s id="172">
    <time id="T123S" value="00:11:54,080" />
Det här är pastor Eriksens man 
  </s>
  <s id="173">
- Jørgen.
    <time id="T123E" value="00:11:57,914" />
  </s>
  <s id="174">
    <time id="T124S" value="00:11:58,080" />
De har varit gifta i tio år men har inga barn.
    <time id="T124E" value="00:12:02,119" />
  </s>
  <s id="175">
    <time id="T125S" value="00:12:02,280" />
Jørgen är lärare på Nødebo skola.
    <time id="T125E" value="00:12:06,717" />
  </s>
  <s id="176">
    <time id="T126S" value="00:12:06,880" />
-Han är en konstig prick.
  </s>
  <s id="177">
-Ljuga kan han i alla fall.
    <time id="T126E" value="00:12:12,238" />
  </s>
  <s id="178">
    <time id="T127S" value="00:12:12,400" />
I rapporten står att han tillbringat lördagsnatten med sin fru.
    <time id="T127E" value="00:12:17,110" />
  </s>
  <s id="179">
    <time id="T128S" value="00:12:17,280" />
Men då låg hon död i kyrkan.
    <time id="T128E" value="00:12:19,669" />
  </s>
  <s id="180">
    <time id="T129S" value="00:12:19,840" />
Hon dog mellan 20.30 och 23.30 på fredagskvällen.
    <time id="T129E" value="00:12:23,628" />
  </s>
  <s id="181">
    <time id="T130S" value="00:12:23,800" />
-Ta in Jørgen Eriksen.
  </s>
  <s id="182">
-Har du tid ett ögonblick?
    <time id="T130E" value="00:12:29,158" />
  </s>
  <s id="183">
    <time id="T131S" value="00:12:35,040" />
Har du tänkt stanna här och leda utredningen?
    <time id="T131E" value="00:12:39,272" />
  </s>
  <s id="184">
    <time id="T132S" value="00:12:39,440" />
Nej, naturligtvis inte.
  </s>
  <s id="185">
Det ska du göra.
    <time id="T132E" value="00:12:44,639" />
  </s>
  <s id="186">
    <time id="T133S" value="00:12:44,800" />
Då avgör jag om vi ska ta in Eriksen eller om jag träffar honom i hemmet.
    <time id="T133E" value="00:12:50,750" />
  </s>
  <s id="187">
    <time id="T134S" value="00:12:50,920" />
-Vem är det?
  </s>
  <s id="188">
-Det är Christian Lange.
    <time id="T134E" value="00:12:57,155" />
  </s>
  <s id="189">
    <time id="T135S" value="00:12:57,320" />
Jørgens chef. 
  </s>
  <s id="190">
Min fru menar att han vore ett bättre parti för vår präst.
    <time id="T135E" value="00:13:03,919" />
  </s>
  <s id="191">
    <time id="T136S" value="00:13:04,080" />
Jag ska på ett möte och måste åka.
  </s>
  <s id="192">
Hälsa frugan.
    <time id="T136E" value="00:13:08,551" />
  </s>
  <s id="193">
    <time id="T137S" value="00:13:10,840" />
Jag hittar ut själv.
    <time id="T137E" value="00:13:14,150" />
  </s>
  <s id="194">
    <time id="T138S" value="00:13:15,760" />
Ett viktigt möte på en söndag...?
    <time id="T138E" value="00:13:18,877" />
  </s>
  <s id="195">
    <time id="T139S" value="00:13:19,040" />
Rättsmedicin säger att mordvapnet kan vara en spade.
    <time id="T139E" value="00:13:23,033" />
  </s>
  <s id="196">
    <time id="T140S" value="00:13:23,200" />
Kyrkans redskapsbod stod olåst.
    <time id="T140E" value="00:13:26,192" />
  </s>
  <s id="197">
    <time id="T141S" value="00:13:26,360" />
Teknikerna undersöker den och rapporterar om några dar.
    <time id="T141E" value="00:13:31,195" />
  </s>
  <s id="198">
    <time id="T142S" value="00:13:31,360" />
-Jag tar rektorn.
  </s>
  <s id="199">
-Okej.
    <time id="T142E" value="00:13:34,352" />
  </s>
  <s id="200">
    <time id="T143S" value="00:13:34,520" />
-Kan ni läsa de här?
  </s>
  <s id="201">
-Jag sätter mig i kyrkan.
    <time id="T143E" value="00:13:39,116" />
  </s>
  <s id="202">
    <time id="T144S" value="00:13:45,000" />
Vindfeldt, tack för hjälpen.
  </s>
  <s id="203">
Får jag ringa senare?
    <time id="T144E" value="00:13:48,993" />
  </s>
  <s id="204">
    <time id="T145S" value="00:13:49,160" />
Hemskt gärna.
    <time id="T145E" value="00:13:52,152" />
  </s>
  <s id="205">
    <time id="T146S" value="00:14:09,640" />
Den mördades hem.
    <time id="T146E" value="00:14:13,428" />
  </s>
  <s id="206">
    <time id="T147S" value="00:14:20,920" />
Ingrid Dahl - mordkommissionen.
    <time id="T147E" value="00:14:24,708" />
  </s>
  <s id="207">
    <time id="T148S" value="00:14:26,480" />
-Jag beklagar sorgen.
  </s>
  <s id="208">
-Tack.
    <time id="T148E" value="00:14:31,190" />
  </s>
  <s id="209">
    <time id="T149S" value="00:14:32,840" />
-Får jag komma in?
  </s>
  <s id="210">
-Ja, kom in.
    <time id="T149E" value="00:14:36,833" />
  </s>
  <s id="211">
    <time id="T150S" value="00:14:51,000" />
Jag väntar hela tiden på att hon ska öppna dörren.
    <time id="T150E" value="00:14:55,278" />
  </s>
  <s id="212">
    <time id="T151S" value="00:14:56,280" />
Vad tror du har hänt?
    <time id="T151E" value="00:14:59,795" />
  </s>
  <s id="213">
    <time id="T152S" value="00:15:00,800" />
Det var väl nån galning som tänkte stjäla kyrksilvret. 
  </s>
  <s id="214">
Jag vet inte...
    <time id="T152E" value="00:15:06,636" />
  </s>
  <s id="215">
    <time id="T153S" value="00:15:06,800" />
-Var träffade du din fru?
  </s>
  <s id="216">
-På ett värdshus.
    <time id="T153E" value="00:15:11,476" />
  </s>
  <s id="217">
    <time id="T154S" value="00:15:13,960" />
Jag var illa däran - arbetslös.
  </s>
  <s id="218">
Det fanns inget som höll mig uppe.
    <time id="T154E" value="00:15:18,829" />
  </s>
  <s id="219">
    <time id="T155S" value="00:15:19,000" />
Om jag inte hade träffat henne, hade jag nog varit död idag.
    <time id="T155E" value="00:15:24,120" />
  </s>
  <s id="220">
    <time id="T156S" value="00:15:24,280" />
Hon gav mig tron tillbaka.
    <time id="T156E" value="00:15:26,236" />
  </s>
  <s id="221">
    <time id="T157S" value="00:15:26,400" />
-Tron på Gud?
  </s>
  <s id="222">
-På ett annat liv - utan sprit.
    <time id="T157E" value="00:15:32,430" />
  </s>
  <s id="223">
    <time id="T158S" value="00:15:32,600" />
-Hur är det med Gud?
  </s>
  <s id="224">
-Ha...! 
  </s>
  <s id="225">
Gud?
    <time id="T158E" value="00:15:37,390" />
  </s>
  <s id="226">
    <time id="T159S" value="00:15:40,000" />
Ibland är man säker på att han finns nånstans i universum.
    <time id="T159E" value="00:15:45,836" />
  </s>
  <s id="227">
    <time id="T160S" value="00:15:46,000" />
Men andra gånger är det mörkt.
    <time id="T160E" value="00:15:49,515" />
  </s>
  <s id="228">
    <time id="T161S" value="00:15:49,680" />
-När såg du henne senast?
  </s>
  <s id="229">
-Det har jag redan berättat.
    <time id="T161E" value="00:15:54,470" />
  </s>
  <s id="230">
    <time id="T162S" value="00:15:54,640" />
Jag vill gärna höra det igen.
  </s>
  <s id="231">
Berätta om fredagskvällen.
    <time id="T162E" value="00:15:59,668" />
  </s>
  <s id="232">
    <time id="T163S" value="00:16:07,600" />
Vi åt middag, sen gick hon över till kyrkan och jag tittade på tv.
    <time id="T163E" value="00:16:14,199" />
  </s>
  <s id="233">
    <time id="T164S" value="00:16:14,360" />
-Ni tog ingen promenad eller så?
  </s>
  <s id="234">
-Nej, jag la mig strax efter tio.
    <time id="T164E" value="00:16:21,038" />
  </s>
  <s id="235">
    <time id="T165S" value="00:16:21,200" />
Ibland kommer hon först vid tolvtiden.
    <time id="T165E" value="00:16:24,397" />
  </s>
  <s id="236">
    <time id="T166S" value="00:16:24,560" />
-Men hon sov hemma?
  </s>
  <s id="237">
-Javisst.
    <time id="T166E" value="00:16:27,632" />
  </s>
  <s id="238">
    <time id="T167S" value="00:16:27,800" />
-Är du säker på det?
  </s>
  <s id="239">
-Jag hade märkt om hon var borta.
    <time id="T167E" value="00:16:32,157" />
  </s>
  <s id="240">
    <time id="T168S" value="00:16:32,320" />
Ni kanske inte sov tillsammans, men det gjorde ni alltså?
    <time id="T168E" value="00:16:37,440" />
  </s>
  <s id="241">
    <time id="T169S" value="00:16:37,600" />
-Och steg upp tillsammans?
  </s>
  <s id="242">
-Ja.
    <time id="T169E" value="00:16:41,229" />
  </s>
  <s id="243">
    <time id="T170S" value="00:16:41,400" />
Hur hade ni det egentligen?
  </s>
  <s id="244">
Hade ni det bra?
    <time id="T170E" value="00:16:46,838" />
  </s>
  <s id="245">
    <time id="T171S" value="00:16:47,000" />
Jørgen, din fru dog mellan 20.30 och 23.30 i fredags kväll.
    <time id="T171E" value="00:16:53,553" />
  </s>
  <s id="246">
    <time id="T172S" value="00:17:00,000" />
Ska vi ta det från början? 
  </s>
  <s id="247">
När såg du henne senast i fredags kväll?
    <time id="T172E" value="00:17:04,357" />
  </s>
  <s id="248">
    <time id="T173S" value="00:17:06,400" />
-När vi åt middag.
  </s>
  <s id="249">
-Inte senare?
    <time id="T173E" value="00:17:09,392" />
  </s>
  <s id="250">
    <time id="T174S" value="00:17:09,560" />
Vad gjorde du resten av kvällen och natten? 
  </s>
  <s id="251">
Du var tydligen inte här.
    <time id="T174E" value="00:17:16,033" />
  </s>
  <s id="252">
    <time id="T175S" value="00:17:16,200" />
-Nej...
  </s>
  <s id="253">
-Var var du?
    <time id="T175E" value="00:17:19,909" />
  </s>
  <s id="254">
    <time id="T176S" value="00:17:22,600" />
-Jag var...
  </s>
  <s id="255">
-Försök med sanningen nu.
    <time id="T176E" value="00:17:26,832" />
  </s>
  <s id="256">
    <time id="T177S" value="00:17:28,320" />
-Jag var tillsammans med en annan...
  </s>
  <s id="257">
-...kvinna?
    <time id="T177E" value="00:17:32,711" />
  </s>
  <s id="258">
    <time id="T178S" value="00:17:32,880" />
När åkte du från henne?
    <time id="T178E" value="00:17:36,031" />
  </s>
  <s id="259">
    <time id="T179S" value="00:17:37,200" />
Lördag morgon.
    <time id="T179E" value="00:17:40,237" />
  </s>
  <s id="260">
    <time id="T180S" value="00:17:40,400" />
Kände din fru till förhållandet?
    <time id="T180E" value="00:17:45,190" />
  </s>
  <s id="261">
    <time id="T181S" value="00:17:45,360" />
Har din flickvän något namn?
    <time id="T181E" value="00:17:49,751" />
  </s>
  <s id="262">
    <time id="T182S" value="00:17:54,120" />
Har du verkligen spelat i landslaget?
  </s>
  <s id="263">
Kan jag få din autograf?
    <time id="T182E" value="00:17:59,069" />
  </s>
  <s id="264">
    <time id="T183S" value="00:17:59,240" />
Nu ska du få se...
    <time id="T183E" value="00:18:01,390" />
  </s>
  <s id="265">
    <time id="T184S" value="00:18:02,400" />
-Vad heter du?
  </s>
  <s id="266">
-Christoffer, och det är min syster.
    <time id="T184E" value="00:18:06,951" />
  </s>
  <s id="267">
    <time id="T185S" value="00:18:07,120" />
Jag har en son som heter Christoffer.
  </s>
  <s id="268">
Det är ett fint namn.
    <time id="T185E" value="00:18:10,795" />
  </s>
  <s id="269">
    <time id="T186S" value="00:18:10,960" />
-Vad heter du?
  </s>
  <s id="270">
-Line.
    <time id="T186E" value="00:18:13,190" />
  </s>
  <s id="271">
    <time id="T187S" value="00:18:13,360" />
-Vill du också ha en?
  </s>
  <s id="272">
-Nej.
    <time id="T187E" value="00:18:15,954" />
  </s>
  <s id="273">
    <time id="T188S" value="00:18:16,120" />
-Titta, mamma!
  </s>
  <s id="274">
-Fint. 
  </s>
  <s id="275">
Kom nu.
    <time id="T188E" value="00:18:19,157" />
  </s>
  <s id="276">
    <time id="T189S" value="00:18:19,320" />
Han har spelat i landslaget.
    <time id="T189E" value="00:18:22,915" />
  </s>
  <s id="277">
    <time id="T190S" value="00:18:25,600" />
-Vi känner hon som är död.
  </s>
  <s id="278">
-Ska du åka?
    <time id="T190E" value="00:18:29,957" />
  </s>
  <s id="279">
    <time id="T191S" value="00:18:30,120" />
Ja, jag har fått veta att ungarna är hos sin mormor.
    <time id="T191E" value="00:18:36,832" />
  </s>
  <s id="280">
    <time id="T192S" value="00:18:37,000" />
Det är dumt av henne att ta barnen till England när ni inte är överens.
    <time id="T192E" value="00:18:42,677" />
  </s>
  <s id="281">
    <time id="T193S" value="00:18:42,840" />
Jag har talat med en jurist.
    <time id="T193E" value="00:18:45,434" />
  </s>
  <s id="282">
    <time id="T194S" value="00:18:45,600" />
Om hon gör det, lär du få vårdnaden om dem.
    <time id="T194E" value="00:18:50,116" />
  </s>
  <s id="283">
    <time id="T195S" value="00:18:50,280" />
Det tycker jag att du ska tala om för henne.
    <time id="T195E" value="00:18:54,831" />
  </s>
  <s id="284">
    <time id="T196S" value="00:19:04,800" />
Vet du vad du är? 
  </s>
  <s id="285">
Du är underbar.
    <time id="T196E" value="00:19:09,078" />
  </s>
  <s id="286">
    <time id="T197S" value="00:19:16,760" />
Jag kommer nog tillbaka ikväll.
    <time id="T197E" value="00:19:20,116" />
  </s>
  <s id="287">
    <time id="T198S" value="00:19:23,120" />
Jag har känt henne länge.
  </s>
  <s id="288">
Vi gick i gymnasiet ihop.
    <time id="T198E" value="00:19:28,399" />
  </s>
  <s id="289">
    <time id="T199S" value="00:19:28,560" />
Vi började med teologi, men jag blev lärare.
    <time id="T199E" value="00:19:32,155" />
  </s>
  <s id="290">
    <time id="T200S" value="00:19:32,320" />
Det var ett märkligt sammanträffade.
  </s>
  <s id="291">
Samma år jag blev rektor fick hon tjänsten som präst.
    <time id="T201E" value="00:19:40,192" />
  </s>
  <s id="292">
    <time id="T202S" value="00:19:40,360" />
Du verkar ha stått henne nära?
    <time id="T202E" value="00:19:43,670" />
  </s>
  <s id="293">
    <time id="T203S" value="00:19:43,840" />
Det gjorde jag - i hög grad.
    <time id="T203E" value="00:19:46,673" />
  </s>
  <s id="294">
    <time id="T204S" value="00:19:46,840" />
Bortsett från min fru var hon den person jag aktade högst.
    <time id="T204E" value="00:19:51,516" />
  </s>
  <s id="295">
    <time id="T205S" value="00:19:51,680" />
Maria...
    <time id="T205E" value="00:19:54,672" />
  </s>
  <s id="296">
    <time id="T206S" value="00:19:54,840" />
-Det här är min fru.
  </s>
  <s id="297">
-Fischer - mordkommissionen.
    <time id="T206E" value="00:19:58,435" />
  </s>
  <s id="298">
    <time id="T207S" value="00:19:58,600" />
Vi är båda förkrossade över det som hänt.
    <time id="T207E" value="00:20:02,593" />
  </s>
  <s id="299">
    <time id="T208S" value="00:20:02,760" />
Jag var i Haderslev med barnen när Maria ringde.
    <time id="T208E" value="00:20:06,355" />
  </s>
  <s id="300">
    <time id="T209S" value="00:20:06,520" />
Vi tänkte ställa in fastlagsfesten, men det skulle inte Eva ha velat.
    <time id="T209E" value="00:20:12,072" />
  </s>
  <s id="301">
    <time id="T210S" value="00:20:12,240" />
Eller hur, älskling?
    <time id="T210E" value="00:20:15,471" />
  </s>
  <s id="302">
    <time id="T211S" value="00:20:18,000" />
Ja...? 
  </s>
  <s id="303">
Okej.
    <time id="T211E" value="00:20:20,116" />
  </s>
  <s id="304">
    <time id="T212S" value="00:20:23,200" />
Jag ringer sen.
    <time id="T212E" value="00:20:25,839" />
  </s>
  <s id="305">
    <time id="T213S" value="00:20:26,000" />
-Kan du titta in till oss sen?
  </s>
  <s id="306">
-Varför det?
    <time id="T213E" value="00:20:29,959" />
  </s>
  <s id="307">
    <time id="T214S" value="00:20:31,880" />
Vi kan prata här inför din man också. 
  </s>
  <s id="308">
Mig spelar det ingen roll.
    <time id="T214E" value="00:20:36,431" />
  </s>
  <s id="309">
    <time id="T215S" value="00:20:36,600" />
-Ska vi säga klockan tio?
  </s>
  <s id="310">
-Ja.
    <time id="T215E" value="00:20:40,388" />
  </s>
  <s id="311">
    <time id="T216S" value="00:20:40,560" />
Hej då.
    <time id="T216E" value="00:20:43,154" />
  </s>
  <s id="312">
    <time id="T217S" value="00:20:43,320" />
-Vad ville han?
  </s>
  <s id="313">
-De vet om det. 
  </s>
  <s id="314">
Hela byn vet det.
    <time id="T217E" value="00:20:48,110" />
  </s>
  <s id="315">
    <time id="T218S" value="00:20:49,600" />
Det här är inte lätt för mig.
    <time id="T218E" value="00:20:52,751" />
  </s>
  <s id="316">
    <time id="T219S" value="00:20:52,920" />
"Den är inte utmanande, inte självisk, den brusar inte upp" "den vill ingen något ont."
    <time id="T220E" value="00:21:00,711" />
  </s>
  <s id="317">
    <time id="T221S" value="00:21:00,880" />
"Den finner inte glädje i orätten, men gläds med sanningen."
    <time id="T221E" value="00:21:06,557" />
  </s>
  <s id="318">
    <time id="T222S" value="00:21:08,200" />
Jag heter Jens Olesen och är kyrkvaktmästare här.
    <time id="T222E" value="00:21:13,228" />
  </s>
  <s id="319">
    <time id="T223S" value="00:21:13,400" />
Thomas la Cour - mordkommissionen.
    <time id="T223E" value="00:21:17,154" />
  </s>
  <s id="320">
    <time id="T224S" value="00:21:17,320" />
Vilken röst hon hade...
    <time id="T224E" value="00:21:19,754" />
  </s>
  <s id="321">
    <time id="T225S" value="00:21:19,920" />
Prästen.
    <time id="T225E" value="00:21:22,832" />
  </s>
  <s id="322">
    <time id="T226S" value="00:21:23,000" />
Och just den texten av Paulus som hon tyckte mest om.
    <time id="T227E" value="00:21:31,479" />
  </s>
  <s id="323">
    <time id="T228S" value="00:21:31,640" />
-Du ville tala med mig.
  </s>
  <s id="324">
-Du var i Hillerød i fredags kväll.
    <time id="T228E" value="00:21:35,872" />
  </s>
  <s id="325">
    <time id="T229S" value="00:21:36,040" />
Du kom hem vid halv elva-tiden, och då lyste det i kyrkan.
    <time id="T229E" value="00:21:41,034" />
  </s>
  <s id="326">
    <time id="T230S" value="00:21:41,200" />
Jag trodde att hon glömt släcka, så jag gjorde det.
    <time id="T230E" value="00:21:44,829" />
  </s>
  <s id="327">
    <time id="T231S" value="00:21:45,000" />
-Var gör man det?
  </s>
  <s id="328">
-I vapenhuset.
    <time id="T231E" value="00:21:49,232" />
  </s>
  <s id="329">
    <time id="T232S" value="00:21:52,000" />
-Kände du på dörren hit in?
  </s>
  <s id="330">
-Ja, och den var låst.
    <time id="T232E" value="00:21:56,198" />
  </s>
  <s id="331">
    <time id="T233S" value="00:21:56,360" />
-Men hon låg här inne.
  </s>
  <s id="332">
-Säg mig, Jens...
    <time id="T233E" value="00:22:01,115" />
  </s>
  <s id="333">
    <time id="T234S" value="00:22:01,280" />
Vad tror du har hänt här?
    <time id="T234E" value="00:22:04,397" />
  </s>
  <s id="334">
    <time id="T235S" value="00:22:04,560" />
Det är väl uppenbart?
  </s>
  <s id="335">
Det var hans verk!
    <time id="T235E" value="00:22:09,076" />
  </s>
  <s id="336">
    <time id="T236S" value="00:22:13,720" />
Kan du visa var du släckte ljuset?
    <time id="T236E" value="00:22:16,917" />
  </s>
  <s id="337">
    <time id="T237S" value="00:22:23,120" />
La du märke till nåt annat på fredagskvällen?
    <time id="T237E" value="00:22:26,590" />
  </s>
  <s id="338">
    <time id="T238S" value="00:22:26,760" />
-Det kom ut en person från kyrkan.
  </s>
  <s id="339">
-Nån du kände?
    <time id="T238E" value="00:22:30,878" />
  </s>
  <s id="340">
    <time id="T239S" value="00:22:31,040" />
Han hälsade inte på mig.
  </s>
  <s id="341">
Han såg mig nog inte.
    <time id="T239E" value="00:22:36,034" />
  </s>
  <s id="342">
    <time id="T240S" value="00:22:36,200" />
Det var prästens man.
    <time id="T240E" value="00:22:37,918" />
  </s>
  <s id="343">
    <time id="T241S" value="00:22:38,080" />
-Varför sa han inte det i förhöret?
  </s>
  <s id="344">
-Han glömde det i förvirringen.
    <time id="T241E" value="00:22:42,073" />
  </s>
  <s id="345">
    <time id="T242S" value="00:22:42,240" />
Fyra vittnen i bussen 22.34 från Hillerød har sett Jørgen Eriksen gå från kyrkan till prästgården.
    <time id="T243E" value="00:22:51,471" />
  </s>
  <s id="346">
    <time id="T244S" value="00:22:56,200" />
Förlåt att jag stör, men det kan vara viktigt. 
  </s>
  <s id="347">
Grannen är försäkringsman.
    <time id="T244E" value="00:23:00,671" />
  </s>
  <s id="348">
    <time id="T245S" value="00:23:00,840" />
Han säger att prästparet hade ömsesidiga livförsäkringar.
    <time id="T245E" value="00:23:05,277" />
  </s>
  <s id="349">
    <time id="T246S" value="00:23:05,440" />
Jørgen är idag en välbärgad man.
  </s>
  <s id="350">
Han får ut nästan två miljoner med anledning av hustruns död.
    <time id="T247E" value="00:23:13,310" />
  </s>
  <s id="351">
    <time id="T248S" value="00:23:13,480" />
Vad väntar vi på? 
  </s>
  <s id="352">
Han ljuger.
  </s>
  <s id="353">
Han har en hel del att förklara.
    <time id="T248E" value="00:23:18,679" />
  </s>
  <s id="354">
    <time id="T249S" value="00:23:18,840" />
Vi tar honom imorgon.
  </s>
  <s id="355">
Han miste sin fru igår.
    <time id="T249E" value="00:23:23,391" />
  </s>
  <s id="356">
    <time id="T250S" value="00:23:23,560" />
-Vi tillhör inte socialtjänsten.
  </s>
  <s id="357">
-Vi har inget som håller.
    <time id="T250E" value="00:23:28,350" />
  </s>
  <s id="358">
    <time id="T251S" value="00:23:28,520" />
-Det hade räckt på min tid.
  </s>
  <s id="359">
-Jag vill höra älskarinnan först.
    <time id="T251E" value="00:23:33,389" />
  </s>
  <s id="360">
    <time id="T252S" value="00:23:33,560" />
Vem tar ansvaret om han försvinner eller tar livet av sig?
    <time id="T252E" value="00:23:37,951" />
  </s>
  <s id="361">
    <time id="T253S" value="00:23:38,120" />
-Det gör jag.
  </s>
  <s id="362">
-Borde du inte tala med Ulf först?
    <time id="T253E" value="00:23:43,638" />
  </s>
  <s id="363">
    <time id="T254S" value="00:23:43,800" />
Nej. 
  </s>
  <s id="364">
Tack för ikväll.
    <time id="T254E" value="00:23:47,395" />
  </s>
  <s id="365">
    <time id="T255S" value="00:23:49,880" />
-Gaby, följer du med?
  </s>
  <s id="366">
-Nej, jag har lite att göra.
    <time id="T255E" value="00:23:54,874" />
  </s>
  <s id="367">
    <time id="T256S" value="00:23:55,040" />
Jag har hyrt ett rum på värdshuset ikväll.
    <time id="T256E" value="00:23:59,955" />
  </s>
  <s id="368">
    <time id="T257S" value="00:24:00,120" />
Hej då!
    <time id="T257E" value="00:24:02,111" />
  </s>
  <s id="369">
    <time id="T258S" value="00:24:02,280" />
-Varför tar vi inte in honom?
  </s>
  <s id="370">
-Ta du och åk hem till din fru.
    <time id="T258E" value="00:24:06,592" />
  </s>
  <s id="371">
    <time id="T259S" value="00:24:06,760" />
Det är fin stämning idag.
    <time id="T259E" value="00:24:09,274" />
  </s>
  <s id="372">
    <time id="T260S" value="00:24:12,560" />
GÅAN LÖST
    <time id="T260E" value="00:24:14,551" />
  </s>
  <s id="373">
    <time id="T261S" value="00:24:17,000" />
geniet BOYSEN
    <time id="T261E" value="00:24:20,470" />
  </s>
  <s id="374">
    <time id="T262S" value="00:24:38,000" />
Det är hos Ingrid och Søren.
  </s>
  <s id="375">
Säg nåt efter signalen.
    <time id="T262E" value="00:24:43,552" />
  </s>
  <s id="376">
    <time id="T263S" value="00:24:43,720" />
Hej, det är jag. 
  </s>
  <s id="377">
Var är alla?
  </s>
  <s id="378">
Søren, glöm inte Tobias skidor...
    <time id="T263E" value="00:24:50,717" />
  </s>
  <s id="379">
    <time id="T264S" value="00:24:51,680" />
-Var är ni?
  </s>
  <s id="380">
-Jag hade bara...
    <time id="T264E" value="00:24:54,877" />
  </s>
  <s id="381">
    <time id="T265S" value="00:24:55,040" />
-Var är Gry och Tobias?
  </s>
  <s id="382">
-Gry är hos sin mor.
    <time id="T265E" value="00:24:58,032" />
  </s>
  <s id="383">
    <time id="T266S" value="00:24:58,200" />
Tobias hämtar ett spel hos nån som jag inte minns vad han heter.
    <time id="T266E" value="00:25:03,797" />
  </s>
  <s id="384">
    <time id="T267S" value="00:25:03,960" />
-Du låter konstig.
  </s>
  <s id="385">
-Jag mår inget vidare.
    <time id="T267E" value="00:25:07,111" />
  </s>
  <s id="386">
    <time id="T268S" value="00:25:07,280" />
Har du huvudvärk igen?
    <time id="T268E" value="00:25:09,953" />
  </s>
  <s id="387">
    <time id="T269S" value="00:25:10,120" />
-Det är bara nåt virus...
  </s>
  <s id="388">
-Är du säker?
    <time id="T269E" value="00:25:13,908" />
  </s>
  <s id="389">
    <time id="T270S" value="00:25:14,080" />
Jag åker förbi rättsmedicin. 
  </s>
  <s id="390">
Boysen har löst gåtan om det låsta rummet.
    <time id="T270E" value="00:25:20,189" />
  </s>
  <s id="391">
    <time id="T271S" value="00:25:20,360" />
Det är bra, älskling. 
  </s>
  <s id="392">
Ha det så bra.
    <time id="T271E" value="00:25:24,876" />
  </s>
  <s id="393">
    <time id="T272S" value="00:25:31,280" />
Nå...?
    <time id="T272E" value="00:25:33,874" />
  </s>
  <s id="394">
    <time id="T273S" value="00:25:39,400" />
Jag mailade till en kollega i USA.
  </s>
  <s id="395">
Han var säker.
    <time id="T273E" value="00:25:44,190" />
  </s>
  <s id="396">
    <time id="T274S" value="00:25:45,800" />
-Har du huggit huvudet av en höna?
  </s>
  <s id="397">
-Jag har sett dem rusa runt.
    <time id="T274E" value="00:25:51,318" />
  </s>
  <s id="398">
    <time id="T275S" value="00:25:51,480" />
Reflexerna säger flykt och de sitter kvar i benet också när den är död.
    <time id="T275E" value="00:25:58,397" />
  </s>
  <s id="399">
    <time id="T276S" value="00:25:58,560" />
Det har inte direkt med vårt fall att göra, men ändå.
    <time id="T276E" value="00:26:02,348" />
  </s>
  <s id="400">
    <time id="T277S" value="00:26:02,520" />
Du såg ju själv skallen. 
  </s>
  <s id="401">
Krossad på flera ställen - det hade gått hål.
    <time id="T277E" value="00:26:08,550" />
  </s>
  <s id="402">
    <time id="T278S" value="00:26:08,720" />
-Vilket betyder?
  </s>
  <s id="403">
-Utan hål hade hon dött direkt.
    <time id="T278E" value="00:26:12,759" />
  </s>
  <s id="404">
    <time id="T279S" value="00:26:12,920" />
Hjärnan får precis plats i kraniet.
    <time id="T279E" value="00:26:17,152" />
  </s>
  <s id="405">
    <time id="T280S" value="00:26:17,320" />
Om hjärnan svullnar efter ett slag, blir trycket för stort och blodtillförseln stryps.
  </s>
  <s id="406">
Det är slut.
    <time id="T281E" value="00:26:25,310" />
  </s>
  <s id="407">
    <time id="T282S" value="00:26:25,480" />
Men i det här fallet kunde blodet sippra ut.
    <time id="T282E" value="00:26:28,631" />
  </s>
  <s id="408">
    <time id="T283S" value="00:26:28,800" />
-Jag tar fram henne...
  </s>
  <s id="409">
-Nej, jag förstår.
    <time id="T283E" value="00:26:31,917" />
  </s>
  <s id="410">
    <time id="T284S" value="00:26:32,080" />
Hon kan ha fått 30 sekunder.
    <time id="T284E" value="00:26:35,390" />
  </s>
  <s id="411">
    <time id="T285S" value="00:26:35,560" />
Hon blir slagen och gärningsmannen springer. 
  </s>
  <s id="412">
Hon vill skydda sig.
    <time id="T285E" value="00:26:41,157" />
  </s>
  <s id="413">
    <time id="T286S" value="00:26:41,320" />
Hon låser dörren, vacklar tillbaka och ramlar omkull.
    <time id="T286E" value="00:26:46,997" />
  </s>
  <s id="414">
    <time id="T287S" value="00:26:50,040" />
Hur går det för er?
  </s>
  <s id="415">
Vet ni vem som gjorde det?
    <time id="T287E" value="00:26:54,636" />
  </s>
  <s id="416">
    <time id="T288S" value="00:26:56,480" />
-Följ med hem och ät en bit.
  </s>
  <s id="417">
-Du ger dig visst aldrig.
    <time id="T288E" value="00:27:00,678" />
  </s>
  <s id="418">
    <time id="T289S" value="00:27:00,840" />
-Gör det nåt?
  </s>
  <s id="419">
-Jag är gift och ska hem.
    <time id="T289E" value="00:27:04,230" />
  </s>
  <s id="420">
    <time id="T290S" value="00:27:04,400" />
Jag ska skicka iväg Tobias till Norge imorgon bitti.
    <time id="T290E" value="00:27:08,598" />
  </s>
  <s id="421">
    <time id="T291S" value="00:27:08,760" />
Du kan inte åka hem efter allt jag gjort för dig.
    <time id="T291E" value="00:27:13,675" />
  </s>
  <s id="422">
    <time id="T292S" value="00:27:13,840" />
En öl...?
    <time id="T292E" value="00:27:16,070" />
  </s>
  <s id="423">
    <time id="T293S" value="00:27:17,200" />
Det är som ett magiskt knep.
    <time id="T293E" value="00:27:20,397" />
  </s>
  <s id="424">
    <time id="T294S" value="00:27:20,560" />
Vet du vad jag menar?
    <time id="T294E" value="00:27:23,393" />
  </s>
  <s id="425">
    <time id="T295S" value="00:27:23,560" />
När man väl får veta hur de gör tänker man: "Var det så enkelt?"
    <time id="T295E" value="00:27:28,554" />
  </s>
  <s id="426">
    <time id="T296S" value="00:27:28,720" />
Så var det också med det låsta rummet.
    <time id="T296E" value="00:27:33,236" />
  </s>
  <s id="427">
    <time id="T297S" value="00:27:33,400" />
Nu är det bara att ta reda på vem hon låste dörren för.
    <time id="T297E" value="00:27:37,837" />
  </s>
  <s id="428">
    <time id="T298S" value="00:27:38,000" />
Sover du?
    <time id="T298E" value="00:27:39,592" />
  </s>
  <s id="429">
    <time id="T299S" value="00:28:12,400" />
God morgon.
    <time id="T299E" value="00:28:13,833" />
  </s>
  <s id="430">
    <time id="T300S" value="00:28:14,000" />
-Är inte Johnny tillbaka?
  </s>
  <s id="431">
-Varför skulle han vara det?
    <time id="T300E" value="00:28:18,516" />
  </s>
  <s id="432">
    <time id="T301S" value="00:28:18,680" />
-Han kommer när kontoret ska hem.
  </s>
  <s id="433">
-Jag trodde han skulle komma igår...
    <time id="T301E" value="00:28:24,073" />
  </s>
  <s id="434">
    <time id="T302S" value="00:28:24,240" />
Det förstår jag inte.
  </s>
  <s id="435">
Kom Tobias iväg till Norge?
    <time id="T302E" value="00:28:28,597" />
  </s>
  <s id="436">
    <time id="T303S" value="00:28:28,760" />
Jag kunde bitit tungan av mig när jag sa: "Inga svarta backar nu."
    <time id="T303E" value="00:28:33,959" />
  </s>
  <s id="437">
    <time id="T304S" value="00:28:34,120" />
Nu tänker han bara på svarta backar och jag får oroa mig hela tiden.
    <time id="T304E" value="00:28:40,116" />
  </s>
  <s id="438">
    <time id="T305S" value="00:28:41,400" />
God morgon!
    <time id="T305E" value="00:28:43,755" />
  </s>
  <s id="439">
    <time id="T306S" value="00:28:43,920" />
Det var kalabalik i Hillerød i natt.
    <time id="T306E" value="00:28:47,754" />
  </s>
  <s id="440">
    <time id="T307S" value="00:28:47,920" />
Ja, jag talade med dem på vägen.
  </s>
  <s id="441">
Vi får klara oss själva.
    <time id="T307E" value="00:28:53,233" />
  </s>
  <s id="442">
    <time id="T308S" value="00:28:53,400" />
Det ordnar sig bara vi slipper Vindfeldt.
    <time id="T309E" value="00:28:59,473" />
  </s>
  <s id="443">
    <time id="T310S" value="00:29:00,400" />
Nu har jag löst gåtan med det låsta rummet.
    <time id="T310E" value="00:29:03,517" />
  </s>
  <s id="444">
    <time id="T311S" value="00:29:03,680" />
Jag har diskuterat med min gode vän Uffe hela natten.
    <time id="T311E" value="00:29:07,878" />
  </s>
  <s id="445">
    <time id="T312S" value="00:29:08,040" />
Han är överläkare inne i Hillerød.
    <time id="T312E" value="00:29:11,749" />
  </s>
  <s id="446">
    <time id="T313S" value="00:29:11,920" />
Och nu kommer chocken!
    <time id="T314E" value="00:29:18,160" />
  </s>
  <s id="447">
    <time id="T315S" value="00:29:23,800" />
Det var prästen själv som låste dörren.
    <time id="T315E" value="00:29:28,316" />
  </s>
  <s id="448">
    <time id="T316S" value="00:29:28,480" />
"Men hur är det möjligt," tänker väl ni nu?
    <time id="T316E" value="00:29:33,554" />
  </s>
  <s id="449">
    <time id="T317S" value="00:29:33,720" />
-Ja.
  </s>
  <s id="450">
-Hur...?
    <time id="T317E" value="00:29:36,473" />
  </s>
  <s id="451">
    <time id="T318S" value="00:29:36,640" />
Jo, det var hål i skallen så att blodet kunde sippra ut.
    <time id="T318E" value="00:29:42,033" />
  </s>
  <s id="452">
    <time id="T319S" value="00:29:42,200" />
Det förlängde hennes liv med 30 sekunder, så att hon hann låsa.
    <time id="T319E" value="00:29:48,275" />
  </s>
  <s id="453">
    <time id="T320S" value="00:29:48,440" />
Naturligtvis!
    <time id="T320E" value="00:29:50,431" />
  </s>
  <s id="454">
    <time id="T321S" value="00:29:50,600" />
Teknikerna säger att spaden i boden kan vara mordvapnet.
    <time id="T321E" value="00:29:54,639" />
  </s>
  <s id="455">
    <time id="T322S" value="00:29:54,800" />
Men det finns inga spår.
  </s>
  <s id="456">
Alla redskap är rengjorda.
    <time id="T322E" value="00:29:58,679" />
  </s>
  <s id="457">
    <time id="T323S" value="00:29:58,840" />
Det hjälper oss dessvärre inte.
  </s>
  <s id="458">
Alla har tillgång till skjulet.
    <time id="T323E" value="00:30:04,472" />
  </s>
  <s id="459">
    <time id="T324S" value="00:30:04,640" />
-Har ni hämtat Jørgen?
  </s>
  <s id="460">
-Nej.
    <time id="T324E" value="00:30:09,111" />
  </s>
  <s id="461">
    <time id="T325S" value="00:30:10,200" />
Inte för att jag vill lägga mig i.
    <time id="T325E" value="00:30:13,590" />
  </s>
  <s id="462">
    <time id="T326S" value="00:30:13,760" />
Det finns inget som är så irriterande som en före detta men det är ändå en liten klocka som ringer.
    <time id="T327E" value="00:30:23,992" />
  </s>
  <s id="463">
    <time id="T328S" value="00:30:27,360" />
När jag gick förbi prästgården, så var gardinerna fördragna.
    <time id="T328E" value="00:30:32,798" />
  </s>
  <s id="464">
    <time id="T329S" value="00:30:32,960" />
Man kan säga mycket om Jørgen, men han har alltid varit morgonpigg.
    <time id="T329E" value="00:30:39,354" />
  </s>
  <s id="465">
    <time id="T330S" value="00:30:41,200" />
-God dag.
  </s>
  <s id="466">
-Jag tittar in lite senare.
    <time id="T330E" value="00:30:45,716" />
  </s>
  <s id="467">
    <time id="T331S" value="00:30:45,880" />
Du kan följa med den här vägen.
    <time id="T331E" value="00:30:49,429" />
  </s>
  <s id="468">
    <time id="T332S" value="00:30:55,160" />
Jørgen Eriksen säger att han var hos dig natten till lördag.
    <time id="T332E" value="00:30:59,233" />
  </s>
  <s id="469">
    <time id="T333S" value="00:30:59,400" />
-Är Jørgen gripen?
  </s>
  <s id="470">
-Nej.
    <time id="T333E" value="00:31:02,870" />
  </s>
  <s id="471">
    <time id="T334S" value="00:31:03,040" />
Varför är det då så viktigt att veta var han var?
    <time id="T334E" value="00:31:06,271" />
  </s>
  <s id="472">
    <time id="T335S" value="00:31:06,440" />
Först sa han att han sov hemma hos sin fru men när han fick höra att hon dog på fredan sa han att han var hos dig.
    <time id="T336E" value="00:31:15,360" />
  </s>
  <s id="473">
    <time id="T337S" value="00:31:15,520" />
Om du kan bekräfta det, så är den saken ur världen.
    <time id="T337E" value="00:31:19,911" />
  </s>
  <s id="474">
    <time id="T338S" value="00:31:20,080" />
Han var hos mig.
    <time id="T338E" value="00:31:22,878" />
  </s>
  <s id="475">
    <time id="T339S" value="00:31:23,040" />
-Kan du berätta vad ni gjorde?
  </s>
  <s id="476">
-Vad tror du?
    <time id="T339E" value="00:31:27,875" />
  </s>
  <s id="477">
    <time id="T340S" value="00:31:28,040" />
-Har ni ett förhållande?
  </s>
  <s id="478">
-Det betyder inget.
    <time id="T340E" value="00:31:31,635" />
  </s>
  <s id="479">
    <time id="T341S" value="00:31:31,800" />
-Hur då "betyder inget"?
  </s>
  <s id="480">
-Det var rent sexuellt.
    <time id="T341E" value="00:31:36,828" />
  </s>
  <s id="481">
    <time id="T342S" value="00:31:37,000" />
-Har Jørgen samma uppfattning?
  </s>
  <s id="482">
-Ja, det var vi överens om.
    <time id="T342E" value="00:31:41,994" />
  </s>
  <s id="483">
    <time id="T343S" value="00:31:42,160" />
Så länge det inte sårade nån, hade ingen med det att göra.
    <time id="T343E" value="00:31:46,358" />
  </s>
  <s id="484">
    <time id="T344S" value="00:31:46,520" />
-Hur länge har det pågått?
  </s>
  <s id="485">
-Förlåt mig...
    <time id="T344E" value="00:31:50,718" />
  </s>
  <s id="486">
    <time id="T345S" value="00:31:50,880" />
Nu har jag sagt att han var hos mig.
  </s>
  <s id="487">
Det var väl det du ville veta?
    <time id="T345E" value="00:31:55,715" />
  </s>
  <s id="488">
    <time id="T346S" value="00:31:55,880" />
-När kom han?
  </s>
  <s id="489">
-Vid åttatiden.
    <time id="T346E" value="00:31:58,678" />
  </s>
  <s id="490">
    <time id="T347S" value="00:31:58,840" />
-Och när gick han?
  </s>
  <s id="491">
-Nästa morgon - halv tio.
    <time id="T347E" value="00:32:04,233" />
  </s>
  <s id="492">
    <time id="T348S" value="00:32:04,400" />
Och ni var tillsammans hela tiden?
    <time id="T348E" value="00:32:07,153" />
  </s>
  <s id="493">
    <time id="T349S" value="00:32:07,320" />
-Jag hör inte riktigt vad du säger.
  </s>
  <s id="494">
-Ja, vi var tillsammans hela tiden.
    <time id="T349E" value="00:32:12,235" />
  </s>
  <s id="495">
    <time id="T350S" value="00:32:12,400" />
Hans fru måste ha känt till det, eftersom han stannade hela natten.
    <time id="T350E" value="00:32:18,316" />
  </s>
  <s id="496">
    <time id="T351S" value="00:32:20,000" />
Ja...
    <time id="T351E" value="00:32:21,319" />
  </s>
  <s id="497">
    <time id="T352S" value="00:32:21,480" />
Och hur är det med din man?
    <time id="T352E" value="00:32:25,029" />
  </s>
  <s id="498">
    <time id="T353S" value="00:32:25,200" />
Jag berättade det igår kväll, efter det som hänt.
    <time id="T353E" value="00:32:29,990" />
  </s>
  <s id="499">
    <time id="T354S" value="00:32:30,160" />
-Hur tog han det?
  </s>
  <s id="500">
-Han blev naturligtvis ledsen...
    <time id="T354E" value="00:32:35,109" />
  </s>
  <s id="501">
    <time id="T355S" value="00:32:35,280" />
Men vi är ju vuxna människor.
    <time id="T355E" value="00:32:39,592" />
  </s>
  <s id="502">
    <time id="T356S" value="00:32:39,760" />
Din man åkte iväg med era barn vid sjutiden i fredags kväll.
    <time id="T356E" value="00:32:45,676" />
  </s>
  <s id="503">
    <time id="T357S" value="00:32:45,840" />
Vad talade ni om strax före det?
    <time id="T357E" value="00:32:48,638" />
  </s>
  <s id="504">
    <time id="T358S" value="00:32:48,800" />
-God morgon. 
  </s>
  <s id="505">
Hur går det?
  </s>
  <s id="506">
-Strålande.
    <time id="T358E" value="00:32:52,190" />
  </s>
  <s id="507">
    <time id="T359S" value="00:32:52,360" />
Hon har bara ljugit tre gånger.
    <time id="T359E" value="00:32:54,749" />
  </s>
  <s id="508">
    <time id="T360S" value="00:32:54,920" />
Två vittnen såg er gräla och att er man körde iväg i vredesmod.
    <time id="T360E" value="00:33:01,029" />
  </s>
  <s id="509">
    <time id="T361S" value="00:33:03,680" />
Och hur kommer det sig att fem personer sett Jørgen vid kyrkan?
    <time id="T361E" value="00:33:08,834" />
  </s>
  <s id="510">
    <time id="T362S" value="00:33:11,400" />
Maria, det här är allvarligt.
  </s>
  <s id="511">
Det gäller mord.
    <time id="T362E" value="00:33:15,598" />
  </s>
  <s id="512">
    <time id="T363S" value="00:33:18,640" />
Det där med att det inte betyder något...
    <time id="T363E" value="00:33:24,112" />
  </s>
  <s id="513">
    <time id="T364S" value="00:33:24,280" />
Det kanske trots allt gjorde det?
    <time id="T364E" value="00:33:27,670" />
  </s>
  <s id="514">
    <time id="T365S" value="00:33:28,800" />
Var det det ni grälade om?
  </s>
  <s id="515">
Sa du att du ville skiljas?
    <time id="T365E" value="00:33:33,794" />
  </s>
  <s id="516">
    <time id="T366S" value="00:33:36,400" />
Och Jørgen går till kyrkan och säger samma sak till sin fru?
    <time id="T366E" value="00:33:42,316" />
  </s>
  <s id="517">
    <time id="T367S" value="00:33:45,240" />
-Hur länge var han borta?
  </s>
  <s id="518">
-Nån halvtimme.
    <time id="T367E" value="00:33:50,837" />
  </s>
  <s id="519">
    <time id="T368S" value="00:33:51,000" />
-Hur var han när han kom tillbaka?
  </s>
  <s id="520">
-Han var olycklig...
    <time id="T368E" value="00:33:56,836" />
  </s>
  <s id="521">
    <time id="T369S" value="00:33:57,000" />
Han hade haft svårt att säga det.
  </s>
  <s id="522">
Det kom som en chock för henne.
    <time id="T369E" value="00:34:02,597" />
  </s>
  <s id="523">
    <time id="T370S" value="00:34:02,760" />
Hon var illa däran i reumatism.
  </s>
  <s id="524">
Hon klarade sig inte själv.
    <time id="T370E" value="00:34:08,710" />
  </s>
  <s id="525">
    <time id="T371S" value="00:34:10,200" />
Jag vaknade på natten.
  </s>
  <s id="526">
Han låg och grät.
    <time id="T371E" value="00:34:15,069" />
  </s>
  <s id="527">
    <time id="T372S" value="00:34:17,200" />
Han sa att det skulle ha varit mer humant att slå ihjäl henne?
    <time id="T373E" value="00:34:23,957" />
  </s>
  <s id="528">
    <time id="T374S" value="00:34:24,120" />
Skulle han ha kunnat slå ihjäl henne?
    <time id="T374E" value="00:34:28,432" />
  </s>
  <s id="529">
    <time id="T375S" value="00:34:28,600" />
Jag vet inte...
    <time id="T375E" value="00:34:31,558" />
  </s>
  <s id="530">
    <time id="T376S" value="00:34:31,720" />
Jag vet inte.
    <time id="T376E" value="00:34:33,153" />
  </s>
  <s id="531">
    <time id="T377S" value="00:34:33,320" />
Jag såg den varje år som barn.
  </s>
  <s id="532">
"Nødebo prästgård."
    <time id="T377E" value="00:34:37,518" />
  </s>
  <s id="533">
    <time id="T378S" value="00:34:37,680" />
-Gjorde du också det?
  </s>
  <s id="534">
-Det räckte med en gång.
    <time id="T378E" value="00:34:41,389" />
  </s>
  <s id="535">
    <time id="T379S" value="00:34:41,560" />
Nissen frågar: "När är det jul, mor?" "När studenterna kommer."
    <time id="T379E" value="00:34:46,998" />
  </s>
  <s id="536">
    <time id="T380S" value="00:34:47,160" />
Den mördades hem.
    <time id="T380E" value="00:34:49,958" />
  </s>
  <s id="537">
    <time id="T381S" value="00:35:03,000" />
Det är polisen!
  </s>
  <s id="538">
Var snäll och öppna!
    <time id="T381E" value="00:35:07,118" />
  </s>
  <s id="539">
    <time id="T382S" value="00:35:09,000" />
Det är polisen! 
  </s>
  <s id="540">
Är det nån hemma?
    <time id="T382E" value="00:35:12,356" />
  </s>
  <s id="541">
    <time id="T383S" value="00:35:37,200" />
Fan vad han stinker!
    <time id="T383E" value="00:35:40,988" />
  </s>
  <s id="542">
    <time id="T384S" value="00:35:41,160" />
Han tog sig en rejäl bläcka.
    <time id="T384E" value="00:35:44,596" />
  </s>
  <s id="543">
    <time id="T385S" value="00:36:00,200" />
Jag behöver inte tala med polisen.
  </s>
  <s id="544">
Det behöver jag inte...
    <time id="T385E" value="00:36:05,718" />
  </s>
  <s id="545">
    <time id="T386S" value="00:36:05,880" />
Men jag vill gärna tala med polisen.
    <time id="T386E" value="00:36:08,997" />
  </s>
  <s id="546">
    <time id="T387S" value="00:36:09,160" />
Jag vill gärna berätta allt.
    <time id="T387E" value="00:36:12,675" />
  </s>
  <s id="547">
    <time id="T388S" value="00:36:15,200" />
Det var inte meningen...
    <time id="T388E" value="00:36:18,749" />
  </s>
  <s id="548">
    <time id="T389S" value="00:36:18,920" />
Det var inte meningen att hon skulle...
    <time id="T389E" value="00:36:22,913" />
  </s>
  <s id="549">
    <time id="T390S" value="00:36:48,600" />
-Adam Fischer.
  </s>
  <s id="550">
-Jørgen Eriksen.
    <time id="T390E" value="00:36:50,989" />
  </s>
  <s id="551">
    <time id="T391S" value="00:36:51,160" />
-Är du pigg nog att tala med oss?
  </s>
  <s id="552">
-Ja.
    <time id="T391E" value="00:36:54,152" />
  </s>
  <s id="553">
    <time id="T392S" value="00:36:54,320" />
Du kan hänga dina kläder där och där finns ett glas med Treo.
    <time id="T392E" value="00:36:59,474" />
  </s>
  <s id="554">
    <time id="T393S" value="00:37:01,800" />
Förhör - klockan är 14.20 den 6 mars.
    <time id="T393E" value="00:37:06,828" />
  </s>
  <s id="555">
    <time id="T394S" value="00:37:07,000" />
Vi förhör Jørgen Eriksen.
    <time id="T394E" value="00:37:09,560" />
  </s>
  <s id="556">
    <time id="T395S" value="00:37:09,720" />
Du ska veta att du inte behöver säga nåt.
    <time id="T395E" value="00:37:13,156" />
  </s>
  <s id="557">
    <time id="T396S" value="00:37:13,320" />
-Var var du i fredags kväll?
  </s>
  <s id="558">
-Hos en bekant.
    <time id="T396E" value="00:37:17,711" />
  </s>
  <s id="559">
    <time id="T397S" value="00:37:17,880" />
Maria Lange säger att du lämnade henne klockan tio.
    <time id="T397E" value="00:37:21,509" />
  </s>
  <s id="560">
    <time id="T398S" value="00:37:21,680" />
Och fem vittnen har sett dig lämna kyrkan halv elva.
    <time id="T398E" value="00:37:26,071" />
  </s>
  <s id="561">
    <time id="T399S" value="00:37:27,680" />
-Stämmer det?
  </s>
  <s id="562">
-Ja.
    <time id="T399E" value="00:37:30,877" />
  </s>
  <s id="563">
    <time id="T400S" value="00:37:31,040" />
Vad gjorde du i kyrkan?
    <time id="T400E" value="00:37:34,635" />
  </s>
  <s id="564">
    <time id="T401S" value="00:37:36,000" />
-Jag sa det till Eva.
  </s>
  <s id="565">
-Vad sa du?
    <time id="T401E" value="00:37:39,754" />
  </s>
  <s id="566">
    <time id="T402S" value="00:37:41,000" />
Jag sa som det var och att jag ville skiljas.
    <time id="T402E" value="00:37:44,993" />
  </s>
  <s id="567">
    <time id="T403S" value="00:37:45,160" />
-Blev hon förvånad?
  </s>
  <s id="568">
-Ja.
    <time id="T403E" value="00:37:48,596" />
  </s>
  <s id="569">
    <time id="T404S" value="00:37:48,760" />
Hur reagerade hon?
    <time id="T404E" value="00:37:51,911" />
  </s>
  <s id="570">
    <time id="T405S" value="00:37:52,080" />
Hon blev upprörd - mycket upprörd.
    <time id="T405E" value="00:37:56,232" />
  </s>
  <s id="571">
    <time id="T406S" value="00:37:56,400" />
-Grät hon?
  </s>
  <s id="572">
-Ja...
    <time id="T406E" value="00:37:59,517" />
  </s>
  <s id="573">
    <time id="T407S" value="00:37:59,680" />
-Vad gjorde du? 
  </s>
  <s id="574">
Tröstade du henne?
  </s>
  <s id="575">
-Ja.
    <time id="T407E" value="00:38:04,071" />
  </s>
  <s id="576">
    <time id="T408S" value="00:38:05,080" />
Men hon missförstod det hela.
    <time id="T408E" value="00:38:08,197" />
  </s>
  <s id="577">
    <time id="T409S" value="00:38:08,360" />
-Hur då "missförstod"?
  </s>
  <s id="578">
-Hon blev...
    <time id="T409E" value="00:38:13,388" />
  </s>
  <s id="579">
    <time id="T410S" value="00:38:13,560" />
Hon blev smeksam.
    <time id="T410E" value="00:38:17,235" />
  </s>
  <s id="580">
    <time id="T411S" value="00:38:20,680" />
Jag slet mig loss...
    <time id="T411E" value="00:38:22,671" />
  </s>
  <s id="581">
    <time id="T412S" value="00:38:22,840" />
-Och sen?
  </s>
  <s id="582">
-Hon var rasande.
    <time id="T412E" value="00:38:26,435" />
  </s>
  <s id="583">
    <time id="T413S" value="00:38:26,600" />
-Hon jagade ut mig ur kyrkan.
  </s>
  <s id="584">
-Ut ur kyrkan alltså?
    <time id="T413E" value="00:38:32,072" />
  </s>
  <s id="585">
    <time id="T414S" value="00:38:32,240" />
-Och det var allt?
  </s>
  <s id="586">
-Ja.
    <time id="T414E" value="00:38:36,392" />
  </s>
  <s id="587">
    <time id="T415S" value="00:38:36,560" />
-Två miljoner är mycket pengar.
  </s>
  <s id="588">
-Va...?
    <time id="T415E" value="00:38:40,269" />
  </s>
  <s id="589">
    <time id="T416S" value="00:38:40,440" />
-Två miljoner är mycket pengar.
  </s>
  <s id="590">
-Jag vet inte vad du pratar om.
    <time id="T416E" value="00:38:45,309" />
  </s>
  <s id="591">
    <time id="T417S" value="00:38:45,480" />
Jag uttrycker mig lite oklart.
  </s>
  <s id="592">
Jag talar om er livförsäkring.
    <time id="T417E" value="00:38:51,237" />
  </s>
  <s id="593">
    <time id="T418S" value="00:38:51,400" />
-Vi har ingen livförsäkring.
  </s>
  <s id="594">
-Tror du inte att vi kollar sånt?
    <time id="T418E" value="00:38:57,236" />
  </s>
  <s id="595">
    <time id="T419S" value="00:38:57,400" />
Nu ska vi se här...
    <time id="T419E" value="00:39:00,676" />
  </s>
  <s id="596">
    <time id="T420S" value="00:39:02,120" />
Det där är väl din namnteckning?
    <time id="T420E" value="00:39:06,272" />
  </s>
  <s id="597">
    <time id="T421S" value="00:39:06,440" />
Den 16 mars 1999.
    <time id="T421E" value="00:39:09,591" />
  </s>
  <s id="598">
    <time id="T422S" value="00:39:12,400" />
Jag trodde att det var en vanlig hemförsäkring.
    <time id="T422E" value="00:39:15,870" />
  </s>
  <s id="599">
    <time id="T423S" value="00:39:16,040" />
Det är svårt att tro.
    <time id="T423E" value="00:39:18,508" />
  </s>
  <s id="600">
    <time id="T424S" value="00:39:18,680" />
Din fru var sjuk och snart femtio.
  </s>
  <s id="601">
Det var väl ingen billig försäkring?
    <time id="T424E" value="00:39:22,593" />
  </s>
  <s id="602">
    <time id="T425S" value="00:39:22,760" />
Det måste väl ha påverkat er ekonomi?
    <time id="T425E" value="00:39:26,753" />
  </s>
  <s id="603">
    <time id="T426S" value="00:39:26,920" />
Eva skötte allt sånt.
  </s>
  <s id="604">
Hon tecknade den för min skull.
    <time id="T426E" value="00:39:31,994" />
  </s>
  <s id="605">
    <time id="T427S" value="00:39:36,200" />
Nu tycker jag att du ska berätta vad som verkligen hände i kyrkan.
    <time id="T427E" value="00:39:40,273" />
  </s>
  <s id="606">
    <time id="T428S" value="00:39:42,960" />
Fler rapporter. 
  </s>
  <s id="607">
Hur går det där inne?
    <time id="T428E" value="00:39:46,236" />
  </s>
  <s id="608">
    <time id="T429S" value="00:39:46,400" />
Han är tuff.
  </s>
  <s id="609">
De har hållit på i tre timmar.
    <time id="T429E" value="00:39:50,678" />
  </s>
  <s id="610">
    <time id="T430S" value="00:39:59,400" />
Nu ska du få se...
    <time id="T430E" value="00:40:01,789" />
  </s>
  <s id="611">
    <time id="T431S" value="00:40:06,200" />
De här är från den 1 mars, alltså fem dar sen.
    <time id="T431E" value="00:40:10,990" />
  </s>
  <s id="612">
    <time id="T432S" value="00:40:11,160" />
Du har betalt dem på posten.
  </s>
  <s id="613">
Och titta nu här!
    <time id="T432E" value="00:40:16,359" />
  </s>
  <s id="614">
    <time id="T433S" value="00:40:16,520" />
Där har vi ju livförsäkringen.
    <time id="T433E" value="00:40:20,035" />
  </s>
  <s id="615">
    <time id="T434S" value="00:40:20,200" />
Eva bad mig betala dem.
    <time id="T434E" value="00:40:22,998" />
  </s>
  <s id="616">
    <time id="T435S" value="00:40:23,160" />
-Beloppet fick dig inte att undra?
  </s>
  <s id="617">
-Nej...
    <time id="T435E" value="00:40:28,553" />
  </s>
  <s id="618">
    <time id="T436S" value="00:40:29,560" />
Det handlar om mycket pengar.
    <time id="T436E" value="00:40:33,030" />
  </s>
  <s id="619">
    <time id="T437S" value="00:40:38,520" />
Ingrids telefon, det är Gaby.
    <time id="T437E" value="00:40:41,398" />
  </s>
  <s id="620">
    <time id="T438S" value="00:40:41,560" />
Gry, vänta lite.
    <time id="T438E" value="00:40:44,950" />
  </s>
  <s id="621">
    <time id="T439S" value="00:40:53,760" />
Det är Gry.
    <time id="T439E" value="00:40:56,035" />
  </s>
  <s id="622">
    <time id="T440S" value="00:40:56,200" />
-Det är Ingrid.
  </s>
  <s id="623">
-Jag är på sjukhuset.
    <time id="T440E" value="00:41:00,193" />
  </s>
  <s id="624">
    <time id="T441S" value="00:41:01,200" />
-Det är pappa.
  </s>
  <s id="625">
-Vad är det med honom?
    <time id="T441E" value="00:41:05,193" />
  </s>
  <s id="626">
    <time id="T442S" value="00:41:05,360" />
De opererar hans hjärna.
    <time id="T442E" value="00:41:08,033" />
  </s>
  <s id="627">
    <time id="T443S" value="00:41:08,200" />
Han föll omkull i köket, så jag ringde efter ambulans.
    <time id="T443E" value="00:41:13,672" />
  </s>
  <s id="628">
    <time id="T444S" value="00:41:13,840" />
-Nu håller de på att operera honom.
  </s>
  <s id="629">
-Gry, jag kommer med en gång.
    <time id="T444E" value="00:41:19,073" />
  </s>
  <s id="630">
    <time id="T445S" value="00:41:27,200" />
Det är Søren. 
  </s>
  <s id="631">
De opererar honom.
    <time id="T445E" value="00:41:30,988" />
  </s>
  <s id="632">
    <time id="T446S" value="00:41:31,160" />
Jag kör dig.
    <time id="T446E" value="00:41:33,754" />
  </s>
  <s id="633">
    <time id="T447S" value="00:41:33,920" />
-Jag kör själv.
  </s>
  <s id="634">
-Det är inget att diskutera.
    <time id="T447E" value="00:41:37,151" />
  </s>
  <s id="635">
    <time id="T448S" value="00:42:00,160" />
-Niels...
  </s>
  <s id="636">
-Det var en svår operation.
    <time id="T448E" value="00:42:03,869" />
  </s>
  <s id="637">
    <time id="T449S" value="00:42:04,040" />
-Men det verkar ha gått bra.
  </s>
  <s id="638">
-Vad är det?
    <time id="T449E" value="00:42:06,952" />
  </s>
  <s id="639">
    <time id="T450S" value="00:42:07,120" />
Han var medvetslös och hade en stor blodansamling i hjärnan.
    <time id="T450E" value="00:42:11,193" />
  </s>
  <s id="640">
    <time id="T451S" value="00:42:11,360" />
Om vi inte opererat hade han varit död.
    <time id="T451E" value="00:42:13,954" />
  </s>
  <s id="641">
    <time id="T452S" value="00:42:14,120" />
-Hur länge har han haft det?
  </s>
  <s id="642">
-Säkert sen trafikolyckan.
    <time id="T452E" value="00:42:18,511" />
  </s>
  <s id="643">
    <time id="T453S" value="00:42:18,680" />
-Slaget fick ett blodkärl att brista.
  </s>
  <s id="644">
-Varför har ni inte upptäckt det?
    <time id="T453E" value="00:42:24,152" />
  </s>
  <s id="645">
    <time id="T454S" value="00:42:24,320" />
Han ville inte stanna på observation.
    <time id="T454E" value="00:42:27,039" />
  </s>
  <s id="646">
    <time id="T455S" value="00:42:27,200" />
Vi kunde ha missat det ändå. 
  </s>
  <s id="647">
Vi kan tacka Gry för hennes handlande.
    <time id="T455E" value="00:42:33,230" />
  </s>
  <s id="648">
    <time id="T456S" value="00:42:39,600" />
-Vi hörs.
  </s>
  <s id="649">
-Tack, lP.
    <time id="T456E" value="00:42:42,637" />
  </s>
  <s id="650">
    <time id="T457S" value="00:42:55,000" />
Vi skulle ha en ny föreståndarinna.
    <time id="T457E" value="00:42:57,798" />
  </s>
  <s id="651">
    <time id="T458S" value="00:42:57,960" />
Det kunde bara bli tal om fru Møller eller fröken Smith.
    <time id="T458E" value="00:43:02,158" />
  </s>
  <s id="652">
    <time id="T459S" value="00:43:02,320" />
Fru Møller hade bäst betyg och förbindelser.
    <time id="T459E" value="00:43:07,713" />
  </s>
  <s id="653">
    <time id="T460S" value="00:43:07,880" />
Men fröken Smith hade blivit en mycket bra föreståndarinna...
    <time id="T460E" value="00:43:14,433" />
  </s>
  <s id="654">
    <time id="T461S" value="00:43:14,600" />
Du kom ihåg det trots allt!
    <time id="T461E" value="00:43:18,195" />
  </s>
  <s id="655">
    <time id="T462S" value="00:43:20,080" />
Jag hämtar ett glas till dig.
    <time id="T462E" value="00:43:23,959" />
  </s>
  <s id="656">
    <time id="T463S" value="00:43:24,120" />
Jag tyckte inte hon skulle höra det ensam. 
  </s>
  <s id="657">
Hon är strålande.
    <time id="T463E" value="00:43:29,240" />
  </s>
  <s id="658">
    <time id="T464S" value="00:43:29,400" />
Søren har blivit inlagd.
  </s>
  <s id="659">
Men han klarar sig.
    <time id="T464E" value="00:43:34,633" />
  </s>
  <s id="660">
    <time id="T465S" value="00:44:14,800" />
-Du kan ligga på soffan här ute.
  </s>
  <s id="661">
-Det är en bra idé.
    <time id="T465E" value="00:44:19,351" />
  </s>
  <s id="662">
    <time id="T466S" value="00:44:19,520" />
Jag väcker dig när han vaknar.
    <time id="T466E" value="00:44:23,229" />
  </s>
  <s id="663">
    <time id="T467S" value="00:44:23,400" />
-Lovar du det?
  </s>
  <s id="664">
-Ja.
    <time id="T467E" value="00:44:26,358" />
  </s>
  <s id="665">
    <time id="T468S" value="00:44:51,480" />
Hej, det är Ingrid.
  </s>
  <s id="666">
Jag har läst en rapport.
    <time id="T468E" value="00:44:54,438" />
  </s>
  <s id="667">
    <time id="T469S" value="00:44:54,600" />
På väg till kyrkan köpte pastor Eriksen batterier till sin diktafon.
    <time id="T469E" value="00:45:00,948" />
  </s>
  <s id="668">
    <time id="T470S" value="00:45:01,120" />
Hon bad handlaren byta batterier, men han blev avbruten av en kund.
    <time id="T470E" value="00:45:06,240" />
  </s>
  <s id="669">
    <time id="T471S" value="00:45:06,400" />
Fråga Jørgen Eriksen om han bytte batterier åt henne.
    <time id="T471E" value="00:45:10,951" />
  </s>
  <s id="670">
    <time id="T472S" value="00:45:12,000" />
Du har berättat att hon blev rasande.
  </s>
  <s id="671">
Då måste hon väl ha slagit dig?
    <time id="T472E" value="00:45:17,199" />
  </s>
  <s id="672">
    <time id="T473S" value="00:45:17,360" />
-Nej...
  </s>
  <s id="673">
-Tänk nu efter!
    <time id="T473E" value="00:45:20,397" />
  </s>
  <s id="674">
    <time id="T474S" value="00:45:20,560" />
Hon slår dig och du slår tillbaka.
  </s>
  <s id="675">
När hon ligger där tänker du att det är lika bra att avsluta det hela.
    <time id="T475E" value="00:45:30,591" />
  </s>
  <s id="676">
    <time id="T476S" value="00:45:30,760" />
Det var helt nya batterier i din frus diktafon. 
  </s>
  <s id="677">
Har du satt i dem?
    <time id="T476E" value="00:45:36,756" />
  </s>
  <s id="678">
    <time id="T477S" value="00:45:38,400" />
Nej...
    <time id="T477E" value="00:45:40,960" />
  </s>
  <s id="679">
    <time id="T478S" value="00:45:41,120" />
Men när jag kom in i kyrkan sa hon:
    <time id="T478E" value="00:45:46,353" />
  </s>
  <s id="680">
    <time id="T479S" value="00:45:46,520" />
"Kan du hjälpa mig att byta batterierna?"
    <time id="T479E" value="00:45:49,592" />
  </s>
  <s id="681">
    <time id="T480S" value="00:45:49,760" />
Men när vi började tala om det andra, glömde vi bort det.
    <time id="T480E" value="00:45:52,877" />
  </s>
  <s id="682">
    <time id="T481S" value="00:45:53,040" />
Klockan är 21.48.
  </s>
  <s id="683">
Förhöret avslutas.
    <time id="T481E" value="00:45:57,431" />
  </s>
  <s id="684">
    <time id="T482S" value="00:45:59,800" />
Du kan gå nu, men du får stanna i Nødebo.
    <time id="T482E" value="00:46:04,237" />
  </s>
  <s id="685">
    <time id="T483S" value="00:46:07,600" />
Adjö då.
    <time id="T483E" value="00:46:09,989" />
  </s>
  <s id="686">
    <time id="T484S" value="00:46:16,200" />
-Vad är det som händer?
  </s>
  <s id="687">
-Det är batterierna.
    <time id="T484E" value="00:46:20,193" />
  </s>
  <s id="688">
    <time id="T485S" value="00:46:20,360" />
-Vart hör de?
  </s>
  <s id="689">
-Till prästens diktafon.
    <time id="T485E" value="00:46:23,432" />
  </s>
  <s id="690">
    <time id="T486S" value="00:46:23,600" />
Hon köpte dem på väg till kyrkan, men klarade inte att byta dem själv.
    <time id="T486E" value="00:46:28,833" />
  </s>
  <s id="691">
    <time id="T487S" value="00:46:29,000" />
Jørgen lämnade kyrkan halv elva och före halv tolv var hon död.
    <time id="T487E" value="00:46:34,677" />
  </s>
  <s id="692">
    <time id="T488S" value="00:46:34,840" />
Nån annan måste ha bytt batterierna.
    <time id="T488E" value="00:46:37,752" />
  </s>
  <s id="693">
    <time id="T489S" value="00:47:07,200" />
Jag måste iväg.
    <time id="T489E" value="00:47:10,351" />
  </s>
  <s id="694">
    <time id="T490S" value="00:48:22,800" />
"Kyrkvaktmästare Jens Olesen."
    <time id="T490E" value="00:48:25,917" />
  </s>
  <s id="695">
    <time id="T491S" value="00:48:26,080" />
-Kyrkvaktmästaren! 
  </s>
  <s id="696">
Ta in honom.
  </s>
  <s id="697">
-Fischer hämtar honom.
    <time id="T491E" value="00:48:30,358" />
  </s>
  <s id="698">
    <time id="T492S" value="00:48:30,520" />
-Han var inte där.
  </s>
  <s id="699">
-Hörde du vad han sa?
    <time id="T492E" value="00:48:34,911" />
  </s>
  <s id="700">
    <time id="T493S" value="00:48:35,080" />
Är det Ingrid?
  </s>
  <s id="701">
Får jag byta några ord med henne.
    <time id="T493E" value="00:48:39,073" />
  </s>
  <s id="702">
    <time id="T494S" value="00:48:39,240" />
Han var inte där, men jag talade med Vindfeldt och han sa att han förmodligen var hos sin mor på hemmet.
    <time id="T495E" value="00:48:48,551" />
  </s>
  <s id="703">
    <time id="T496S" value="00:48:48,720" />
Kyrkan och modern är allt han har.
    <time id="T496E" value="00:48:50,995" />
  </s>
  <s id="704">
    <time id="T497S" value="00:48:54,400" />
Jens...!
    <time id="T497E" value="00:48:56,834" />
  </s>
  <s id="705">
    <time id="T498S" value="00:49:06,320" />
Det är polisen.
    <time id="T498E" value="00:49:08,151" />
  </s>
  <s id="706">
    <time id="T499S" value="00:49:14,200" />
Jens Olesen, du får följa med.
  </s>
  <s id="707">
Klockan är 02.07 och du är gripen.
    <time id="T499E" value="00:49:19,672" />
  </s>
  <s id="708">
    <time id="T500S" value="00:49:19,840" />
Du behöver inte säga nåt.
    <time id="T500E" value="00:49:23,469" />
  </s>
  <s id="709">
    <time id="T501S" value="00:49:23,640" />
Du glömmer väl inte min gåva?
    <time id="T501E" value="00:49:26,200" />
  </s>
  <s id="710">
    <time id="T502S" value="00:49:27,200" />
Vad vill du nu?
    <time id="T502E" value="00:49:29,430" />
  </s>
  <s id="711">
    <time id="T503S" value="00:49:29,600" />
-Är det dig hon talar med?
  </s>
  <s id="712">
-Nej.
    <time id="T503E" value="00:49:33,070" />
  </s>
  <s id="713">
    <time id="T504S" value="00:49:33,240" />
-När åkte du till Hillerød i fredags?
  </s>
  <s id="714">
-Med bussen klockan sex.
    <time id="T504E" value="00:49:37,995" />
  </s>
  <s id="715">
    <time id="T505S" value="00:49:38,160" />
Hur kan dina fingeravtryck finnas på batterierna i diktafonen?
    <time id="T505E" value="00:49:42,233" />
  </s>
  <s id="716">
    <time id="T506S" value="00:49:42,400" />
De köptes klockan åtta i butiken.
    <time id="T506E" value="00:49:46,359" />
  </s>
  <s id="717">
    <time id="T507S" value="00:49:49,400" />
Du var alltså inne i kyrkan efter det att du kom från Hillerød.
    <time id="T507E" value="00:49:53,996" />
  </s>
  <s id="718">
    <time id="T508S" value="00:49:54,160" />
-Du bytte batterierna.
  </s>
  <s id="719">
-Hon levde när jag gick.
    <time id="T508E" value="00:49:57,311" />
  </s>
  <s id="720">
    <time id="T509S" value="00:49:57,480" />
Varför sa du inte att du var där?
    <time id="T509E" value="00:50:01,075" />
  </s>
  <s id="721">
    <time id="T510S" value="00:50:01,240" />
Jag trodde att ni skulle tro att det var jag.
    <time id="T510E" value="00:50:05,233" />
  </s>
  <s id="722">
    <time id="T511S" value="00:50:10,000" />
-Jens, den där flickan du var...
  </s>
  <s id="723">
-Pia.
    <time id="T511E" value="00:50:16,633" />
  </s>
  <s id="724">
    <time id="T512S" value="00:50:16,800" />
-Träffar du henne ofta?
  </s>
  <s id="725">
-Hon är min flickvän.
    <time id="T512E" value="00:50:21,828" />
  </s>
  <s id="726">
    <time id="T513S" value="00:50:22,000" />
Hon är sjuk och behöver pengar.
    <time id="T513E" value="00:50:24,878" />
  </s>
  <s id="727">
    <time id="T514S" value="00:50:25,040" />
Har du berättat om henne för din mor?
    <time id="T514E" value="00:50:29,431" />
  </s>
  <s id="728">
    <time id="T515S" value="00:50:30,800" />
-Hon vet om det.
  </s>
  <s id="729">
-Nej, inte alls!
    <time id="T515E" value="00:50:33,997" />
  </s>
  <s id="730">
    <time id="T516S" value="00:50:34,160" />
Jo, det gör hon. 
  </s>
  <s id="731">
Det var hon som sa att vi kunde hitta dig hos Pia.
    <time id="T516E" value="00:50:38,950" />
  </s>
  <s id="732">
    <time id="T517S" value="00:50:39,120" />
-Då var det ju helt onödigt...
  </s>
  <s id="733">
-...att slå ihjäl Eva?
    <time id="T517E" value="00:50:44,956" />
  </s>
  <s id="734">
    <time id="T518S" value="00:50:45,120" />
Slog du ihjäl henne för Pias skull?
    <time id="T518E" value="00:50:49,875" />
  </s>
  <s id="735">
    <time id="T519S" value="00:50:55,120" />
Ja.
    <time id="T519E" value="00:50:57,111" />
  </s>
  <s id="736">
    <time id="T520S" value="00:50:58,400" />
Varför?
    <time id="T520E" value="00:51:00,630" />
  </s>
  <s id="737">
    <time id="T521S" value="00:51:00,800" />
Jag var på väg till kyrkan för att berätta något för prästen.
    <time id="T521E" value="00:51:05,078" />
  </s>
  <s id="738">
    <time id="T522S" value="00:51:05,240" />
Jag hörde att hon grälade med sin man, så jag väntade tills han gick.
    <time id="T522E" value="00:51:10,394" />
  </s>
  <s id="739">
    <time id="T523S" value="00:51:10,560" />
Vad skulle du berätta?
    <time id="T523E" value="00:51:14,439" />
  </s>
  <s id="740">
    <time id="T524S" value="00:51:14,600" />
Jag skulle berätta att jag tagit lite pengar på pastorsexpeditionen.
    <time id="T524E" value="00:51:20,232" />
  </s>
  <s id="741">
    <time id="T525S" value="00:51:20,400" />
Pia är mycket sjuk, så hon behöver mycket pengar.
    <time id="T525E" value="00:51:26,669" />
  </s>
  <s id="742">
    <time id="T526S" value="00:51:28,800" />
Så bad prästen mig att byta hennes batterier.
    <time id="T526E" value="00:51:34,670" />
  </s>
  <s id="743">
    <time id="T527S" value="00:51:34,840" />
Jag berättade vad jag hade gjort och att jag skulle betala tillbaka.
    <time id="T527E" value="00:51:43,396" />
  </s>
  <s id="744">
    <time id="T528S" value="00:51:44,800" />
Jag har aldrig upplevt henne så hård.
    <time id="T528E" value="00:51:49,237" />
  </s>
  <s id="745">
    <time id="T529S" value="00:51:49,400" />
Hon sa att hon skulle berätta det för hela kyrkorådet.
    <time id="T529E" value="00:51:55,236" />
  </s>
  <s id="746">
    <time id="T530S" value="00:51:55,400" />
Och min mor.
    <time id="T530E" value="00:51:58,198" />
  </s>
  <s id="747">
    <time id="T531S" value="00:51:59,600" />
Och då gick du och hämtade spaden?
    <time id="T531E" value="00:52:02,831" />
  </s>
  <s id="748">
    <time id="T532S" value="00:52:03,000" />
Hon gick jämt och talade om kärlek som tål allt.
    <time id="T533E" value="00:52:12,429" />
  </s>
  <s id="749">
    <time id="T534S" value="00:52:12,600" />
Då for djävulen i mig.
    <time id="T534E" value="00:52:16,832" />
  </s>
  <s id="750">
    <time id="T535S" value="00:52:17,000" />
Jag blev ursinnig.
    <time id="T535E" value="00:52:19,719" />
  </s>
  <s id="751">
    <time id="T536S" value="00:52:20,720" />
Förlåt...
    <time id="T536E" value="00:52:22,870" />
  </s>
  <s id="752">
    <time id="T537S" value="00:52:23,880" />
Det är fint. 
  </s>
  <s id="753">
Vi ses.
    <time id="T537E" value="00:52:26,997" />
  </s>
  <s id="754">
    <time id="T538S" value="00:52:32,600" />
-Vi har fått ett erkännande.
  </s>
  <s id="755">
-Ingrid...
    <time id="T538E" value="00:52:37,720" />
  </s>
  <s id="756">
    <time id="T539S" value="00:52:37,880" />
-Det gick inte.
  </s>
  <s id="757">
-Vadå?
    <time id="T539E" value="00:52:40,599" />
  </s>
  <s id="758">
    <time id="T540S" value="00:52:40,760" />
Det har tillstött komplikationer.
    <time id="T540E" value="00:52:44,070" />
  </s>
  <s id="759">
    <time id="T541S" value="00:52:44,240" />
Vad är det?
    <time id="T541E" value="00:52:46,754" />
  </s>
  <s id="760">
    <time id="T542S" value="00:52:46,920" />
Hans hjärna har inte fått nån blodtillförsel de sista 14 minuterna.
    <time id="T542E" value="00:52:52,358" />
  </s>
  <s id="761">
    <time id="T543S" value="00:53:05,800" />
Ingrid, vi måste tala om organdonation.
    <time id="T543E" value="00:53:11,193" />
  </s>
  <s id="762">
    <time id="T544S" value="00:53:11,360" />
Vet du vad Søren hade för inställning till det?
    <time id="T544E" value="00:53:15,353" />
  </s>
  <s id="763">
    <time id="T545S" value="00:53:28,400" />
-Hur länge slår hans hjärta?
  </s>
  <s id="764">
-Högst tolv timmar till.
    <time id="T545E" value="00:53:32,473" />
  </s>
  <s id="765">
    <time id="T546S" value="00:53:32,640" />
Du behöver inte ta ställning till det nu.
    <time id="T546E" value="00:53:36,633" />
  </s>
  <s id="766">
    <time id="T547S" value="00:53:39,800" />
Om jag ska följa Sørens önskan så är det att hjälpa en annan människa. 
  </s>
  <s id="767">
Nu vill vi vara ensamma.
    <time id="T548E" value="00:53:54,757" />
  </s>
  <s id="768">
    <time id="T549S" value="00:54:48,000" />
Gry...?
    <time id="T549E" value="00:54:50,195" />
  </s>
  <s id="769">
    <time id="T550S" value="00:54:52,200" />
-Har han vaknat?
  </s>
  <s id="770">
-Nej, det har han inte och han lär inte göra det heller.
    <time id="T551E" value="00:55:03,549" />
  </s>
  <s id="771">
    <time id="T552S" value="00:55:04,560" />
Va...?
    <time id="T552E" value="00:55:06,551" />
  </s>
  <s id="772">
    <time id="T553S" value="00:55:09,200" />
Din pappa är död.
    <time id="T553E" value="00:55:12,510" />
  </s>
  <s id="773">
    <time id="T554S" value="00:55:27,320" />
Ska jag ringa din mamma?
    <time id="T554E" value="00:55:31,233" />
  </s>
  <s id="774">
    <time id="T555S" value="00:56:04,000" />
-Ni skötte er bra där uppe.
  </s>
  <s id="775">
-Detsamma.
    <time id="T555E" value="00:56:08,710" />
  </s>
  <s id="776">
    <time id="T556S" value="00:56:25,840" />
Kyrkvaktmästare Jens Olesen dömdes till åtta års fängelse.
    <time id="T556E" value="00:56:30,709" />
  </s>
  <s id="777">
    <time id="T557S" value="00:56:31,640" />
Text: 
  </s>
  <s id="778">
sdl Media
    <time id="T557E" value="00:56:36,031" />
  </s>
  <s id="779">
    <time id="T558S" value="00:56:36,200" />
Ansvarig utgivare:
  </s>
  <s id="780">
Pia Grünler
    <time id="T558E" value="00:56:38,794" />
  </s>
  <meta>
    <subtitle>
      <rating>0.0</rating>
      <language>Swedish</language>
      <version>0</version>
      <confidence>1.0</confidence>
      <machine_translated>0</machine_translated>
      <date>2012-05-13</date>
      <blocks>558</blocks>
      <duration>00:56:38,794</duration>
    </subtitle>
    <conversion>
      <tokens>5664</tokens>
      <encoding>windows-1252</encoding>
      <unknown_words>14</unknown_words>
      <ignored_blocks>0</ignored_blocks>
      <sentences>780</sentences>
      <truecased_words>3</truecased_words>
      <corrected_words>7</corrected_words>
    </conversion>
    <source>
      <HD>0</HD>
      <cds>1/1</cds>
      <country>Denmark, Sweden</country>
      <original>Danish, English</original>
      <year>2000</year>
      <genre>Action,Crime,Drama</genre>
      <duration>75</duration>
    </source>
  </meta>
</document>
