<?xml version="1.0" encoding="utf-8"?>
<document id="4265285">
  <s id="1">
    <time id="T1S" value="00:00:00,240" />
På min tid vid Statens Energi var politrukerna mot privatisering.
    <time id="T1E" value="00:00:07,430" />
  </s>
  <s id="2">
    <time id="T2S" value="00:00:07,520" />
Som ägare måste staten agera som en yrkesinvesterare.
    <time id="T2E" value="00:00:14,119" />
  </s>
  <s id="3">
    <time id="T3S" value="00:00:14,880" />
Vad anser du om chefen för konsultbolaget CRC, Nardi Dei?
    <time id="T3E" value="00:00:22,195" />
  </s>
  <s id="4">
    <time id="T4S" value="00:00:22,360" />
Jag litar inte på nån som viker ut sina kvinnoaffärer i offentligheten.
    <time id="T4E" value="00:00:28,674" />
  </s>
  <s id="5">
    <time id="T5S" value="00:00:33,200" />
Sanna. 
  </s>
  <s id="6">
Attac i Stockholm känner ingen Stina Lundström eller Malmberg
    <time id="T5E" value="00:00:39,196" />
  </s>
  <s id="7">
    <time id="T6S" value="00:00:39,280" />
Enligt polisen är ingen vid det namnet ens försvunnen.
    <time id="T6E" value="00:00:43,034" />
  </s>
  <s id="8">
    <time id="T7S" value="00:00:43,200" />
Fick Hopo reda på varifrån samtalet ringdes? 
  </s>
  <s id="9">
-Inte än. 
  </s>
  <s id="10">
Han är här snart.
    <time id="T7E" value="00:00:48,354" />
  </s>
  <s id="11">
    <time id="T8S" value="00:00:48,520" />
Jag är på rättsmedicinska.
  </s>
  <s id="12">
Kom hit. 
  </s>
  <s id="13">
Det har hänt nåt.
    <time id="T8E" value="00:00:52,832" />
  </s>
  <s id="14">
    <time id="T9S" value="00:01:02,640" />
Tjenare. 
  </s>
  <s id="15">
Jag började supa.
    <time id="T9E" value="00:01:07,634" />
  </s>
  <s id="16">
    <time id="T10S" value="00:01:07,840" />
Har du kvar Ukis båt?
  </s>
  <s id="17">
Eller söp du upp den också?
    <time id="T10E" value="00:01:12,197" />
  </s>
  <s id="18">
    <time id="T11S" value="00:01:12,360" />
Den ligger vid Vedkajen.
    <time id="T11E" value="00:01:15,397" />
  </s>
  <s id="19">
    <time id="T12S" value="00:01:15,880" />
Mehtonen har nyckeln.
  </s>
  <s id="20">
Ska vi ut på sjön?
    <time id="T12E" value="00:01:19,714" />
  </s>
  <s id="21">
    <time id="T13S" value="00:01:19,800" />
Jag ska. 
  </s>
  <s id="22">
Jag hade behövt dig.
    <time id="T13E" value="00:01:22,997" />
  </s>
  <s id="23">
    <time id="T14S" value="00:01:33,080" />
Jag tror jag ska börja gå.
    <time id="T14E" value="00:01:35,833" />
  </s>
  <s id="24">
    <time id="T15S" value="00:01:36,680" />
Ingen kremering.
    <time id="T15E" value="00:01:39,513" />
  </s>
  <s id="25">
    <time id="T16S" value="00:01:39,680" />
Kistan ska vara av trä, inga bh-dekorationer.
    <time id="T16E" value="00:01:47,155" />
  </s>
  <s id="26">
    <time id="T17S" value="00:01:47,320" />
Och ingen kvinnopräst.
    <time id="T17E" value="00:01:50,517" />
  </s>
  <s id="27">
    <time id="T18S" value="00:01:50,680" />
Bjud inga släktingar från min brors sida.
    <time id="T18E" value="00:01:54,992" />
  </s>
  <s id="28">
    <time id="T19S" value="00:01:55,080" />
Vi sköter det inom familjen.
    <time id="T19E" value="00:01:59,392" />
  </s>
  <s id="29">
    <time id="T20S" value="00:02:01,280" />
Vi säger så.
    <time id="T20E" value="00:02:03,635" />
  </s>
  <s id="30">
    <time id="T21S" value="00:02:03,720" />
Vem hade rätt om kommunisterna?
  </s>
  <s id="31">
-Du.
    <time id="T21E" value="00:02:10,478" />
  </s>
  <s id="32">
    <time id="T22S" value="00:02:15,000" />
Synd att vi aldrig gjorde den där fisketuren.
    <time id="T22E" value="00:02:20,552" />
  </s>
  <s id="33">
    <time id="T23S" value="00:02:24,040" />
Det är synd.
    <time id="T23E" value="00:02:26,713" />
  </s>
  <s id="34">
    <time id="T24S" value="00:02:44,720" />
Hej då.
    <time id="T24E" value="00:02:47,029" />
  </s>
  <s id="35">
    <time id="T25S" value="00:02:51,680" />
Satan, nu är det slut på krutet.
    <time id="T25E" value="00:02:56,231" />
  </s>
  <s id="36">
    <time id="T26S" value="00:02:58,360" />
Har den ljuddämpare?
  </s>
  <s id="37">
-Nej.
    <time id="T26E" value="00:03:01,397" />
  </s>
  <s id="38">
    <time id="T27S" value="00:03:01,560" />
Prova den här.
  </s>
  <s id="39">
En tysk Weichrauch.
    <time id="T27E" value="00:03:06,395" />
  </s>
  <s id="40">
    <time id="T28S" value="00:03:06,560" />
5,5 millimeters luftgevär, lasersikte.
    <time id="T28E" value="00:03:11,395" />
  </s>
  <s id="41">
    <time id="T29S" value="00:03:11,480" />
Kulans hastighet 400 meter i sekunden.
    <time id="T29E" value="00:03:15,837" />
  </s>
  <s id="42">
    <time id="T30S" value="00:03:16,000" />
Planerad för militärt bruk, säljs inte i Finland.
    <time id="T30E" value="00:03:20,118" />
  </s>
  <s id="43">
    <time id="T31S" value="00:03:21,720" />
Luftgevär?
    <time id="T31E" value="00:03:24,280" />
  </s>
  <s id="44">
    <time id="T32S" value="00:03:46,880" />
Vad i helvete?
    <time id="T32E" value="00:03:48,916" />
  </s>
  <s id="45">
    <time id="T33S" value="00:03:49,120" />
Jag tar det.
    <time id="T33E" value="00:03:51,395" />
  </s>
  <s id="46">
    <time id="T34S" value="00:03:53,600" />
Jag leder utredningen.
    <time id="T34E" value="00:03:55,670" />
  </s>
  <s id="47">
    <time id="T35S" value="00:03:55,760" />
Jag vill veta vad som hänt med demonstrantens lik.
    <time id="T35E" value="00:03:59,912" />
  </s>
  <s id="48">
    <time id="T36S" value="00:04:00,080" />
Vad jag förstår har hon kremerats.
    <time id="T36E" value="00:04:03,390" />
  </s>
  <s id="49">
    <time id="T37S" value="00:04:04,720" />
På order av vem?
    <time id="T37E" value="00:04:08,759" />
  </s>
  <s id="50">
    <time id="T38S" value="00:04:09,840" />
Det blev nåt missförstånd med pappren.
    <time id="T38E" value="00:04:13,355" />
  </s>
  <s id="51">
    <time id="T39S" value="00:04:14,160" />
På vems order blev det ett missförstånd med pappren?
    <time id="T39E" value="00:04:19,439" />
  </s>
  <s id="52">
    <time id="T40S" value="00:04:19,880" />
Ursäkta...
    <time id="T40E" value="00:04:21,916" />
  </s>
  <s id="53">
    <time id="T41S" value="00:04:26,720" />
Det händer att också bebisar förväxlas.
    <time id="T41E" value="00:04:29,792" />
  </s>
  <s id="54">
    <time id="T42S" value="00:04:29,960" />
Här då?
  </s>
  <s id="55">
-Nej, utan på BB.
    <time id="T42E" value="00:04:34,829" />
  </s>
  <s id="56">
    <time id="T43S" value="00:04:36,200" />
Är dumhet ett svepskäl för er att slippa tänka?
    <time id="T43E" value="00:04:40,557" />
  </s>
  <s id="57">
    <time id="T44S" value="00:04:42,960" />
Varifrån kom samtalet? 
  </s>
  <s id="58">
-Där ligger sista basstationen före öppna havet.
    <time id="T44E" value="00:04:47,875" />
  </s>
  <s id="59">
    <time id="T45S" value="00:04:48,040" />
Samtalet kom antingen från en båt eller från fyren på Kallbådan.
    <time id="T45E" value="00:04:52,192" />
  </s>
  <s id="60">
    <time id="T46S" value="00:04:52,600" />
Nånstans väster om Gråhara.
    <time id="T46E" value="00:04:55,751" />
  </s>
  <s id="61">
    <time id="T47S" value="00:04:55,920" />
En gång var vi en famij och Tarja var under skolåldern.
    <time id="T47E" value="00:05:00,710" />
  </s>
  <s id="62">
    <time id="T48S" value="00:05:00,800" />
Jag var fyrvaktare om somrarna.
    <time id="T48E" value="00:05:05,351" />
  </s>
  <s id="63">
    <time id="T49S" value="00:05:05,680" />
Koordinaterna har jag glömt.
  </s>
  <s id="64">
Men inte somrarna.
    <time id="T49E" value="00:05:09,992" />
  </s>
  <s id="65">
    <time id="T50S" value="00:05:32,920" />
Vem är där på ön?
    <time id="T50E" value="00:05:35,832" />
  </s>
  <s id="66">
    <time id="T51S" value="00:05:37,880" />
Jag visste inte att du kan franska.
  </s>
  <s id="67">
-Jag läste det på universitet.
    <time id="T51E" value="00:05:43,079" />
  </s>
  <s id="68">
    <time id="T52S" value="00:05:44,720" />
Ibland kan studier vara till skada.
    <time id="T52E" value="00:05:48,235" />
  </s>
  <s id="69">
    <time id="T53S" value="00:05:49,040" />
På med byxorna. 
  </s>
  <s id="70">
Nästa kund väntar.
    <time id="T53E" value="00:05:53,477" />
  </s>
  <s id="71">
    <time id="T54S" value="00:05:55,640" />
Spännet är speciellt. 
  </s>
  <s id="72">
Jag minns en kund som hade ett likadant.
    <time id="T54E" value="00:06:00,760" />
  </s>
  <s id="73">
    <time id="T55S" value="00:06:00,920" />
En fransman som sa att han varit i främlingslegionen. 
  </s>
  <s id="74">
Har du det?
    <time id="T55E" value="00:06:08,315" />
  </s>
  <s id="75">
    <time id="T56S" value="00:06:13,480" />
Vad symboliserar ormen?
    <time id="T56E" value="00:06:17,598" />
  </s>
  <s id="76">
    <time id="T57S" value="00:07:43,080" />
De försöker döda mig.
  </s>
  <s id="77">
Nån av er är inblandad i det här.
    <time id="T57E" value="00:07:46,277" />
  </s>
  <s id="78">
    <time id="T58S" value="00:07:46,440" />
Ni pejlade min mobil och berättade var jag finns. 
  </s>
  <s id="79">
-Nej.
    <time id="T58E" value="00:07:49,989" />
  </s>
  <s id="80">
    <time id="T59S" value="00:07:51,840" />
Hjälp är på väg. 
  </s>
  <s id="81">
Vi är där om...
  </s>
  <s id="82">
-En knapp timme.
    <time id="T59E" value="00:07:55,719" />
  </s>
  <s id="83">
    <time id="T60S" value="00:07:55,800" />
En knapp timme.
  </s>
  <s id="84">
-Ni hinner inte i tid.
    <time id="T60E" value="00:07:58,951" />
  </s>
  <s id="85">
    <time id="T61S" value="00:08:01,040" />
Stoppa affären.
  </s>
  <s id="86">
-Vilken affär?
    <time id="T61E" value="00:08:04,112" />
  </s>
  <s id="87">
    <time id="T62S" value="00:08:05,880" />
Vilken affär?
    <time id="T62E" value="00:08:07,598" />
  </s>
  <s id="88">
    <time id="T63S" value="00:08:08,040" />
Jävla mobil...
    <time id="T63E" value="00:08:09,792" />
  </s>
  <s id="89">
    <time id="T64S" value="00:08:14,480" />
Ring mig inte när jag jobbar.
    <time id="T64E" value="00:08:17,392" />
  </s>
  <s id="90">
    <time id="T65S" value="00:08:19,600" />
Vilken räkning?
    <time id="T65E" value="00:08:21,556" />
  </s>
  <s id="91">
    <time id="T66S" value="00:09:11,440" />
Du kunde ha skrivit.
    <time id="T66E" value="00:09:13,556" />
  </s>
  <s id="92">
    <time id="T67S" value="00:09:13,640" />
Ibland är det bättre att komma själv. 
  </s>
  <s id="93">
-Visst.
    <time id="T67E" value="00:09:19,078" />
  </s>
  <s id="94">
    <time id="T68S" value="00:09:37,760" />
Hästsvansjassen.
    <time id="T68E" value="00:09:40,991" />
  </s>
  <s id="95">
    <time id="T69S" value="00:09:42,800" />
Vad månne han skulle berätta om han kunde tala?
    <time id="T69E" value="00:09:47,794" />
  </s>
  <s id="96">
    <time id="T70S" value="00:09:47,960" />
Det finns två till där uppe.
    <time id="T70E" value="00:09:50,349" />
  </s>
  <s id="97">
    <time id="T71S" value="00:09:50,440" />
Ingendera har ID. 
  </s>
  <s id="98">
I fickan på den ena fanns ett färskt kvitto.
    <time id="T71E" value="00:09:54,228" />
  </s>
  <s id="99">
    <time id="T72S" value="00:09:54,400" />
För två veckor sen köpte han byxor på Åhlens i Stockholm för 400 kr.
    <time id="T72E" value="00:09:59,349" />
  </s>
  <s id="100">
    <time id="T73S" value="00:09:59,520" />
Har ni redan letat igenom fyren?
    <time id="T73E" value="00:10:02,193" />
  </s>
  <s id="101">
    <time id="T74S" value="00:10:02,360" />
De hade bråttom. 
  </s>
  <s id="102">
Vi kunde inte ge sjöbevakarna signalement på båten.
    <time id="T74E" value="00:10:07,992" />
  </s>
  <s id="103">
    <time id="T75S" value="00:10:08,080" />
De lovade stoppa alla båtar.
  </s>
  <s id="104">
-De kanske ska till Tallinn.
    <time id="T75E" value="00:10:13,108" />
  </s>
  <s id="105">
    <time id="T76S" value="00:10:13,280" />
Knappast. 
  </s>
  <s id="106">
Det blåser till storm.
    <time id="T76E" value="00:10:17,876" />
  </s>
  <s id="107">
    <time id="T77S" value="00:10:49,280" />
Vad var det för män?
    <time id="T77E" value="00:10:50,918" />
  </s>
  <s id="108">
    <time id="T78S" value="00:10:51,080" />
Yrkesbrottslingar. 
  </s>
  <s id="109">
Med fingeravtryck över halva Europa.
    <time id="T78E" value="00:10:56,154" />
  </s>
  <s id="110">
    <time id="T79S" value="00:10:56,240" />
Enligt Interpol var två från Marseille.
    <time id="T79E" value="00:11:00,358" />
  </s>
  <s id="111">
    <time id="T80S" value="00:11:00,520" />
Den tredje fanns också i Finlands straffregister.
    <time id="T80E" value="00:11:03,910" />
  </s>
  <s id="112">
    <time id="T81S" value="00:11:05,680" />
Alla är efterlysta.
    <time id="T81E" value="00:11:08,831" />
  </s>
  <s id="113">
    <time id="T82S" value="00:11:09,000" />
De var i Stockholm för 3 veckor sen och misshandlade en journalist.
    <time id="T82E" value="00:11:13,994" />
  </s>
  <s id="114">
    <time id="T83S" value="00:11:16,280" />
Båten då?
  </s>
  <s id="115">
-Hyrd med falska papper.
    <time id="T83E" value="00:11:20,796" />
  </s>
  <s id="116">
    <time id="T84S" value="00:11:21,080" />
Sju döda.
  </s>
  <s id="117">
Nån gör affärer i stor skala.
    <time id="T84E" value="00:11:24,675" />
  </s>
  <s id="118">
    <time id="T85S" value="00:11:24,840" />
Minns ni vad Tarja sa i telefon?
    <time id="T85E" value="00:11:28,355" />
  </s>
  <s id="119">
    <time id="T86S" value="00:11:31,200" />
"Stoppa affären". 
  </s>
  <s id="120">
Vilken affär?
    <time id="T86E" value="00:11:36,069" />
  </s>
  <s id="121">
    <time id="T87S" value="00:11:37,680" />
Försäljningen av statens energibolag. 
  </s>
  <s id="122">
-Var tog du det ifrån?
    <time id="T87E" value="00:11:43,516" />
  </s>
  <s id="123">
    <time id="T88S" value="00:11:45,120" />
Varför har Nardi Dei falsk identitet?
    <time id="T88E" value="00:11:49,079" />
  </s>
  <s id="124">
    <time id="T89S" value="00:11:49,240" />
Tarja försökte få fram uppgifter på fuskgreven.
    <time id="T89E" value="00:11:54,030" />
  </s>
  <s id="125">
    <time id="T90S" value="00:11:54,200" />
Grevens konsultbolag gav ett utlåtande för flera miljoner - om energibolagets köpare.
    <time id="T91E" value="00:12:03,799" />
  </s>
  <s id="126">
    <time id="T92S" value="00:12:04,000" />
Pengarna gick till det schweiziska placeringsbolaget GIB - som ägs av Mark Hollander.
    <time id="T93E" value="00:12:10,269" />
  </s>
  <s id="127">
    <time id="T94S" value="00:12:10,440" />
Vindkraften löser världens energiproblem.
    <time id="T94E" value="00:12:14,319" />
  </s>
  <s id="128">
    <time id="T95S" value="00:12:14,480" />
Det är bara fråga om propellerns storlek.
    <time id="T95E" value="00:12:18,155" />
  </s>
  <s id="129">
    <time id="T96S" value="00:12:22,960" />
Vad vet vi om Hollander?
    <time id="T96E" value="00:12:25,633" />
  </s>
  <s id="130">
    <time id="T97S" value="00:12:29,560" />
Land... det är nästan två år sen.
    <time id="T97E" value="00:12:33,951" />
  </s>
  <s id="131">
    <time id="T98S" value="00:12:39,240" />
Vem är det?
    <time id="T98E" value="00:12:41,993" />
  </s>
  <s id="132">
    <time id="T99S" value="00:12:42,200" />
Hollander och några affärsmän.
    <time id="T100E" value="00:12:50,514" />
  </s>
  <s id="133">
    <time id="T101S" value="00:12:50,680" />
Här ska det byggas nytt.
    <time id="T101E" value="00:12:54,355" />
  </s>
  <s id="134">
    <time id="T102S" value="00:12:54,440" />
Ritningarna finns redan.
    <time id="T102E" value="00:12:56,590" />
  </s>
  <s id="135">
    <time id="T103S" value="00:12:56,760" />
Här kommer det planteringar, grillen kommer där.
    <time id="T103E" value="00:13:00,275" />
  </s>
  <s id="136">
    <time id="T104S" value="00:13:00,480" />
Se, så vackert. 
  </s>
  <s id="137">
Löven prasslar...
    <time id="T104E" value="00:13:04,712" />
  </s>
  <s id="138">
    <time id="T105S" value="00:13:05,720" />
Underbart. 
  </s>
  <s id="139">
-Ja.
    <time id="T105E" value="00:13:09,269" />
  </s>
  <s id="140">
    <time id="T106S" value="00:13:09,640" />
Titta, en koltrast.
    <time id="T106E" value="00:13:11,676" />
  </s>
  <s id="141">
    <time id="T107S" value="00:13:15,480" />
GREVEN FRIADE TILL NAOMI
    <time id="T107E" value="00:13:18,040" />
  </s>
  <s id="142">
    <time id="T108S" value="00:13:26,320" />
Alla tre...
    <time id="T108E" value="00:13:28,436" />
  </s>
  <s id="143">
    <time id="T109S" value="00:13:30,040" />
Marcello, meddela de anhöriga - och beklaga sorgen för vår del.
    <time id="T110E" value="00:13:37,871" />
  </s>
  <s id="144">
    <time id="T111S" value="00:13:38,040" />
Alla får 50 000 euro på kontot.
    <time id="T111E" value="00:13:42,033" />
  </s>
  <s id="145">
    <time id="T112S" value="00:13:45,800" />
Vem var han?
    <time id="T112E" value="00:13:47,870" />
  </s>
  <s id="146">
    <time id="T113S" value="00:13:47,960" />
Han kallas Raid.
    <time id="T113E" value="00:13:50,872" />
  </s>
  <s id="147">
    <time id="T114S" value="00:13:51,320" />
Vi skulle inte ha problem - om Antonio gjorde sitt jobb.
    <time id="T115E" value="00:13:57,389" />
  </s>
  <s id="148">
    <time id="T116S" value="00:13:57,560" />
Varför har Finlands regering inte beslutat sig än?
    <time id="T116E" value="00:14:00,597" />
  </s>
  <s id="149">
    <time id="T117S" value="00:14:00,680" />
Nyheten om videon kom olägligt.
    <time id="T117E" value="00:14:04,309" />
  </s>
  <s id="150">
    <time id="T118S" value="00:14:04,480" />
De befarar att det finns kopior.
    <time id="T118E" value="00:14:07,119" />
  </s>
  <s id="151">
    <time id="T119S" value="00:14:07,280" />
De skulle redan ha getts ut - och hon skulle inte gömma sig mer.
    <time id="T120E" value="00:14:13,717" />
  </s>
  <s id="152">
    <time id="T121S" value="00:14:13,800" />
Varifrån kom materialet?
  </s>
  <s id="153">
Vem filmade det?
    <time id="T121E" value="00:14:17,839" />
  </s>
  <s id="154">
    <time id="T122S" value="00:14:18,000" />
Nån underrättelsetjänst?
    <time id="T122E" value="00:14:22,312" />
  </s>
  <s id="155">
    <time id="T123S" value="00:14:22,480" />
Kan du prata mera strunt?
    <time id="T123E" value="00:14:25,199" />
  </s>
  <s id="156">
    <time id="T124S" value="00:14:25,280" />
Antonio, föj trafikreglerna - och låt Ferrarin stå i garaget.
    <time id="T125E" value="00:14:31,588" />
  </s>
  <s id="157">
    <time id="T126S" value="00:14:31,760" />
Lyd lagen. 
  </s>
  <s id="158">
Ge inga fler intervjuer.
    <time id="T126E" value="00:14:36,231" />
  </s>
  <s id="159">
    <time id="T127S" value="00:14:36,400" />
Kontakta ministeriet - och säg åt dem att påskynda affären.
    <time id="T128E" value="00:14:42,753" />
  </s>
  <s id="160">
    <time id="T129S" value="00:14:42,920" />
Affären är det viktigaste för oss - och i synnerhet för mig.
    <time id="T130E" value="00:14:48,828" />
  </s>
  <s id="161">
    <time id="T131S" value="00:14:48,920" />
Begrips? 
  </s>
  <s id="162">
-Javisst.
    <time id="T131E" value="00:14:51,036" />
  </s>
  <s id="163">
    <time id="T132S" value="00:14:58,040" />
Begriper du nu?
    <time id="T132E" value="00:14:59,917" />
  </s>
  <s id="164">
    <time id="T133S" value="00:15:04,400" />
Hollander slår inte om det inte gagnar honom.
    <time id="T133E" value="00:15:08,518" />
  </s>
  <s id="165">
    <time id="T134S" value="00:15:10,320" />
Han gjorde bara sitt jobb - och krävde effektivitet.
    <time id="T135E" value="00:15:16,759" />
  </s>
  <s id="166">
    <time id="T136S" value="00:15:17,280" />
Det började med en fånig ide om en tidningsartikel om kändisliv.
    <time id="T136E" value="00:15:22,798" />
  </s>
  <s id="167">
    <time id="T137S" value="00:15:22,960" />
Naomi är exmiss, exkonferenciär, exsångerska.
    <time id="T137E" value="00:15:26,999" />
  </s>
  <s id="168">
    <time id="T138S" value="00:15:27,160" />
De senaste åren har hon gjort videokonst, närmast åt sig själv.
    <time id="T138E" value="00:15:32,712" />
  </s>
  <s id="169">
    <time id="T139S" value="00:15:33,480" />
Hon gav mig sitt verk "Männen skakar hand".
    <time id="T139E" value="00:15:36,870" />
  </s>
  <s id="170">
    <time id="T140S" value="00:15:36,960" />
Bilden var bearbetad. 
  </s>
  <s id="171">
Ändå urskiljde man fyra personer i fel sällskap.
    <time id="T140E" value="00:15:42,592" />
  </s>
  <s id="172">
    <time id="T141S" value="00:15:42,680" />
Nardi Dei, två finska ministrar och Mark Hollander.
    <time id="T141E" value="00:15:48,038" />
  </s>
  <s id="173">
    <time id="T142S" value="00:15:52,520" />
De förberedde säkert affären.
    <time id="T142E" value="00:15:54,795" />
  </s>
  <s id="174">
    <time id="T143S" value="00:15:54,880" />
Det ursprungliga bandet filmades för över ett år sen.
    <time id="T143E" value="00:15:58,839" />
  </s>
  <s id="175">
    <time id="T144S" value="00:15:59,000" />
Offerttävlingen för statens energibolag är ett skämt.
    <time id="T144E" value="00:16:02,595" />
  </s>
  <s id="176">
    <time id="T145S" value="00:16:02,760" />
Jag frågade handels- och industriministeriet - om de vill korrigera våra uppgifter i förhand eller efteråt.
    <time id="T146E" value="00:16:09,470" />
  </s>
  <s id="177">
    <time id="T147S" value="00:16:09,560" />
Jag fick ingen intervju.
  </s>
  <s id="178">
Huset brann ner natten därpå.
    <time id="T147E" value="00:16:13,678" />
  </s>
  <s id="179">
    <time id="T148S" value="00:16:14,520" />
Jag sov i övre våningen.
    <time id="T148E" value="00:16:16,750" />
  </s>
  <s id="180">
    <time id="T149S" value="00:16:16,840" />
Jag tog mig upp på taket.
  </s>
  <s id="181">
Dödsskräcken gav mig vingar.
    <time id="T149E" value="00:16:20,753" />
  </s>
  <s id="182">
    <time id="T150S" value="00:16:25,040" />
Min bostad, mitt arbete, mina vänner - allt brann upp.
    <time id="T150E" value="00:16:32,549" />
  </s>
  <s id="183">
    <time id="T151S" value="00:16:33,200" />
Och bandet.
  </s>
  <s id="184">
Utan det finns inga bevis.
    <time id="T151E" value="00:16:37,352" />
  </s>
  <s id="185">
    <time id="T152S" value="00:16:37,440" />
Men vi ska hitta på nåt.
  </s>
  <s id="186">
Vi ger oss inte.
    <time id="T152E" value="00:16:41,513" />
  </s>
  <s id="187">
    <time id="T153S" value="00:16:41,600" />
Var det därför du skrev till mig?
  </s>
  <s id="188">
Du ville ha hjälp med att hämnas?
    <time id="T153E" value="00:16:46,037" />
  </s>
  <s id="189">
    <time id="T154S" value="00:16:46,200" />
Skrev till dig? 
  </s>
  <s id="190">
Det gjorde jag sist för ett år sen. 
  </s>
  <s id="191">
Du svarade aldrig.
    <time id="T154E" value="00:16:53,709" />
  </s>
  <s id="192">
    <time id="T155S" value="00:16:53,960" />
Jansson. 
  </s>
  <s id="193">
Varför ska den runda polisen lägga sig i mitt liv?
    <time id="T155E" value="00:16:59,592" />
  </s>
  <s id="194">
    <time id="T156S" value="00:17:00,960" />
Alla tiders handelsman efter Moses.
    <time id="T156E" value="00:17:04,396" />
  </s>
  <s id="195">
    <time id="T157S" value="00:17:04,480" />
Saddam Husseins vän, sålde vapen till talibanerna i Afghanistan.
    <time id="T157E" value="00:17:09,873" />
  </s>
  <s id="196">
    <time id="T158S" value="00:17:10,040" />
Köpte olja från Irak en månad efter Gulfkriget.
    <time id="T158E" value="00:17:13,999" />
  </s>
  <s id="197">
    <time id="T159S" value="00:17:14,080" />
Enligt tidningsuppgifter donerade han 60 miljoner dollar till Israel.
    <time id="T159E" value="00:17:19,154" />
  </s>
  <s id="198">
    <time id="T160S" value="00:17:19,320" />
Varför gör en vän av den judiska staten affärer med Israels fiender?
    <time id="T160E" value="00:17:24,997" />
  </s>
  <s id="199">
    <time id="T161S" value="00:17:25,080" />
Enligt Hollanders filosofi är affärsverksamhet inte politik.
    <time id="T161E" value="00:17:30,029" />
  </s>
  <s id="200">
    <time id="T162S" value="00:17:30,200" />
Varför bor han på en båt?
  </s>
  <s id="201">
-Han har inget pass. 
  </s>
  <s id="202">
Inget lands.
    <time id="T162E" value="00:17:34,910" />
  </s>
  <s id="203">
    <time id="T163S" value="00:17:35,080" />
Varför vill en miljardär köpa ett energibolag vid polcirkeln?
    <time id="T163E" value="00:17:40,393" />
  </s>
  <s id="204">
    <time id="T164S" value="00:17:40,560" />
Knappast av jovialitet.
    <time id="T164E" value="00:17:45,111" />
  </s>
  <s id="205">
    <time id="T165S" value="00:17:45,200" />
Han köpte svenska Vattenfall nyligen.
    <time id="T165E" value="00:17:48,875" />
  </s>
  <s id="206">
    <time id="T166S" value="00:17:48,960" />
GIB har hand om Vatikanens placeringar. 
  </s>
  <s id="207">
Mannen är skum - men han gör affärer med riktiga pengar.
    <time id="T167E" value="00:17:57,999" />
  </s>
  <s id="208">
    <time id="T168S" value="00:18:02,880" />
Är du säker på att jag berättat allt redan?
    <time id="T168E" value="00:18:05,758" />
  </s>
  <s id="209">
    <time id="T169S" value="00:18:05,920" />
Knappast. 
  </s>
  <s id="210">
Kanske nästa gång.
    <time id="T169E" value="00:18:09,799" />
  </s>
  <s id="211">
    <time id="T170S" value="00:18:09,960" />
Kanske.
    <time id="T170E" value="00:18:11,916" />
  </s>
  <s id="212">
    <time id="T171S" value="00:18:44,360" />
Vi sitter fast här.
  </s>
  <s id="213">
Men ingen hittar oss heller.
    <time id="T171E" value="00:18:48,273" />
  </s>
  <s id="214">
    <time id="T172S" value="00:18:49,000" />
Vad gjorde du i två år?
  </s>
  <s id="215">
-Jag slog ihjäl... tiden.
    <time id="T172E" value="00:18:53,551" />
  </s>
  <s id="216">
    <time id="T173S" value="00:18:54,000" />
Avstånden var långa och vintrarna korta.
    <time id="T173E" value="00:18:57,549" />
  </s>
  <s id="217">
    <time id="T174S" value="00:18:57,760" />
Hade du nån?
    <time id="T174E" value="00:19:00,069" />
  </s>
  <s id="218">
    <time id="T175S" value="00:19:00,280" />
Bara Cowboyen. 
  </s>
  <s id="219">
Hade du?
    <time id="T175E" value="00:19:04,671" />
  </s>
  <s id="220">
    <time id="T176S" value="00:19:05,160" />
Ja. 
  </s>
  <s id="221">
Hannu dog i eldsvådan.
    <time id="T176E" value="00:19:09,836" />
  </s>
  <s id="222">
    <time id="T177S" value="00:19:10,920" />
Var det allvarligt?
  </s>
  <s id="223">
-Ja.
    <time id="T177E" value="00:19:15,232" />
  </s>
  <s id="224">
    <time id="T178S" value="00:19:18,640" />
Varför kom du tillbaka?
    <time id="T178E" value="00:19:21,200" />
  </s>
  <s id="225">
    <time id="T179S" value="00:19:22,360" />
Jag väntade i nästan ett år!
    <time id="T179E" value="00:19:24,920" />
  </s>
  <s id="226">
    <time id="T180S" value="00:19:25,000" />
Varför kom du inte när jag saknade dig mest?
    <time id="T180E" value="00:19:28,675" />
  </s>
  <s id="227">
    <time id="T181S" value="00:19:29,200" />
Jag var rädd för följderna.
    <time id="T181E" value="00:19:32,829" />
  </s>
  <s id="228">
    <time id="T182S" value="00:19:38,160" />
Älskar du mig fortfarande?
    <time id="T182E" value="00:19:41,038" />
  </s>
  <s id="229">
    <time id="T183S" value="00:19:55,520" />
Jag klarar inte det här.
    <time id="T183E" value="00:19:58,080" />
  </s>
  <s id="230">
    <time id="T184S" value="00:19:58,160" />
Inte när min vän är död och jag själv är i ständig livsfara.
    <time id="T184E" value="00:20:02,995" />
  </s>
  <s id="231">
    <time id="T185S" value="00:20:03,080" />
Enda meningen med livet är att överleva.
    <time id="T185E" value="00:20:06,755" />
  </s>
  <s id="232">
    <time id="T186S" value="00:20:31,680" />
Det är Huusko på våldsenheten.
  </s>
  <s id="233">
En 37:a på Mannerheimvägen 42.
    <time id="T186E" value="00:20:38,916" />
  </s>
  <s id="234">
    <time id="T187S" value="00:20:39,600" />
Slå inte på sirenerna. 
  </s>
  <s id="235">
Jag möter er.
    <time id="T187E" value="00:20:43,115" />
  </s>
  <s id="236">
    <time id="T188S" value="00:21:15,800" />
Inga yttre tecken på våld.
  </s>
  <s id="237">
Det var antingen självmord - eller oavsiktlig överdos.
    <time id="T189E" value="00:21:24,470" />
  </s>
  <s id="238">
    <time id="T190S" value="00:21:24,600" />
Ingen ovanlig dödsorsak i hennes yrke.
    <time id="T190E" value="00:21:28,434" />
  </s>
  <s id="239">
    <time id="T191S" value="00:21:29,120" />
Nej, vem skulle nu sakna en hora.
    <time id="T191E" value="00:21:33,830" />
  </s>
  <s id="240">
    <time id="T192S" value="00:21:34,200" />
Visste du att hon använde droger?
  </s>
  <s id="241">
-Nej. 
  </s>
  <s id="242">
Hon använde inte droger.
    <time id="T192E" value="00:21:39,320" />
  </s>
  <s id="243">
    <time id="T193S" value="00:21:41,160" />
Var det henne du flyttade in hos i våras?
    <time id="T193E" value="00:21:44,232" />
  </s>
  <s id="244">
    <time id="T194S" value="00:21:44,400" />
Nej, före henne var det sju andra.
    <time id="T194E" value="00:21:48,837" />
  </s>
  <s id="245">
    <time id="T195S" value="00:21:50,560" />
Om du var en patiens, skulle du alltid gå ut.
    <time id="T195E" value="00:21:55,031" />
  </s>
  <s id="246">
    <time id="T196S" value="00:22:18,880" />
Har du hört nåt av Raid?
    <time id="T196E" value="00:22:20,552" />
  </s>
  <s id="247">
    <time id="T197S" value="00:22:20,640" />
Nej. 
  </s>
  <s id="248">
Det stormar till havs och lugnar sig inte före kvällen.
    <time id="T197E" value="00:22:25,555" />
  </s>
  <s id="249">
    <time id="T198S" value="00:22:26,720" />
Vet du vem som kunde känna igen det här?
    <time id="T198E" value="00:22:31,111" />
  </s>
  <s id="250">
    <time id="T199S" value="00:22:32,840" />
Det finns en krigstokig antikvariatägare i Berghäll.
    <time id="T199E" value="00:22:37,470" />
  </s>
  <s id="251">
    <time id="T200S" value="00:22:44,640" />
SEMESTER!
    <time id="T200E" value="00:22:46,756" />
  </s>
  <s id="252">
    <time id="T201S" value="00:22:49,280" />
Jag ska titta till katten.
    <time id="T201E" value="00:22:52,158" />
  </s>
  <s id="253">
    <time id="T202S" value="00:22:53,560" />
Har Hopo hört av sig?
  </s>
  <s id="254">
-Nej.
    <time id="T202E" value="00:22:56,632" />
  </s>
  <s id="255">
    <time id="T203S" value="00:22:56,800" />
Han slickar sina sår nånstans.
    <time id="T203E" value="00:23:00,998" />
  </s>
  <s id="256">
    <time id="T204S" value="00:23:02,400" />
Sanna. 
  </s>
  <s id="257">
Oklara passfrågor är skyddspolisens bord.
    <time id="T204E" value="00:23:07,918" />
  </s>
  <s id="258">
    <time id="T205S" value="00:23:08,000" />
De vet om Nardi Dei.
  </s>
  <s id="259">
Varför gör de inget?
    <time id="T205E" value="00:23:14,269" />
  </s>
  <s id="260">
    <time id="T206S" value="00:23:15,240" />
Kanske de inte får?
    <time id="T206E" value="00:23:17,071" />
  </s>
  <s id="261">
    <time id="T207S" value="00:23:17,240" />
Grevens riktiga namn är Antonio Ancotti, från Sicilien.
    <time id="T207E" value="00:23:21,552" />
  </s>
  <s id="262">
    <time id="T208S" value="00:23:21,720" />
Fadern föder upp får, modern är hora och sonen efterlyst av Interpol.
    <time id="T208E" value="00:23:27,556" />
  </s>
  <s id="263">
    <time id="T209S" value="00:23:27,640" />
Utredningen avbröts när man från högre ort bad Skypo lägga ner den.
    <time id="T209E" value="00:23:33,158" />
  </s>
  <s id="264">
    <time id="T210S" value="00:23:33,320" />
Nån på inrikesministeriet?
  </s>
  <s id="265">
Ministern själv?
    <time id="T210E" value="00:23:36,869" />
  </s>
  <s id="266">
    <time id="T211S" value="00:23:37,040" />
På handels- och industriministeriet.
  </s>
  <s id="267">
Minister Hinkkanen själv.
    <time id="T211E" value="00:23:42,433" />
  </s>
  <s id="268">
    <time id="T212S" value="00:23:42,600" />
Hinkkanen. 
  </s>
  <s id="269">
Sa han varför?
    <time id="T212E" value="00:23:48,675" />
  </s>
  <s id="270">
    <time id="T213S" value="00:23:48,840" />
Försäljningen av energibolaget är i ett känsligt skede.
    <time id="T213E" value="00:23:52,515" />
  </s>
  <s id="271">
    <time id="T214S" value="00:23:52,600" />
Hinkkanen tog fram sitt bästa argument: det allmänna intresset.
    <time id="T214E" value="00:23:56,388" />
  </s>
  <s id="272">
    <time id="T215S" value="00:23:56,480" />
För vad är fuskgreven efterlyst?
    <time id="T215E" value="00:23:58,948" />
  </s>
  <s id="273">
    <time id="T216S" value="00:23:59,040" />
Inget allvarligt. 
  </s>
  <s id="274">
Ekonomiska brott för tiotals miljoner.
    <time id="T216E" value="00:24:04,160" />
  </s>
  <s id="275">
    <time id="T217S" value="00:24:11,920" />
Den här gången kan du vara lugn till sinnes.
    <time id="T217E" value="00:24:15,117" />
  </s>
  <s id="276">
    <time id="T218S" value="00:24:15,280" />
Det betvivlar jag.
    <time id="T218E" value="00:24:18,078" />
  </s>
  <s id="277">
    <time id="T219S" value="00:24:27,720" />
Venla.
  </s>
  <s id="278">
-Är du upptagen?
    <time id="T219E" value="00:24:29,790" />
  </s>
  <s id="279">
    <time id="T220S" value="00:24:29,880" />
Hela natten. 
  </s>
  <s id="280">
Kom efter 5.
  </s>
  <s id="281">
Glöm inte mozzarellan. 
  </s>
  <s id="282">
Hej då.
    <time id="T220E" value="00:24:36,353" />
  </s>
  <s id="283">
    <time id="T221S" value="00:25:08,080" />
Tittonen, gummikläder igen, betalar extra.
    <time id="T221E" value="00:25:12,676" />
  </s>
  <s id="284">
    <time id="T222S" value="00:25:12,840" />
Mens, mens, mens, mens.
    <time id="T222E" value="00:25:16,958" />
  </s>
  <s id="285">
    <time id="T223S" value="00:25:17,200" />
Jarmo kl. 12-13, ta på dig stay-ups.
    <time id="T223E" value="00:25:22,399" />
  </s>
  <s id="286">
    <time id="T224S" value="00:25:22,480" />
Tittonens vän, hela natten.
  </s>
  <s id="287">
Meddela Hopo.
    <time id="T224E" value="00:25:27,554" />
  </s>
  <s id="288">
    <time id="T225S" value="00:25:28,200" />
Kontrollerade ni om Lundström hade ett kassafack på hotell Vaakuna?
    <time id="T225E" value="00:25:32,671" />
  </s>
  <s id="289">
    <time id="T226S" value="00:25:32,840" />
Nej. 
  </s>
  <s id="290">
De ringde från Vaakuna och frågade om vi nått de anhöriga.
    <time id="T226E" value="00:25:38,039" />
  </s>
  <s id="291">
    <time id="T227S" value="00:25:38,120" />
De vill överlämna fackets innehåll.
    <time id="T227E" value="00:25:41,476" />
  </s>
  <s id="292">
    <time id="T228S" value="00:25:41,640" />
Vill ni se vad som finns i det, era klantar?
    <time id="T228E" value="00:25:44,757" />
  </s>
  <s id="293">
    <time id="T229S" value="00:25:44,920" />
Eller måste jag göra det också?
    <time id="T229E" value="00:25:48,276" />
  </s>
  <s id="294">
    <time id="T230S" value="00:25:53,280" />
Tittonen, handels- och industriministeriet.
    <time id="T230E" value="00:25:57,717" />
  </s>
  <s id="295">
    <time id="T231S" value="00:26:09,200" />
Vi stänger. 
  </s>
  <s id="296">
Kom i morgon.
    <time id="T231E" value="00:26:12,112" />
  </s>
  <s id="297">
    <time id="T232S" value="00:26:12,280" />
Intresserar en Lahti-pistol?
  </s>
  <s id="298">
I ursprungligt läderfodral.
    <time id="T232E" value="00:26:17,195" />
  </s>
  <s id="299">
    <time id="T233S" value="00:26:18,000" />
Vad vill du ha för den?
  </s>
  <s id="300">
-Information.
    <time id="T233E" value="00:26:20,958" />
  </s>
  <s id="301">
    <time id="T234S" value="00:26:21,120" />
Ja, natrlich.
    <time id="T234E" value="00:26:22,633" />
  </s>
  <s id="302">
    <time id="T235S" value="00:26:34,720" />
Beställ flygbiljetter till Stockholm.
    <time id="T235E" value="00:26:37,314" />
  </s>
  <s id="303">
    <time id="T236S" value="00:26:37,480" />
Säg till Hakala att facket var tomt.
    <time id="T236E" value="00:26:40,870" />
  </s>
  <s id="304">
    <time id="T237S" value="00:26:41,040" />
Det här är för komplicerat för chefen.
    <time id="T237E" value="00:26:45,477" />
  </s>
  <s id="305">
    <time id="T238S" value="00:26:55,160" />
Främlingslegionens vapenslagstecken.
  </s>
  <s id="306">
Specialskolning.
    <time id="T238E" value="00:26:59,039" />
  </s>
  <s id="307">
    <time id="T239S" value="00:26:59,160" />
I vad?
  </s>
  <s id="308">
-Att döda. 
  </s>
  <s id="309">
Sehr gut.
    <time id="T239E" value="00:27:04,393" />
  </s>
  <s id="310">
    <time id="T240S" value="00:27:04,600" />
Känner du nån finne som har tjänstgjort i samma vapenslag?
    <time id="T240E" value="00:27:08,229" />
  </s>
  <s id="311">
    <time id="T241S" value="00:27:08,320" />
Ja, natrlich. 
  </s>
  <s id="312">
Men han är knappast i Finland.
    <time id="T241E" value="00:27:12,916" />
  </s>
  <s id="313">
    <time id="T242S" value="00:27:13,080" />
Efter legionen blev han legosoldat i Afrika. 
  </s>
  <s id="314">
Gör nu beställningsjobb.
    <time id="T242E" value="00:27:18,632" />
  </s>
  <s id="315">
    <time id="T243S" value="00:27:18,800" />
Namnet?
  </s>
  <s id="316">
-Ich weiss nicht...
    <time id="T243E" value="00:27:21,997" />
  </s>
  <s id="317">
    <time id="T244S" value="00:27:22,080" />
I legionen kallades han Peste, som betyder pesten.
    <time id="T244E" value="00:27:28,394" />
  </s>
  <s id="318">
    <time id="T245S" value="00:27:49,800" />
Den har lämnats på med flit.
    <time id="T245E" value="00:27:52,360" />
  </s>
  <s id="319">
    <time id="T246S" value="00:27:58,160" />
Stockholm, Tallinn eller Helsingfors?
    <time id="T246E" value="00:28:00,549" />
  </s>
  <s id="320">
    <time id="T247S" value="00:28:00,720" />
Helsingfors. lngen mer kurragömma.
  </s>
  <s id="321">
Vi måste stoppa affären.
    <time id="T247E" value="00:28:06,272" />
  </s>
  <s id="322">
    <time id="T248S" value="00:28:06,440" />
Varför? 
  </s>
  <s id="323">
Låt dem sköta sitt så lämnar de kanske dig i fred.
    <time id="T248E" value="00:28:12,072" />
  </s>
  <s id="324">
    <time id="T249S" value="00:28:12,200" />
Knappast. 
  </s>
  <s id="325">
EU:s konkurrensregler fäller affären efteråt - om mina uppgifter kan bevisas.
    <time id="T250E" value="00:28:19,757" />
  </s>
  <s id="326">
    <time id="T251S" value="00:28:19,920" />
Vad ska vi göra? 
  </s>
  <s id="327">
Döda alla och leva lyckliga i alla våra dar?
    <time id="T251E" value="00:28:25,040" />
  </s>
  <s id="328">
    <time id="T252S" value="00:28:26,920" />
Det låter som en bra plan.
  </s>
  <s id="329">
-Du har förändrats.
    <time id="T252E" value="00:28:31,357" />
  </s>
  <s id="330">
    <time id="T253S" value="00:28:32,200" />
Det har du med. 
  </s>
  <s id="331">
Kanske vi har förändrats i olika riktningar.
    <time id="T253E" value="00:28:37,672" />
  </s>
  <s id="332">
    <time id="T254S" value="00:28:38,840" />
Visst.
    <time id="T254E" value="00:28:40,637" />
  </s>
  <s id="333">
    <time id="T255S" value="00:28:41,320" />
Hjälper du mig?
  </s>
  <s id="334">
-Att döda eller att söka lyckan?
    <time id="T255E" value="00:28:45,279" />
  </s>
  <s id="335">
    <time id="T256S" value="00:28:46,560" />
Båda.
    <time id="T256E" value="00:28:48,676" />
  </s>
  <s id="336">
    <time id="T257S" value="00:28:58,040" />
Du talar inte ens svenska.
  </s>
  <s id="337">
-Det gör du.
    <time id="T257E" value="00:29:02,909" />
  </s>
  <s id="338">
    <time id="T258S" value="00:29:03,280" />
Vi har ingen officiell status i Sverige.
    <time id="T258E" value="00:29:06,477" />
  </s>
  <s id="339">
    <time id="T259S" value="00:29:06,560" />
Det har inte Säpo heller i Finland.
    <time id="T259E" value="00:29:10,633" />
  </s>
  <s id="340">
    <time id="T260S" value="00:29:10,840" />
Ändå stal de ett lik av oss.
    <time id="T260E" value="00:29:13,877" />
  </s>
  <s id="341">
    <time id="T261S" value="00:29:18,560" />
Du är Tittonen.
    <time id="T261E" value="00:29:21,028" />
  </s>
  <s id="342">
    <time id="T262S" value="00:29:22,640" />
Kanslichef Tittonen.
    <time id="T262E" value="00:29:24,551" />
  </s>
  <s id="343">
    <time id="T263S" value="00:29:24,640" />
Du har besökt en kvinna på Mannerheimvägen flera gånger.
    <time id="T263E" value="00:29:28,315" />
  </s>
  <s id="344">
    <time id="T264S" value="00:29:28,400" />
Det stämmer inte.
    <time id="T264E" value="00:29:31,233" />
  </s>
  <s id="345">
    <time id="T265S" value="00:29:31,880" />
"Tittonen 18-20, i gummikläder igen, betalar extra."
    <time id="T265E" value="00:29:37,238" />
  </s>
  <s id="346">
    <time id="T266S" value="00:29:37,320" />
Tror konstapeln att det går att utpressa mig?
    <time id="T266E" value="00:29:40,551" />
  </s>
  <s id="347">
    <time id="T267S" value="00:29:40,720" />
För att vara en som använder gummikläder är ni oflexibel.
    <time id="T267E" value="00:29:44,349" />
  </s>
  <s id="348">
    <time id="T268S" value="00:29:44,440" />
Hon är död.
    <time id="T268E" value="00:29:46,510" />
  </s>
  <s id="349">
    <time id="T269S" value="00:29:46,600" />
Gissa vem som är misstänkt? 
  </s>
  <s id="350">
Vem är skiten som röker fransk tobak?
    <time id="T269E" value="00:29:52,152" />
  </s>
  <s id="351">
    <time id="T270S" value="00:29:53,080" />
Har överkonstapeln nånsin övervägt befälskursen?
    <time id="T270E" value="00:29:57,392" />
  </s>
  <s id="352">
    <time id="T271S" value="00:29:57,560" />
Det kan vara din tur i år.
    <time id="T271E" value="00:29:59,551" />
  </s>
  <s id="353">
    <time id="T272S" value="00:29:59,720" />
Du rekommenderade mördaren för Venla. 
  </s>
  <s id="354">
Vem är han?
    <time id="T272E" value="00:30:03,315" />
  </s>
  <s id="355">
    <time id="T273S" value="00:30:03,480" />
Man kan inte diskutera statliga angelägenheter med lägre tjänstemän.
    <time id="T273E" value="00:30:07,473" />
  </s>
  <s id="356">
    <time id="T274S" value="00:30:07,560" />
Du är tvungen.
    <time id="T274E" value="00:30:09,596" />
  </s>
  <s id="357">
    <time id="T275S" value="00:30:09,680" />
Varför?
  </s>
  <s id="358">
-Därför att...
    <time id="T275E" value="00:30:12,513" />
  </s>
  <s id="359">
    <time id="T276S" value="00:30:13,880" />
Jag är förbannad.
    <time id="T276E" value="00:30:16,314" />
  </s>
  <s id="360">
    <time id="T277S" value="00:30:23,120" />
Han repar sig.
  </s>
  <s id="361">
Alla sprit är inte uppdrucken.
    <time id="T277E" value="00:30:26,351" />
  </s>
  <s id="362">
    <time id="T278S" value="00:30:26,440" />
"Ormspännet är känd som Legionären."
    <time id="T278E" value="00:30:29,557" />
  </s>
  <s id="363">
    <time id="T279S" value="00:30:29,640" />
"Han bor i Esbo. 
  </s>
  <s id="364">
Är jag inte här så är jag där."
    <time id="T279E" value="00:30:33,155" />
  </s>
  <s id="365">
    <time id="T280S" value="00:30:37,200" />
Han tog vapnet med sig.
  </s>
  <s id="366">
-Här är adressen.
    <time id="T280E" value="00:30:40,431" />
  </s>
  <s id="367">
    <time id="T281S" value="00:31:30,440" />
Dödade du honom?
    <time id="T281E" value="00:31:32,317" />
  </s>
  <s id="368">
    <time id="T282S" value="00:31:32,480" />
Borde jag ha gjort det?
  </s>
  <s id="369">
Han har redan fått på käften.
    <time id="T282E" value="00:31:36,951" />
  </s>
  <s id="370">
    <time id="T283S" value="00:31:59,240" />
Kan du inte slå hårdare!
    <time id="T283E" value="00:32:02,118" />
  </s>
  <s id="371">
    <time id="T284S" value="00:32:06,360" />
Kom igen nu! 
  </s>
  <s id="372">
Jag ska döda dig!
    <time id="T284E" value="00:32:10,069" />
  </s>
  <s id="373">
    <time id="T285S" value="00:32:27,080" />
Slå hårdare, din ynkling!
    <time id="T285E" value="00:32:29,640" />
  </s>
  <s id="374">
    <time id="T286S" value="00:32:48,600" />
Du vill döda mig för den där kvinnans skull.
    <time id="T286E" value="00:32:52,434" />
  </s>
  <s id="375">
    <time id="T287S" value="00:32:53,240" />
Ett godtagbart skäl.
    <time id="T287E" value="00:32:56,277" />
  </s>
  <s id="376">
    <time id="T288S" value="00:32:57,560" />
Där har du en pistol.
  </s>
  <s id="377">
Gör ditt bästa.
    <time id="T288E" value="00:33:00,950" />
  </s>
  <s id="378">
    <time id="T289S" value="00:33:14,720" />
Hur många är de?
  </s>
  <s id="379">
-Tre. 
  </s>
  <s id="380">
En är kvar där uppe.
    <time id="T289E" value="00:33:18,429" />
  </s>
  <s id="381">
    <time id="T290S" value="00:33:18,880" />
Vapnet är bekant. 
  </s>
  <s id="382">
Var är ägaren?
    <time id="T290E" value="00:33:22,759" />
  </s>
  <s id="383">
    <time id="T291S" value="00:33:42,880" />
Sundman!
    <time id="T291E" value="00:33:44,711" />
  </s>
  <s id="384">
    <time id="T292S" value="00:33:48,480" />
Jag är inte död. 
  </s>
  <s id="385">
Bara besviken.
  </s>
  <s id="386">
Jag duger inte till nåt.
    <time id="T292E" value="00:33:56,319" />
  </s>
  <s id="387">
    <time id="T293S" value="00:34:04,160" />
Vem jobbar du för?
  </s>
  <s id="388">
-Det är en yrkeshemlighet.
    <time id="T293E" value="00:34:08,676" />
  </s>
  <s id="389">
    <time id="T294S" value="00:34:11,560" />
Spara på ammunitionen.
  </s>
  <s id="390">
Jag vet vem han jobbar för.
    <time id="T294E" value="00:34:15,633" />
  </s>
  <s id="391">
    <time id="T295S" value="00:34:15,720" />
Stället är uthyrt till fuskgreven men ägaren heter Mark Hollander.
    <time id="T295E" value="00:34:20,919" />
  </s>
  <s id="392">
    <time id="T296S" value="00:34:22,400" />
Jag såg honom den där natten.
    <time id="T296E" value="00:34:25,710" />
  </s>
  <s id="393">
    <time id="T297S" value="00:34:27,840" />
Varför dödades mina vänner?
  </s>
  <s id="394">
-Det var ett jobb.
    <time id="T297E" value="00:34:31,958" />
  </s>
  <s id="395">
    <time id="T298S" value="00:34:32,120" />
Vi skulle skrämma er. 
  </s>
  <s id="396">
Och räddast blir man ju när man dör.
    <time id="T298E" value="00:34:38,719" />
  </s>
  <s id="397">
    <time id="T299S" value="00:34:39,520" />
Vad vill man med affären?
  </s>
  <s id="398">
Vem vinner på den?
    <time id="T299E" value="00:34:42,478" />
  </s>
  <s id="399">
    <time id="T300S" value="00:34:42,640" />
Jag trodde du visste.
    <time id="T300E" value="00:34:44,790" />
  </s>
  <s id="400">
    <time id="T301S" value="00:34:51,920" />
Vill du prova med ett laddat vapen?
    <time id="T301E" value="00:34:55,276" />
  </s>
  <s id="401">
    <time id="T302S" value="00:35:07,080" />
Jag påminner er om att köpesumman redan är budgeterad.
    <time id="T302E" value="00:35:10,550" />
  </s>
  <s id="402">
    <time id="T303S" value="00:35:10,640" />
Om beslutet inte fattas har vi ett underskott på 20 miljarder.
    <time id="T303E" value="00:35:15,191" />
  </s>
  <s id="403">
    <time id="T304S" value="00:35:15,280" />
Jag ser inga alternativ.
    <time id="T304E" value="00:35:18,636" />
  </s>
  <s id="404">
    <time id="T305S" value="00:35:19,480" />
Vi röstar. 
  </s>
  <s id="405">
Vem är för minister Hinkkanens förslag?
    <time id="T305E" value="00:35:24,031" />
  </s>
  <s id="406">
    <time id="T306S" value="00:35:25,960" />
Beslutet är enhälligt. 
  </s>
  <s id="407">
Affären genomförs med forcerad tidtabell.
    <time id="T306E" value="00:35:30,556" />
  </s>
  <s id="408">
    <time id="T307S" value="00:36:02,320" />
Har kollegan eld?
    <time id="T307E" value="00:36:05,517" />
  </s>
  <s id="409">
    <time id="T308S" value="00:36:13,000" />
Jag laddade bara en.
    <time id="T308E" value="00:36:16,117" />
  </s>
  <s id="410">
    <time id="T309S" value="00:36:23,840" />
Du hör till fel gäng. 
  </s>
  <s id="411">
Beklagar.
    <time id="T309E" value="00:36:27,719" />
  </s>
  <s id="412">
    <time id="T310S" value="00:38:10,000" />
Vad säger han?
    <time id="T310E" value="00:38:11,672" />
  </s>
  <s id="413">
    <time id="T311S" value="00:39:43,920" />
Svarta pengar från Moskva, S:t Petersburg, Azerbajdzjan, -
    <time id="T311E" value="00:39:48,118" />
  </s>
  <s id="414">
    <time id="T312S" value="00:39:48,280" />
Colombia, Luxemburg... 20 miljarder.
    <time id="T312E" value="00:39:54,389" />
  </s>
  <s id="415">
    <time id="T313S" value="00:39:58,120" />
De är blinda om de inte vet om det.
  </s>
  <s id="416">
-lnte nödvändigtvis.
    <time id="T313E" value="00:40:03,558" />
  </s>
  <s id="417">
    <time id="T314S" value="00:40:04,400" />
Ibland måste moralen elimineras i nationens intresse.
    <time id="T314E" value="00:40:11,158" />
  </s>
  <s id="418">
    <time id="T315S" value="00:40:11,640" />
Påstår du att de inte själva drar nytta av det här?
    <time id="T315E" value="00:40:14,996" />
  </s>
  <s id="419">
    <time id="T316S" value="00:40:15,160" />
För slutresultatet spelar det väl ingen roll om orsaken är - girighet eller dumhet?
    <time id="T317E" value="00:40:23,476" />
  </s>
  <s id="420">
    <time id="T318S" value="00:40:24,320" />
Riksdagsgrupperna överraskades av tidigareläggningen av affären...
    <time id="T318E" value="00:40:29,235" />
  </s>
  <s id="421">
    <time id="T319S" value="00:40:30,360" />
Vi har ett dygn på oss.
  </s>
  <s id="422">
-Vi talar med Jansson.
    <time id="T319E" value="00:40:34,194" />
  </s>
  <s id="423">
    <time id="T320S" value="00:40:34,280" />
Han anhåller oss.
  </s>
  <s id="424">
Det ligger lik i våra spår.
    <time id="T320E" value="00:40:37,636" />
  </s>
  <s id="425">
    <time id="T321S" value="00:40:37,800" />
Jansson vet att sånt kan hända.
  </s>
  <s id="426">
Man kan förhandla med honom.
    <time id="T321E" value="00:40:41,759" />
  </s>
  <s id="427">
    <time id="T322S" value="00:40:44,320" />
Varför skrev du brevet?
    <time id="T322E" value="00:40:46,709" />
  </s>
  <s id="428">
    <time id="T323S" value="00:40:46,880" />
Jag ville se er bredvid varann.
    <time id="T323E" value="00:40:50,316" />
  </s>
  <s id="429">
    <time id="T324S" value="00:40:52,480" />
Varför brändes huset ner?
    <time id="T324E" value="00:40:54,710" />
  </s>
  <s id="430">
    <time id="T325S" value="00:40:54,800" />
Vår video bevisade att affärsparterna träffades - ett år före anbudstävlingen.
    <time id="T326E" value="00:41:00,036" />
  </s>
  <s id="431">
    <time id="T327S" value="00:41:00,200" />
Var finns den?
  </s>
  <s id="432">
-I ruinerna.
    <time id="T327E" value="00:41:03,909" />
  </s>
  <s id="433">
    <time id="T328S" value="00:41:05,040" />
Vad är Hollander för en?
    <time id="T328E" value="00:41:07,554" />
  </s>
  <s id="434">
    <time id="T329S" value="00:41:07,640" />
Bulvan. 
  </s>
  <s id="435">
Alla tiders bulvan.
    <time id="T329E" value="00:41:12,395" />
  </s>
  <s id="436">
    <time id="T330S" value="00:41:13,240" />
Han tvättar pengar.
  </s>
  <s id="437">
-Äter skit och skiter guld.
    <time id="T330E" value="00:41:17,791" />
  </s>
  <s id="438">
    <time id="T331S" value="00:41:18,520" />
Jag då?
    <time id="T331E" value="00:41:20,715" />
  </s>
  <s id="439">
    <time id="T332S" value="00:41:23,280" />
Vi har inga bevis. 
  </s>
  <s id="440">
Man borde kunna öppna svarta konton.
    <time id="T332E" value="00:41:27,990" />
  </s>
  <s id="441">
    <time id="T333S" value="00:41:29,160" />
Kommer du på nåt vettigt?
  </s>
  <s id="442">
-Knappast.
    <time id="T333E" value="00:41:33,597" />
  </s>
  <s id="443">
    <time id="T334S" value="00:41:34,000" />
Vi får försöka hitta på nåt annat.
    <time id="T334E" value="00:41:37,834" />
  </s>
  <s id="444">
    <time id="T335S" value="00:41:38,640" />
Då privatiseringen av statsbolagen inleddes beslöt regeringen - att sysselsättning, säkerhet och miljöfrågor inte får äventyras.
    <time id="T336E" value="00:41:49,555" />
  </s>
  <s id="445">
    <time id="T337S" value="00:41:49,720" />
Dessa principer ingår i köpevillkoren.
    <time id="T337E" value="00:41:53,872" />
  </s>
  <s id="446">
    <time id="T338S" value="00:41:54,040" />
Statens Energi säljs till det schweiziska placeringsbolaget GIB.
    <time id="T338E" value="00:41:59,114" />
  </s>
  <s id="447">
    <time id="T339S" value="00:41:59,280" />
Regeringens beslut är enhälligt.
  </s>
  <s id="448">
Frågor?
    <time id="T339E" value="00:42:03,512" />
  </s>
  <s id="449">
    <time id="T340S" value="00:42:03,680" />
Varför rekommenderades GIB av CRC?
    <time id="T340E" value="00:42:08,117" />
  </s>
  <s id="450">
    <time id="T341S" value="00:42:08,200" />
Deras bud var det högsta.
    <time id="T341E" value="00:42:10,555" />
  </s>
  <s id="451">
    <time id="T342S" value="00:42:10,640" />
De har hand om Vatikanens placeringar.
    <time id="T342E" value="00:42:15,077" />
  </s>
  <s id="452">
    <time id="T343S" value="00:42:15,160" />
Det tyder på tillförlitlighet. 
  </s>
  <s id="453">
-Ja.
    <time id="T343E" value="00:42:20,188" />
  </s>
  <s id="454">
    <time id="T344S" value="00:42:20,280" />
Varför görs det här?
  </s>
  <s id="455">
Om ett statsbolag är vanskött - vore det inte klokare att byta ut ledningen än att sälja bolaget?
    <time id="T345E" value="00:42:27,309" />
  </s>
  <s id="456">
    <time id="T346S" value="00:42:27,480" />
Det behövs satsningar i hälsovården och skolsektorn.
    <time id="T346E" value="00:42:31,473" />
  </s>
  <s id="457">
    <time id="T347S" value="00:42:31,640" />
Var ska pengarna tas?
  </s>
  <s id="458">
Vill ni ha högre skatter?
    <time id="T347E" value="00:42:36,760" />
  </s>
  <s id="459">
    <time id="T348S" value="00:42:36,920" />
Koskenkorva-rörelsen har samlat in 400 000 namn mot privatisering.
    <time id="T348E" value="00:42:41,277" />
  </s>
  <s id="460">
    <time id="T349S" value="00:42:41,440" />
Struntar regeringen i folkopinionen?
    <time id="T349E" value="00:42:44,000" />
  </s>
  <s id="461">
    <time id="T350S" value="00:42:44,160" />
Helsingfors Attac-förening har bevis på att hela affären är en bluff.
    <time id="T350E" value="00:42:48,472" />
  </s>
  <s id="462">
    <time id="T351S" value="00:42:48,560" />
Säljaren och köparen träffades ett år före anbudstävlingen.
    <time id="T351E" value="00:42:52,189" />
  </s>
  <s id="463">
    <time id="T352S" value="00:42:52,280" />
Det finns dokument som bevisar att köparen Mark Hollander - bedriver penningtvätt i stor skala -
    <time id="T353E" value="00:42:59,198" />
  </s>
  <s id="464">
    <time id="T354S" value="00:43:00,920" />
och att hans företag är...
    <time id="T354E" value="00:43:04,595" />
  </s>
  <s id="465">
    <time id="T355S" value="00:43:17,960" />
De skrattade åt mig.
  </s>
  <s id="466">
-Jag sa att det kan gå så.
    <time id="T355E" value="00:43:20,952" />
  </s>
  <s id="467">
    <time id="T356S" value="00:43:21,040" />
Jag vet. 
  </s>
  <s id="468">
Men varför säger du inte att du är ledsen?
    <time id="T356E" value="00:43:24,715" />
  </s>
  <s id="469">
    <time id="T357S" value="00:43:24,800" />
Det måste du veta utan att jag säger det.
    <time id="T357E" value="00:43:28,873" />
  </s>
  <s id="470">
    <time id="T358S" value="00:43:34,640" />
Förlåt. 
  </s>
  <s id="471">
Jag vet det utan att du säger det.
    <time id="T358E" value="00:43:40,510" />
  </s>
  <s id="472">
    <time id="T359S" value="00:43:47,360" />
Antonio Ancotti - det här är Interpols häktningsorder.
    <time id="T360E" value="00:43:54,679" />
  </s>
  <s id="473">
    <time id="T361S" value="00:43:55,560" />
Föjaktligen måste jag anhålla er.
    <time id="T361E" value="00:43:59,553" />
  </s>
  <s id="474">
    <time id="T362S" value="00:43:59,720" />
Vad i helvete ska det här betyda?
    <time id="T362E" value="00:44:01,711" />
  </s>
  <s id="475">
    <time id="T363S" value="00:44:01,880" />
Vissa har svårt med blåsan, jag har svårt med omdömet.
    <time id="T363E" value="00:44:06,954" />
  </s>
  <s id="476">
    <time id="T364S" value="00:44:08,960" />
Vem äger det hemliga kontot dit konsultarvodet betalades?
    <time id="T364E" value="00:44:14,398" />
  </s>
  <s id="477">
    <time id="T365S" value="00:44:17,520" />
En absurd fråga.
    <time id="T365E" value="00:44:20,512" />
  </s>
  <s id="478">
    <time id="T366S" value="00:44:20,600" />
Ett hemligt konto är ett hemligt konto.
    <time id="T366E" value="00:44:23,034" />
  </s>
  <s id="479">
    <time id="T367S" value="00:44:23,120" />
Vad heter Hollander på riktigt?
    <time id="T367E" value="00:44:26,157" />
  </s>
  <s id="480">
    <time id="T368S" value="00:44:26,240" />
Giovanni Sponsato?
    <time id="T368E" value="00:44:29,118" />
  </s>
  <s id="481">
    <time id="T369S" value="00:44:29,920" />
Er misstro gör mig nedslagen.
    <time id="T369E" value="00:44:35,153" />
  </s>
  <s id="482">
    <time id="T370S" value="00:44:37,000" />
Ser jag ut som en jagad brottsling?
    <time id="T370E" value="00:44:40,675" />
  </s>
  <s id="483">
    <time id="T371S" value="00:44:41,520" />
Se på min handgjorda slips.
    <time id="T371E" value="00:44:45,957" />
  </s>
  <s id="484">
    <time id="T372S" value="00:44:46,920" />
Den är äkta siden.
    <time id="T372E" value="00:44:49,957" />
  </s>
  <s id="485">
    <time id="T373S" value="00:44:51,400" />
Minister Hinkkanen fick en likadan.
    <time id="T373E" value="00:44:55,552" />
  </s>
  <s id="486">
    <time id="T374S" value="00:44:56,240" />
Vad mer fick han?
    <time id="T374E" value="00:44:59,835" />
  </s>
  <s id="487">
    <time id="T375S" value="00:45:01,440" />
Affärsmannen Hollanders fartyg har ankrat söder om Villinge...
    <time id="T375E" value="00:45:07,436" />
  </s>
  <s id="488">
    <time id="T376S" value="00:46:10,600" />
Gick det illa?
  </s>
  <s id="489">
-Foten, satan...
    <time id="T376E" value="00:46:14,639" />
  </s>
  <s id="490">
    <time id="T377S" value="00:46:19,600" />
Död?
    <time id="T377E" value="00:46:21,591" />
  </s>
  <s id="491">
    <time id="T378S" value="00:46:21,680" />
Bra.
    <time id="T378E" value="00:46:23,750" />
  </s>
  <s id="492">
    <time id="T379S" value="00:46:45,320" />
Hur många till?
  </s>
  <s id="493">
-Bara en, men den sitter djupt.
    <time id="T379E" value="00:46:50,519" />
  </s>
  <s id="494">
    <time id="T380S" value="00:46:51,600" />
Det är dags att spränga fartyget.
    <time id="T380E" value="00:46:54,433" />
  </s>
  <s id="495">
    <time id="T381S" value="00:46:54,600" />
Till det behövs grövre grejor.
  </s>
  <s id="496">
-Räcker det med tolv tum?
    <time id="T381E" value="00:46:59,469" />
  </s>
  <s id="497">
    <time id="T382S" value="00:46:59,560" />
Fartyget ligger söder om Kalö.
    <time id="T382E" value="00:47:03,235" />
  </s>
  <s id="498">
    <time id="T383S" value="00:47:03,400" />
Norr om Kalö finns Granholmens artillerifästning.
    <time id="T383E" value="00:47:09,714" />
  </s>
  <s id="499">
    <time id="T384S" value="00:47:09,800" />
Där finns ett 305 millimeters dubbelkanontorn, byggt på 30-talet.
    <time id="T384E" value="00:47:14,635" />
  </s>
  <s id="500">
    <time id="T385S" value="00:47:14,720" />
Jag gjorde militärtjänsten vid kustartilleriet.
    <time id="T385E" value="00:47:17,632" />
  </s>
  <s id="501">
    <time id="T386S" value="00:47:17,800" />
Stället blev bekant på 60-talet.
    <time id="T386E" value="00:47:20,394" />
  </s>
  <s id="502">
    <time id="T387S" value="00:47:20,480" />
Kanonen går inte att skjuta med.
  </s>
  <s id="503">
-Visst i helvete.
    <time id="T387E" value="00:47:24,519" />
  </s>
  <s id="504">
    <time id="T388S" value="00:47:24,600" />
Det är ett museum.
  </s>
  <s id="505">
-För helvete. 
  </s>
  <s id="506">
Jag är...
    <time id="T388E" value="00:47:27,672" />
  </s>
  <s id="507">
    <time id="T389S" value="00:47:27,760" />
Jag var artillerigillets vice ordförande.
    <time id="T389E" value="00:47:32,197" />
  </s>
  <s id="508">
    <time id="T390S" value="00:47:32,360" />
Skulle det vara möjligt?
  </s>
  <s id="509">
-Om båten är tillräckligt nära.
    <time id="T390E" value="00:47:37,559" />
  </s>
  <s id="510">
    <time id="T391S" value="00:47:37,640" />
Men vi behöver koordinaterna.
    <time id="T391E" value="00:47:40,518" />
  </s>
  <s id="511">
    <time id="T392S" value="00:47:51,720" />
Det hördes skott härifrån, och vrål av smärta.
    <time id="T392E" value="00:47:56,111" />
  </s>
  <s id="512">
    <time id="T393S" value="00:47:56,200" />
Verkstadschefen Mehtonen har migrän.
    <time id="T393E" value="00:47:59,670" />
  </s>
  <s id="513">
    <time id="T394S" value="00:47:59,920" />
Stanna där.
    <time id="T394E" value="00:48:02,434" />
  </s>
  <s id="514">
    <time id="T395S" value="00:48:17,960" />
Jag har aldrig sett migrän i benet förr.
    <time id="T395E" value="00:48:22,317" />
  </s>
  <s id="515">
    <time id="T396S" value="00:48:22,960" />
Den har spridit sig.
    <time id="T396E" value="00:48:25,110" />
  </s>
  <s id="516">
    <time id="T397S" value="00:48:39,040" />
Vem var det som sköt?
    <time id="T397E" value="00:48:42,555" />
  </s>
  <s id="517">
    <time id="T398S" value="00:48:45,400" />
Vad tror du?
    <time id="T398E" value="00:48:47,960" />
  </s>
  <s id="518">
    <time id="T399S" value="00:48:50,920" />
Skutan borde sänkas.
    <time id="T399E" value="00:48:54,595" />
  </s>
  <s id="519">
    <time id="T400S" value="00:48:55,280" />
Visst. 
  </s>
  <s id="520">
Men myndigheterna har koordinaterna.
    <time id="T400E" value="00:49:00,149" />
  </s>
  <s id="521">
    <time id="T401S" value="00:49:04,880" />
Då åker vi. 
  </s>
  <s id="522">
Här finns inget.
    <time id="T401E" value="00:49:08,111" />
  </s>
  <s id="523">
    <time id="T402S" value="00:50:29,840" />
Mingranater... 
  </s>
  <s id="524">
Från en vapengömma.
    <time id="T402E" value="00:50:33,958" />
  </s>
  <s id="525">
    <time id="T403S" value="00:51:02,800" />
NEJ till PRIVATISERING
    <time id="T403E" value="00:51:05,189" />
  </s>
  <s id="526">
    <time id="T404S" value="00:51:42,880" />
Va? 
  </s>
  <s id="527">
Jodå.
    <time id="T404E" value="00:51:46,350" />
  </s>
  <s id="528">
    <time id="T405S" value="00:52:11,520" />
Lyft ankaret!
    <time id="T405E" value="00:52:13,476" />
  </s>
  <s id="529">
    <time id="T406S" value="00:52:25,400" />
En granat till och en påse krut finns bakom pansardörren.
    <time id="T406E" value="00:52:29,552" />
  </s>
  <s id="530">
    <time id="T407S" value="00:52:29,640" />
Om den första inte kreverar.
    <time id="T407E" value="00:52:32,837" />
  </s>
  <s id="531">
    <time id="T408S" value="00:52:46,480" />
Sundman!
  </s>
  <s id="532">
-Ni är säkrare där!
    <time id="T408E" value="00:52:49,950" />
  </s>
  <s id="533">
    <time id="T409S" value="00:52:50,040" />
Vad ropar han?
    <time id="T409E" value="00:52:51,951" />
  </s>
  <s id="534">
    <time id="T410S" value="00:52:52,040" />
Låset håller inte för avfyrningen.
  </s>
  <s id="535">
Han vill bli den sista stora hjälten
    <time id="T410E" value="00:52:56,795" />
  </s>
  <s id="536">
    <time id="T411S" value="00:53:11,280" />
Varför fortsatte jag inte mitt sorglösa alkisliv?
    <time id="T411E" value="00:53:15,068" />
  </s>
  <s id="537">
    <time id="T412S" value="00:53:38,480" />
Hinkkanen, det var du som drog in oss i affären.
    <time id="T412E" value="00:53:42,473" />
  </s>
  <s id="538">
    <time id="T413S" value="00:53:42,640" />
Jag ville bara ge mina barn ett skuldfritt land.
    <time id="T413E" value="00:53:46,758" />
  </s>
  <s id="539">
    <time id="T414S" value="00:53:48,040" />
Tror du Finlands Bank har behov för mitt kunnande?
    <time id="T414E" value="00:53:52,397" />
  </s>
  <s id="540">
    <time id="T415S" value="00:54:09,320" />
En cigg?
  </s>
  <s id="541">
-Jag tänkte lägga av.
    <time id="T415E" value="00:54:14,075" />
  </s>
  <s id="542">
    <time id="T416S" value="00:54:14,680" />
Jansson.
    <time id="T416E" value="00:54:17,240" />
  </s>
  <s id="543">
    <time id="T417S" value="00:54:22,680" />
När hände det?
    <time id="T417E" value="00:54:24,989" />
  </s>
  <s id="544">
    <time id="T418S" value="00:54:28,320" />
Jag ska meddela. 
  </s>
  <s id="545">
Tack.
    <time id="T418E" value="00:54:32,438" />
  </s>
  <s id="546">
    <time id="T419S" value="00:54:39,800" />
Min pappa är död.
    <time id="T419E" value="00:54:43,270" />
  </s>
  <s id="547">
    <time id="T420S" value="00:54:46,400" />
Du har bruna ögon.
  </s>
  <s id="548">
-Märker du det nu först?
    <time id="T420E" value="00:54:52,873" />
  </s>
  <s id="549">
    <time id="T421S" value="00:54:54,880" />
Och stora läppar. 
  </s>
  <s id="550">
Går det åt mycket pengar till läppstift?
    <time id="T421E" value="00:55:01,353" />
  </s>
  <s id="551">
    <time id="T422S" value="00:55:08,200" />
Älskar du mig?
    <time id="T422E" value="00:55:10,509" />
  </s>
  <s id="552">
    <time id="T423S" value="00:55:12,240" />
Ja.
    <time id="T423E" value="00:55:14,117" />
  </s>
  <s id="553">
    <time id="T424S" value="00:55:24,920" />
Det här lyckas inte.
  </s>
  <s id="554">
-Varför inte?
    <time id="T424E" value="00:55:29,835" />
  </s>
  <s id="555">
    <time id="T425S" value="00:55:31,120" />
Jag minns inte mer hurdant det är.
    <time id="T425E" value="00:55:35,716" />
  </s>
  <s id="556">
    <time id="T426S" value="00:55:38,880" />
Jag ska berätta för dig.
    <time id="T426E" value="00:55:42,236" />
  </s>
  <s id="557">
    <time id="T427S" value="00:55:54,000" />
Naomi Jaatinen MÄNNEN SKAKAR HAND
    <time id="T427E" value="00:55:57,595" />
  </s>
  <s id="558">
    <time id="T428S" value="00:56:00,840" />
De sa i nyheterna att Hollanders båt körde på en sjömina från kriget.
    <time id="T428E" value="00:56:05,470" />
  </s>
  <s id="559">
    <time id="T429S" value="00:56:05,640" />
Regeringen söker en ny köpare.
  </s>
  <s id="560">
-De mest korkade finns i toppen.
    <time id="T429E" value="00:56:11,636" />
  </s>
  <s id="561">
    <time id="T430S" value="00:56:13,520" />
Hur mår du?
    <time id="T430E" value="00:56:15,954" />
  </s>
  <s id="562">
    <time id="T431S" value="00:56:17,760" />
För jävligt.
    <time id="T431E" value="00:56:20,752" />
  </s>
  <s id="563">
    <time id="T432S" value="00:56:20,960" />
Ska vi dricka morgonkaffe på Ursula?
  </s>
  <s id="564">
-Om du bjuder på munkar.
    <time id="T432E" value="00:56:25,192" />
  </s>
  <s id="565">
    <time id="T433S" value="00:56:26,040" />
En kriminalreporter ringer och vill veta varför greven måste släppas?
    <time id="T433E" value="00:56:30,636" />
  </s>
  <s id="566">
    <time id="T434S" value="00:56:31,320" />
Komiker hör inte hemma i fängelset.
    <time id="T434E" value="00:56:35,598" />
  </s>
  <s id="567">
    <time id="T435S" value="00:56:41,120" />
Varför löddrar den här inte?
  </s>
  <s id="568">
-Det är hemorrojdsalva.
    <time id="T435E" value="00:56:45,830" />
  </s>
  <s id="569">
    <time id="T436S" value="00:57:23,640" />
Ska du resa långt?
  </s>
  <s id="570">
-Tanken är full.
    <time id="T436E" value="00:57:28,634" />
  </s>
  <s id="571">
    <time id="T437S" value="00:57:35,200" />
Vad är det här?
  </s>
  <s id="572">
-Din firma.
    <time id="T437E" value="00:57:38,476" />
  </s>
  <s id="573">
    <time id="T438S" value="00:57:38,640" />
Jag frågade vänligt. 
  </s>
  <s id="574">
De skrev under.
    <time id="T438E" value="00:57:42,269" />
  </s>
  <s id="575">
    <time id="T439S" value="00:57:42,360" />
Hur vänligt frågade du?
  </s>
  <s id="576">
-Mycket vänligt.
    <time id="T439E" value="00:57:47,832" />
  </s>
  <s id="577">
    <time id="T440S" value="00:57:49,440" />
Vartåt ska du?
    <time id="T440E" value="00:57:51,954" />
  </s>
  <s id="578">
    <time id="T441S" value="00:57:55,360" />
Och Tarja då?
  </s>
  <s id="579">
-Tarja klarar sig. 
  </s>
  <s id="580">
Jag gör det inte.
    <time id="T441E" value="00:58:00,673" />
  </s>
  <meta>
    <subtitle>
      <rating>0.0</rating>
      <language>Swedish</language>
      <version>0</version>
      <confidence>1.0</confidence>
      <machine_translated>0</machine_translated>
      <date>2003-07-04</date>
      <blocks>441</blocks>
      <duration>00:58:00,673</duration>
    </subtitle>
    <conversion>
      <tokens>3607</tokens>
      <encoding>windows-1252</encoding>
      <unknown_words>60</unknown_words>
      <ignored_blocks>0</ignored_blocks>
      <sentences>580</sentences>
      <truecased_words>14</truecased_words>
      <corrected_words>7</corrected_words>
    </conversion>
    <source>
      <HD>0</HD>
      <cds>1/1</cds>
      <country>Finland</country>
      <original>Finnish</original>
      <year>2000</year>
      <genre>Crime,Drama</genre>
      <duration>504</duration>
    </source>
  </meta>
</document>
