<?xml version="1.0" encoding="utf-8"?>
<document id="22460">
  <s id="1">
    <time id="T1S" value="00:00:57,047" />
-Är allt okej utanför?
  </s>
  <s id="2">
-Det är okej,
    <time id="T1E" value="00:01:01,916" />
  </s>
  <s id="3">
    <time id="T2S" value="00:01:10,047" />
-Är allt okej därnere?
  </s>
  <s id="4">
-Alla är borta,
    <time id="T2E" value="00:01:15,360" />
  </s>
  <s id="5">
    <time id="T3S" value="00:01:15,527" />
Jag känner på mig nåt,
    <time id="T3E" value="00:01:18,599" />
  </s>
  <s id="6">
    <time id="T4S" value="00:02:47,247" />
Alex!
    <time id="T4E" value="00:02:49,636" />
  </s>
  <s id="7">
    <time id="T5S" value="00:03:00,607" />
Darren!
    <time id="T5E" value="00:03:02,404" />
  </s>
  <s id="8">
    <time id="T6S" value="00:03:02,567" />
För böveln, jag är täckt med gul målarfärg.
    <time id="T6E" value="00:03:05,001" />
  </s>
  <s id="9">
    <time id="T7S" value="00:03:05,167" />
Tusan också! 
  </s>
  <s id="10">
Kolla här.
    <time id="T7E" value="00:03:09,285" />
  </s>
  <s id="11">
    <time id="T8S" value="00:03:10,687" />
Vet du vad, Alex? 
  </s>
  <s id="12">
Den hårfärgen passar dig. 
  </s>
  <s id="13">
Blondiner har mer kul.
    <time id="T8E" value="00:03:16,205" />
  </s>
  <s id="14">
    <time id="T9S" value="00:03:16,367" />
-Visst.
  </s>
  <s id="15">
-Kom igen, sånt kan hända alla.
    <time id="T9E" value="00:03:19,916" />
  </s>
  <s id="16">
    <time id="T10S" value="00:03:23,847" />
Strålande, Alex. 
  </s>
  <s id="17">
Bra överblick, samarbete, improvisation.
    <time id="T10E" value="00:03:29,763" />
  </s>
  <s id="18">
    <time id="T11S" value="00:03:29,927" />
Men mot slutet förlorade du koncentrationen.
    <time id="T11E" value="00:03:36,924" />
  </s>
  <s id="19">
    <time id="T12S" value="00:03:38,407" />
-Vad är ditt uppdrag?
  </s>
  <s id="20">
-Att rädda gisslan.
    <time id="T12E" value="00:03:41,444" />
  </s>
  <s id="21">
    <time id="T13S" value="00:03:41,607" />
Och att inte sluta som en död hjälte.
    <time id="T13E" value="00:03:45,520" />
  </s>
  <s id="22">
    <time id="T14S" value="00:03:45,687" />
Jag försökte bara rädda min kollega.
    <time id="T14E" value="00:03:49,123" />
  </s>
  <s id="23">
    <time id="T15S" value="00:03:51,167" />
Lyssna noggrant.
    <time id="T15E" value="00:03:55,080" />
  </s>
  <s id="24">
    <time id="T16S" value="00:03:55,247" />
Staten betalar mig för att träna er, inte för att gå på era begravningar.
    <time id="T16E" value="00:04:00,879" />
  </s>
  <s id="25">
    <time id="T17S" value="00:04:02,327" />
Gå igenom vad som hände och inte hände i dag. 
  </s>
  <s id="26">
Noggrant.
    <time id="T17E" value="00:04:10,359" />
  </s>
  <s id="27">
    <time id="T18S" value="00:04:10,527" />
För i morgon gör vi om det.
  </s>
  <s id="28">
Och om ni vill ha en framtid här så är det bäst att ni lyckas!
    <time id="T19E" value="00:04:20,483" />
  </s>
  <s id="29">
    <time id="T20S" value="00:04:22,887" />
Försvinn nu.
    <time id="T20E" value="00:04:26,118" />
  </s>
  <s id="30">
    <time id="T21S" value="00:04:38,807" />
-Hur lång tid är det kvar?
  </s>
  <s id="31">
-Cirka två timmar.
    <time id="T21E" value="00:04:43,039" />
  </s>
  <s id="32">
    <time id="T22S" value="00:04:43,207" />
-Bra. 
  </s>
  <s id="33">
Vi kommer i god tid.
  </s>
  <s id="34">
-Vägspärr på vägen. 
  </s>
  <s id="35">
Se upp.
    <time id="T22E" value="00:04:49,442" />
  </s>
  <s id="36">
    <time id="T23S" value="00:05:07,367" />
-Vad har hänt?
  </s>
  <s id="37">
-En bil sladdade. 
  </s>
  <s id="38">
Miste kontrollen.
    <time id="T23E" value="00:05:11,121" />
  </s>
  <s id="39">
    <time id="T24S" value="00:05:11,287" />
Vi väntar på en ambulans.
    <time id="T24E" value="00:05:13,084" />
  </s>
  <s id="40">
    <time id="T25S" value="00:05:13,247" />
Det har varit ruggigt hela natten.
  </s>
  <s id="41">
Vi har kört i sex timmar.
    <time id="T25E" value="00:05:16,557" />
  </s>
  <s id="42">
    <time id="T26S" value="00:05:16,727" />
-Kör försiktigt.
  </s>
  <s id="43">
-Okej. 
  </s>
  <s id="44">
Tack.
    <time id="T26E" value="00:05:21,801" />
  </s>
  <s id="45">
    <time id="T27S" value="00:05:35,487" />
Hallå där! 
  </s>
  <s id="46">
Stanna!
    <time id="T27E" value="00:05:38,001" />
  </s>
  <s id="47">
    <time id="T28S" value="00:05:40,647" />
-Vi behöver medicinsk utrustning.
  </s>
  <s id="48">
-Bilen är tom.
    <time id="T28E" value="00:05:44,322" />
  </s>
  <s id="49">
    <time id="T29S" value="00:05:44,487" />
Ni måste ha nåt vi kan använda.
  </s>
  <s id="50">
Bandage, antibiotika.
    <time id="T29E" value="00:05:48,400" />
  </s>
  <s id="51">
    <time id="T30S" value="00:05:48,567" />
-Killen här har flera benbrott.
  </s>
  <s id="52">
-Vi har inget kvar.
    <time id="T30E" value="00:05:52,719" />
  </s>
  <s id="53">
    <time id="T31S" value="00:05:52,887" />
En första hjälpen-låda då?
  </s>
  <s id="54">
Öppna nu.
    <time id="T31E" value="00:05:58,405" />
  </s>
  <s id="55">
    <time id="T32S" value="00:06:17,167" />
-Sa du inte att det var tomt?
  </s>
  <s id="56">
-Tomt på medicinsk utrustning, ja.
    <time id="T32E" value="00:06:24,084" />
  </s>
  <s id="57">
    <time id="T33S" value="00:06:43,127" />
-Vänta.
  </s>
  <s id="58">
-Nej! 
  </s>
  <s id="59">
Nej! 
  </s>
  <s id="60">
Nej!
    <time id="T33E" value="00:06:47,882" />
  </s>
  <s id="61">
    <time id="T34S" value="00:06:51,567" />
Inga vittnen. 
  </s>
  <s id="62">
Kör.
    <time id="T34E" value="00:06:54,764" />
  </s>
  <s id="63">
    <time id="T35S" value="00:07:15,607" />
Norika?
    <time id="T35E" value="00:07:17,837" />
  </s>
  <s id="64">
    <time id="T36S" value="00:07:21,767" />
-Kan du hjälpa mig med detta?
  </s>
  <s id="65">
-Visst.
    <time id="T36E" value="00:07:25,726" />
  </s>
  <s id="66">
    <time id="T37S" value="00:07:30,767" />
Jag gör det bara när det finns en vacker kvinna i närheten.
    <time id="T37E" value="00:07:35,887" />
  </s>
  <s id="67">
    <time id="T38S" value="00:07:36,047" />
Sådär. 
  </s>
  <s id="68">
Fy skäms.
    <time id="T38E" value="00:07:39,437" />
  </s>
  <s id="69">
    <time id="T39S" value="00:07:42,487" />
-När återvänder du till Tokyo?
  </s>
  <s id="70">
-Om fyra dagar.
    <time id="T39E" value="00:07:47,720" />
  </s>
  <s id="71">
    <time id="T40S" value="00:07:51,727" />
Först en skål för den lyckade avslutningen av våra affärer.
    <time id="T40E" value="00:07:57,359" />
  </s>
  <s id="72">
    <time id="T41S" value="00:07:58,887" />
Och sen en för den smartaste och vackraste förhandlaren.
    <time id="T41E" value="00:08:06,646" />
  </s>
  <s id="73">
    <time id="T42S" value="00:08:06,807" />
Tack.
    <time id="T42E" value="00:08:09,480" />
  </s>
  <s id="74">
    <time id="T43S" value="00:08:15,607" />
-Har du all information vi behöver?
  </s>
  <s id="75">
-Hon har gett oss allt.
    <time id="T43E" value="00:08:20,044" />
  </s>
  <s id="76">
    <time id="T44S" value="00:08:20,207" />
Bra. 
  </s>
  <s id="77">
Lägg den i ditt kassaskåp.
    <time id="T44E" value="00:08:24,359" />
  </s>
  <s id="78">
    <time id="T45S" value="00:08:26,207" />
-Tjänare, Johnny.
  </s>
  <s id="79">
-Tony. 
  </s>
  <s id="80">
Detta är Norika från Japan.
    <time id="T45E" value="00:08:33,397" />
  </s>
  <s id="81">
    <time id="T46S" value="00:08:33,567" />
-Förtjusande.
  </s>
  <s id="82">
-Jag har bjudit med henne ut.
    <time id="T46E" value="00:08:38,561" />
  </s>
  <s id="83">
    <time id="T47S" value="00:08:40,847" />
-Farbror Ma, kan vi prata lite?
  </s>
  <s id="84">
-Glömmer du att vi har en gäst?
    <time id="T47E" value="00:08:48,037" />
  </s>
  <s id="85">
    <time id="T48S" value="00:08:48,847" />
Det gör inget.
  </s>
  <s id="86">
Jag vill gärna fräscha upp mig lite.
    <time id="T48E" value="00:08:53,363" />
  </s>
  <s id="87">
    <time id="T49S" value="00:09:00,487" />
Prata på.
    <time id="T49E" value="00:09:03,001" />
  </s>
  <s id="88">
    <time id="T50S" value="00:09:03,167" />
En vän från Amerika är i stan.
  </s>
  <s id="89">
Jag vill att ni två träffas.
    <time id="T50E" value="00:09:07,922" />
  </s>
  <s id="90">
    <time id="T51S" value="00:09:08,087" />
-Varför?
  </s>
  <s id="91">
-Han har varor att sälja.
    <time id="T51E" value="00:09:12,603" />
  </s>
  <s id="92">
    <time id="T52S" value="00:09:12,767" />
Varor? 
  </s>
  <s id="93">
Elektronik?
  </s>
  <s id="94">
Kopior? 
  </s>
  <s id="95">
Cigaretter?
    <time id="T52E" value="00:09:20,606" />
  </s>
  <s id="96">
    <time id="T53S" value="00:09:20,767" />
-Nej.
  </s>
  <s id="97">
-Knarkhandel är inget för oss.
    <time id="T53E" value="00:09:26,364" />
  </s>
  <s id="98">
    <time id="T54S" value="00:09:26,527" />
Varken förr, nu eller senare.
    <time id="T54E" value="00:09:29,166" />
  </s>
  <s id="99">
    <time id="T55S" value="00:09:29,327" />
Med all respekt, narkotika är den mest värdefulla varan i världen och Kina är en orörd marknad.
  </s>
  <s id="100">
Vi kan tjäna en förmögenhet.
    <time id="T56E" value="00:09:40,404" />
  </s>
  <s id="101">
    <time id="T57S" value="00:09:42,207" />
-Du slösar bort min tid.
  </s>
  <s id="102">
-Men farbror Ma...
    <time id="T57E" value="00:09:45,563" />
  </s>
  <s id="103">
    <time id="T58S" value="00:09:45,727" />
Det räcker. 
  </s>
  <s id="104">
För att rädda ansiktet på dig, ska jag träffa honom och berätta att du är lite snurrig i knoppen ibland.
    <time id="T59E" value="00:09:57,843" />
  </s>
  <s id="105">
    <time id="T60S" value="00:10:00,567" />
Och att du glömmer bort vad jag säger åt dig.
    <time id="T60E" value="00:10:04,799" />
  </s>
  <s id="106">
    <time id="T61S" value="00:11:16,647" />
-Okej.
  </s>
  <s id="107">
-Hej, sötnos. 
  </s>
  <s id="108">
Grattis.
    <time id="T61E" value="00:11:21,801" />
  </s>
  <s id="109">
    <time id="T62S" value="00:11:21,967" />
-Ruby!
  </s>
  <s id="110">
-Hej, pappa.
    <time id="T62E" value="00:11:23,878" />
  </s>
  <s id="111">
    <time id="T63S" value="00:11:24,047" />
-Detta hade aldrig hänt utan dig.
  </s>
  <s id="112">
-Struntprat.
    <time id="T63E" value="00:11:28,916" />
  </s>
  <s id="113">
    <time id="T64S" value="00:11:29,087" />
-Hej, Alex.
  </s>
  <s id="114">
-Detta är Darren, min kollega.
    <time id="T64E" value="00:11:33,285" />
  </s>
  <s id="115">
    <time id="T65S" value="00:11:34,247" />
Du kan kanske övertala honom att slå sig till ro med min dotter.
    <time id="T65E" value="00:11:41,244" />
  </s>
  <s id="116">
    <time id="T66S" value="00:11:41,407" />
Det är nog bäst jag låter bli...
    <time id="T66E" value="00:11:43,967" />
  </s>
  <s id="117">
    <time id="T67S" value="00:11:44,127" />
-Vill ni sitta tillsammans med mig?
  </s>
  <s id="118">
-Gärna.
    <time id="T67E" value="00:11:49,599" />
  </s>
  <s id="119">
    <time id="T68S" value="00:11:49,767" />
-Vi ses senare.
  </s>
  <s id="120">
-Vi ses.
    <time id="T68E" value="00:11:51,917" />
  </s>
  <s id="121">
    <time id="T69S" value="00:11:52,087" />
-Jag stannar hellre här.
  </s>
  <s id="122">
-Följ med mig.
    <time id="T69E" value="00:11:56,160" />
  </s>
  <s id="123">
    <time id="T70S" value="00:11:59,527" />
Kom nu!
    <time id="T70E" value="00:12:02,121" />
  </s>
  <s id="124">
    <time id="T71S" value="00:12:26,687" />
Glöm det, snygging.
  </s>
  <s id="125">
Du är inte i samma liga som hon.
    <time id="T71E" value="00:12:30,157" />
  </s>
  <s id="126">
    <time id="T72S" value="00:12:30,327" />
Tack.
    <time id="T72E" value="00:12:32,397" />
  </s>
  <s id="127">
    <time id="T73S" value="00:12:42,247" />
-Ruby har gjort ett toppenjobb.
  </s>
  <s id="128">
-Ja, det får man säga.
    <time id="T73E" value="00:12:48,083" />
  </s>
  <s id="129">
    <time id="T74S" value="00:13:46,927" />
Skynda er! 
  </s>
  <s id="130">
Spring!
    <time id="T74E" value="00:13:50,078" />
  </s>
  <s id="131">
    <time id="T75S" value="00:13:54,167" />
-Tillkalla en ambulans!
  </s>
  <s id="132">
-Jag är polis. 
  </s>
  <s id="133">
Vi ordnar hjälp.
    <time id="T75E" value="00:13:59,321" />
  </s>
  <s id="134">
    <time id="T76S" value="00:14:24,927" />
Tillkalla en ambulans, Fort!
    <time id="T76E" value="00:14:28,363" />
  </s>
  <s id="135">
    <time id="T77S" value="00:14:57,847" />
Se dig för! 
  </s>
  <s id="136">
Jävla idiot!
    <time id="T77E" value="00:15:01,760" />
  </s>
  <s id="137">
    <time id="T78S" value="00:15:37,407" />
Stanna, jag är polis!
  </s>
  <s id="138">
Ge mig bågen.
    <time id="T78E" value="00:15:40,956" />
  </s>
  <s id="139">
    <time id="T79S" value="00:15:41,127" />
Hallå där, den är min!
    <time id="T79E" value="00:15:43,880" />
  </s>
  <s id="140">
    <time id="T80S" value="00:15:56,687" />
-Hon är så vacker.
  </s>
  <s id="141">
-Tack.
    <time id="T80E" value="00:15:59,565" />
  </s>
  <s id="142">
    <time id="T81S" value="00:15:59,727" />
Jag följer efter en misstänkt in på Hotell Pu Dong. 
  </s>
  <s id="143">
Sänd förstärkning.
    <time id="T81E" value="00:16:04,721" />
  </s>
  <s id="144">
    <time id="T82S" value="00:16:04,887" />
Vacker kvinna på 1 75 cm kom just in.
  </s>
  <s id="145">
Vad är hennes rumsnummer?
    <time id="T82E" value="00:16:09,836" />
  </s>
  <s id="146">
    <time id="T83S" value="00:16:10,007" />
Skruva ner kättjan, snorvalp. 
  </s>
  <s id="147">
Vi lämnar inte ut gästernas rumsnummer.
    <time id="T83E" value="00:16:13,761" />
  </s>
  <s id="148">
    <time id="T84S" value="00:16:13,927" />
Vill du behålla tänderna, skitstövel?
  </s>
  <s id="149">
Jag är polis.
    <time id="T84E" value="00:16:16,600" />
  </s>
  <s id="150">
    <time id="T85S" value="00:16:16,767" />
Okej.
    <time id="T85E" value="00:16:19,520" />
  </s>
  <s id="151">
    <time id="T86S" value="00:16:22,807" />
-Du ser inte ut som en polis.
  </s>
  <s id="152">
-Ge mig numret nu.
    <time id="T86E" value="00:16:26,925" />
  </s>
  <s id="153">
    <time id="T87S" value="00:16:27,087" />
-781 5.
  </s>
  <s id="154">
-Tack.
    <time id="T87E" value="00:16:29,521" />
  </s>
  <s id="155">
    <time id="T88S" value="00:17:21,327" />
Stanna!
    <time id="T88E" value="00:17:23,045" />
  </s>
  <s id="156">
    <time id="T89S" value="00:17:46,207" />
Stanna! 
  </s>
  <s id="157">
Rör dig inte!
    <time id="T89E" value="00:17:49,279" />
  </s>
  <s id="158">
    <time id="T90S" value="00:17:49,447" />
-Rör dig inte.
  </s>
  <s id="159">
-Nej! 
  </s>
  <s id="160">
Nej!
    <time id="T90E" value="00:17:54,396" />
  </s>
  <s id="161">
    <time id="T91S" value="00:18:00,167" />
Satan!
    <time id="T91E" value="00:18:03,477" />
  </s>
  <s id="162">
    <time id="T92S" value="00:18:11,727" />
Stå stilla!
  </s>
  <s id="163">
Hallå där!
    <time id="T92E" value="00:18:15,083" />
  </s>
  <s id="164">
    <time id="T93S" value="00:18:17,687" />
Fånga henne!
    <time id="T93E" value="00:18:19,723" />
  </s>
  <s id="165">
    <time id="T94S" value="00:18:29,207" />
Ta det lugnt, gullet.
  </s>
  <s id="166">
Festen är slut.
    <time id="T94E" value="00:18:34,406" />
  </s>
  <s id="167">
    <time id="T95S" value="00:18:34,567" />
Nu går vi.
    <time id="T95E" value="00:18:37,684" />
  </s>
  <s id="168">
    <time id="T96S" value="00:18:37,847" />
Håll dem uppe.
    <time id="T96E" value="00:18:41,203" />
  </s>
  <s id="169">
    <time id="T97S" value="00:18:54,447" />
-Dra upp mig!
  </s>
  <s id="170">
-Häng på, sötnos. 
  </s>
  <s id="171">
Jag återvänder.
    <time id="T97E" value="00:19:00,477" />
  </s>
  <s id="172">
    <time id="T98S" value="00:19:00,647" />
Dra upp mig, era idioter!
  </s>
  <s id="173">
För tusan!
    <time id="T98E" value="00:19:05,243" />
  </s>
  <s id="174">
    <time id="T99S" value="00:19:26,367" />
Vad har ni genier att säga till ert försvar?
    <time id="T99E" value="00:19:30,599" />
  </s>
  <s id="175">
    <time id="T100S" value="00:19:31,807" />
Tyst! 
  </s>
  <s id="176">
Jag gillar inte att mina män dräglar över kvinnor i underkläder.
    <time id="T100E" value="00:19:40,203" />
  </s>
  <s id="177">
    <time id="T101S" value="00:19:40,367" />
-Det var min flickvän...
  </s>
  <s id="178">
-Tyst!
    <time id="T101E" value="00:19:43,165" />
  </s>
  <s id="179">
    <time id="T102S" value="00:19:43,327" />
Och jag gillar inte när någon mördas i min stad.
    <time id="T102E" value="00:19:47,206" />
  </s>
  <s id="180">
    <time id="T103S" value="00:19:47,367" />
Speciellt inte när mördaren kommer undan.
    <time id="T103E" value="00:19:51,076" />
  </s>
  <s id="181">
    <time id="T104S" value="00:19:53,367" />
En kvinna efterlämnar en av mina män hängande i sina joggingskor.
    <time id="T104E" value="00:19:58,680" />
  </s>
  <s id="182">
    <time id="T105S" value="00:19:58,847" />
Mannen hon var i sällskap med, Mr Ma, bor i Lung Chen.
    <time id="T105E" value="00:20:03,045" />
  </s>
  <s id="183">
    <time id="T106S" value="00:20:03,207" />
Ta reda på allt han vet. 
  </s>
  <s id="184">
Vem som satt vid hans bord - speciellt kvinnan.
    <time id="T106E" value="00:20:09,077" />
  </s>
  <s id="185">
    <time id="T107S" value="00:20:09,247" />
Jag vill få svar - fort.
  </s>
  <s id="186">
Det finns en sheriff där.
    <time id="T107E" value="00:20:15,595" />
  </s>
  <s id="187">
    <time id="T108S" value="00:20:15,767" />
En vän. 
  </s>
  <s id="188">
Han heter Lin.
    <time id="T108E" value="00:20:18,076" />
  </s>
  <s id="189">
    <time id="T109S" value="00:20:18,247" />
Alex är ihop med hans dotter.
    <time id="T109E" value="00:20:21,398" />
  </s>
  <s id="190">
    <time id="T110S" value="00:20:24,367" />
Så trevligt då.
    <time id="T110E" value="00:20:27,245" />
  </s>
  <s id="191">
    <time id="T111S" value="00:20:29,807" />
Ni ska inte diskutera detta med någon.
    <time id="T111E" value="00:20:33,117" />
  </s>
  <s id="192">
    <time id="T112S" value="00:20:33,287" />
Inte med familjen, inte med flick- vännen. inte ens med hunden.
    <time id="T112E" value="00:20:37,758" />
  </s>
  <s id="193">
    <time id="T113S" value="00:20:38,727" />
-Jag har inte hund.
  </s>
  <s id="194">
-Du har inte hund?
    <time id="T113E" value="00:20:44,882" />
  </s>
  <s id="195">
    <time id="T114S" value="00:20:48,727" />
Han har inte hund...
  </s>
  <s id="196">
Försvinn! 
  </s>
  <s id="197">
Nu!
    <time id="T114E" value="00:20:54,597" />
  </s>
  <s id="198">
    <time id="T115S" value="00:21:08,287" />
Fint. 
  </s>
  <s id="199">
Kom hit till mig på kontoret.
    <time id="T115E" value="00:21:12,200" />
  </s>
  <s id="200">
    <time id="T116S" value="00:21:13,647" />
-Vad kan jag hjälpa er med?
  </s>
  <s id="201">
-Vi är i dygnet runt-tjänst.
    <time id="T116E" value="00:21:16,286" />
  </s>
  <s id="202">
    <time id="T117S" value="00:21:16,447" />
Vi har fått vårt första uppdrag här i Lung Chen.
    <time id="T117E" value="00:21:19,439" />
  </s>
  <s id="203">
    <time id="T118S" value="00:21:19,607" />
Bra. 
  </s>
  <s id="204">
Så får jag se vilken typ av polisman min dotter umgås med.
    <time id="T118E" value="00:21:26,285" />
  </s>
  <s id="205">
    <time id="T119S" value="00:21:26,447" />
Vi försöker få reda på vad som hände under showen i går.
    <time id="T119E" value="00:21:29,200" />
  </s>
  <s id="206">
    <time id="T120S" value="00:21:29,367" />
Vi vill ställa några frågor till Mr Ma. 
  </s>
  <s id="207">
Bor han i närheten?
    <time id="T120E" value="00:21:33,485" />
  </s>
  <s id="208">
    <time id="T121S" value="00:21:33,647" />
l Shanghai är Ma en nolla.
  </s>
  <s id="209">
Men här är han en viktig man.
    <time id="T121E" value="00:21:41,918" />
  </s>
  <s id="210">
    <time id="T122S" value="00:21:42,087" />
-Kan han inte ens bli förhörd?
  </s>
  <s id="211">
-Vi kallar det för jobbträning.
    <time id="T122E" value="00:21:49,880" />
  </s>
  <s id="212">
    <time id="T123S" value="00:22:09,767" />
Jag har inga svar än.
    <time id="T123E" value="00:22:13,476" />
  </s>
  <s id="213">
    <time id="T124S" value="00:22:14,687" />
Någon blev mördad vid mitt bord.
  </s>
  <s id="214">
Och du har inga svar.
    <time id="T124E" value="00:22:21,559" />
  </s>
  <s id="215">
    <time id="T125S" value="00:22:24,767" />
Lyssna noggrant. 
  </s>
  <s id="216">
Hitta mördaren.
  </s>
  <s id="217">
Nu. 
  </s>
  <s id="218">
Idag!
    <time id="T125E" value="00:22:32,082" />
  </s>
  <s id="219">
    <time id="T126S" value="00:22:32,247" />
-Ja, sir.
  </s>
  <s id="220">
-Bra.
    <time id="T126E" value="00:22:35,956" />
  </s>
  <s id="221">
    <time id="T127S" value="00:22:40,287" />
Stanna. 
  </s>
  <s id="222">
Vår polischef har kanske några svar.
    <time id="T127E" value="00:22:44,724" />
  </s>
  <s id="223">
    <time id="T128S" value="00:22:47,847" />
Mr Ma. 
  </s>
  <s id="224">
Tack för att ni kunde ta emot oss med så kort varsel.
    <time id="T128E" value="00:22:53,080" />
  </s>
  <s id="225">
    <time id="T129S" value="00:22:53,247" />
Vad gäller det, mr Lin?
    <time id="T129E" value="00:22:55,477" />
  </s>
  <s id="226">
    <time id="T130S" value="00:22:55,647" />
Den här unge mannen, Alex, är förlovad med min dotter.
    <time id="T130E" value="00:23:01,916" />
  </s>
  <s id="227">
    <time id="T131S" value="00:23:04,327" />
Och detta är hans vän Darren.
  </s>
  <s id="228">
De är polismän från Shanghai.
    <time id="T131E" value="00:23:08,923" />
  </s>
  <s id="229">
    <time id="T132S" value="00:23:09,087" />
-De skulle vilja få prata med er.
  </s>
  <s id="230">
-Jag söker svar, inte frågor.
    <time id="T132E" value="00:23:17,165" />
  </s>
  <s id="231">
    <time id="T133S" value="00:23:24,207" />
Vad vill ni, ynglingar?
    <time id="T133E" value="00:23:27,438" />
  </s>
  <s id="232">
    <time id="T134S" value="00:23:27,607" />
Under modeshowen mördades en man vid ert bord.
    <time id="T134E" value="00:23:32,283" />
  </s>
  <s id="233">
    <time id="T135S" value="00:23:32,447" />
Vi vet.
    <time id="T135E" value="00:23:34,278" />
  </s>
  <s id="234">
    <time id="T136S" value="00:23:34,447" />
-Har ni någon information om...
  </s>
  <s id="235">
-Nej!
    <time id="T136E" value="00:23:37,962" />
  </s>
  <s id="236">
    <time id="T137S" value="00:23:45,367" />
Gå nu.
    <time id="T137E" value="00:23:47,927" />
  </s>
  <s id="237">
    <time id="T138S" value="00:24:01,527" />
Vem var kvinnan?
    <time id="T138E" value="00:24:03,518" />
  </s>
  <s id="238">
    <time id="T139S" value="00:24:06,487" />
Mr Lin, jag har inte mer tålamod med dem.
    <time id="T139E" value="00:24:11,686" />
  </s>
  <s id="239">
    <time id="T140S" value="00:24:16,007" />
Ni är unga för att vara poliser.
  </s>
  <s id="240">
Era skuldror är för små.
    <time id="T140E" value="00:24:22,003" />
  </s>
  <s id="241">
    <time id="T141S" value="00:24:25,207" />
Gå i frid.
    <time id="T141E" value="00:24:27,357" />
  </s>
  <s id="242">
    <time id="T142S" value="00:24:45,407" />
-Ni har just fått er första lektion.
  </s>
  <s id="243">
-Ja, en snut ska likna Swarzenegger.
    <time id="T142E" value="00:24:50,401" />
  </s>
  <s id="244">
    <time id="T143S" value="00:24:50,567" />
-Vi åkte hit förgäves.
  </s>
  <s id="245">
-Jag kan kanske hjälpa er.
    <time id="T143E" value="00:24:54,321" />
  </s>
  <s id="246">
    <time id="T144S" value="00:24:54,487" />
-Vi gör vad som helst.
  </s>
  <s id="247">
-En av mina pålitliga källor säger att något är på gång i hamnen i dag. 
  </s>
  <s id="248">
Jag kör er dit.
    <time id="T145E" value="00:25:06,959" />
  </s>
  <s id="249">
    <time id="T146S" value="00:25:07,127" />
Kom ihåg två saker:
    <time id="T146E" value="00:25:08,924" />
  </s>
  <s id="250">
    <time id="T147S" value="00:25:09,087" />
Du håller ögonen öppna.
  </s>
  <s id="251">
- Och du håller munnen stängd!
    <time id="T147E" value="00:25:14,605" />
  </s>
  <s id="252">
    <time id="T148S" value="00:25:19,447" />
Jag har något speciellt åt dig.
  </s>
  <s id="253">
En Lambo.
    <time id="T148E" value="00:25:23,122" />
  </s>
  <s id="254">
    <time id="T149S" value="00:25:23,287" />
-En vad?
  </s>
  <s id="255">
-En Lamborghini. 
  </s>
  <s id="256">
Italiensk. 
  </s>
  <s id="257">
Hajar du?
    <time id="T149E" value="00:25:28,441" />
  </s>
  <s id="258">
    <time id="T150S" value="00:25:28,607" />
Det är det enda de kan:
  </s>
  <s id="259">
Göra Lambos och spaghetti.
    <time id="T150E" value="00:25:32,646" />
  </s>
  <s id="260">
    <time id="T151S" value="00:25:32,807" />
Alla de andra är operasångare och gangsters.
    <time id="T151E" value="00:25:36,083" />
  </s>
  <s id="261">
    <time id="T152S" value="00:25:36,247" />
Tack, kompanjon. 
  </s>
  <s id="262">
Jag åker kanske dit i morgon och kör hem den själv.
    <time id="T152E" value="00:25:41,196" />
  </s>
  <s id="263">
    <time id="T153S" value="00:25:41,367" />
-Det kan vara fullt av snutar där.
  </s>
  <s id="264">
-Jag varnar själv polisen.
    <time id="T153E" value="00:25:47,442" />
  </s>
  <s id="265">
    <time id="T154S" value="00:25:52,367" />
Jag fick in dig genom att säga att du var en diplomat från Zimbabwe.
    <time id="T154E" value="00:25:57,805" />
  </s>
  <s id="266">
    <time id="T155S" value="00:25:57,967" />
-Låter jag som en från Zimbabwe?
  </s>
  <s id="267">
-Ingen fattar vad du säger ändå.
    <time id="T155E" value="00:26:04,361" />
  </s>
  <s id="268">
    <time id="T156S" value="00:26:06,407" />
Välkommen, sir.
    <time id="T156E" value="00:26:08,637" />
  </s>
  <s id="269">
    <time id="T157S" value="00:26:09,687" />
Stunden närmar sig.
    <time id="T157E" value="00:26:11,518" />
  </s>
  <s id="270">
    <time id="T158S" value="00:26:11,687" />
Kaptenen väntar på att jag ska ringa.
  </s>
  <s id="271">
Sen rullar han knarket genom röret.
    <time id="T158E" value="00:26:17,956" />
  </s>
  <s id="272">
    <time id="T159S" value="00:26:18,127" />
-Var ska vi plocka upp grejerna?
  </s>
  <s id="273">
-Paketen styrs mot en pumpstation.
    <time id="T159E" value="00:26:26,045" />
  </s>
  <s id="274">
    <time id="T160S" value="00:26:26,207" />
-Säkert, snyggt och diskret.
  </s>
  <s id="275">
-Hur fort?
    <time id="T160E" value="00:26:30,564" />
  </s>
  <s id="276">
    <time id="T161S" value="00:26:30,727" />
-Från båt till hamn: 4½½½ minut.
  </s>
  <s id="277">
-Det är supersoniskt, gosse.
    <time id="T161E" value="00:26:35,881" />
  </s>
  <s id="278">
    <time id="T162S" value="00:26:36,047" />
Det är ett perfekt system.
    <time id="T162E" value="00:26:39,005" />
  </s>
  <s id="279">
    <time id="T163S" value="00:26:39,167" />
Kan du fatta att den här svarte killen aldrig gick i gymnasiet?
    <time id="T163E" value="00:26:41,806" />
  </s>
  <s id="280">
    <time id="T164S" value="00:26:41,967" />
En kille från South Central som blir multinationell.
    <time id="T164E" value="00:26:46,961" />
  </s>
  <s id="281">
    <time id="T165S" value="00:26:47,127" />
Kanske skulle jag sälja idén till spanjackerna och spaggarna.
    <time id="T165E" value="00:26:53,919" />
  </s>
  <s id="282">
    <time id="T166S" value="00:26:54,087" />
Trodde att svarta bara kunde sjunga och spela basket, men du är smart.
    <time id="T166E" value="00:27:00,242" />
  </s>
  <s id="283">
    <time id="T167S" value="00:27:00,407" />
För att vara en av dem.
    <time id="T167E" value="00:27:03,160" />
  </s>
  <s id="284">
    <time id="T168S" value="00:27:06,967" />
Visste jag skulle älska Kina. 
  </s>
  <s id="285">
Jag äter hämtmat två gånger i veckan.
    <time id="T168E" value="00:27:12,963" />
  </s>
  <s id="286">
    <time id="T169S" value="00:27:13,127" />
Vårrullar, Chow Mein, Chop Suey, lyckokakor...
    <time id="T169E" value="00:27:18,326" />
  </s>
  <s id="287">
    <time id="T170S" value="00:27:18,487" />
Det här landet är som en enda skitstor buffé.
    <time id="T170E" value="00:27:21,365" />
  </s>
  <s id="288">
    <time id="T171S" value="00:27:21,527" />
Ja, det kommer att bli mycket lönsamt.
    <time id="T171E" value="00:27:24,041" />
  </s>
  <s id="289">
    <time id="T172S" value="00:27:24,207" />
Vi har kommit långt - från att sälja fitta till att sälja pulverpåsar.
    <time id="T172E" value="00:27:30,521" />
  </s>
  <s id="290">
    <time id="T173S" value="00:27:30,687" />
Detta är vår tid.
    <time id="T173E" value="00:27:32,837" />
  </s>
  <s id="291">
    <time id="T174S" value="00:27:33,007" />
Tony, du minns väl den här mannen?
  </s>
  <s id="292">
Min vän från modeshowen.
    <time id="T174E" value="00:27:39,924" />
  </s>
  <s id="293">
    <time id="T175S" value="00:27:40,087" />
-Det gjorde du bra.
  </s>
  <s id="294">
-Duktig och okänd, som du sa.
    <time id="T175E" value="00:27:44,717" />
  </s>
  <s id="295">
    <time id="T176S" value="00:27:44,887" />
Min närmaste man Lee är min personlige livvakt hemma i L.A.
    <time id="T176E" value="00:27:49,165" />
  </s>
  <s id="296">
    <time id="T177S" value="00:27:49,327" />
-Jag borde gå.
  </s>
  <s id="297">
-Gå då, tönt. 
  </s>
  <s id="298">
Vad hindrar dig?
    <time id="T177E" value="00:27:54,117" />
  </s>
  <s id="299">
    <time id="T178S" value="00:27:54,287" />
-Mina stålar.
  </s>
  <s id="300">
-Vill du ha stålar? 
  </s>
  <s id="301">
Gå till banken.
    <time id="T178E" value="00:28:01,762" />
  </s>
  <s id="302">
    <time id="T179S" value="00:28:09,807" />
-Var det nödvändigt?
  </s>
  <s id="303">
-Snubben ville se Kina.
    <time id="T179E" value="00:28:15,245" />
  </s>
  <s id="304">
    <time id="T180S" value="00:28:15,407" />
Han fick se det och nu skickar jag hem honom sjövägen.
    <time id="T180E" value="00:28:19,286" />
  </s>
  <s id="305">
    <time id="T181S" value="00:28:30,127" />
Det har inte hänt något - än.
    <time id="T181E" value="00:28:32,357" />
  </s>
  <s id="306">
    <time id="T182S" value="00:29:12,167" />
Gruppen har anlänt.
  </s>
  <s id="307">
De börjar flytta på vagnarna. 
  </s>
  <s id="308">
Ta dem.
    <time id="T182E" value="00:29:17,685" />
  </s>
  <s id="309">
    <time id="T183S" value="00:29:17,847" />
Spärra alla utgångarna.
  </s>
  <s id="310">
Ingen kommer in eller ut.
    <time id="T183E" value="00:29:22,045" />
  </s>
  <s id="311">
    <time id="T184S" value="00:29:22,207" />
Kör.
    <time id="T184E" value="00:29:24,721" />
  </s>
  <s id="312">
    <time id="T185S" value="00:29:36,567" />
Fort! 
  </s>
  <s id="313">
Kör! 
  </s>
  <s id="314">
Kör!
    <time id="T185E" value="00:29:40,321" />
  </s>
  <s id="315">
    <time id="T186S" value="00:30:16,167" />
Är du oskadd?
    <time id="T186E" value="00:30:19,637" />
  </s>
  <s id="316">
    <time id="T187S" value="00:30:24,127" />
Polis! 
  </s>
  <s id="317">
Jag behöver bilen.
    <time id="T187E" value="00:30:26,118" />
  </s>
  <s id="318">
    <time id="T188S" value="00:30:26,287" />
-Bilen?
  </s>
  <s id="319">
-Han vill ha bilen. 
  </s>
  <s id="320">
Han tar bilen.
    <time id="T188E" value="00:30:29,359" />
  </s>
  <s id="321">
    <time id="T189S" value="00:30:29,527" />
Var försiktig, den är mycket dyr.
    <time id="T189E" value="00:30:31,882" />
  </s>
  <s id="322">
    <time id="T190S" value="00:31:36,647" />
Blockera honom.
  </s>
  <s id="323">
Skuffa honom av vägen!
    <time id="T190E" value="00:31:39,798" />
  </s>
  <s id="324">
    <time id="T191S" value="00:31:44,167" />
Där är han!
  </s>
  <s id="325">
Skuffa honom av vägen.
    <time id="T191E" value="00:31:48,206" />
  </s>
  <s id="326">
    <time id="T192S" value="00:32:02,767" />
Där är han. 
  </s>
  <s id="327">
Fort!
    <time id="T192E" value="00:32:05,440" />
  </s>
  <s id="328">
    <time id="T193S" value="00:32:22,287" />
Var fan blev han av?
  </s>
  <s id="329">
Han måste vara här nånstans.
    <time id="T193E" value="00:32:27,315" />
  </s>
  <s id="330">
    <time id="T194S" value="00:33:19,767" />
Lär dig köra, idiot!
    <time id="T194E" value="00:33:22,998" />
  </s>
  <s id="331">
    <time id="T195S" value="00:33:25,447" />
Det är mycket bra, Bra,
    <time id="T195E" value="00:33:28,280" />
  </s>
  <s id="332">
    <time id="T196S" value="00:33:28,447" />
Tack, Det går bra, Som ni vill, Ja, ja,
    <time id="T196E" value="00:33:35,285" />
  </s>
  <s id="333">
    <time id="T197S" value="00:33:36,367" />
Väldigt bra, Fantastiskt, Adjö,
    <time id="T197E" value="00:33:42,203" />
  </s>
  <s id="334">
    <time id="T198S" value="00:33:51,927" />
-Hur vågar du trotsa mina order?
  </s>
  <s id="335">
-Det kommer aldrig att hända igen.
    <time id="T198E" value="00:33:57,797" />
  </s>
  <s id="336">
    <time id="T199S" value="00:33:57,967" />
-Du går bakom min rygg.
  </s>
  <s id="337">
-Förlåt. 
  </s>
  <s id="338">
Borde ha kommit till dig.
    <time id="T199E" value="00:34:03,803" />
  </s>
  <s id="339">
    <time id="T200S" value="00:34:03,967" />
Tyst! 
  </s>
  <s id="340">
Flickan är försvunnen.
    <time id="T200E" value="00:34:08,882" />
  </s>
  <s id="341">
    <time id="T201S" value="00:34:09,047" />
Du kostar mig stora affärer med japanerna.
    <time id="T201E" value="00:34:12,483" />
  </s>
  <s id="342">
    <time id="T202S" value="00:34:12,647" />
Det blir allvarliga konsekvenser.
  </s>
  <s id="343">
Förstår du?
    <time id="T202E" value="00:34:18,244" />
  </s>
  <s id="344">
    <time id="T203S" value="00:34:31,047" />
Du är den siste mannen i familjen, så jag ursäktar dig den här gången.
    <time id="T203E" value="00:34:38,681" />
  </s>
  <s id="345">
    <time id="T204S" value="00:34:44,687" />
Tony...
    <time id="T204E" value="00:34:46,484" />
  </s>
  <s id="346">
    <time id="T205S" value="00:34:46,647" />
I vår bransch måste man vara lojal ända till slutet.
    <time id="T205E" value="00:34:53,359" />
  </s>
  <s id="347">
    <time id="T206S" value="00:34:53,527" />
Annars måste man dö.
    <time id="T206E" value="00:34:57,202" />
  </s>
  <s id="348">
    <time id="T207S" value="00:35:15,407" />
Detta kunde jag vänja mig vid.
    <time id="T207E" value="00:35:19,002" />
  </s>
  <s id="349">
    <time id="T208S" value="00:35:19,167" />
När jag kommer hem till South Central ska jag bygga en sån här.
    <time id="T208E" value="00:35:24,366" />
  </s>
  <s id="350">
    <time id="T209S" value="00:35:26,807" />
Vet du vad detta är?
  </s>
  <s id="351">
Pomerol -89. 
  </s>
  <s id="352">
Bara det bästa, baby.
    <time id="T209E" value="00:35:32,359" />
  </s>
  <s id="353">
    <time id="T210S" value="00:35:32,527" />
-Otroligt att de hade den.
  </s>
  <s id="354">
-Hade? 
  </s>
  <s id="355">
Jag hade den med mig.
    <time id="T210E" value="00:35:37,840" />
  </s>
  <s id="356">
    <time id="T211S" value="00:35:38,007" />
Så slipper jag slurpa i mig den där sake-dyngan ni dricker.
    <time id="T211E" value="00:35:41,522" />
  </s>
  <s id="357">
    <time id="T212S" value="00:35:41,687" />
-Sake är japanskt.
  </s>
  <s id="358">
-Jag skiter i geografi.
    <time id="T212E" value="00:35:46,715" />
  </s>
  <s id="359">
    <time id="T213S" value="00:35:46,887" />
När de kan vad fransoserna kan, säg till. 
  </s>
  <s id="360">
De bögarna duger bara till det.
    <time id="T213E" value="00:35:52,996" />
  </s>
  <s id="361">
    <time id="T214S" value="00:35:59,207" />
Så ligger det till, kompis.
    <time id="T214E" value="00:36:04,327" />
  </s>
  <s id="362">
    <time id="T215S" value="00:36:06,167" />
-Vad fan gör du?
  </s>
  <s id="363">
-Jag dricker alltid mitt vin så här.
    <time id="T215E" value="00:36:11,116" />
  </s>
  <s id="364">
    <time id="T216S" value="00:36:11,287" />
-Det vinet kostar 1500 flaskan.
  </s>
  <s id="365">
-Jag skickar en låda till dig.
    <time id="T216E" value="00:36:17,442" />
  </s>
  <s id="366">
    <time id="T217S" value="00:36:19,247" />
Det är därför jag gillar dig.
  </s>
  <s id="367">
Du är ett vilddjur, inte sant?
    <time id="T217E" value="00:36:24,196" />
  </s>
  <s id="368">
    <time id="T218S" value="00:36:28,247" />
-Tack.
  </s>
  <s id="369">
-Tack.
    <time id="T218E" value="00:36:30,761" />
  </s>
  <s id="370">
    <time id="T219S" value="00:36:31,807" />
-När ska du göra det?
  </s>
  <s id="371">
-Göra vad?
    <time id="T219E" value="00:36:34,844" />
  </s>
  <s id="372">
    <time id="T220S" value="00:36:35,007" />
När ska du gifta dig?
    <time id="T220E" value="00:36:37,840" />
  </s>
  <s id="373">
    <time id="T221S" value="00:36:41,447" />
Jag tänker fria till henne i kväll.
  </s>
  <s id="374">
Kolla här.
    <time id="T221E" value="00:36:44,962" />
  </s>
  <s id="375">
    <time id="T222S" value="00:36:49,527" />
Ingår det ett förstoringsglas?
    <time id="T222E" value="00:36:52,837" />
  </s>
  <s id="376">
    <time id="T223S" value="00:36:54,207" />
Jag är glad för din skull.
  </s>
  <s id="377">
Lycka till.
    <time id="T223E" value="00:36:56,846" />
  </s>
  <s id="378">
    <time id="T224S" value="00:36:57,007" />
Tack, D.
    <time id="T224E" value="00:36:59,316" />
  </s>
  <s id="379">
    <time id="T225S" value="00:36:59,487" />
När man växer upp på fosterhem, drömmer man om en egen familj.
    <time id="T225E" value="00:37:05,084" />
  </s>
  <s id="380">
    <time id="T226S" value="00:37:05,247" />
-Ett lyckligt hem med många ungar.
  </s>
  <s id="381">
-Många?
    <time id="T226E" value="00:37:11,004" />
  </s>
  <s id="382">
    <time id="T227S" value="00:37:12,687" />
-Ja.
  </s>
  <s id="383">
-Bäst att du kommer i form i så fall.
    <time id="T227E" value="00:37:16,316" />
  </s>
  <s id="384">
    <time id="T228S" value="00:37:16,487" />
Såvida du inte vill att jag ska hjälpa till.
    <time id="T228E" value="00:37:20,036" />
  </s>
  <s id="385">
    <time id="T229S" value="00:37:22,727" />
-Fick du tömt containrarna?
  </s>
  <s id="386">
-Det vanliga: 
  </s>
  <s id="387">
Videor, spel, datorer.
    <time id="T229E" value="00:37:29,519" />
  </s>
  <s id="388">
    <time id="T230S" value="00:37:29,687" />
Vi hittade några gamla Fordbilar.
  </s>
  <s id="389">
Riktiga rishögar.
    <time id="T230E" value="00:37:32,963" />
  </s>
  <s id="390">
    <time id="T231S" value="00:37:33,127" />
Fordbilar? 
  </s>
  <s id="391">
Varför skulle någon orka skeppa rishögar?
    <time id="T231E" value="00:37:36,244" />
  </s>
  <s id="392">
    <time id="T232S" value="00:37:36,407" />
Du är på väg att göra den största vinsten sen Djingis khan.
    <time id="T232E" value="00:37:41,527" />
  </s>
  <s id="393">
    <time id="T233S" value="00:37:41,687" />
Det är dags att fira, inte att käka lyckopiller.
    <time id="T233E" value="00:37:45,362" />
  </s>
  <s id="394">
    <time id="T234S" value="00:37:45,527" />
-Jag slappnar av när varorna är här.
  </s>
  <s id="395">
-Lugn, bara lugn.
    <time id="T234E" value="00:37:48,837" />
  </s>
  <s id="396">
    <time id="T235S" value="00:37:49,007" />
Om några få timmar anländer vår båt som en annan Queen Mary.
    <time id="T235E" value="00:37:53,683" />
  </s>
  <s id="397">
    <time id="T236S" value="00:37:53,847" />
-Och om det inte går så?
  </s>
  <s id="398">
-Tony... 
  </s>
  <s id="399">
Lyssna, så här är det:
    <time id="T236E" value="00:38:01,242" />
  </s>
  <s id="400">
    <time id="T237S" value="00:38:01,407" />
Det finns alltid nån färsk snutjävel som tror att han har vädrat nåt.
    <time id="T237E" value="00:38:06,242" />
  </s>
  <s id="401">
    <time id="T238S" value="00:38:06,407" />
Och hans korkade hjärna grubblar över det.
    <time id="T238E" value="00:38:10,878" />
  </s>
  <s id="402">
    <time id="T239S" value="00:38:11,047" />
Och de säger alltid samma sak:
  </s>
  <s id="403">
"Jag har kommit på det."
    <time id="T239E" value="00:38:17,077" />
  </s>
  <s id="404">
    <time id="T240S" value="00:38:17,247" />
-Jag har kommit på det.
  </s>
  <s id="405">
-Vadå? 
  </s>
  <s id="406">
Notan?
    <time id="T240E" value="00:38:20,603" />
  </s>
  <s id="407">
    <time id="T241S" value="00:38:20,767" />
Just det. 
  </s>
  <s id="408">
Det är inte Fordbilarna.
  </s>
  <s id="409">
Det är vad som finns i dem.
    <time id="T241E" value="00:38:27,161" />
  </s>
  <s id="410">
    <time id="T242S" value="00:38:27,327" />
Din hjärna arbetar övertid.
  </s>
  <s id="411">
Du håller på att bli utbränd.
    <time id="T242E" value="00:38:31,400" />
  </s>
  <s id="412">
    <time id="T243S" value="00:38:31,567" />
-Okej, låt oss kolla upp det.
  </s>
  <s id="413">
-Jag har andra planer i kväll.
    <time id="T243E" value="00:38:37,278" />
  </s>
  <s id="414">
    <time id="T244S" value="00:38:37,447" />
-Förlåt, jag glömde det.
  </s>
  <s id="415">
-Det får vänta till i morgon. 
  </s>
  <s id="416">
Okej?
    <time id="T244E" value="00:38:43,044" />
  </s>
  <s id="417">
    <time id="T245S" value="00:39:13,967" />
Ja!
    <time id="T245E" value="00:39:15,286" />
  </s>
  <s id="418">
    <time id="T246S" value="00:39:42,287" />
Jag svarar inte.
    <time id="T246E" value="00:39:45,085" />
  </s>
  <s id="419">
    <time id="T247S" value="00:39:52,007" />
Hallå?
  </s>
  <s id="420">
- Det är Einstein.
    <time id="T247E" value="00:39:55,920" />
  </s>
  <s id="421">
    <time id="T248S" value="00:39:57,527" />
Hej.
    <time id="T248E" value="00:39:59,677" />
  </s>
  <s id="422">
    <time id="T249S" value="00:40:01,207" />
Okej, jag kommer om en timme.
    <time id="T249E" value="00:40:04,005" />
  </s>
  <s id="423">
    <time id="T250S" value="00:40:05,807" />
Okej då, om en halvtimme.
    <time id="T250E" value="00:40:08,196" />
  </s>
  <s id="424">
    <time id="T251S" value="00:40:19,927" />
100 kilo. 
  </s>
  <s id="425">
Vad är det värt på gatan?
  </s>
  <s id="426">
En halv miljon?
    <time id="T251E" value="00:40:25,047" />
  </s>
  <s id="427">
    <time id="T252S" value="00:40:25,207" />
Kanske mer.
    <time id="T252E" value="00:40:27,675" />
  </s>
  <s id="428">
    <time id="T253S" value="00:40:29,927" />
Äran är din, storfräsaren.
  </s>
  <s id="429">
Snyggt jobb.
    <time id="T253E" value="00:40:33,761" />
  </s>
  <s id="430">
    <time id="T254S" value="00:40:33,927" />
-Men förvirrande. 
  </s>
  <s id="431">
Mycket förvirrande.
  </s>
  <s id="432">
-Varför?
    <time id="T254E" value="00:40:40,844" />
  </s>
  <s id="433">
    <time id="T255S" value="00:40:42,527" />
Under alla mina 30 år har det aldrig smugglats knark till Lung Chen.
    <time id="T255E" value="00:40:47,601" />
  </s>
  <s id="434">
    <time id="T256S" value="00:40:47,767" />
-Aldrig upptäckts, menar du?
  </s>
  <s id="435">
-Nej. 
  </s>
  <s id="436">
Ma har aldrig tillåtit det.
    <time id="T256E" value="00:40:53,125" />
  </s>
  <s id="437">
    <time id="T257S" value="00:40:53,287" />
Laus vän Coolio förstår kanske inte kineserna.
    <time id="T257E" value="00:40:58,122" />
  </s>
  <s id="438">
    <time id="T258S" value="00:40:58,287" />
Nej, Lau kommer att stoppa honom innan Ma gör det.
    <time id="T258E" value="00:41:03,919" />
  </s>
  <s id="439">
    <time id="T259S" value="00:41:04,087" />
Det finns bara två möjligheter.
    <time id="T259E" value="00:41:08,558" />
  </s>
  <s id="440">
    <time id="T260S" value="00:41:08,727" />
Kom drogerna in utan Mas tillåtelse, har han förlorat kontrollen.
    <time id="T260E" value="00:41:14,006" />
  </s>
  <s id="441">
    <time id="T261S" value="00:41:14,167" />
Men om han tillät det, kan du krossa hans verksamhet, inte sant?
    <time id="T261E" value="00:41:19,525" />
  </s>
  <s id="442">
    <time id="T262S" value="00:41:22,487" />
Den här killen är ett geni.
    <time id="T262E" value="00:41:26,002" />
  </s>
  <s id="443">
    <time id="T263S" value="00:41:26,167" />
-Vi kan inte bevisa något än.
  </s>
  <s id="444">
-Ska vi spela mahjong och vänta då?
    <time id="T263E" value="00:41:30,206" />
  </s>
  <s id="445">
    <time id="T264S" value="00:41:30,367" />
Det kommer inte att ta lång tid.
    <time id="T264E" value="00:41:33,962" />
  </s>
  <s id="446">
    <time id="T265S" value="00:41:37,567" />
Detta kunde jag vänja mig vid.
    <time id="T265E" value="00:41:40,957" />
  </s>
  <s id="447">
    <time id="T266S" value="00:41:42,927" />
Men jag måste erkänna att kineser är listiga och bedrägliga typer.
    <time id="T266E" value="00:41:49,241" />
  </s>
  <s id="448">
    <time id="T267S" value="00:41:49,407" />
Men du är den bäste, gosse.
  </s>
  <s id="449">
Även om du är en av dem.
    <time id="T267E" value="00:41:54,527" />
  </s>
  <s id="450">
    <time id="T268S" value="00:42:04,847" />
Ingen rör mig.
  </s>
  <s id="451">
Såvida jag inte vill röras.
    <time id="T268E" value="00:42:12,242" />
  </s>
  <s id="452">
    <time id="T269S" value="00:42:20,847" />
Chans lista över alla på Mas lönelista.
    <time id="T269E" value="00:42:25,557" />
  </s>
  <s id="453">
    <time id="T270S" value="00:42:25,727" />
-Hur fick du tag på den?
  </s>
  <s id="454">
-Chans rum, efter att han dödades.
    <time id="T270E" value="00:42:30,403" />
  </s>
  <s id="455">
    <time id="T271S" value="00:42:33,047" />
-Och ingen såg dig?
  </s>
  <s id="456">
-Skulle jag vara här nu i så fall?
    <time id="T271E" value="00:42:39,156" />
  </s>
  <s id="457">
    <time id="T272S" value="00:42:39,327" />
Bra fråga. 
  </s>
  <s id="458">
Varför är du här nu?
    <time id="T272E" value="00:42:43,286" />
  </s>
  <s id="459">
    <time id="T273S" value="00:42:43,447" />
Jag representerar några investerare.
  </s>
  <s id="460">
som är intresserade av att hjälpa er.
    <time id="T273E" value="00:42:49,682" />
  </s>
  <s id="461">
    <time id="T274S" value="00:42:49,847" />
Möjligen.
    <time id="T274E" value="00:42:52,441" />
  </s>
  <s id="462">
    <time id="T275S" value="00:42:55,127" />
Detta är inte nån aktiebörs.
  </s>
  <s id="463">
Vi handlar inte med framtiden här.
    <time id="T275E" value="00:43:01,362" />
  </s>
  <s id="464">
    <time id="T276S" value="00:43:01,527" />
Vill du knulla bruden, så gör det på din fritid.
    <time id="T276E" value="00:43:04,678" />
  </s>
  <s id="465">
    <time id="T277S" value="00:43:04,847" />
Du är rapp i käften och snygg, men du kunde lika gärna vara Mao.
    <time id="T277E" value="00:43:11,286" />
  </s>
  <s id="466">
    <time id="T278S" value="00:43:14,047" />
Ma har kollat upp henne.
  </s>
  <s id="467">
Hon är okej.
    <time id="T278E" value="00:43:17,323" />
  </s>
  <s id="468">
    <time id="T279S" value="00:43:20,407" />
Jaså? 
  </s>
  <s id="469">
Bäst att du taggar ner.
  </s>
  <s id="470">
Sånt där gör mig nervös.
    <time id="T279E" value="00:43:28,485" />
  </s>
  <s id="471">
    <time id="T280S" value="00:43:28,647" />
Och du vill inte att jag blir nervös.
    <time id="T280E" value="00:43:31,559" />
  </s>
  <s id="472">
    <time id="T281S" value="00:43:31,727" />
-Jag går i god för henne.
  </s>
  <s id="473">
-Försök inte köra med mig.
    <time id="T281E" value="00:43:38,246" />
  </s>
  <s id="474">
    <time id="T282S" value="00:43:40,167" />
Bara för att den bruden ger dig stånd behöver du inte lita på henne.
    <time id="T282E" value="00:43:43,955" />
  </s>
  <s id="475">
    <time id="T283S" value="00:43:44,127" />
Hur vet du att hon inte är snut?
  </s>
  <s id="476">
Hon kan ha mikrofon på sig.
    <time id="T283E" value="00:43:49,759" />
  </s>
  <s id="477">
    <time id="T284S" value="00:43:51,487" />
Du lyssnade inte.
    <time id="T284E" value="00:43:55,321" />
  </s>
  <s id="478">
    <time id="T285S" value="00:43:57,847" />
Jag säger det en gång.
    <time id="T285E" value="00:44:01,840" />
  </s>
  <s id="479">
    <time id="T286S" value="00:44:02,007" />
Jag går i god för henne.
    <time id="T286E" value="00:44:05,716" />
  </s>
  <s id="480">
    <time id="T287S" value="00:44:08,647" />
Har ni kul, grabbar?
  </s>
  <s id="481">
Låt oss göra det på det lätta sättet.
    <time id="T287E" value="00:44:14,756" />
  </s>
  <s id="482">
    <time id="T288S" value="00:44:47,047" />
Kan ni se några sladdar?
    <time id="T288E" value="00:44:50,198" />
  </s>
  <s id="483">
    <time id="T289S" value="00:44:55,727" />
Det är nog bäst att du sätter dig ner.
    <time id="T289E" value="00:44:59,083" />
  </s>
  <s id="484">
    <time id="T290S" value="00:45:16,367" />
-Detta är mitt mobilnummer.
  </s>
  <s id="485">
-Din adress då?
    <time id="T290E" value="00:45:20,804" />
  </s>
  <s id="486">
    <time id="T291S" value="00:45:20,967" />
Ring mig när som helst.
    <time id="T291E" value="00:45:24,198" />
  </s>
  <s id="487">
    <time id="T292S" value="00:45:35,287" />
Du vet varför du inte fick adressen, va? 
  </s>
  <s id="488">
Nån rik japan underhåller henne så hon tar bara första bästa godbit som dyker upp. 
  </s>
  <s id="489">
Som du, din åsna.
    <time id="T293E" value="00:45:46,476" />
  </s>
  <s id="490">
    <time id="T294S" value="00:46:00,167" />
Jag kunde vänja mig vid detta.
  </s>
  <s id="491">
Det är vackert, säger jag.
    <time id="T294E" value="00:46:04,558" />
  </s>
  <s id="492">
    <time id="T295S" value="00:46:04,727" />
Vi har inget sånt här i South Central.
    <time id="T295E" value="00:46:07,844" />
  </s>
  <s id="493">
    <time id="T296S" value="00:46:25,087" />
Ägnar du dig åt trädgårdsskötsel?
    <time id="T296E" value="00:46:28,363" />
  </s>
  <s id="494">
    <time id="T297S" value="00:46:29,767" />
Nej... 
  </s>
  <s id="495">
För mig är blommor som en vacker kvinna.
    <time id="T297E" value="00:46:34,602" />
  </s>
  <s id="496">
    <time id="T298S" value="00:46:34,767" />
De är vackra att se på, men de håller inte så länge.
    <time id="T298E" value="00:46:40,444" />
  </s>
  <s id="497">
    <time id="T299S" value="00:46:42,127" />
Det är ett hårt arbete.
  </s>
  <s id="498">
Som alla goda saker i livet.
    <time id="T299E" value="00:46:48,396" />
  </s>
  <s id="499">
    <time id="T300S" value="00:46:48,567" />
Det tog många år att bygga upp vår organisation.
    <time id="T300E" value="00:46:52,924" />
  </s>
  <s id="500">
    <time id="T301S" value="00:46:57,367" />
Ett dåligt frö kan förstöra allt.
    <time id="T301E" value="00:47:03,078" />
  </s>
  <s id="501">
    <time id="T302S" value="00:47:08,767" />
Hör på mig.
    <time id="T302E" value="00:47:11,645" />
  </s>
  <s id="502">
    <time id="T303S" value="00:47:12,967" />
Jag antar att Tony har förklarat min inställning för dig.
    <time id="T303E" value="00:47:17,722" />
  </s>
  <s id="503">
    <time id="T304S" value="00:47:17,887" />
-Ja...
  </s>
  <s id="504">
-Men du ignorerade det?
    <time id="T304E" value="00:47:22,802" />
  </s>
  <s id="505">
    <time id="T305S" value="00:47:22,967" />
Inte av respektlöshet. 
  </s>
  <s id="506">
Jag är bara en affärsman som vill tjäna pengar.
    <time id="T305E" value="00:47:28,360" />
  </s>
  <s id="507">
    <time id="T306S" value="00:47:30,807" />
Jag önskar dig stor framgång.
    <time id="T306E" value="00:47:34,766" />
  </s>
  <s id="508">
    <time id="T307S" value="00:47:37,287" />
Men inte i Kina.
    <time id="T307E" value="00:47:40,916" />
  </s>
  <s id="509">
    <time id="T308S" value="00:47:43,607" />
Ta ett plan. 
  </s>
  <s id="510">
Åk hem.
    <time id="T308E" value="00:47:46,326" />
  </s>
  <s id="511">
    <time id="T309S" value="00:47:57,927" />
Var det allt? 
  </s>
  <s id="512">
Avspisade han oss så där utan vidare?
    <time id="T309E" value="00:48:02,842" />
  </s>
  <s id="513">
    <time id="T310S" value="00:48:03,007" />
-Ha tålamod.
  </s>
  <s id="514">
-Ha tålamod?
    <time id="T310E" value="00:48:06,044" />
  </s>
  <s id="515">
    <time id="T311S" value="00:48:06,207" />
Du kan ta och tåla det.
  </s>
  <s id="516">
Jag tänker inte flytta till Kina.
    <time id="T311E" value="00:48:09,802" />
  </s>
  <s id="517">
    <time id="T312S" value="00:48:09,967" />
-Det tar lite tid bara.
  </s>
  <s id="518">
-Lite tid? 
  </s>
  <s id="519">
Kom igen, Tony.
    <time id="T312E" value="00:48:15,439" />
  </s>
  <s id="520">
    <time id="T313S" value="00:48:15,607" />
Gubben satt och lade manikyr på sitt lilla träd.
    <time id="T313E" value="00:48:19,122" />
  </s>
  <s id="521">
    <time id="T314S" value="00:48:19,287" />
Såna snubbar varken röker eller dricker. 
  </s>
  <s id="522">
Väntar du på hans död så glöm det. 
  </s>
  <s id="523">
Han lever säkert längre än vi två tillsammans.
    <time id="T315E" value="00:48:33,365" />
  </s>
  <s id="524">
    <time id="T316S" value="00:48:37,727" />
Vi kunde sätta fart på processen.
    <time id="T316E" value="00:48:41,242" />
  </s>
  <s id="525">
    <time id="T317S" value="00:49:23,687" />
Hallå?
    <time id="T317E" value="00:49:25,803" />
  </s>
  <s id="526">
    <time id="T318S" value="00:49:28,007" />
Hallå?
    <time id="T318E" value="00:49:30,157" />
  </s>
  <s id="527">
    <time id="T319S" value="00:50:01,687" />
Mr Ma..?
    <time id="T319E" value="00:50:04,076" />
  </s>
  <s id="528">
    <time id="T320S" value="00:50:21,767" />
Vad gjorde du i Mas hus?
    <time id="T320E" value="00:50:24,804" />
  </s>
  <s id="529">
    <time id="T321S" value="00:50:24,967" />
-Jag skulle träffa en vän.
  </s>
  <s id="530">
-Vem?
    <time id="T321E" value="00:50:28,960" />
  </s>
  <s id="531">
    <time id="T322S" value="00:50:30,687" />
Han dök aldrig upp, så det spelar ingen roll.
    <time id="T322E" value="00:50:34,123" />
  </s>
  <s id="532">
    <time id="T323S" value="00:50:34,287" />
Och du var så arg...
  </s>
  <s id="533">
att du dödade honom.
    <time id="T323E" value="00:50:39,281" />
  </s>
  <s id="534">
    <time id="T324S" value="00:50:40,647" />
Det var korkat sagt. 
  </s>
  <s id="535">
Till och med för att komma från dig.
    <time id="T324E" value="00:50:44,845" />
  </s>
  <s id="536">
    <time id="T325S" value="00:50:45,007" />
-Du hade hans blod på dina händer.
  </s>
  <s id="537">
-Jag vände på kroppen.
    <time id="T325E" value="00:50:50,843" />
  </s>
  <s id="538">
    <time id="T326S" value="00:50:51,007" />
Du kan bättre än så.
  </s>
  <s id="539">
Du har problem. 
  </s>
  <s id="540">
Stora problem.
    <time id="T326E" value="00:50:55,762" />
  </s>
  <s id="541">
    <time id="T327S" value="00:50:56,807" />
-Har vi inte alla det?
  </s>
  <s id="542">
-Du är för lugn.
    <time id="T327E" value="00:51:03,246" />
  </s>
  <s id="543">
    <time id="T328S" value="00:51:06,447" />
Varför?
    <time id="T328E" value="00:51:08,085" />
  </s>
  <s id="544">
    <time id="T329S" value="00:51:08,247" />
Bara att vara i din närhet ger mig en skön känsla. 
  </s>
  <s id="545">
Överallt.
    <time id="T329E" value="00:51:13,844" />
  </s>
  <s id="546">
    <time id="T330S" value="00:51:14,007" />
Det var det första ärliga du sagt i dag.
    <time id="T330E" value="00:51:17,841" />
  </s>
  <s id="547">
    <time id="T331S" value="00:51:18,007" />
Herre Gud, D. 
  </s>
  <s id="548">
- Du, knäpp blusen.
    <time id="T331E" value="00:51:23,525" />
  </s>
  <s id="549">
    <time id="T332S" value="00:51:25,167" />
-Skulle det hjälpa dig?
  </s>
  <s id="550">
-Ja. 
  </s>
  <s id="551">
Nej. 
  </s>
  <s id="552">
Det hjälper honom.
    <time id="T332E" value="00:51:31,276" />
  </s>
  <s id="553">
    <time id="T333S" value="00:51:37,447" />
Alex, jag har kommit på det.
  </s>
  <s id="554">
- Du är polis.
    <time id="T333E" value="00:51:44,285" />
  </s>
  <s id="555">
    <time id="T334S" value="00:51:44,447" />
Ge upp, D. Du kan träffa henne när hon kommer ut ur fängelset.
    <time id="T334E" value="00:51:49,077" />
  </s>
  <s id="556">
    <time id="T335S" value="00:51:49,247" />
Kolla hennes fingeravtryck med datorn. 
  </s>
  <s id="557">
Börja med Japan.
    <time id="T335E" value="00:51:54,799" />
  </s>
  <s id="558">
    <time id="T336S" value="00:51:56,007" />
Han har rätt.
  </s>
  <s id="559">
Jag tillhör japanska Interpol.
    <time id="T336E" value="00:51:59,841" />
  </s>
  <s id="560">
    <time id="T337S" value="00:52:07,247" />
Kalla mig Arnold.
    <time id="T337E" value="00:52:10,045" />
  </s>
  <s id="561">
    <time id="T338S" value="00:52:11,247" />
Vad gör japanska Interpol i Kina?
    <time id="T338E" value="00:52:13,397" />
  </s>
  <s id="562">
    <time id="T339S" value="00:52:13,567" />
En av våra agenter mördades i Kalifornien.
    <time id="T339E" value="00:52:17,480" />
  </s>
  <s id="563">
    <time id="T340S" value="00:52:17,647" />
-Av Coolio?
  </s>
  <s id="564">
-Just det.
    <time id="T340E" value="00:52:22,163" />
  </s>
  <s id="565">
    <time id="T341S" value="00:52:24,247" />
Vi får dig frigiven genom en advokat, så att det verkar äkta.
    <time id="T341E" value="00:52:29,082" />
  </s>
  <s id="566">
    <time id="T342S" value="00:52:30,767" />
Förstår du mig?
    <time id="T342E" value="00:52:32,883" />
  </s>
  <s id="567">
    <time id="T343S" value="00:52:35,327" />
Jag förstår dig...mycket bra.
    <time id="T343E" value="00:52:40,242" />
  </s>
  <s id="568">
    <time id="T344S" value="00:52:40,407" />
Droppa förspelet. 
  </s>
  <s id="569">
Jag blir verkligen stressad här nere.
    <time id="T344E" value="00:52:45,117" />
  </s>
  <s id="570">
    <time id="T345S" value="00:52:46,327" />
Va?
    <time id="T345E" value="00:52:47,965" />
  </s>
  <s id="571">
    <time id="T346S" value="00:52:53,807" />
Nej! 
  </s>
  <s id="572">
Nej, snälla!
    <time id="T346E" value="00:52:57,197" />
  </s>
  <s id="573">
    <time id="T347S" value="00:52:57,367" />
Jag svär vid min fars själ!
    <time id="T347E" value="00:53:00,677" />
  </s>
  <s id="574">
    <time id="T348S" value="00:53:00,847" />
Inget händer där utan att du vet det.
  </s>
  <s id="575">
Vems knark var det? 
  </s>
  <s id="576">
Mas?
    <time id="T348E" value="00:53:05,921" />
  </s>
  <s id="577">
    <time id="T349S" value="00:53:06,087" />
-Vems?
  </s>
  <s id="578">
-Jag vet inte.
    <time id="T349E" value="00:53:08,521" />
  </s>
  <s id="579">
    <time id="T350S" value="00:53:08,687" />
-Laus? 
  </s>
  <s id="580">
Hans polare Coolios?
  </s>
  <s id="581">
-Visste jag det, skulle jag säga det.
    <time id="T350E" value="00:53:14,045" />
  </s>
  <s id="582">
    <time id="T351S" value="00:53:15,767" />
Du skulle vara rädd.
    <time id="T351E" value="00:53:18,600" />
  </s>
  <s id="583">
    <time id="T352S" value="00:53:21,447" />
Eftersom du är rädd för dem, ska du vara rädd för mig. 
  </s>
  <s id="584">
Snacka! 
  </s>
  <s id="585">
Vem?
    <time id="T352E" value="00:53:28,683" />
  </s>
  <s id="586">
    <time id="T353S" value="00:53:37,927" />
Hej.
    <time id="T353E" value="00:53:39,280" />
  </s>
  <s id="587">
    <time id="T354S" value="00:53:48,167" />
-Aj, det gör ont!
  </s>
  <s id="588">
-Vänta. 
  </s>
  <s id="589">
Luta dig tillbaka.
    <time id="T354E" value="00:53:54,322" />
  </s>
  <s id="590">
    <time id="T355S" value="00:53:54,487" />
Ta det lugnt. 
  </s>
  <s id="591">
Slappna av.
  </s>
  <s id="592">
Jag ordnar det. 
  </s>
  <s id="593">
Okej?
    <time id="T355E" value="00:53:59,880" />
  </s>
  <s id="594">
    <time id="T356S" value="00:54:01,727" />
Är det här?
    <time id="T356E" value="00:54:03,558" />
  </s>
  <s id="595">
    <time id="T357S" value="00:54:12,487" />
-Blir det bättre?
  </s>
  <s id="596">
-Ja...
    <time id="T357E" value="00:54:16,480" />
  </s>
  <s id="597">
    <time id="T358S" value="00:54:19,087" />
Sluta inte.
    <time id="T358E" value="00:54:22,716" />
  </s>
  <s id="598">
    <time id="T359S" value="00:54:25,447" />
Längre upp.
    <time id="T359E" value="00:54:28,200" />
  </s>
  <s id="599">
    <time id="T360S" value="00:54:37,567" />
Sluta inte.
    <time id="T360E" value="00:54:40,479" />
  </s>
  <s id="600">
    <time id="T361S" value="00:54:43,047" />
Det börjar kännas så skönt - överallt.
    <time id="T361E" value="00:54:46,881" />
  </s>
  <s id="601">
    <time id="T362S" value="00:54:49,927" />
Jag har tänkt på dig sedan första gången jag såg dig.
    <time id="T362E" value="00:54:55,559" />
  </s>
  <s id="602">
    <time id="T363S" value="00:54:59,167" />
Är det sant?
    <time id="T363E" value="00:55:01,203" />
  </s>
  <s id="603">
    <time id="T364S" value="00:55:03,967" />
Ja.
    <time id="T364E" value="00:55:06,162" />
  </s>
  <s id="604">
    <time id="T365S" value="00:55:44,327" />
Advokaten vi har skaffat åt dig kommer i morgon bitti.
    <time id="T365E" value="00:55:48,843" />
  </s>
  <s id="605">
    <time id="T366S" value="00:55:49,007" />
Bra.
    <time id="T366E" value="00:55:51,077" />
  </s>
  <s id="606">
    <time id="T367S" value="00:55:52,127" />
Kom ihåg att när du går är det meningen att du ska hata oss.
    <time id="T367E" value="00:55:57,281" />
  </s>
  <s id="607">
    <time id="T368S" value="00:55:57,447" />
Det är lätt.
    <time id="T368E" value="00:56:01,201" />
  </s>
  <s id="608">
    <time id="T369S" value="00:56:03,967" />
Jag hoppas att du inte tycker att jag var för hård mot dig i dag.
    <time id="T369E" value="00:56:08,995" />
  </s>
  <s id="609">
    <time id="T370S" value="00:56:09,167" />
Jag tycker inget om dig. 
  </s>
  <s id="610">
Punkt.
    <time id="T370E" value="00:56:12,398" />
  </s>
  <s id="611">
    <time id="T371S" value="00:56:14,887" />
Tack ändå.
    <time id="T371E" value="00:56:17,082" />
  </s>
  <s id="612">
    <time id="T372S" value="00:56:20,447" />
Fickdator. 
  </s>
  <s id="613">
Vi kan spåra dig.
    <time id="T372E" value="00:56:24,725" />
  </s>
  <s id="614">
    <time id="T373S" value="00:56:24,887" />
Jag vill föra Coolio med mig till Tokyo på egen hand.
    <time id="T373E" value="00:56:30,245" />
  </s>
  <s id="615">
    <time id="T374S" value="00:56:32,687" />
-Vad har han gjort dig?
  </s>
  <s id="616">
-Inte mig, min kollega.
    <time id="T374E" value="00:56:37,636" />
  </s>
  <s id="617">
    <time id="T375S" value="00:56:37,807" />
Coolio dödade honom för två år sedan.
    <time id="T375E" value="00:56:41,163" />
  </s>
  <s id="618">
    <time id="T376S" value="00:56:44,127" />
Jag är ledsen.
    <time id="T376E" value="00:56:46,595" />
  </s>
  <s id="619">
    <time id="T377S" value="00:56:46,767" />
Jag ska hjälpa dig så gott jag kan.
    <time id="T377E" value="00:56:50,806" />
  </s>
  <s id="620">
    <time id="T378S" value="00:56:53,567" />
God natt.
    <time id="T378E" value="00:56:56,559" />
  </s>
  <s id="621">
    <time id="T379S" value="00:56:58,367" />
Du, snygging!
    <time id="T379E" value="00:57:01,279" />
  </s>
  <s id="622">
    <time id="T380S" value="00:57:02,567" />
God natt.
    <time id="T380E" value="00:57:05,320" />
  </s>
  <s id="623">
    <time id="T381S" value="00:57:35,327" />
Du slåss snabbare och bättre sedan mr Mas död.
    <time id="T381E" value="00:57:40,242" />
  </s>
  <s id="624">
    <time id="T382S" value="00:57:41,167" />
Ma var en gammal pajas.
  </s>
  <s id="625">
Nu ska vi bli fruktade i hela Asien.
    <time id="T382E" value="00:57:49,085" />
  </s>
  <s id="626">
    <time id="T383S" value="00:58:21,367" />
-Hur gick det?
  </s>
  <s id="627">
-Bra.
    <time id="T383E" value="00:58:25,599" />
  </s>
  <s id="628">
    <time id="T384S" value="00:58:27,407" />
Lita inte på den svarte snubben.
  </s>
  <s id="629">
Han är farlig.
    <time id="T384E" value="00:58:33,164" />
  </s>
  <s id="630">
    <time id="T385S" value="00:58:35,047" />
Han är en gammal vän. 
  </s>
  <s id="631">
Dessutom är han på vårt territorium nu.
    <time id="T385E" value="00:58:41,759" />
  </s>
  <s id="632">
    <time id="T386S" value="00:58:41,927" />
Är det någon som borde oroa sig, är det han.
    <time id="T386E" value="00:58:46,557" />
  </s>
  <s id="633">
    <time id="T387S" value="00:59:08,967" />
Nu går vi.
    <time id="T387E" value="00:59:11,276" />
  </s>
  <s id="634">
    <time id="T388S" value="00:59:18,247" />
Skitstövel.
    <time id="T388E" value="00:59:21,239" />
  </s>
  <s id="635">
    <time id="T389S" value="00:59:24,247" />
Detta kunde jag vänja mig vid.
  </s>
  <s id="636">
Det är äkta prylar.
    <time id="T389E" value="00:59:29,446" />
  </s>
  <s id="637">
    <time id="T390S" value="00:59:29,607" />
Ma köpte det 1 950.
    <time id="T390E" value="00:59:32,326" />
  </s>
  <s id="638">
    <time id="T391S" value="00:59:32,487" />
Han erbjöds miljoner för att bygga hotell och köpcenter. 
  </s>
  <s id="639">
Han ville inte.
    <time id="T391E" value="00:59:38,722" />
  </s>
  <s id="640">
    <time id="T392S" value="00:59:38,887" />
Han kom ihåg filmerna de gjorde här när han var barn för tusen år sen.
    <time id="T392E" value="00:59:42,926" />
  </s>
  <s id="641">
    <time id="T393S" value="00:59:43,087" />
Jag såg en om Zing-dynastin en gång.
    <time id="T393E" value="00:59:45,920" />
  </s>
  <s id="642">
    <time id="T394S" value="00:59:46,087" />
Om 10000 galningar som hackade ihjäl varandra med svärd.
    <time id="T394E" value="00:59:50,524" />
  </s>
  <s id="643">
    <time id="T395S" value="00:59:50,687" />
Som en western utan pistoler och hästar. 
  </s>
  <s id="644">
Fattar du?
    <time id="T395E" value="00:59:54,999" />
  </s>
  <s id="645">
    <time id="T396S" value="00:59:58,247" />
För tusan!
    <time id="T396E" value="01:00:00,681" />
  </s>
  <s id="646">
    <time id="T397S" value="01:00:00,847" />
Vad fan är detta för ett ställe?
  </s>
  <s id="647">
Det påminner om Golden Nugget.
    <time id="T397E" value="01:00:06,763" />
  </s>
  <s id="648">
    <time id="T398S" value="01:00:06,927" />
Det är den stora hallen.
  </s>
  <s id="649">
Kungen använde den till ceremonier.
    <time id="T398E" value="01:00:12,047" />
  </s>
  <s id="650">
    <time id="T399S" value="01:00:12,207" />
Jaså.
  </s>
  <s id="651">
Någon måste ha varit jävligt viktig.
    <time id="T399E" value="01:00:17,281" />
  </s>
  <s id="652">
    <time id="T400S" value="01:00:17,447" />
Eller så hade han en fet gammal röv.
    <time id="T400E" value="01:00:19,881" />
  </s>
  <s id="653">
    <time id="T401S" value="01:00:20,047" />
Kejsarstolen. 
  </s>
  <s id="654">
Ma gillade att använda den när han gjorde affärer.
    <time id="T401E" value="01:00:25,519" />
  </s>
  <s id="655">
    <time id="T402S" value="01:00:25,687" />
Han sa att den gjorde honom mäktigare.
    <time id="T402E" value="01:00:30,522" />
  </s>
  <s id="656">
    <time id="T403S" value="01:00:33,367" />
Ja, jag kan känna mystiken.
  </s>
  <s id="657">
Liksom ett ouijabräde.
    <time id="T403E" value="01:00:39,715" />
  </s>
  <s id="658">
    <time id="T404S" value="01:00:41,767" />
Jag vill veta vem som satte dit mig och varför.
    <time id="T404E" value="01:00:45,157" />
  </s>
  <s id="659">
    <time id="T405S" value="01:00:46,367" />
Ta det lugnt när du talar till kejsaren, flicka. 
  </s>
  <s id="660">
Jag gjorde det.
    <time id="T405E" value="01:00:50,838" />
  </s>
  <s id="661">
    <time id="T406S" value="01:00:54,727" />
Jag ville göra en sista säkerhetskoll. 
  </s>
  <s id="662">
Och vet du vad?
    <time id="T406E" value="01:01:01,246" />
  </s>
  <s id="663">
    <time id="T407S" value="01:01:02,887" />
-Du klarade den.
  </s>
  <s id="664">
-Jag är trött på det här tramset!
    <time id="T407E" value="01:01:08,007" />
  </s>
  <s id="665">
    <time id="T408S" value="01:01:08,167" />
Sluta med kärringtjatet.
  </s>
  <s id="666">
Dessutom tog jag fel angående dig.
    <time id="T408E" value="01:01:12,160" />
  </s>
  <s id="667">
    <time id="T409S" value="01:01:12,327" />
Vill du fortfarande göra affärer?
    <time id="T409E" value="01:01:15,125" />
  </s>
  <s id="668">
    <time id="T410S" value="01:01:15,287" />
-Ja.
  </s>
  <s id="669">
-Bra.
    <time id="T410E" value="01:01:18,563" />
  </s>
  <s id="670">
    <time id="T411S" value="01:01:18,727" />
Vi tar in 600 kilo i första omgången.
  </s>
  <s id="671">
Hur mycket är du intresserad av?
    <time id="T411E" value="01:01:23,243" />
  </s>
  <s id="672">
    <time id="T412S" value="01:01:23,407" />
Så mycket vi kan få.
    <time id="T412E" value="01:01:26,285" />
  </s>
  <s id="673">
    <time id="T413S" value="01:01:57,367" />
Nittiosju.
    <time id="T413E" value="01:01:59,961" />
  </s>
  <s id="674">
    <time id="T414S" value="01:02:03,047" />
Nittionio...och ett hundra.
    <time id="T414E" value="01:02:07,120" />
  </s>
  <s id="675">
    <time id="T415S" value="01:02:15,807" />
Här, sir.
    <time id="T415E" value="01:02:18,002" />
  </s>
  <s id="676">
    <time id="T416S" value="01:02:19,407" />
-Hur många?
  </s>
  <s id="677">
-1 00.
    <time id="T416E" value="01:02:23,241" />
  </s>
  <s id="678">
    <time id="T417S" value="01:02:24,847" />
-Strålande.
  </s>
  <s id="679">
-650 kilo gånger 22...
    <time id="T417E" value="01:02:30,126" />
  </s>
  <s id="680">
    <time id="T418S" value="01:02:30,287" />
Det blir 1 4 300 000 dollar kontant vid leveransen.
    <time id="T418E" value="01:02:36,601" />
  </s>
  <s id="681">
    <time id="T419S" value="01:02:39,447" />
Nästa vecka köper jag en kostym, drar till Schweiz och hälsar på stålarna.
    <time id="T419E" value="01:02:46,159" />
  </s>
  <s id="682">
    <time id="T420S" value="01:02:46,327" />
Genomför transaktionen.
    <time id="T420E" value="01:02:50,366" />
  </s>
  <s id="683">
    <time id="T421S" value="01:02:51,327" />
Hej, Willy, det är Cole. 
  </s>
  <s id="684">
Läget?
  </s>
  <s id="685">
Hur mycket? 
  </s>
  <s id="686">
Glöm det.
    <time id="T421E" value="01:02:58,278" />
  </s>
  <s id="687">
    <time id="T422S" value="01:02:58,447" />
Det ska vara 14 300000.
  </s>
  <s id="688">
Och glöm inte de 300, Willy.
    <time id="T422E" value="01:03:03,965" />
  </s>
  <s id="689">
    <time id="T423S" value="01:03:05,687" />
Norika säger att grejerna är på väg.
    <time id="T423E" value="01:03:08,963" />
  </s>
  <s id="690">
    <time id="T424S" value="01:03:17,367" />
Stanna!
    <time id="T424E" value="01:03:18,846" />
  </s>
  <s id="691">
    <time id="T425S" value="01:03:19,007" />
-När börjar rundvisningen?
  </s>
  <s id="692">
-Liknar jag en guide?
    <time id="T425E" value="01:03:23,319" />
  </s>
  <s id="693">
    <time id="T426S" value="01:03:36,447" />
Detta är en överraskning åt dig, Coolio. 
  </s>
  <s id="694">
Vad tycker du?
    <time id="T426E" value="01:03:41,999" />
  </s>
  <s id="695">
    <time id="T427S" value="01:03:42,167" />
För böveln!
    <time id="T427E" value="01:03:44,362" />
  </s>
  <s id="696">
    <time id="T428S" value="01:03:44,527" />
Tony, du är en man med perfekt smak.
    <time id="T428E" value="01:03:49,601" />
  </s>
  <s id="697">
    <time id="T429S" value="01:03:55,927" />
Så ska det se ut, baby.
    <time id="T429E" value="01:03:58,236" />
  </s>
  <s id="698">
    <time id="T430S" value="01:03:59,447" />
Vet vad jag tänker göra?
    <time id="T430E" value="01:04:01,005" />
  </s>
  <s id="699">
    <time id="T431S" value="01:04:01,167" />
Skaffa säsongskort till Lakers och få en P-plats framför stadion.
    <time id="T431E" value="01:04:06,685" />
  </s>
  <s id="700">
    <time id="T432S" value="01:04:15,407" />
Vi delar upp oss. 
  </s>
  <s id="701">
Du går ditåt.
  </s>
  <s id="702">
Jag tar den här sidan.
    <time id="T432E" value="01:04:20,083" />
  </s>
  <s id="703">
    <time id="T433S" value="01:04:20,247" />
-Var försiktig.
  </s>
  <s id="704">
-Ja, chefen.
    <time id="T433E" value="01:04:23,523" />
  </s>
  <s id="705">
    <time id="T434S" value="01:04:26,207" />
Du, Tony, jag tar tillbaka allt ont jag sagt om dig och ditt folk.
    <time id="T434E" value="01:04:32,282" />
  </s>
  <s id="706">
    <time id="T435S" value="01:04:34,367" />
-Tack, 
  </s>
  <s id="707">
-Skitsnack.
    <time id="T435E" value="01:04:36,756" />
  </s>
  <s id="708">
    <time id="T436S" value="01:04:40,487" />
1 4 300 000.
  </s>
  <s id="709">
Vill du räkna dem?
    <time id="T436E" value="01:04:45,003" />
  </s>
  <s id="710">
    <time id="T437S" value="01:04:45,167" />
Säger du att det är 1 4,3, så är det det.
    <time id="T437E" value="01:04:49,843" />
  </s>
  <s id="711">
    <time id="T438S" value="01:04:50,007" />
-Jag litar på en tjuvs ära.
  </s>
  <s id="712">
-Just det. 
  </s>
  <s id="713">
- Lägg dem där bak.
    <time id="T438E" value="01:04:55,525" />
  </s>
  <s id="714">
    <time id="T439S" value="01:05:16,407" />
Han tar nätet. 
  </s>
  <s id="715">
Vi tar dina väskor.
  </s>
  <s id="716">
Du är i luften om 20 minuter.
    <time id="T439E" value="01:05:23,085" />
  </s>
  <s id="717">
    <time id="T440S" value="01:05:33,847" />
Precis i tid för att ta farväl av vår kompanjon.
    <time id="T440E" value="01:05:37,840" />
  </s>
  <s id="718">
    <time id="T441S" value="01:05:39,487" />
Jag låter er fortsätta med vad ni än håller på med.
    <time id="T441E" value="01:05:45,596" />
  </s>
  <s id="719">
    <time id="T442S" value="01:05:45,767" />
Coolio!
  </s>
  <s id="720">
Vad sägs om en drink innan du reser?
    <time id="T442E" value="01:05:51,399" />
  </s>
  <s id="721">
    <time id="T443S" value="01:05:53,327" />
Visst! 
  </s>
  <s id="722">
Varför inte två, tre, fem?
  </s>
  <s id="723">
Så kan vi bli fulla och vilda.
    <time id="T443E" value="01:06:01,120" />
  </s>
  <s id="724">
    <time id="T444S" value="01:06:16,447" />
-Det är den sista.
  </s>
  <s id="725">
-Fortare. 
  </s>
  <s id="726">
Bilen kommer om 10 minuter.
    <time id="T444E" value="01:06:21,965" />
  </s>
  <s id="727">
    <time id="T445S" value="01:06:22,127" />
-Jag hjälper dig.
  </s>
  <s id="728">
-Tack.
    <time id="T445E" value="01:06:24,277" />
  </s>
  <s id="729">
    <time id="T446S" value="01:06:26,007" />
-Kampei, 
  </s>
  <s id="730">
-Kampei, Och Pokemon på dig.
    <time id="T446E" value="01:06:31,798" />
  </s>
  <s id="731">
    <time id="T447S" value="01:06:33,767" />
-Vad fan gör du här, sheriff?
  </s>
  <s id="732">
-Vänta. 
  </s>
  <s id="733">
Han är på vår sida.
    <time id="T447E" value="01:06:38,522" />
  </s>
  <s id="734">
    <time id="T448S" value="01:06:38,687" />
Sheriffen?
  </s>
  <s id="735">
Är sheriffen en av skurkarna?
    <time id="T448E" value="01:06:43,283" />
  </s>
  <s id="736">
    <time id="T449S" value="01:06:45,567" />
Visst är livet konstigt?
    <time id="T449E" value="01:06:47,558" />
  </s>
  <s id="737">
    <time id="T450S" value="01:06:47,727" />
Jaha... 
  </s>
  <s id="738">
Vad vill du?
    <time id="T450E" value="01:06:52,084" />
  </s>
  <s id="739">
    <time id="T451S" value="01:06:52,247" />
Jag säger upp mig från polisen och från er.
    <time id="T451E" value="01:06:56,877" />
  </s>
  <s id="740">
    <time id="T452S" value="01:06:57,047" />
-Än sen?
  </s>
  <s id="741">
-Jag behöver pengar. 
  </s>
  <s id="742">
Jag reser bort.
    <time id="T452E" value="01:07:01,438" />
  </s>
  <s id="743">
    <time id="T453S" value="01:07:01,607" />
-Vi utbetalar inte avgångsvederlag.
  </s>
  <s id="744">
-Vad är detta - utpressning?
    <time id="T453E" value="01:07:05,520" />
  </s>
  <s id="745">
    <time id="T454S" value="01:07:05,687" />
Det känns som om jag var tillbaka i Los Angeles.
    <time id="T454E" value="01:07:09,441" />
  </s>
  <s id="746">
    <time id="T455S" value="01:07:09,607" />
-Du har inget jag vill ha.
  </s>
  <s id="747">
-Min tystnad.
    <time id="T455E" value="01:07:13,566" />
  </s>
  <s id="748">
    <time id="T456S" value="01:07:13,727" />
Jag försvinner och du går fri.
    <time id="T456E" value="01:07:17,800" />
  </s>
  <s id="749">
    <time id="T457S" value="01:07:17,967" />
Sheriff Lin... 
  </s>
  <s id="750">
Vems ord skulle folk tro på?
    <time id="T457E" value="01:07:22,324" />
  </s>
  <s id="751">
    <time id="T458S" value="01:07:22,487" />
En snut som jag kan bevisa har stått på Mas lönelista i 20 år eller en som inte ens fått fort- körningsböter. 
  </s>
  <s id="752">
En som jag.
    <time id="T459E" value="01:07:33,042" />
  </s>
  <s id="753">
    <time id="T460S" value="01:07:35,207" />
Du har visst köpslagit med fel skurk.
  </s>
  <s id="754">
Har du nåt annat att sälja, farsan?
    <time id="T460E" value="01:07:42,966" />
  </s>
  <s id="755">
    <time id="T461S" value="01:07:48,367" />
Jo, det har jag faktiskt. 
  </s>
  <s id="756">
Men det kostar er två miljoner dollar.
    <time id="T461E" value="01:07:54,078" />
  </s>
  <s id="757">
    <time id="T462S" value="01:07:55,407" />
Två miljoner? 
  </s>
  <s id="758">
Vad säljer du?
  </s>
  <s id="759">
Raketteknologi eller kemiska vapen?
    <time id="T462E" value="01:08:01,676" />
  </s>
  <s id="760">
    <time id="T463S" value="01:08:01,847" />
Bättre än så. 
  </s>
  <s id="761">
En informant.
    <time id="T463E" value="01:08:05,681" />
  </s>
  <s id="762">
    <time id="T464S" value="01:08:08,887" />
Skitsnack.
    <time id="T464E" value="01:08:11,606" />
  </s>
  <s id="763">
    <time id="T465S" value="01:08:13,967" />
Mina pengar och säker utresa ur Kina för mig och min dotter.
    <time id="T465E" value="01:08:20,122" />
  </s>
  <s id="764">
    <time id="T466S" value="01:08:22,087" />
Har vi en överenskommelse?
    <time id="T466E" value="01:08:25,079" />
  </s>
  <s id="765">
    <time id="T467S" value="01:08:29,607" />
Japanska Interpol.
    <time id="T467E" value="01:08:32,360" />
  </s>
  <s id="766">
    <time id="T468S" value="01:08:36,887" />
Ser du nu, Tony? 
  </s>
  <s id="767">
Jag sa att du inte skulle lita på den här subban.
    <time id="T468E" value="01:08:41,563" />
  </s>
  <s id="768">
    <time id="T469S" value="01:08:41,727" />
Du lyckades sabba romansen, men du får inte förstöra festen.
    <time id="T469E" value="01:08:47,484" />
  </s>
  <s id="769">
    <time id="T470S" value="01:09:00,927" />
Vem fan är du? 
  </s>
  <s id="770">
- Fånga honom!
    <time id="T470E" value="01:09:04,158" />
  </s>
  <s id="771">
    <time id="T471S" value="01:09:58,687" />
Låt oss komma härifrån.
    <time id="T471E" value="01:10:00,757" />
  </s>
  <s id="772">
    <time id="T472S" value="01:11:13,807" />
Ge honom vad han tål.
  </s>
  <s id="773">
Jag tar hand om sheriff Lin.
    <time id="T472E" value="01:11:18,244" />
  </s>
  <s id="774">
    <time id="T473S" value="01:12:22,527" />
Ni snutar är så förutsägbara.
    <time id="T473E" value="01:12:25,678" />
  </s>
  <s id="775">
    <time id="T474S" value="01:12:25,847" />
Ni är likadana allihop, bortsett från att den här gången vinner skurkarna.
    <time id="T474E" value="01:12:32,116" />
  </s>
  <s id="776">
    <time id="T475S" value="01:12:32,287" />
Nej!
    <time id="T475E" value="01:12:34,721" />
  </s>
  <s id="777">
    <time id="T476S" value="01:12:38,367" />
Alex!
    <time id="T476E" value="01:12:40,403" />
  </s>
  <s id="778">
    <time id="T477S" value="01:13:00,247" />
Det är ingen paintball-tävling, va?
  </s>
  <s id="779">
Detta är inte träning, va?
    <time id="T477E" value="01:13:05,162" />
  </s>
  <s id="780">
    <time id="T478S" value="01:13:05,327" />
Tänk inte på det, Alex!
  </s>
  <s id="781">
Allt kommer att ordna sig. 
  </s>
  <s id="782">
Jag lovar!
    <time id="T478E" value="01:13:11,880" />
  </s>
  <s id="783">
    <time id="T479S" value="01:13:13,807" />
Jag får ingen medalj för att rädda dig, din våghals.
    <time id="T479E" value="01:13:17,516" />
  </s>
  <s id="784">
    <time id="T480S" value="01:13:24,607" />
Säg till Ruby att jag är ledsen.
    <time id="T480E" value="01:13:27,724" />
  </s>
  <s id="785">
    <time id="T481S" value="01:13:31,647" />
Vi får inte en massa ungar.
    <time id="T481E" value="01:13:34,559" />
  </s>
  <s id="786">
    <time id="T482S" value="01:13:36,247" />
Säg till henne att jag älskar henne.
    <time id="T482E" value="01:13:39,683" />
  </s>
  <s id="787">
    <time id="T483S" value="01:13:39,847" />
Nej, Alex.
  </s>
  <s id="788">
Nej!
    <time id="T483E" value="01:13:44,557" />
  </s>
  <s id="789">
    <time id="T484S" value="01:13:44,727" />
Nej! 
  </s>
  <s id="790">
Alex!
    <time id="T484E" value="01:13:47,844" />
  </s>
  <s id="791">
    <time id="T485S" value="01:14:04,527" />
Kom igen. 
  </s>
  <s id="792">
Lyft!
    <time id="T485E" value="01:14:06,995" />
  </s>
  <s id="793">
    <time id="T486S" value="01:14:29,647" />
För tungt. 
  </s>
  <s id="794">
Jag vet inte hur stor vikt vi kan klara. 
  </s>
  <s id="795">
Droppa bilen.
    <time id="T486E" value="01:14:33,879" />
  </s>
  <s id="796">
    <time id="T487S" value="01:14:34,047" />
Jag droppar dig först.
    <time id="T487E" value="01:14:36,481" />
  </s>
  <s id="797">
    <time id="T488S" value="01:16:33,647" />
Kom igen!
    <time id="T488E" value="01:16:36,036" />
  </s>
  <s id="798">
    <time id="T489S" value="01:16:37,447" />
Norika, kom igen!
    <time id="T489E" value="01:16:40,245" />
  </s>
  <s id="799">
    <time id="T490S" value="01:18:48,887" />
Låt mig hjälpa dig...ner!
    <time id="T490E" value="01:18:51,765" />
  </s>
  <s id="800">
    <time id="T491S" value="01:19:41,327" />
Ta dig in på mitten!
    <time id="T491E" value="01:19:43,841" />
  </s>
  <s id="801">
    <time id="T492S" value="01:20:06,087" />
Norika! 
  </s>
  <s id="802">
Lägg dig ner!
    <time id="T492E" value="01:20:08,317" />
  </s>
  <s id="803">
    <time id="T493S" value="01:20:19,167" />
Snälla Gud, hjälp mig!
  </s>
  <s id="804">
Ni kan inte låta mig dö!
    <time id="T493E" value="01:20:24,082" />
  </s>
  <s id="805">
    <time id="T494S" value="01:20:24,247" />
Kom igen! 
  </s>
  <s id="806">
Hjälp mig!
    <time id="T494E" value="01:20:26,283" />
  </s>
  <s id="807">
    <time id="T495S" value="01:20:26,447" />
Kom igen, kom igen!
  </s>
  <s id="808">
Hjälp mig. 
  </s>
  <s id="809">
Ni kan inte låta mig dö!
    <time id="T495E" value="01:20:33,478" />
  </s>
  <s id="810">
    <time id="T496S" value="01:20:35,967" />
-Dra upp mig!
  </s>
  <s id="811">
-Norika, tillbaka. 
  </s>
  <s id="812">
Se upp.
    <time id="T496E" value="01:20:42,520" />
  </s>
  <s id="813">
    <time id="T497S" value="01:21:33,807" />
Plan 3417 ankommer vid utgång 26 om fem minuter,
    <time id="T497E" value="01:21:39,962" />
  </s>
  <s id="814">
    <time id="T498S" value="01:21:40,127" />
United Airlines från San Francisco ankommer vid utgång 16.
    <time id="T498E" value="01:21:45,599" />
  </s>
  <s id="815">
    <time id="T499S" value="01:21:47,807" />
Mr André Morgan, kontakta Östkina-kontoret omedelbart.
    <time id="T499E" value="01:21:52,881" />
  </s>
  <s id="816">
    <time id="T500S" value="01:21:53,047" />
Var det allt?
    <time id="T500E" value="01:21:56,244" />
  </s>
  <s id="817">
    <time id="T501S" value="01:21:56,407" />
-Tack för hjälpen och allt...du vet.
  </s>
  <s id="818">
-Jag vet.
    <time id="T501E" value="01:22:02,642" />
  </s>
  <s id="819">
    <time id="T502S" value="01:22:07,727" />
Alex hade ingen familj. 
  </s>
  <s id="820">
Han hade velat att du skulle ha den.
    <time id="T502E" value="01:22:13,996" />
  </s>
  <s id="821">
    <time id="T503S" value="01:22:24,527" />
Adjö. 
  </s>
  <s id="822">
Sköt om dig.
    <time id="T503E" value="01:22:28,076" />
  </s>
  <s id="823">
    <time id="T504S" value="01:22:30,007" />
Plan 29 från San Francisco och L.A. ankommer nu...
    <time id="T504E" value="01:22:35,286" />
  </s>
  <s id="824">
    <time id="T505S" value="01:23:06,327" />
-Hej.
  </s>
  <s id="825">
-Hej. 
  </s>
  <s id="826">
Tack.
    <time id="T505E" value="01:23:11,355" />
  </s>
  <s id="827">
    <time id="T506S" value="01:23:14,567" />
-Så...du kan stanna lite till?
  </s>
  <s id="828">
-Kanske - kanske inte.
    <time id="T506E" value="01:23:22,042" />
  </s>
  <s id="829">
    <time id="T507S" value="01:23:22,207" />
-Det beror på vad du gör.
  </s>
  <s id="830">
-Vad vill du att jag ska göra?
    <time id="T507E" value="01:23:28,203" />
  </s>
  <meta>
    <conversion>
      <ignored_blocks>0</ignored_blocks>
      <corrected_words>1</corrected_words>
      <unknown_words>18</unknown_words>
      <encoding>windows-1252</encoding>
      <truecased_words>0</truecased_words>
      <tokens>5102</tokens>
      <sentences>830</sentences>
    </conversion>
    <subtitle>
      <rating>0.0</rating>
      <date>2002-04-14</date>
      <blocks>507</blocks>
      <confidence>1.0</confidence>
      <machine_translated>0</machine_translated>
      <language>Swedish</language>
      <version>0</version>
      <duration>01:23:28,203</duration>
    </subtitle>
    <source>
      <HD>0</HD>
      <genre>Action</genre>
      <cds>1/1</cds>
      <year>2000</year>
      <country>Hong Kong</country>
      <original>English, Mandarin</original>
      <duration>103</duration>
    </source>
  </meta>
</document>
