<?xml version="1.0" encoding="utf-8"?>
<document id="5753075">
  <s id="1">
    <time id="T1S" value="00:00:05,000" />
Text: 
  </s>
  <s id="2">
European Captioning Institute Synk: 
  </s>
  <s id="3">
Torsten Bengtsson
    <time id="T1E" value="00:00:13,000" />
  </s>
  <s id="4">
    <time id="T3S" value="00:00:39,200" />
Var snälla och ta med alla era ägodelar.
    <time id="T3E" value="00:00:40,800" />
  </s>
  <s id="5">
    <time id="T4S" value="00:00:40,900" />
Det här är det sista tåget till Asakusa.
    <time id="T4E" value="00:00:44,200" />
  </s>
  <s id="6">
    <time id="T5S" value="00:02:34,700" />
BLOD DEN SISTA VAMPYREN
    <time id="T5E" value="00:02:37,800" />
  </s>
  <s id="7">
    <time id="T6S" value="00:03:12,200" />
Vi stannar strax i Asakusa.
    <time id="T6E" value="00:03:15,900" />
  </s>
  <s id="8">
    <time id="T7S" value="00:03:16,100" />
Det är slutstationen.
    <time id="T7E" value="00:03:19,000" />
  </s>
  <s id="9">
    <time id="T8S" value="00:04:03,000" />
Var är demonen?
    <time id="T8E" value="00:04:05,300" />
  </s>
  <s id="10">
    <time id="T9S" value="00:04:05,800" />
Där inne.
    <time id="T9E" value="00:04:08,100" />
  </s>
  <s id="11">
    <time id="T10S" value="00:04:08,300" />
Svärdet börjar bli slött.
    <time id="T10E" value="00:04:10,400" />
  </s>
  <s id="12">
    <time id="T11S" value="00:04:10,600" />
Det glider inte ur slidan så lätt som det ska.
    <time id="T11E" value="00:04:13,900" />
  </s>
  <s id="13">
    <time id="T12S" value="00:04:14,100" />
- Skaffa mig ett nytt.
  </s>
  <s id="14">
- Det går inte.
    <time id="T12E" value="00:04:17,200" />
  </s>
  <s id="15">
    <time id="T13S" value="00:04:17,400" />
Vi har inte tid, för vi har precis identifierat en till.
    <time id="T13E" value="00:04:21,500" />
  </s>
  <s id="16">
    <time id="T14S" value="00:04:21,800" />
Svärd av så hög kvalitet är svåra att få tag på.
    <time id="T14E" value="00:04:25,100" />
  </s>
  <s id="17">
    <time id="T15S" value="00:04:40,600" />
Vad i hela...?
    <time id="T15E" value="00:04:42,300" />
  </s>
  <s id="18">
    <time id="T16S" value="00:04:42,400" />
Det här är ingen demon.
  </s>
  <s id="19">
Tog vi fel kille?
    <time id="T16E" value="00:04:45,700" />
  </s>
  <s id="20">
    <time id="T17S" value="00:04:45,900" />
Den har inte ändrat form än, Louis.
  </s>
  <s id="21">
Håll käften.
    <time id="T17E" value="00:04:49,700" />
  </s>
  <s id="22">
    <time id="T18S" value="00:04:49,900" />
Vänta ett tag. 
  </s>
  <s id="23">
Ligger inte det här i din jurisdiktion?
    <time id="T18E" value="00:04:54,600" />
  </s>
  <s id="24">
    <time id="T19S" value="00:04:54,900" />
Det där är ett vanligt människolik.
    <time id="T19E" value="00:04:57,400" />
  </s>
  <s id="25">
    <time id="T20S" value="00:04:57,700" />
Jag har redan kollat bland den militära personalen och den civila.
    <time id="T21E" value="00:05:03,600" />
  </s>
  <s id="26">
    <time id="T22S" value="00:05:03,800" />
- Vad menar du?
  </s>
  <s id="27">
- Du, David!
    <time id="T22E" value="00:05:06,200" />
  </s>
  <s id="28">
    <time id="T23S" value="00:05:06,400" />
De har infiltrerat allmänheten.
    <time id="T23E" value="00:05:09,100" />
  </s>
  <s id="29">
    <time id="T24S" value="00:05:09,200" />
Vill du att jag undersöker det?
    <time id="T24E" value="00:05:11,500" />
  </s>
  <s id="30">
    <time id="T25S" value="00:05:11,700" />
Dave! 
  </s>
  <s id="31">
Kolla där inne!
    <time id="T25E" value="00:05:13,700" />
  </s>
  <s id="32">
    <time id="T26S" value="00:05:14,500" />
Lägg av!
    <time id="T26E" value="00:05:15,800" />
  </s>
  <s id="33">
    <time id="T27S" value="00:05:15,900" />
Herregud!
    <time id="T27E" value="00:05:17,600" />
  </s>
  <s id="34">
    <time id="T28S" value="00:05:21,600" />
Vänta, Saya! 
  </s>
  <s id="35">
Lugna ner dig.
    <time id="T28E" value="00:05:24,200" />
  </s>
  <s id="36">
    <time id="T29S" value="00:05:24,400" />
lnte samma sak igen.
    <time id="T29E" value="00:05:26,000" />
  </s>
  <s id="37">
    <time id="T30S" value="00:05:26,200" />
Tänker du tala om det för hela världen?
    <time id="T30E" value="00:05:29,800" />
  </s>
  <s id="38">
    <time id="T31S" value="00:05:30,000" />
Jag kan inte göra nåt åt det.
    <time id="T31E" value="00:05:32,000" />
  </s>
  <s id="39">
    <time id="T32S" value="00:05:32,200" />
Du vet hur det är.
    <time id="T32E" value="00:05:34,100" />
  </s>
  <s id="40">
    <time id="T33S" value="00:05:34,200" />
Våra order är att leta rätt på dem vad som än händer.
    <time id="T33E" value="00:05:38,500" />
  </s>
  <s id="41">
    <time id="T34S" value="00:05:40,000" />
Jag vet ingenting.
    <time id="T34E" value="00:05:42,100" />
  </s>
  <s id="42">
    <time id="T35S" value="00:05:46,900" />
Allt finns där, det är ordnat som det ska.
    <time id="T35E" value="00:05:50,100" />
  </s>
  <s id="43">
    <time id="T36S" value="00:05:50,300" />
Du kan gå dit i morgon.
    <time id="T36E" value="00:05:52,000" />
  </s>
  <s id="44">
    <time id="T37S" value="00:05:52,100" />
Då är skoluniformen och id-kortet klara.
    <time id="T37E" value="00:05:55,300" />
  </s>
  <s id="45">
    <time id="T38S" value="00:05:55,500" />
Det är bäst att du läser dossiern ordentligt.
    <time id="T38E" value="00:05:58,300" />
  </s>
  <s id="46">
    <time id="T39S" value="00:05:58,400" />
Vi vet att det finns fler än en...
    <time id="T39E" value="00:06:00,500" />
  </s>
  <s id="47">
    <time id="T40S" value="00:06:04,500" />
Fan.
    <time id="T40E" value="00:06:05,900" />
  </s>
  <s id="48">
    <time id="T41S" value="00:06:12,700" />
Vad fan var det där om?
    <time id="T41E" value="00:06:15,700" />
  </s>
  <s id="49">
    <time id="T42S" value="00:06:17,700" />
Din idiot!
    <time id="T42E" value="00:06:19,200" />
  </s>
  <s id="50">
    <time id="T43S" value="00:06:19,400" />
Vad har jag gjort?
    <time id="T43E" value="00:06:21,300" />
  </s>
  <s id="51">
    <time id="T44S" value="00:06:21,400" />
Reta inte upp henne igen!
    <time id="T44E" value="00:06:23,500" />
  </s>
  <s id="52">
    <time id="T45S" value="00:06:23,700" />
- Men...
  </s>
  <s id="53">
- Hör på!
    <time id="T45E" value="00:06:25,100" />
  </s>
  <s id="54">
    <time id="T46S" value="00:06:25,200" />
Så vitt vi vet så är hon det enda originalet som finns kvar.
    <time id="T46E" value="00:06:29,300" />
  </s>
  <s id="55">
    <time id="T47S" value="00:06:30,900" />
Originalet?
    <time id="T47E" value="00:06:32,500" />
  </s>
  <s id="56">
    <time id="T48S" value="00:07:16,500" />
Stod vattnet på när du hittade henne?
    <time id="T48E" value="00:07:20,800" />
  </s>
  <s id="57">
    <time id="T49S" value="00:07:21,600" />
Lugn, du behöver inte gråta.
    <time id="T49E" value="00:07:24,800" />
  </s>
  <s id="58">
    <time id="T50S" value="00:07:28,300" />
Jag är inte säker, men jag hörde att Mari träffade en amerikansk soldat.
    <time id="T51E" value="00:07:33,900" />
  </s>
  <s id="59">
    <time id="T52S" value="00:07:38,200" />
Mari från Charade's har begått självmord.
    <time id="T52E" value="00:07:41,200" />
  </s>
  <s id="60">
    <time id="T53S" value="00:07:41,400" />
Dumma flicka.
  </s>
  <s id="61">
Hon behövde inte begå självmord.
    <time id="T53E" value="00:07:45,400" />
  </s>
  <s id="62">
    <time id="T54S" value="00:07:45,500" />
Hon kanske hade gonorré.
    <time id="T54E" value="00:07:47,900" />
  </s>
  <s id="63">
    <time id="T55S" value="00:07:49,300" />
Man kan inte bli sur över småsaker om man träffar en amerikansk soldat.
    <time id="T56E" value="00:07:54,000" />
  </s>
  <s id="64">
    <time id="T57S" value="00:07:54,200" />
Hörde ni talas om självmordet på basens skola förra månaden?
    <time id="T57E" value="00:07:58,700" />
  </s>
  <s id="65">
    <time id="T58S" value="00:07:58,900" />
Det verkar ha varit många på senaste tiden.
    <time id="T58E" value="00:08:01,900" />
  </s>
  <s id="66">
    <time id="T59S" value="00:08:02,100" />
Alla är tydligen väldigt skärrade över det.
    <time id="T59E" value="00:08:05,600" />
  </s>
  <s id="67">
    <time id="T60S" value="00:08:05,800" />
Vad hemskt, jag hoppas att det inte påverkar affärerna.
    <time id="T60E" value="00:08:09,500" />
  </s>
  <s id="68">
    <time id="T61S" value="00:08:09,700" />
Det kan inte hjälpas om vi ska förtjäna vårt uppehälle från basen.
    <time id="T61E" value="00:08:14,000" />
  </s>
  <s id="69">
    <time id="T62S" value="00:08:14,300" />
Va?
    <time id="T62E" value="00:08:15,700" />
  </s>
  <s id="70">
    <time id="T63S" value="00:08:15,900" />
Det kan inte hjälpas om vi ska förtjäna vårt uppehälle på basen.
    <time id="T63E" value="00:08:21,300" />
  </s>
  <s id="71">
    <time id="T64S" value="00:08:39,100" />
antikviteter OCH PRESENTER
    <time id="T64E" value="00:08:41,300" />
  </s>
  <s id="72">
    <time id="T65S" value="00:08:56,900" />
lNTE till SALU
    <time id="T65E" value="00:08:59,400" />
  </s>
  <s id="73">
    <time id="T66S" value="00:09:44,500" />
HALLOWEEN-KOSTYMTÄVLlNG
    <time id="T66E" value="00:09:46,400" />
  </s>
  <s id="74">
    <time id="T67S" value="00:10:01,700" />
Unga dam...?
    <time id="T67E" value="00:10:03,200" />
  </s>
  <s id="75">
    <time id="T68S" value="00:10:06,800" />
Är inte du japanska?
  </s>
  <s id="76">
Du är inte elev här, eller hur?
    <time id="T68E" value="00:10:10,900" />
  </s>
  <s id="77">
    <time id="T69S" value="00:10:11,100" />
SKOLSKÖTERSKA
    <time id="T69E" value="00:10:12,500" />
  </s>
  <s id="78">
    <time id="T70S" value="00:10:12,600" />
Kom du genom expeditionen?
    <time id="T70E" value="00:10:14,400" />
  </s>
  <s id="79">
    <time id="T71S" value="00:10:18,100" />
Vänta ett tag!
    <time id="T71E" value="00:10:19,800" />
  </s>
  <s id="80">
    <time id="T72S" value="00:10:22,600" />
Var är rektorsexpeditionen?
    <time id="T72E" value="00:10:24,300" />
  </s>
  <s id="81">
    <time id="T73S" value="00:10:24,500" />
Va?
    <time id="T73E" value="00:10:26,300" />
  </s>
  <s id="82">
    <time id="T74S" value="00:10:29,100" />
Kom in.
    <time id="T74E" value="00:10:30,800" />
  </s>
  <s id="83">
    <time id="T75S" value="00:10:30,800" />
Den här unga damen...
    <time id="T75E" value="00:10:33,800" />
  </s>
  <s id="84">
    <time id="T76S" value="00:10:34,000" />
Saya, du är sen.
    <time id="T76E" value="00:10:35,800" />
  </s>
  <s id="85">
    <time id="T77S" value="00:10:35,800" />
Jag vill att du hälsar på rektorn.
    <time id="T77E" value="00:10:38,600" />
  </s>
  <s id="86">
    <time id="T78S" value="00:10:41,700" />
Hej. 
  </s>
  <s id="87">
Pratar du engelska?
    <time id="T78E" value="00:10:44,100" />
  </s>
  <s id="88">
    <time id="T79S" value="00:10:44,200" />
Självklart.
    <time id="T79E" value="00:10:45,900" />
  </s>
  <s id="89">
    <time id="T80S" value="00:10:46,100" />
Du kan vara med på lektionerna i eftermiddag.
    <time id="T80E" value="00:10:49,700" />
  </s>
  <s id="90">
    <time id="T81S" value="00:10:49,900" />
På grund av Halloweenfesten kanske vi inte får så mycket gjort.
    <time id="T81E" value="00:10:54,400" />
  </s>
  <s id="91">
    <time id="T82S" value="00:10:56,900" />
Tack så mycket för din hjälp.
  </s>
  <s id="92">
Hej då.
    <time id="T82E" value="00:11:00,200" />
  </s>
  <s id="93">
    <time id="T83S" value="00:11:07,400" />
Vem var det?
    <time id="T83E" value="00:11:08,900" />
  </s>
  <s id="94">
    <time id="T84S" value="00:11:09,100" />
Hon har rekommenderats.
    <time id="T84E" value="00:11:11,000" />
  </s>
  <s id="95">
    <time id="T85S" value="00:11:11,000" />
Hon vill vara med på lektionerna i några dagar.
    <time id="T85E" value="00:11:13,900" />
  </s>
  <s id="96">
    <time id="T86S" value="00:11:14,800" />
Ursäkta mig, sir...
    <time id="T86E" value="00:11:16,500" />
  </s>
  <s id="97">
    <time id="T87S" value="00:11:18,700" />
Hur blir det med festen i morgon?
    <time id="T87E" value="00:11:20,600" />
  </s>
  <s id="98">
    <time id="T88S" value="00:11:20,700" />
lnte nu igen.
    <time id="T88E" value="00:11:22,200" />
  </s>
  <s id="99">
    <time id="T89S" value="00:11:22,500" />
Jag trodde att vi diskuterat färdigt.
    <time id="T89E" value="00:11:25,300" />
  </s>
  <s id="100">
    <time id="T90S" value="00:11:25,500" />
Ja, men det var inte länge sen den hemska händelsen.
    <time id="T90E" value="00:11:28,800" />
  </s>
  <s id="101">
    <time id="T91S" value="00:11:29,100" />
Har eleverna återhämtat sig från sin väns död?
    <time id="T91E" value="00:11:32,700" />
  </s>
  <s id="102">
    <time id="T92S" value="00:11:32,900" />
Det är därför vi ska ha fest.
  </s>
  <s id="103">
Jag har tröttnat på det här.
    <time id="T92E" value="00:11:37,200" />
  </s>
  <s id="104">
    <time id="T93S" value="00:11:37,500" />
Återgå till ditt arbete.
    <time id="T93E" value="00:11:39,400" />
  </s>
  <s id="105">
    <time id="T94S" value="00:11:49,400" />
Vad fan är det för klädsel?
    <time id="T94E" value="00:11:52,000" />
  </s>
  <s id="106">
    <time id="T95S" value="00:11:52,200" />
Jag vet inte, det lär vara en japansk skoluniform.
    <time id="T95E" value="00:11:56,300" />
  </s>
  <s id="107">
    <time id="T96S" value="00:11:56,600" />
Hur som helst så hittade vi ännu ett låtsaslik.
    <time id="T96E" value="00:12:00,300" />
  </s>
  <s id="108">
    <time id="T97S" value="00:12:00,500" />
Det är samma mönster.
    <time id="T97E" value="00:12:02,200" />
  </s>
  <s id="109">
    <time id="T98S" value="00:12:02,400" />
Det händer väldigt snabbt.
    <time id="T98E" value="00:12:04,800" />
  </s>
  <s id="110">
    <time id="T99S" value="00:12:05,000" />
Jag sa ju att det fanns fler än en.
    <time id="T99E" value="00:12:07,500" />
  </s>
  <s id="111">
    <time id="T100S" value="00:12:07,700" />
Vi hittar dem aldrig när de har gått i ide.
    <time id="T100E" value="00:12:11,000" />
  </s>
  <s id="112">
    <time id="T101S" value="00:12:11,100" />
Vi måste hitta dem innan vi hittar ett lik till.
    <time id="T101E" value="00:12:14,200" />
  </s>
  <s id="113">
    <time id="T102S" value="00:12:14,500" />
Lyssna efter dem.
    <time id="T102E" value="00:12:16,500" />
  </s>
  <s id="114">
    <time id="T103S" value="00:12:16,700" />
Och hämta svärdet.
    <time id="T103E" value="00:12:18,400" />
  </s>
  <s id="115">
    <time id="T104S" value="00:12:19,500" />
Jag vet.
    <time id="T104E" value="00:12:21,000" />
  </s>
  <s id="116">
    <time id="T105S" value="00:12:49,500" />
Okej, nu räcker det för i dag.
    <time id="T105E" value="00:12:51,400" />
  </s>
  <s id="117">
    <time id="T106S" value="00:12:51,600" />
l morgon har vi bara lektioner på förmiddagen.
    <time id="T106E" value="00:12:54,300" />
  </s>
  <s id="118">
    <time id="T107S" value="00:12:55,600" />
Vänta, jag är inte klar än.
    <time id="T107E" value="00:12:57,300" />
  </s>
  <s id="119">
    <time id="T108S" value="00:12:57,500" />
De som organiserar skoldansen ska träffas i aulan, ni andra kan stanna här och göra er i ordning...
    <time id="T109E" value="00:13:05,400" />
  </s>
  <s id="120">
    <time id="T110S" value="00:13:05,600" />
Är du japanska?
    <time id="T110E" value="00:13:07,400" />
  </s>
  <s id="121">
    <time id="T111S" value="00:13:07,600" />
...annars tar pumpaskallen er.
    <time id="T111E" value="00:13:10,400" />
  </s>
  <s id="122">
    <time id="T112S" value="00:13:13,600" />
Låt bli mig.
    <time id="T112E" value="00:13:15,600" />
  </s>
  <s id="123">
    <time id="T113S" value="00:13:15,800" />
Knäppskalle!
    <time id="T113E" value="00:13:17,200" />
  </s>
  <s id="124">
    <time id="T114S" value="00:13:18,300" />
Kom nu, Linda.
    <time id="T114E" value="00:13:20,100" />
  </s>
  <s id="125">
    <time id="T115S" value="00:13:35,400" />
HALLOWEENFEST
    <time id="T115E" value="00:13:37,300" />
  </s>
  <s id="126">
    <time id="T116S" value="00:13:58,200" />
VÄLKOMNA till HALLOWEEN
    <time id="T116E" value="00:14:00,000" />
  </s>
  <s id="127">
    <time id="T117S" value="00:15:10,500" />
Är det här deras "matsal"?
    <time id="T117E" value="00:15:12,900" />
  </s>
  <s id="128">
    <time id="T118S" value="00:15:29,900" />
Du skrämde mig.
    <time id="T118E" value="00:15:31,300" />
  </s>
  <s id="129">
    <time id="T119S" value="00:15:32,600" />
Vad gör du här inne?
    <time id="T119E" value="00:15:35,000" />
  </s>
  <s id="130">
    <time id="T120S" value="00:15:35,200" />
Inget, jag trodde jag hade huvudvärk.
    <time id="T120E" value="00:15:38,300" />
  </s>
  <s id="131">
    <time id="T121S" value="00:15:38,500" />
Men den är borta nu.
    <time id="T121E" value="00:15:39,600" />
  </s>
  <s id="132">
    <time id="T122S" value="00:15:40,900" />
Vänta!
    <time id="T122E" value="00:15:42,300" />
  </s>
  <s id="133">
    <time id="T123S" value="00:15:45,100" />
Vänta ett tag!
    <time id="T123E" value="00:15:46,900" />
  </s>
  <s id="134">
    <time id="T124S" value="00:17:09,200" />
Snabba på, bandet börjar när som helst.
    <time id="T124E" value="00:17:12,500" />
  </s>
  <s id="135">
    <time id="T125S" value="00:17:16,300" />
- Magistern?
  </s>
  <s id="136">
- Vad är det, Sharon?
    <time id="T125E" value="00:17:18,300" />
  </s>
  <s id="137">
    <time id="T126S" value="00:17:18,500" />
Ska ni inte sätta på er era kostymer?
  </s>
  <s id="138">
Vad är det?
    <time id="T126E" value="00:17:22,300" />
  </s>
  <s id="139">
    <time id="T127S" value="00:17:22,600" />
Linda sa att hon inte mådde bra, hon kanske har järnbrist igen.
    <time id="T127E" value="00:17:27,800" />
  </s>
  <s id="140">
    <time id="T128S" value="00:17:28,100" />
Jag tänkte gå med henne till sjukrummet.
    <time id="T128E" value="00:17:31,000" />
  </s>
  <s id="141">
    <time id="T129S" value="00:17:33,200" />
lgen? 
  </s>
  <s id="142">
Okej. 
  </s>
  <s id="143">
Ni behöver väl inte mig?
    <time id="T129E" value="00:17:36,700" />
  </s>
  <s id="144">
    <time id="T130S" value="00:17:36,800" />
- Nej.
  </s>
  <s id="145">
- Kom tillbaka när hon mår bättre.
    <time id="T130E" value="00:17:40,300" />
  </s>
  <s id="146">
    <time id="T131S" value="00:17:40,600" />
- Var försiktiga.
  </s>
  <s id="147">
- Okej.
    <time id="T131E" value="00:17:42,700" />
  </s>
  <s id="148">
    <time id="T132S" value="00:17:48,000" />
Hur är det?
    <time id="T132E" value="00:17:49,600" />
  </s>
  <s id="149">
    <time id="T133S" value="00:17:49,800" />
Det tar inte lång stund.
    <time id="T133E" value="00:17:51,700" />
  </s>
  <s id="150">
    <time id="T134S" value="00:18:15,800" />
Jag skulle vilja ta det lugnt då och då.
    <time id="T134E" value="00:18:18,700" />
  </s>
  <s id="151">
    <time id="T135S" value="00:18:18,900" />
Särskilt en sån här dag.
    <time id="T135E" value="00:18:21,100" />
  </s>
  <s id="152">
    <time id="T136S" value="00:18:25,000" />
Det är inte kul att må så här på Halloween, eller hur?
    <time id="T136E" value="00:18:28,200" />
  </s>
  <s id="153">
    <time id="T137S" value="00:18:34,000" />
Oroa dig inte, det är lindrig järnbrist.
    <time id="T137E" value="00:18:37,500" />
  </s>
  <s id="154">
    <time id="T138S" value="00:18:37,800" />
Hon mår snart bättre.
    <time id="T138E" value="00:18:40,100" />
  </s>
  <s id="155">
    <time id="T139S" value="00:18:40,300" />
Du borde försöka att inte oroa dig så mycket och njuta av festen.
    <time id="T140E" value="00:18:46,700" />
  </s>
  <s id="156">
    <time id="T141S" value="00:18:46,900" />
Vad ska ni klä ut er till?
    <time id="T141E" value="00:18:49,800" />
  </s>
  <s id="157">
    <time id="T142S" value="00:18:50,100" />
Häxor? 
  </s>
  <s id="158">
Eller kanske vampyrer?
    <time id="T142E" value="00:18:53,700" />
  </s>
  <s id="159">
    <time id="T143S" value="00:18:59,100" />
Här är det.
    <time id="T143E" value="00:19:01,000" />
  </s>
  <s id="160">
    <time id="T144S" value="00:19:02,200" />
Sharon, vad är det? 
  </s>
  <s id="161">
Vad står på?
    <time id="T144E" value="00:19:05,100" />
  </s>
  <s id="162">
    <time id="T145S" value="00:19:08,800" />
Du...
    <time id="T145E" value="00:19:09,800" />
  </s>
  <s id="163">
    <time id="T146S" value="00:19:41,500" />
Fan!
    <time id="T146E" value="00:19:42,600" />
  </s>
  <s id="164">
    <time id="T147S" value="00:19:42,900" />
Du!
    <time id="T147E" value="00:19:43,800" />
  </s>
  <s id="165">
    <time id="T148S" value="00:19:45,700" />
Du!
    <time id="T148E" value="00:19:46,900" />
  </s>
  <s id="166">
    <time id="T149S" value="00:19:49,100" />
Hör på mig!
    <time id="T149E" value="00:19:50,300" />
  </s>
  <s id="167">
    <time id="T150S" value="00:19:50,500" />
Glöm vad du såg.
    <time id="T150E" value="00:19:52,900" />
  </s>
  <s id="168">
    <time id="T151S" value="00:20:07,500" />
Varför... 
  </s>
  <s id="169">
Vad är det... 
  </s>
  <s id="170">
Du är...
    <time id="T151E" value="00:20:10,300" />
  </s>
  <s id="171">
    <time id="T152S" value="00:20:11,900" />
Linda mådde inte bra.
  </s>
  <s id="172">
Hon sov bara.
    <time id="T152E" value="00:20:16,900" />
  </s>
  <s id="173">
    <time id="T153S" value="00:20:41,600" />
Va? 
  </s>
  <s id="174">
Vad är det där?
    <time id="T153E" value="00:20:44,500" />
  </s>
  <s id="175">
    <time id="T154S" value="00:21:30,300" />
Hej, mamma-san. 
  </s>
  <s id="176">
Var är min öl?
    <time id="T154E" value="00:21:32,700" />
  </s>
  <s id="177">
    <time id="T155S" value="00:21:34,000" />
Ursäkta.
    <time id="T155E" value="00:21:37,400" />
  </s>
  <s id="178">
    <time id="T156S" value="00:21:40,000" />
Ursäkta mig, jag kommer strax.
    <time id="T156E" value="00:21:42,000" />
  </s>
  <s id="179">
    <time id="T157S" value="00:22:37,700" />
Otroligt! 
  </s>
  <s id="180">
Det finns faktiskt tre.
    <time id="T157E" value="00:22:41,300" />
  </s>
  <s id="181">
    <time id="T158S" value="00:22:41,600" />
Sväng till vänster här.
    <time id="T158E" value="00:22:43,300" />
  </s>
  <s id="182">
    <time id="T159S" value="00:22:43,500" />
Är de inte på basen?
    <time id="T159E" value="00:22:45,500" />
  </s>
  <s id="183">
    <time id="T160S" value="00:22:45,700" />
- Där är den andra.
  </s>
  <s id="184">
- Va?
    <time id="T160E" value="00:22:47,800" />
  </s>
  <s id="185">
    <time id="T161S" value="00:22:47,900" />
Det är över om vi tappar bort den.
  </s>
  <s id="186">
Skynda dig.
    <time id="T161E" value="00:22:50,500" />
  </s>
  <s id="187">
    <time id="T162S" value="00:23:11,300" />
TÄVLING
    <time id="T162E" value="00:23:12,700" />
  </s>
  <s id="188">
    <time id="T163S" value="00:24:23,800" />
Ted, har du sett Sharon?
    <time id="T163E" value="00:24:25,600" />
  </s>
  <s id="189">
    <time id="T164S" value="00:24:25,700" />
Nej.
    <time id="T164E" value="00:24:27,200" />
  </s>
  <s id="190">
    <time id="T165S" value="00:25:40,000" />
Den är inte äkta!
    <time id="T165E" value="00:25:42,000" />
  </s>
  <s id="191">
    <time id="T166S" value="00:26:10,100" />
Vad gör du?
    <time id="T166E" value="00:26:11,300" />
  </s>
  <s id="192">
    <time id="T167S" value="00:26:11,900" />
Spring!
    <time id="T167E" value="00:26:12,900" />
  </s>
  <s id="193">
    <time id="T168S" value="00:26:28,800" />
Den är på väg mot basen.
    <time id="T168E" value="00:26:31,100" />
  </s>
  <s id="194">
    <time id="T169S" value="00:26:31,300" />
Säg åt militären att dra sig tillbaka. 
  </s>
  <s id="195">
Louis, leta rätt på Saya!
    <time id="T169E" value="00:26:34,900" />
  </s>
  <s id="196">
    <time id="T170S" value="00:27:04,700" />
Ursäkta mig, försöker ni överraska mig?
    <time id="T170E" value="00:27:09,300" />
  </s>
  <s id="197">
    <time id="T171S" value="00:27:10,500" />
Ni är lärarinna, vad gör ni här?
    <time id="T171E" value="00:27:13,500" />
  </s>
  <s id="198">
    <time id="T172S" value="00:27:13,800" />
Borde inte ni vara på festen?
    <time id="T172E" value="00:27:15,700" />
  </s>
  <s id="199">
    <time id="T173S" value="00:27:15,800" />
Hjälp! 
  </s>
  <s id="200">
En elev förvandlades till ett monster!
    <time id="T173E" value="00:27:18,500" />
  </s>
  <s id="201">
    <time id="T174S" value="00:27:18,800" />
Det går jag inte på, även om det är Halloween.
    <time id="T174E" value="00:27:23,300" />
  </s>
  <s id="202">
    <time id="T175S" value="00:27:23,500" />
Jag menar det!
  </s>
  <s id="203">
Den hoppade på mig där borta.
    <time id="T175E" value="00:27:26,300" />
  </s>
  <s id="204">
    <time id="T176S" value="00:27:26,700" />
Dagens ungdom! 
  </s>
  <s id="205">
De lever sig verkligen in i sina trick.
    <time id="T176E" value="00:27:31,500" />
  </s>
  <s id="206">
    <time id="T177S" value="00:27:31,700" />
Det är inget trick!
  </s>
  <s id="207">
Snälla, tro mig! 
  </s>
  <s id="208">
Hjälp mig!
    <time id="T177E" value="00:27:35,900" />
  </s>
  <s id="209">
    <time id="T178S" value="00:27:38,600" />
Lugna ner er en smula.
    <time id="T178E" value="00:27:41,400" />
  </s>
  <s id="210">
    <time id="T179S" value="00:27:44,800" />
Vi brukade också skrämma lärare vi inte gillade.
    <time id="T179E" value="00:27:48,400" />
  </s>
  <s id="211">
    <time id="T180S" value="00:27:48,600" />
De har ingen anledning att avsky någon som är så söt som du.
    <time id="T180E" value="00:27:52,400" />
  </s>
  <s id="212">
    <time id="T181S" value="00:27:52,700" />
Det är antagligen någon elev som vill ha uppmärksamhet...
    <time id="T181E" value="00:27:55,700" />
  </s>
  <s id="213">
    <time id="T182S" value="00:28:37,300" />
Spring!
    <time id="T182E" value="00:28:38,300" />
  </s>
  <s id="214">
    <time id="T183S" value="00:28:47,500" />
Stanna! 
  </s>
  <s id="215">
Vart ska du?
  </s>
  <s id="216">
Det är tillträde förbjudet här!
    <time id="T183E" value="00:28:51,500" />
  </s>
  <s id="217">
    <time id="T184S" value="00:28:56,000" />
- Snälla...
  </s>
  <s id="218">
- Stanna!
    <time id="T184E" value="00:28:57,700" />
  </s>
  <s id="219">
    <time id="T185S" value="00:28:57,900" />
- Hjälp oss!
  </s>
  <s id="220">
- Vem är du?
    <time id="T185E" value="00:29:00,600" />
  </s>
  <s id="221">
    <time id="T186S" value="00:29:00,800" />
Vem är flickan?
    <time id="T186E" value="00:29:02,600" />
  </s>
  <s id="222">
    <time id="T187S" value="00:29:02,700" />
Hon är...
    <time id="T187E" value="00:29:04,200" />
  </s>
  <s id="223">
    <time id="T188S" value="00:29:04,400" />
Vad har hänt? 
  </s>
  <s id="224">
Du blöder.
    <time id="T188E" value="00:29:07,800" />
  </s>
  <s id="225">
    <time id="T189S" value="00:29:08,000" />
BlLUNDERHÅLL
    <time id="T189E" value="00:29:09,800" />
  </s>
  <s id="226">
    <time id="T190S" value="00:29:10,000" />
- Vi har blivit överfallna.
  </s>
  <s id="227">
- Jag ska kontakta mina överordnade.
    <time id="T190E" value="00:29:14,800" />
  </s>
  <s id="228">
    <time id="T191S" value="00:29:16,100" />
Va?
    <time id="T191E" value="00:29:17,100" />
  </s>
  <s id="229">
    <time id="T192S" value="00:29:29,900" />
Gå in.
    <time id="T192E" value="00:29:30,900" />
  </s>
  <s id="230">
    <time id="T193S" value="00:29:37,700" />
Vad gjorde du?
    <time id="T193E" value="00:29:39,300" />
  </s>
  <s id="231">
    <time id="T194S" value="00:29:40,400" />
Vad försöker du göra här?
    <time id="T194E" value="00:29:43,200" />
  </s>
  <s id="232">
    <time id="T195S" value="00:29:43,400" />
Håll käften!
    <time id="T195E" value="00:29:44,900" />
  </s>
  <s id="233">
    <time id="T196S" value="00:29:55,400" />
Hör på! 
  </s>
  <s id="234">
De som märkts av "dem"
    <time id="T196E" value="00:29:58,600" />
  </s>
  <s id="235">
    <time id="T197S" value="00:29:58,700" />
eller som har "deras" form får inte leva.
    <time id="T197E" value="00:30:01,500" />
  </s>
  <s id="236">
    <time id="T198S" value="00:30:02,900" />
Vi måste döda "dem" innan "de" tar oss.
    <time id="T198E" value="00:30:07,400" />
  </s>
  <s id="237">
    <time id="T199S" value="00:30:07,800" />
Vad är "de"?
    <time id="T199E" value="00:30:09,200" />
  </s>
  <s id="238">
    <time id="T200S" value="00:30:11,300" />
Demoner.
  </s>
  <s id="239">
De lever på människoblod.
    <time id="T200E" value="00:30:14,500" />
  </s>
  <s id="240">
    <time id="T201S" value="00:30:33,200" />
Fan! 
  </s>
  <s id="241">
Finns det ingenting?
    <time id="T201E" value="00:30:36,200" />
  </s>
  <s id="242">
    <time id="T202S" value="00:30:39,500" />
Som vad då?
    <time id="T202E" value="00:30:40,700" />
  </s>
  <s id="243">
    <time id="T203S" value="00:30:40,800" />
Ett vapen.
    <time id="T203E" value="00:30:41,900" />
  </s>
  <s id="244">
    <time id="T204S" value="00:30:46,600" />
Här...
    <time id="T204E" value="00:30:47,600" />
  </s>
  <s id="245">
    <time id="T205S" value="00:30:47,800" />
Man kan inte döda dem med den.
    <time id="T205E" value="00:30:50,100" />
  </s>
  <s id="246">
    <time id="T206S" value="00:30:50,700" />
De dör inte om de inte förlorar tillräckligt med blod av ett slag.
    <time id="T206E" value="00:30:54,900" />
  </s>
  <s id="247">
    <time id="T207S" value="00:30:56,100" />
Vad ska jag med pistolen till?
    <time id="T207E" value="00:30:58,100" />
  </s>
  <s id="248">
    <time id="T208S" value="00:30:58,800" />
Du kanske behöver den.
    <time id="T208E" value="00:31:00,500" />
  </s>
  <s id="249">
    <time id="T209S" value="00:31:04,000" />
Du kan ta livet av dig om det behövs.
    <time id="T209E" value="00:31:05,800" />
  </s>
  <s id="250">
    <time id="T210S" value="00:31:09,300" />
Gode Gud, hjälp mig...
    <time id="T210E" value="00:31:11,100" />
  </s>
  <s id="251">
    <time id="T211S" value="00:31:12,100" />
Nej!
    <time id="T211E" value="00:31:13,100" />
  </s>
  <s id="252">
    <time id="T212S" value="00:31:19,600" />
Varför just jag?
    <time id="T212E" value="00:31:20,600" />
  </s>
  <s id="253">
    <time id="T213S" value="00:31:22,400" />
Vem är du?
    <time id="T213E" value="00:31:23,700" />
  </s>
  <s id="254">
    <time id="T214S" value="00:31:26,300" />
Varför hjälpte du mig?
    <time id="T214E" value="00:31:30,400" />
  </s>
  <s id="255">
    <time id="T215S" value="00:31:31,600" />
Du har tur, jag kan inte döda "människor".
    <time id="T215E" value="00:31:36,600" />
  </s>
  <s id="256">
    <time id="T216S" value="00:32:02,900" />
Håll käften!
    <time id="T216E" value="00:32:03,900" />
  </s>
  <s id="257">
    <time id="T217S" value="00:32:19,700" />
Vänta! 
  </s>
  <s id="258">
Skjut inte!
    <time id="T217E" value="00:32:20,900" />
  </s>
  <s id="259">
    <time id="T218S" value="00:32:57,700" />
Är det du, Saya?
    <time id="T218E" value="00:32:59,800" />
  </s>
  <s id="260">
    <time id="T219S" value="00:33:02,900" />
Öppna dörren!
    <time id="T219E" value="00:33:04,600" />
  </s>
  <s id="261">
    <time id="T220S" value="00:33:37,100" />
Satan!
    <time id="T220E" value="00:33:38,400" />
  </s>
  <s id="262">
    <time id="T221S" value="00:33:58,500" />
Jag står inte ut längre.
    <time id="T221E" value="00:34:00,000" />
  </s>
  <s id="263">
    <time id="T222S" value="00:34:04,200" />
Ge inte upp!
    <time id="T222E" value="00:34:05,600" />
  </s>
  <s id="264">
    <time id="T223S" value="00:34:05,800" />
ln i bilen!
    <time id="T223E" value="00:34:06,800" />
  </s>
  <s id="265">
    <time id="T224S" value="00:34:07,700" />
Kör sönder dörrarna!
    <time id="T224E" value="00:34:09,400" />
  </s>
  <s id="266">
    <time id="T225S" value="00:34:34,200" />
Fan!
    <time id="T225E" value="00:34:35,300" />
  </s>
  <s id="267">
    <time id="T226S" value="00:34:51,700" />
Svärd!
    <time id="T226E" value="00:34:53,100" />
  </s>
  <s id="268">
    <time id="T227S" value="00:35:03,600" />
Är du oskadd?
    <time id="T227E" value="00:35:05,400" />
  </s>
  <s id="269">
    <time id="T228S" value="00:35:27,000" />
Nej!
    <time id="T228E" value="00:35:28,500" />
  </s>
  <s id="270">
    <time id="T229S" value="00:35:28,700" />
Den tänker flyga, ta bilen.
    <time id="T229E" value="00:35:31,500" />
  </s>
  <s id="271">
    <time id="T230S" value="00:35:44,900" />
Den kommer att lyfta.
    <time id="T230E" value="00:35:46,500" />
  </s>
  <s id="272">
    <time id="T231S" value="00:35:54,000" />
Skynda dig!
    <time id="T231E" value="00:35:55,400" />
  </s>
  <s id="273">
    <time id="T232S" value="00:36:00,500" />
Det här är Louis.
    <time id="T232E" value="00:36:01,600" />
  </s>
  <s id="274">
    <time id="T233S" value="00:36:01,600" />
Måltavlan är på väg mot startbanan.
    <time id="T233E" value="00:36:04,500" />
  </s>
  <s id="275">
    <time id="T234S" value="00:36:04,700" />
Vi måste nå kvinnan som såg den innan snuten pratar med henne.
    <time id="T234E" value="00:36:08,700" />
  </s>
  <s id="276">
    <time id="T235S" value="00:36:09,000" />
Uppfattat.
    <time id="T235E" value="00:36:10,900" />
  </s>
  <s id="277">
    <time id="T236S" value="00:36:25,000" />
Fan, den tänker hoppa upp.
    <time id="T236E" value="00:36:26,800" />
  </s>
  <s id="278">
    <time id="T237S" value="00:36:27,000" />
Åt helvete med den!
    <time id="T237E" value="00:36:28,400" />
  </s>
  <s id="279">
    <time id="T238S" value="00:36:28,600" />
Låt bli den.
    <time id="T238E" value="00:36:30,300" />
  </s>
  <s id="280">
    <time id="T239S" value="00:36:57,000" />
- Närmare!
  </s>
  <s id="281">
- Det är inte så lätt!
    <time id="T239E" value="00:37:00,800" />
  </s>
  <s id="282">
    <time id="T240S" value="00:38:11,200" />
Vart ska du, Saya?
  </s>
  <s id="283">
Du kan inte gå härifrån.
    <time id="T240E" value="00:38:14,200" />
  </s>
  <s id="284">
    <time id="T241S" value="00:39:52,000" />
Det är allt jag vet.
    <time id="T241E" value="00:39:54,600" />
  </s>
  <s id="285">
    <time id="T242S" value="00:39:54,800" />
Jag har berättat allt jag såg med mina egna ögon.
    <time id="T242E" value="00:39:58,700" />
  </s>
  <s id="286">
    <time id="T243S" value="00:39:59,000" />
Jag är inte säker på att ni tror mig.
    <time id="T243E" value="00:40:02,700" />
  </s>
  <s id="287">
    <time id="T244S" value="00:40:02,900" />
Nej, nej.
  </s>
  <s id="288">
Vi vill bara veta vad som hände.
    <time id="T244E" value="00:40:07,400" />
  </s>
  <s id="289">
    <time id="T245S" value="00:40:08,800" />
Jag är inte säker på vad som hände.
    <time id="T245E" value="00:40:11,400" />
  </s>
  <s id="290">
    <time id="T246S" value="00:40:11,600" />
När jag återvände till sjukrummet så var det som borde ha varit Lindas...
    <time id="T246E" value="00:40:16,200" />
  </s>
  <s id="291">
    <time id="T247S" value="00:40:16,500" />
Den konstiga varelsens kvarlevor var borta.
    <time id="T247E" value="00:40:20,100" />
  </s>
  <s id="292">
    <time id="T248S" value="00:40:20,300" />
Det finns inga tecken på slagsmål.
    <time id="T248E" value="00:40:22,500" />
  </s>
  <s id="293">
    <time id="T249S" value="00:40:22,700" />
Allt var städat.
    <time id="T249E" value="00:40:25,100" />
  </s>
  <s id="294">
    <time id="T250S" value="00:40:25,300" />
Varken rektorn eller lärarna trodde mig när jag talade om vad som hade hänt.
    <time id="T251E" value="00:40:32,400" />
  </s>
  <s id="295">
    <time id="T252S" value="00:40:35,700" />
Hon kallade mannen hon hade med sig David.
    <time id="T252E" value="00:40:40,100" />
  </s>
  <s id="296">
    <time id="T253S" value="00:40:40,400" />
Arbetar han här i byggnaden?
    <time id="T253E" value="00:40:42,800" />
  </s>
  <s id="297">
    <time id="T254S" value="00:40:43,000" />
Han måste veta vad som hänt.
  </s>
  <s id="298">
Var är han?
    <time id="T254E" value="00:40:46,000" />
  </s>
  <s id="299">
    <time id="T255S" value="00:40:49,600" />
Ingen som passar signalementet arbetar eller är stationerad på basen.
    <time id="T256E" value="00:40:55,100" />
  </s>
  <s id="300">
    <time id="T257S" value="00:40:55,200" />
- Det kan inte stämma...
  </s>
  <s id="301">
- Beklagar.
    <time id="T257E" value="00:40:57,800" />
  </s>
  <s id="302">
    <time id="T258S" value="00:40:58,000" />
Det är det enda vi vet.
    <time id="T258E" value="00:41:00,600" />
  </s>
  <s id="303">
    <time id="T259S" value="00:41:06,800" />
Såg flickan du såg ut så här?
    <time id="T259E" value="00:41:12,400" />
  </s>
  <s id="304">
    <time id="T260S" value="00:41:27,300" />
VAMPYR
    <time id="T260E" value="00:41:29,500" />
  </s>
  <s id="305">
    <time id="T261S" value="00:42:48,900" />
Jag förstod inte vad jag såg.
    <time id="T261E" value="00:42:55,400" />
  </s>
  <s id="306">
    <time id="T262S" value="00:42:55,600" />
Flickan Saya och varelserna hon dödade var ett mysterium.
    <time id="T262E" value="00:43:00,400" />
  </s>
  <s id="307">
    <time id="T263S" value="00:43:00,700" />
Två elever sades ha flyttat till andra skolor.
    <time id="T263E" value="00:43:05,100" />
  </s>
  <s id="308">
    <time id="T264S" value="00:43:05,400" />
Kan hon finnas kvar här på basen?
    <time id="T264E" value="00:43:10,600" />
  </s>
  <s id="309">
    <time id="T265S" value="00:43:12,100" />
Kämpar hon fortfarande mot varelserna?
    <time id="T265E" value="00:43:16,000" />
  </s>
  <s id="310">
    <time id="T266S" value="00:43:16,200" />
Precis som vi människor fortsätter att döda varandra.
    <time id="T266E" value="00:43:20,100" />
  </s>
  <s id="311">
    <time id="T267S" value="00:43:21,700" />
Den vackra men farliga levande varelsen.
    <time id="T267E" value="00:43:25,900" />
  </s>
  <s id="312">
    <time id="T268S" value="00:43:29,200" />
Frihetsarmén har angripit den amerikanska Blake-basen.
    <time id="T268E" value="00:43:33,800" />
  </s>
  <s id="313">
    <time id="T269S" value="00:43:34,100" />
Som hämnd har B-52:or från Yokota-basen i Japan beordrats att flyga till Nordvietnam.
    <time id="T270E" value="00:43:40,800" />
  </s>
  <s id="314">
    <time id="T271S" value="00:43:45,400" />
Text: 
  </s>
  <s id="315">
European Captioning Institute Synk: 
  </s>
  <s id="316">
Torsten Bengtsson
    <time id="T271E" value="00:43:53,400" />
  </s>
  <meta>
    <source>
      <country>Japan, USA</country>
      <year>2000</year>
      <duration>48</duration>
      <HD>1</HD>
      <original>English, Japanese</original>
      <cds>1/1</cds>
      <genre>Action,Animation,Horror</genre>
    </source>
    <conversion>
      <sentences>316</sentences>
      <encoding>windows-1252</encoding>
      <tokens>1869</tokens>
      <unknown_words>18</unknown_words>
      <ignored_blocks>2</ignored_blocks>
      <corrected_words>13</corrected_words>
      <truecased_words>13</truecased_words>
    </conversion>
    <subtitle>
      <rating>1.0</rating>
      <machine_translated>0</machine_translated>
      <blocks>272</blocks>
      <confidence>1.0</confidence>
      <duration>00:43:58,401</duration>
      <language>Swedish</language>
      <date>2014-07-13</date>
      <version>1</version>
    </subtitle>
  </meta>
</document>
