<?xml version="1.0" encoding="utf-8"?>
<document id="4265284">
  <s id="1">
    <time id="T1S" value="00:00:11,200" />
HÅLVIK, JUNI
    <time id="T1E" value="00:00:15,193" />
  </s>
  <s id="2">
    <time id="T2S" value="00:00:43,080" />
RYSKA KARELEN, 10 DAGAR SENARE
    <time id="T2E" value="00:00:46,629" />
  </s>
  <s id="3">
    <time id="T3S" value="00:03:04,520" />
Bättre rastplatser har man sett.
  </s>
  <s id="4">
-Visst.
    <time id="T3E" value="00:03:09,833" />
  </s>
  <s id="5">
    <time id="T4S" value="00:03:32,640" />
TRE DÖDA I MORDBRAND
    <time id="T4E" value="00:03:36,235" />
  </s>
  <s id="6">
    <time id="T5S" value="00:03:36,400" />
Varför är du sen? 
  </s>
  <s id="7">
-Vi hade problem.
    <time id="T5E" value="00:03:40,109" />
  </s>
  <s id="8">
    <time id="T6S" value="00:03:53,880" />
Kommer du tillbaka?
    <time id="T6E" value="00:03:56,633" />
  </s>
  <s id="9">
    <time id="T7S" value="00:03:57,320" />
Någon dag.
    <time id="T7E" value="00:03:59,072" />
  </s>
  <s id="10">
    <time id="T8S" value="00:04:04,240" />
Ska du till den där kvinnan?
    <time id="T8E" value="00:04:06,674" />
  </s>
  <s id="11">
    <time id="T9S" value="00:04:06,760" />
Knappast.
    <time id="T9E" value="00:04:08,830" />
  </s>
  <s id="12">
    <time id="T10S" value="00:04:11,080" />
Varför skrev du inte till henne, kuttrade lite?
    <time id="T10E" value="00:04:15,790" />
  </s>
  <s id="13">
    <time id="T11S" value="00:04:15,880" />
Två år är en lång tid.
    <time id="T11E" value="00:04:19,793" />
  </s>
  <s id="14">
    <time id="T12S" value="00:04:20,800" />
Det är 200 till Vaalimaa.
  </s>
  <s id="15">
Vi är i Helsingfors på eftermiddan.
    <time id="T12E" value="00:04:25,555" />
  </s>
  <s id="16">
    <time id="T13S" value="00:04:25,720" />
Om vi är... 
  </s>
  <s id="17">
De bröt sigillen.
    <time id="T13E" value="00:04:29,110" />
  </s>
  <s id="18">
    <time id="T14S" value="00:04:30,560" />
Nästan äkta sigill.
    <time id="T14E" value="00:04:34,269" />
  </s>
  <s id="19">
    <time id="T15S" value="00:04:35,640" />
Jag köpte dem av en bulgarisk tullare. 
  </s>
  <s id="20">
Skillnaden märks inte.
    <time id="T15E" value="00:04:41,909" />
  </s>
  <s id="21">
    <time id="T16S" value="00:04:42,160" />
Sigillen är förfalskade.
    <time id="T16E" value="00:04:45,038" />
  </s>
  <s id="22">
    <time id="T17S" value="00:04:45,120" />
Sämre försök har man sett.
    <time id="T17E" value="00:04:47,509" />
  </s>
  <s id="23">
    <time id="T18S" value="00:04:47,680" />
Jag råkade på tjuvar. 
  </s>
  <s id="24">
-Och artiga var de, lappade sigillen.
    <time id="T18E" value="00:04:52,800" />
  </s>
  <s id="25">
    <time id="T19S" value="00:04:52,960" />
Vi granskar last och ID-papper.
    <time id="T19E" value="00:04:55,918" />
  </s>
  <s id="26">
    <time id="T20S" value="00:04:56,080" />
ID-papper.
    <time id="T20E" value="00:04:58,389" />
  </s>
  <s id="27">
    <time id="T21S" value="00:05:16,360" />
Vad händer här?
    <time id="T21E" value="00:05:17,873" />
  </s>
  <s id="28">
    <time id="T22S" value="00:05:18,040" />
Läser ni inte tidningar? 
  </s>
  <s id="29">
Det är Världsbankens årsmöte i Helsingfors.
    <time id="T22E" value="00:05:22,670" />
  </s>
  <s id="30">
    <time id="T23S" value="00:05:22,840" />
Alla gränsstationer har specialberedskap.
    <time id="T23E" value="00:05:26,719" />
  </s>
  <s id="31">
    <time id="T24S" value="00:05:27,640" />
Polisen är mördare!
    <time id="T24E" value="00:05:32,236" />
  </s>
  <s id="32">
    <time id="T25S" value="00:05:32,320" />
Polisen är mördare!
    <time id="T25E" value="00:05:35,915" />
  </s>
  <s id="33">
    <time id="T26S" value="00:05:36,600" />
Polisen är mördare!
    <time id="T26E" value="00:05:40,354" />
  </s>
  <s id="34">
    <time id="T27S" value="00:05:45,440" />
Fan också...
    <time id="T27E" value="00:05:47,556" />
  </s>
  <s id="35">
    <time id="T28S" value="00:05:51,920" />
Inga papper, ingen plånbok, mobiltelefon eller ens nyckel.
    <time id="T28E" value="00:05:58,234" />
  </s>
  <s id="36">
    <time id="T29S" value="00:05:59,040" />
Ingen känner henne, tillsvidare.
    <time id="T29E" value="00:06:02,396" />
  </s>
  <s id="37">
    <time id="T30S" value="00:06:02,480" />
Ögonvittnena trodde hon fick en sjukdomsattack.
    <time id="T30E" value="00:06:05,677" />
  </s>
  <s id="38">
    <time id="T31S" value="00:06:07,760" />
Det hördes några skott. 
  </s>
  <s id="39">
Polisens Björnliga sköt med gummikulor.
    <time id="T31E" value="00:06:12,436" />
  </s>
  <s id="40">
    <time id="T32S" value="00:06:12,520" />
Har nån av bröderna Marx erkänt?
  </s>
  <s id="41">
-Inte än. 
  </s>
  <s id="42">
Tekniken tog deras vapen.
    <time id="T32E" value="00:06:20,359" />
  </s>
  <s id="43">
    <time id="T33S" value="00:06:22,560" />
Och det dödande skottet? 
  </s>
  <s id="44">
-Gick rakt igenom. 
  </s>
  <s id="45">
Man letar efter kulan.
    <time id="T33E" value="00:06:27,793" />
  </s>
  <s id="46">
    <time id="T34S" value="00:06:29,600" />
Sanna, var är Huusko?
    <time id="T34E" value="00:06:33,479" />
  </s>
  <s id="47">
    <time id="T35S" value="00:06:34,040" />
Han är ledig i dag.
    <time id="T35E" value="00:06:35,837" />
  </s>
  <s id="48">
    <time id="T36S" value="00:06:36,160" />
Du kan träna när det passar dig.
  </s>
  <s id="49">
Och inte nog med det.
    <time id="T36E" value="00:06:40,358" />
  </s>
  <s id="50">
    <time id="T37S" value="00:06:40,520" />
Efteråt kan du ta gym rubbern på dig och ge ett ytterst solvent intryck.
    <time id="T37E" value="00:06:47,312" />
  </s>
  <s id="51">
    <time id="T38S" value="00:07:03,000" />
Inrikesminister Wesmarck beklagar vådaskottet under demonstrationen...
    <time id="T38E" value="00:07:07,596" />
  </s>
  <s id="52">
    <time id="T39S" value="00:07:07,760" />
Vad pratar hon om?
  </s>
  <s id="53">
-Polisen har skjutit en demonstrant.
    <time id="T39E" value="00:07:12,231" />
  </s>
  <s id="54">
    <time id="T40S" value="00:07:12,400" />
Offrets identitet är inte känd.
  </s>
  <s id="55">
Utredningen leds - av kriminalkommissarie Eero Jansson på våldsbrottsenheten i Helsingfors.
    <time id="T41E" value="00:07:22,594" />
  </s>
  <s id="56">
    <time id="T42S" value="00:07:22,680" />
Där rök min lediga dag.
    <time id="T42E" value="00:07:25,114" />
  </s>
  <s id="57">
    <time id="T43S" value="00:07:25,280" />
Du hade ändå inte kunnat stanna.
    <time id="T43E" value="00:07:27,669" />
  </s>
  <s id="58">
    <time id="T44S" value="00:07:27,840" />
Min första kund kommer vid elva.
    <time id="T44E" value="00:07:31,116" />
  </s>
  <s id="59">
    <time id="T45S" value="00:07:32,240" />
Det här blir svårare för varje dag.
    <time id="T45E" value="00:07:35,869" />
  </s>
  <s id="60">
    <time id="T46S" value="00:07:35,960" />
Varför vill du knulla med en fiskhandlare från Björneborg?
    <time id="T46E" value="00:07:40,431" />
  </s>
  <s id="61">
    <time id="T47S" value="00:07:40,600" />
Det är mitt jobb.
    <time id="T47E" value="00:07:42,989" />
  </s>
  <s id="62">
    <time id="T48S" value="00:07:43,680" />
Jag får 200 euro i timmen för det.
    <time id="T48E" value="00:07:47,639" />
  </s>
  <s id="63">
    <time id="T49S" value="00:07:47,720" />
Jag gillar det.
    <time id="T49E" value="00:07:49,790" />
  </s>
  <s id="64">
    <time id="T50S" value="00:07:52,640" />
Enligt polisen deltog över 10 000 personer i demonstrationen.
    <time id="T50E" value="00:07:56,952" />
  </s>
  <s id="65">
    <time id="T51S" value="00:07:57,040" />
Finansminister Niiranen försäkrade att Världsbankens möte - genomförs som planerat trots kravallerna...
    <time id="T52E" value="00:08:05,758" />
  </s>
  <s id="66">
    <time id="T53S" value="00:08:07,920" />
Vilken världsbank?
  </s>
  <s id="67">
Jag har konto i Postbanken.
    <time id="T53E" value="00:08:13,517" />
  </s>
  <s id="68">
    <time id="T54S" value="00:08:14,480" />
Den finns inte längre.
    <time id="T54E" value="00:08:19,076" />
  </s>
  <s id="69">
    <time id="T55S" value="00:08:19,240" />
Inte? 
  </s>
  <s id="70">
Det har jag inte fått veta.
    <time id="T55E" value="00:08:22,949" />
  </s>
  <s id="71">
    <time id="T56S" value="00:08:28,280" />
KÄND UNDER NAMNET RAID, FARLIG.
    <time id="T56E" value="00:08:31,875" />
  </s>
  <s id="72">
    <time id="T57S" value="00:08:32,120" />
Tala med ögonvittnen, men bara såna som inte är tokiga.
    <time id="T57E" value="00:08:36,989" />
  </s>
  <s id="73">
    <time id="T58S" value="00:08:37,080" />
Så går ni runt med bilden tills ni hittar nån som känner henne.
    <time id="T58E" value="00:08:43,349" />
  </s>
  <s id="74">
    <time id="T59S" value="00:08:45,120" />
Får ni inte napp här, ska ni fråga på hotellen.
    <time id="T59E" value="00:08:48,510" />
  </s>
  <s id="75">
    <time id="T60S" value="00:08:48,680" />
Lyckas inte det så tar ni motellen.
    <time id="T60E" value="00:08:52,992" />
  </s>
  <s id="76">
    <time id="T61S" value="00:08:54,680" />
Men först ska gatan finkammas.
  </s>
  <s id="77">
Kulan och hylsan saknas.
    <time id="T61E" value="00:08:59,913" />
  </s>
  <s id="78">
    <time id="T62S" value="00:09:03,040" />
Jansson.
  </s>
  <s id="79">
-Turunen från tullen i Vaalimaa.
    <time id="T62E" value="00:09:06,555" />
  </s>
  <s id="80">
    <time id="T63S" value="00:09:06,720" />
Vi har order att kontakta er om han dyker upp.
    <time id="T63E" value="00:09:10,918" />
  </s>
  <s id="81">
    <time id="T64S" value="00:09:11,080" />
Nu har han gjort det.
    <time id="T64E" value="00:09:13,514" />
  </s>
  <s id="82">
    <time id="T65S" value="00:09:13,600" />
Vem?
  </s>
  <s id="83">
-Raid.
    <time id="T65E" value="00:09:16,353" />
  </s>
  <s id="84">
    <time id="T66S" value="00:09:16,520" />
Han och en typ som ser ut som en cowboy - försökte ta in en långtradare med falskt sigill. 
  </s>
  <s id="85">
Vad gör vi?
    <time id="T67E" value="00:09:23,752" />
  </s>
  <s id="86">
    <time id="T68S" value="00:09:23,920" />
Är de farliga?
  </s>
  <s id="87">
-Ja.
    <time id="T68E" value="00:09:27,117" />
  </s>
  <s id="88">
    <time id="T69S" value="00:09:27,200" />
Anhåll båda och skicka dem till Helsingfors.
    <time id="T69E" value="00:09:31,239" />
  </s>
  <s id="89">
    <time id="T70S" value="00:09:36,040" />
Jag hörde nån säga ordet som börjar på K i natt.
    <time id="T70E" value="00:09:43,230" />
  </s>
  <s id="90">
    <time id="T71S" value="00:09:45,480" />
Jag misstänker att du inte kan skilja mellan åtrå och K-ord.
    <time id="T71E" value="00:09:53,114" />
  </s>
  <s id="91">
    <time id="T72S" value="00:09:56,320" />
Det kan jag. 
  </s>
  <s id="92">
Du är den enda som slipper betala.
    <time id="T72E" value="00:10:03,351" />
  </s>
  <s id="93">
    <time id="T73S" value="00:10:10,640" />
Huusko. 
  </s>
  <s id="94">
Jag är på väg.
    <time id="T73E" value="00:10:14,189" />
  </s>
  <s id="95">
    <time id="T74S" value="00:10:16,760" />
En dag vill en kund prova på syrefattigt sex.
    <time id="T74E" value="00:10:23,313" />
  </s>
  <s id="96">
    <time id="T75S" value="00:10:23,480" />
Då är det ute med dig.
    <time id="T75E" value="00:10:28,110" />
  </s>
  <s id="97">
    <time id="T76S" value="00:10:28,960" />
Vi fortsätter så här, eller slutar.
    <time id="T76E" value="00:10:32,316" />
  </s>
  <s id="98">
    <time id="T77S" value="00:10:34,080" />
Kommer du tillbaka?
    <time id="T77E" value="00:10:36,674" />
  </s>
  <s id="99">
    <time id="T78S" value="00:10:40,120" />
Månne inte.
    <time id="T78E" value="00:10:42,634" />
  </s>
  <s id="100">
    <time id="T79S" value="00:10:45,800" />
Älskling, det här är enda stället i världen där jag slipper betala.
    <time id="T79E" value="00:10:51,636" />
  </s>
  <s id="101">
    <time id="T80S" value="00:10:55,400" />
Fem övervakningskameror men ingen som filmat hitåt.
    <time id="T80E" value="00:10:58,756" />
  </s>
  <s id="102">
    <time id="T81S" value="00:10:58,840" />
Har du färgat håret?
  </s>
  <s id="103">
-Nej, jag har peruk.
    <time id="T81E" value="00:11:02,992" />
  </s>
  <s id="104">
    <time id="T82S" value="00:11:04,280" />
Den här är den enda, men den är för långt borta.
    <time id="T82E" value="00:11:07,158" />
  </s>
  <s id="105">
    <time id="T83S" value="00:11:10,880" />
Raid är i Finland.
    <time id="T83E" value="00:11:13,792" />
  </s>
  <s id="106">
    <time id="T84S" value="00:11:14,920" />
Han kom i dag via Vaalimaa.
    <time id="T84E" value="00:11:17,673" />
  </s>
  <s id="107">
    <time id="T85S" value="00:11:18,600" />
Varför kommer han nu?
    <time id="T85E" value="00:11:21,194" />
  </s>
  <s id="108">
    <time id="T86S" value="00:11:22,000" />
Vet han om branden?
  </s>
  <s id="109">
-lnte förrän jag berättar om den.
    <time id="T86E" value="00:11:28,189" />
  </s>
  <s id="110">
    <time id="T87S" value="00:11:30,320" />
Han förs i dag till Skatudden.
    <time id="T87E" value="00:11:33,392" />
  </s>
  <s id="111">
    <time id="T88S" value="00:11:33,920" />
När han åker får du skugga honom.
  </s>
  <s id="112">
-Ja.
    <time id="T88E" value="00:11:38,436" />
  </s>
  <s id="113">
    <time id="T89S" value="00:11:45,080" />
Var är vänster ytter?
  </s>
  <s id="114">
!
    <time id="T89E" value="00:11:47,833" />
  </s>
  <s id="115">
    <time id="T90S" value="00:11:49,680" />
Offside!
    <time id="T90E" value="00:11:52,035" />
  </s>
  <s id="116">
    <time id="T91S" value="00:12:02,600" />
Var hittade du visselpipan?
    <time id="T91E" value="00:12:06,036" />
  </s>
  <s id="117">
    <time id="T92S" value="00:12:09,840" />
Den låg tre meter från kroppen.
    <time id="T92E" value="00:12:13,389" />
  </s>
  <s id="118">
    <time id="T93S" value="00:12:13,560" />
Skjuten med en Glock, tillverkad i Lappo.
    <time id="T93E" value="00:12:18,475" />
  </s>
  <s id="119">
    <time id="T94S" value="00:12:18,640" />
Matchar patronerna i Björnligans tjänstevapen.
    <time id="T94E" value="00:12:23,395" />
  </s>
  <s id="120">
    <time id="T95S" value="00:12:23,560" />
Kulan då? 
  </s>
  <s id="121">
Hittades den inte?
    <time id="T95E" value="00:12:27,758" />
  </s>
  <s id="122">
    <time id="T96S" value="00:12:27,920" />
Hylsan är inte ett bindande bevis utan kulan.
    <time id="T96E" value="00:12:31,151" />
  </s>
  <s id="123">
    <time id="T97S" value="00:12:31,240" />
Man skjuter inte gummikulor med en Glock. 
  </s>
  <s id="124">
Bara polisen sågs skjuta.
    <time id="T97E" value="00:12:37,759" />
  </s>
  <s id="125">
    <time id="T98S" value="00:12:37,840" />
Har offrets identitet redan klarnat?
  </s>
  <s id="126">
-Inte än. 
  </s>
  <s id="127">
De går runt med bilden.
    <time id="T98E" value="00:12:43,870" />
  </s>
  <s id="128">
    <time id="T99S" value="00:12:44,040" />
Här behövs ett tyngre maskineri.
  </s>
  <s id="129">
Centralkriminalen får ta över.
    <time id="T99E" value="00:12:49,876" />
  </s>
  <s id="130">
    <time id="T100S" value="00:12:49,960" />
Du hjälper dem, om de ber dig.
  </s>
  <s id="131">
-Det gör jag inte.
    <time id="T100E" value="00:12:54,238" />
  </s>
  <s id="132">
    <time id="T101S" value="00:12:54,400" />
Taximordet i Kampen, mordbranden i Hålvik och nu det här.
    <time id="T101E" value="00:13:00,077" />
  </s>
  <s id="133">
    <time id="T102S" value="00:13:00,160" />
Inga fler utredningar flyttas bort från vår enhet.
    <time id="T102E" value="00:13:03,948" />
  </s>
  <s id="134">
    <time id="T103S" value="00:13:04,120" />
Saarinen löste Hålvik-fallet på en vecka.
    <time id="T103E" value="00:13:06,793" />
  </s>
  <s id="135">
    <time id="T104S" value="00:13:06,920" />
Du övergav den mest uppenbara spaningslinjen, nynazisterna.
    <time id="T104E" value="00:13:11,072" />
  </s>
  <s id="136">
    <time id="T105S" value="00:13:11,240" />
Karln hittar inte ens papper på toaletten utan hjälp.
    <time id="T105E" value="00:13:15,597" />
  </s>
  <s id="137">
    <time id="T106S" value="00:13:15,760" />
Skinnskallarna sågs på torget i Jyväskylä när det brann.
    <time id="T106E" value="00:13:20,356" />
  </s>
  <s id="138">
    <time id="T107S" value="00:13:20,520" />
Två timmar före. 
  </s>
  <s id="139">
De blåkörde till Helsingfors. 
  </s>
  <s id="140">
De har bekänt.
    <time id="T107E" value="00:13:25,435" />
  </s>
  <s id="141">
    <time id="T108S" value="00:13:25,520" />
Folk gör allt möjligt för pengar.
    <time id="T108E" value="00:13:28,239" />
  </s>
  <s id="142">
    <time id="T109S" value="00:13:28,400" />
Demonstrationsutredningen flyttas.
  </s>
  <s id="143">
Du flyttar dig ut i korridoren.
    <time id="T109E" value="00:13:32,154" />
  </s>
  <s id="144">
    <time id="T110S" value="00:13:32,320" />
Har du glömt att Björnligan nu står under centralkriminalen - efter kompetenscentrum-reformen?
    <time id="T111E" value="00:13:40,597" />
  </s>
  <s id="145">
    <time id="T112S" value="00:13:40,680" />
De kan inte undersöka sig själva.
  </s>
  <s id="146">
-Fan också...
    <time id="T112E" value="00:13:45,708" />
  </s>
  <s id="147">
    <time id="T113S" value="00:13:48,680" />
Jag ringer ministeriet.
    <time id="T113E" value="00:13:51,956" />
  </s>
  <s id="148">
    <time id="T114S" value="00:13:56,400" />
Kan jag få hylsan?
    <time id="T114E" value="00:14:00,279" />
  </s>
  <s id="149">
    <time id="T115S" value="00:14:11,200" />
Varför hämtas jag hit?
    <time id="T115E" value="00:14:13,794" />
  </s>
  <s id="150">
    <time id="T116S" value="00:14:16,080" />
Jag är en genomhederlig finne som har blivit rånad.
    <time id="T116E" value="00:14:20,870" />
  </s>
  <s id="151">
    <time id="T117S" value="00:14:20,960" />
Man beslagtar min bil och kränker min medborgerliga frihet.
    <time id="T117E" value="00:14:26,432" />
  </s>
  <s id="152">
    <time id="T118S" value="00:14:26,520" />
Titta på mina händer.
  </s>
  <s id="153">
Skulle de kunna begå ett brott?
    <time id="T118E" value="00:14:31,196" />
  </s>
  <s id="154">
    <time id="T119S" value="00:14:31,280" />
Det fanns 200 flaskor sprit i din långtradare.
    <time id="T119E" value="00:14:34,158" />
  </s>
  <s id="155">
    <time id="T120S" value="00:14:34,240" />
Jag trodde bestämmelserna hade ändrats. 
  </s>
  <s id="156">
Varför säger du inget?
    <time id="T120E" value="00:14:38,756" />
  </s>
  <s id="157">
    <time id="T121S" value="00:15:05,160" />
God dag.
    <time id="T121E" value="00:15:07,549" />
  </s>
  <s id="158">
    <time id="T122S" value="00:15:08,000" />
Och adjö. 
  </s>
  <s id="159">
-Va?
    <time id="T122E" value="00:15:10,992" />
  </s>
  <s id="160">
    <time id="T123S" value="00:15:11,160" />
Du kan gå.
    <time id="T123E" value="00:15:13,515" />
  </s>
  <s id="161">
    <time id="T124S" value="00:15:13,840" />
Hur blir det med min dragare?
  </s>
  <s id="162">
-Dra i väg du bara.
    <time id="T124E" value="00:15:19,198" />
  </s>
  <s id="163">
    <time id="T125S" value="00:15:19,360" />
Dragbilen blev kvar i Vaalimaa.
    <time id="T125E" value="00:15:23,069" />
  </s>
  <s id="164">
    <time id="T126S" value="00:15:23,240" />
Hopo, se till att han får sin bil från Vaalimaa.
    <time id="T126E" value="00:15:27,836" />
  </s>
  <s id="165">
    <time id="T127S" value="00:15:27,960" />
Varför är polisen i fängelset?
    <time id="T127E" value="00:15:30,520" />
  </s>
  <s id="166">
    <time id="T128S" value="00:15:30,680" />
För att brottslingarna ska känna sig trygga.
    <time id="T128E" value="00:15:34,514" />
  </s>
  <s id="167">
    <time id="T129S" value="00:15:35,480" />
Vi hade en vattenskada i Böle.
    <time id="T129E" value="00:15:38,233" />
  </s>
  <s id="168">
    <time id="T130S" value="00:15:38,320" />
Fastighetsskötseln privatiserades.
  </s>
  <s id="169">
-Den billigaste offerten vann.
    <time id="T130E" value="00:15:43,997" />
  </s>
  <s id="170">
    <time id="T131S" value="00:16:02,600" />
Du kom för att träffa henne.
    <time id="T131E" value="00:16:05,797" />
  </s>
  <s id="171">
    <time id="T132S" value="00:16:06,480" />
Vem då?
  </s>
  <s id="172">
-Tarja, din före detta.
    <time id="T132E" value="00:16:12,589" />
  </s>
  <s id="173">
    <time id="T133S" value="00:16:17,080" />
Nu lyckas det inte.
    <time id="T133E" value="00:16:20,038" />
  </s>
  <s id="174">
    <time id="T134S" value="00:16:21,040" />
Det var en anlagd brand i Hålvik för 10 dar sen.
    <time id="T134E" value="00:16:25,079" />
  </s>
  <s id="175">
    <time id="T135S" value="00:16:25,160" />
Ett gammalt egnahemshus brändes ner - och med det tidningen Ny Krafts redaktion.
    <time id="T136E" value="00:16:32,274" />
  </s>
  <s id="176">
    <time id="T137S" value="00:16:32,920" />
Alla husets tre invånare dog.
    <time id="T137E" value="00:16:36,913" />
  </s>
  <s id="177">
    <time id="T138S" value="00:16:37,960" />
Tarja arbetade för tidningen och bodde i huset.
    <time id="T138E" value="00:16:42,875" />
  </s>
  <s id="178">
    <time id="T139S" value="00:16:47,160" />
Har man identifierat liken?
    <time id="T139E" value="00:16:50,391" />
  </s>
  <s id="179">
    <time id="T140S" value="00:16:55,080" />
Vem gjorde det?
    <time id="T140E" value="00:16:57,469" />
  </s>
  <s id="180">
    <time id="T141S" value="00:17:00,320" />
Fallet undersöks som mordbrand.
    <time id="T141E" value="00:17:04,154" />
  </s>
  <s id="181">
    <time id="T142S" value="00:17:06,800" />
Två nynazister i 20-årsåldern har anhållits.
    <time id="T142E" value="00:17:12,113" />
  </s>
  <s id="182">
    <time id="T143S" value="00:17:17,280" />
Kan jag gå?
    <time id="T143E" value="00:17:19,157" />
  </s>
  <s id="183">
    <time id="T144S" value="00:17:23,040" />
VEM VAR OFFRET?
    <time id="T144E" value="00:17:25,349" />
  </s>
  <s id="184">
    <time id="T145S" value="00:18:00,760" />
TRE DÖDA i MORDBRAND
    <time id="T145E" value="00:18:02,910" />
  </s>
  <s id="185">
    <time id="T146S" value="00:18:44,280" />
Var är Sundman?
  </s>
  <s id="186">
-Borde han vara här?
    <time id="T146E" value="00:18:47,158" />
  </s>
  <s id="187">
    <time id="T147S" value="00:18:47,240" />
Han äger stället.
  </s>
  <s id="188">
-Det gör han inte. 
    <time id="T149S" value="00:18:55,400" />
  </s>
  <s id="189">
Vet du var han är?
  </s>
  <s id="190">
-Ja, men det säger jag inte.
    <time id="T149E" value="00:18:59,552" />
  </s>
  <s id="191">
    <time id="T150S" value="00:19:03,280" />
Satans Maradona!
  </s>
  <s id="192">
Vem ersätter skadorna?
    <time id="T150E" value="00:19:06,795" />
  </s>
  <s id="193">
    <time id="T151S" value="00:19:20,320" />
Perkele! 
  </s>
  <s id="194">
Vänta bara!
    <time id="T151E" value="00:19:24,632" />
  </s>
  <s id="195">
    <time id="T152S" value="00:19:32,600" />
Skuggar Huusko Raid?
  </s>
  <s id="196">
-Ja.
    <time id="T152E" value="00:19:36,832" />
  </s>
  <s id="197">
    <time id="T153S" value="00:19:37,960" />
Varför?
  </s>
  <s id="198">
-Hopo behöver motion.
    <time id="T153E" value="00:19:42,112" />
  </s>
  <s id="199">
    <time id="T154S" value="00:19:44,600" />
Gav kvinnans ytterkläder nåt?
    <time id="T154E" value="00:19:47,068" />
  </s>
  <s id="200">
    <time id="T155S" value="00:19:47,240" />
Rocken är tillverkad i Sverige och säljs inte annanstans.
    <time id="T155E" value="00:19:51,836" />
  </s>
  <s id="201">
    <time id="T156S" value="00:19:51,920" />
Köpt på en resa, eller också var hon svensk.
    <time id="T156E" value="00:19:55,913" />
  </s>
  <s id="202">
    <time id="T157S" value="00:19:56,080" />
Skyddspolisens bilder kom just.
  </s>
  <s id="203">
Vi går igenom dem som bäst.
    <time id="T157E" value="00:20:00,073" />
  </s>
  <s id="204">
    <time id="T158S" value="00:20:00,160" />
TV1 har videoband men ger dem inte åt oss. 
  </s>
  <s id="205">
De hänvisar till källskyddet
    <time id="T158E" value="00:20:05,154" />
  </s>
  <s id="206">
    <time id="T159S" value="00:20:05,240" />
Jag tar hand om tv:n.
    <time id="T159E" value="00:20:08,277" />
  </s>
  <s id="207">
    <time id="T160S" value="00:20:10,000" />
Bollen ska ner på plan, annars får du gult kort.
    <time id="T160E" value="00:20:15,233" />
  </s>
  <s id="208">
    <time id="T161S" value="00:20:15,400" />
Var är porrbutikens förre ägare?
  </s>
  <s id="209">
-Sundman ligger i mental träning.
    <time id="T161E" value="00:20:20,952" />
  </s>
  <s id="210">
    <time id="T162S" value="00:20:21,040" />
Var? 
  </s>
  <s id="211">
-På Lappviken.
    <time id="T162E" value="00:20:23,600" />
  </s>
  <s id="212">
    <time id="T163S" value="00:20:53,360" />
Sundman! 
  </s>
  <s id="213">
Sundman.
    <time id="T163E" value="00:20:57,672" />
  </s>
  <s id="214">
    <time id="T164S" value="00:21:02,640" />
Var är motorsågsblondinen?
  </s>
  <s id="215">
-Hon fick slut på bensinen.
    <time id="T164E" value="00:21:07,839" />
  </s>
  <s id="216">
    <time id="T165S" value="00:21:12,200" />
Häng med på en promenad.
  </s>
  <s id="217">
-Nej, jag har jobb.
    <time id="T165E" value="00:21:16,876" />
  </s>
  <s id="218">
    <time id="T166S" value="00:21:59,880" />
Beklagar.
  </s>
  <s id="219">
-Det är bra så här.
    <time id="T166E" value="00:22:04,635" />
  </s>
  <s id="220">
    <time id="T167S" value="00:22:07,160" />
Hur länge söp du?
  </s>
  <s id="221">
-I drygt ett år.
    <time id="T167E" value="00:22:12,553" />
  </s>
  <s id="222">
    <time id="T168S" value="00:22:13,520" />
Varför?
  </s>
  <s id="223">
-Otur i kärlek.
    <time id="T168E" value="00:22:17,274" />
  </s>
  <s id="224">
    <time id="T169S" value="00:22:17,360" />
Fel kvinna, äkta känslor.
    <time id="T169E" value="00:22:22,593" />
  </s>
  <s id="225">
    <time id="T170S" value="00:22:24,040" />
Skattmasen var efter mig så jag skrev över firman på henne.
    <time id="T170E" value="00:22:28,875" />
  </s>
  <s id="226">
    <time id="T171S" value="00:22:28,960" />
Hon var en modern blondin, D-kupa och A-röv.
    <time id="T171E" value="00:22:33,909" />
  </s>
  <s id="227">
    <time id="T172S" value="00:22:35,960" />
Redan hennes namn borde ha sagt mig att det skiter sig.
    <time id="T172E" value="00:22:40,033" />
  </s>
  <s id="228">
    <time id="T173S" value="00:22:40,120" />
Tahiti Kinnunen.
    <time id="T173E" value="00:22:43,032" />
  </s>
  <s id="229">
    <time id="T174S" value="00:22:44,480" />
Försökte du få firman tillbaka?
  </s>
  <s id="230">
-Nej, bara henne.
    <time id="T174E" value="00:22:49,793" />
  </s>
  <s id="231">
    <time id="T175S" value="00:22:50,120" />
Hennes karl knäckte två revben på mig.
    <time id="T175E" value="00:22:54,750" />
  </s>
  <s id="232">
    <time id="T176S" value="00:22:56,520" />
Men husbilen och mercan är kvar?
    <time id="T176E" value="00:22:59,318" />
  </s>
  <s id="233">
    <time id="T177S" value="00:22:59,440" />
Husbilen är på Mehtonens verkstad som pant för skulderna.
    <time id="T177E" value="00:23:03,752" />
  </s>
  <s id="234">
    <time id="T178S" value="00:23:03,920" />
Sprit kostar.
    <time id="T178E" value="00:23:06,832" />
  </s>
  <s id="235">
    <time id="T179S" value="00:23:07,160" />
Mercan sålde hon.
    <time id="T179E" value="00:23:11,039" />
  </s>
  <s id="236">
    <time id="T180S" value="00:23:11,400" />
Vi hämtar mercan.
  </s>
  <s id="237">
Och din firma.
    <time id="T180E" value="00:23:16,076" />
  </s>
  <s id="238">
    <time id="T181S" value="00:23:17,680" />
Men först sprit.
    <time id="T181E" value="00:23:19,671" />
  </s>
  <s id="239">
    <time id="T182S" value="00:23:30,120" />
Underteckna.
    <time id="T182E" value="00:23:32,076" />
  </s>
  <s id="240">
    <time id="T183S" value="00:23:52,280" />
Sällan har vi skickat hem en lika rask karl.
    <time id="T183E" value="00:23:56,319" />
  </s>
  <s id="241">
    <time id="T184S" value="00:24:00,400" />
De hjälper mot kramperna.
    <time id="T184E" value="00:24:03,278" />
  </s>
  <s id="242">
    <time id="T185S" value="00:24:40,160" />
Han känner mig.
  </s>
  <s id="243">
Jag väntar här.
    <time id="T185E" value="00:24:45,393" />
  </s>
  <s id="244">
    <time id="T186S" value="00:24:46,960" />
Han har ett avsågat hagelgevär i bordslådan.
    <time id="T186E" value="00:24:50,191" />
  </s>
  <s id="245">
    <time id="T187S" value="00:25:22,120" />
Den sista Mercedes-klassikern.
  </s>
  <s id="246">
Åtta cylindrar.
    <time id="T187E" value="00:25:26,432" />
  </s>
  <s id="247">
    <time id="T188S" value="00:25:26,520" />
Helrenoverad. 
  </s>
  <s id="248">
Ägaren, en bankir på Brändö, körde bara sommartid.
    <time id="T188E" value="00:25:32,117" />
  </s>
  <s id="249">
    <time id="T189S" value="00:25:32,200" />
Skitprat, men jag tar den.
  </s>
  <s id="250">
-Den säljs bara till en gentleman.
    <time id="T189E" value="00:25:37,832" />
  </s>
  <s id="251">
    <time id="T190S" value="00:25:41,160" />
Apropå betalningsvillkoren...
  </s>
  <s id="252">
Är priset passligt?
    <time id="T190E" value="00:25:45,199" />
  </s>
  <s id="253">
    <time id="T191S" value="00:25:45,360" />
Du kunde ha bett ännu mer.
    <time id="T191E" value="00:25:48,272" />
  </s>
  <s id="254">
    <time id="T192S" value="00:25:48,440" />
Kan detta tolkas som att handelsakten har ägt rum? 
  </s>
  <s id="255">
-Ja.
    <time id="T192E" value="00:25:53,309" />
  </s>
  <s id="256">
    <time id="T193S" value="00:25:57,120" />
Körkort?
    <time id="T193E" value="00:25:58,792" />
  </s>
  <s id="257">
    <time id="T194S" value="00:26:08,080" />
Kontant eller avbetalning?
    <time id="T194E" value="00:26:11,470" />
  </s>
  <s id="258">
    <time id="T195S" value="00:26:11,760" />
Uppdragsgivaren gav bilen till försäljning men om ni kan visa att..
    <time id="T195E" value="00:26:17,232" />
  </s>
  <s id="259">
    <time id="T196S" value="00:26:22,160" />
Jag glömde att de alltid är två.
    <time id="T196E" value="00:26:25,357" />
  </s>
  <s id="260">
    <time id="T197S" value="00:26:27,440" />
Är tanken full?
  </s>
  <s id="261">
-Ja.
    <time id="T197E" value="00:26:29,874" />
  </s>
  <s id="262">
    <time id="T198S" value="00:26:37,480" />
Mitt livs snabbaste affär.
    <time id="T198E" value="00:26:39,311" />
  </s>
  <s id="263">
    <time id="T199S" value="00:26:44,920" />
Privatiseringen av statens egendom framskrider kontrollerat.
    <time id="T199E" value="00:26:48,469" />
  </s>
  <s id="264">
    <time id="T200S" value="00:26:48,640" />
Högskolornas forskningsanslag ökar, inkomstöverföringar har gjorts - till vård och sysselsättning. 
  </s>
  <s id="265">
Var hade de pengarna annars tagits?
    <time id="T201E" value="00:27:01,158" />
  </s>
  <s id="266">
    <time id="T202S" value="00:27:01,320" />
Jag omformulerar frågan.
    <time id="T202E" value="00:27:04,073" />
  </s>
  <s id="267">
    <time id="T203S" value="00:27:04,160" />
Vilka samhällsfunktioner vill statsministern inte...
    <time id="T203E" value="00:27:07,630" />
  </s>
  <s id="268">
    <time id="T204S" value="00:27:16,800" />
Vem är i taxin?
    <time id="T204E" value="00:27:18,631" />
  </s>
  <s id="269">
    <time id="T205S" value="00:27:18,800" />
En polis med taxisedlar.
    <time id="T205E" value="00:27:21,872" />
  </s>
  <s id="270">
    <time id="T206S" value="00:27:22,360" />
Han fick ut Sundman från Lappviken, klådde upp tre och stal en Mercedes.
    <time id="T206E" value="00:27:27,878" />
  </s>
  <s id="271">
    <time id="T207S" value="00:27:27,960" />
Ska jag fortsätta övervakningen?
  </s>
  <s id="272">
-Ja.
    <time id="T207E" value="00:27:31,953" />
  </s>
  <s id="273">
    <time id="T208S" value="00:27:32,120" />
Om jag ser kriminell verksamhet, hur gör vi då?
    <time id="T208E" value="00:27:36,113" />
  </s>
  <s id="274">
    <time id="T209S" value="00:27:36,280" />
Som vanligt. 
  </s>
  <s id="275">
Ingrip inte om inte barn eller djur är i fara. 
  </s>
  <s id="276">
-OK.
    <time id="T209E" value="00:27:44,039" />
  </s>
  <s id="277">
    <time id="T210S" value="00:27:54,720" />
Varför kom du till Finland?
    <time id="T210E" value="00:27:56,995" />
  </s>
  <s id="278">
    <time id="T211S" value="00:27:57,080" />
Tråkigt klimat, tråkiga människor.
    <time id="T211E" value="00:28:00,550" />
  </s>
  <s id="279">
    <time id="T212S" value="00:28:00,640" />
Alla gamla hus rivs och fula byggs i stället.
    <time id="T212E" value="00:28:06,590" />
  </s>
  <s id="280">
    <time id="T213S" value="00:28:06,760" />
Alla goda vänner är knivhuggna, de dåliga sitter i riksdagen.
    <time id="T213E" value="00:28:10,799" />
  </s>
  <s id="281">
    <time id="T214S" value="00:28:14,160" />
Du kom till Finland för den där kvinnans skull.
    <time id="T214E" value="00:28:17,277" />
  </s>
  <s id="282">
    <time id="T215S" value="00:28:17,440" />
Kärleken befaller och karlstackarn lyder.
    <time id="T215E" value="00:28:21,115" />
  </s>
  <s id="283">
    <time id="T216S" value="00:28:21,280" />
Jag vet var hon bor.
  </s>
  <s id="284">
Tarja är i Hålvik.
    <time id="T216E" value="00:28:25,159" />
  </s>
  <s id="285">
    <time id="T217S" value="00:28:25,320" />
Inte längre. 
  </s>
  <s id="286">
Hon dog i en eldsvåda för 10 dar sen.
    <time id="T217E" value="00:28:31,919" />
  </s>
  <s id="287">
    <time id="T218S" value="00:28:32,640" />
Var det en olycka? 
  </s>
  <s id="288">
-Nej.
  </s>
  <s id="289">
Vi behöver nånstans att bo.
    <time id="T218E" value="00:28:37,873" />
  </s>
  <s id="290">
    <time id="T219S" value="00:28:38,040" />
Skaka av dig taxin. 
  </s>
  <s id="291">
Jag vet ett ställe men poliser är inte välkomna.
    <time id="T219E" value="00:28:44,388" />
  </s>
  <s id="292">
    <time id="T220S" value="00:28:58,920" />
Mehtonen kan man lita på. 
  </s>
  <s id="293">
Här är män och bilar i goda händer.
    <time id="T220E" value="00:29:03,869" />
  </s>
  <s id="294">
    <time id="T221S" value="00:29:12,360" />
Memed!
    <time id="T221E" value="00:29:13,918" />
  </s>
  <s id="295">
    <time id="T222S" value="00:29:15,200" />
Den kräver ännu lite arbete.
    <time id="T222E" value="00:29:19,034" />
  </s>
  <s id="296">
    <time id="T223S" value="00:29:26,040" />
Var är världens bästa estniska mekaniker?
    <time id="T223E" value="00:29:29,476" />
  </s>
  <s id="297">
    <time id="T224S" value="00:29:29,560" />
Frun saknade honom. 
  </s>
  <s id="298">
Han tog balanseringsapparaten med sig.
    <time id="T224E" value="00:29:35,078" />
  </s>
  <s id="299">
    <time id="T225S" value="00:29:35,160" />
Jag tvivlar inte på att han betalar bara allt reder upp sig.
    <time id="T225E" value="00:29:39,915" />
  </s>
  <s id="300">
    <time id="T226S" value="00:29:45,520" />
Loket är en genialisk uppfinning:
  </s>
  <s id="301">
naturbränsle, ingen elektronik.
    <time id="T226E" value="00:29:51,914" />
  </s>
  <s id="302">
    <time id="T227S" value="00:29:52,000" />
Det behövs en kärnladdning för att bräcka dem.
    <time id="T227E" value="00:29:55,072" />
  </s>
  <s id="303">
    <time id="T228S" value="00:29:55,240" />
Jag bytte dem mot en Lamborghini med motorfel.
    <time id="T228E" value="00:29:58,755" />
  </s>
  <s id="304">
    <time id="T229S" value="00:30:00,040" />
Kinesiska våtdräkter, värda sitt namn och håller ingen torr.
    <time id="T229E" value="00:30:05,114" />
  </s>
  <s id="305">
    <time id="T230S" value="00:30:05,480" />
Råkar nåndera av er behöva ett ryskt piano?
    <time id="T230E" value="00:30:09,917" />
  </s>
  <s id="306">
    <time id="T231S" value="00:30:11,800" />
Göbbels! 
  </s>
  <s id="307">
Plats.
    <time id="T231E" value="00:30:14,598" />
  </s>
  <s id="308">
    <time id="T232S" value="00:30:26,360" />
Kan du nu vara vänlig och berätta vem den här andra grobianen är - och vad fan ni gör här?
  </s>
  <s id="309">
-Han äger husbilen på din bakgård.
    <time id="T233E" value="00:30:39,356" />
  </s>
  <s id="310">
    <time id="T234S" value="00:30:40,280" />
Du är Raid. 
  </s>
  <s id="311">
Varför sköt du inte mig?
  </s>
  <s id="312">
Du har ett dåligt rykte.
    <time id="T234E" value="00:30:45,832" />
  </s>
  <s id="313">
    <time id="T235S" value="00:30:45,960" />
Men god syn. 
  </s>
  <s id="314">
Den är inte laddad.
    <time id="T235E" value="00:30:49,236" />
  </s>
  <s id="315">
    <time id="T236S" value="00:30:53,440" />
Det är angenämt att ha att göra med proffs.
    <time id="T236E" value="00:30:56,955" />
  </s>
  <s id="316">
    <time id="T237S" value="00:31:01,800" />
Nej, inte dit! 
  </s>
  <s id="317">
Jag har en gammal skada där.
    <time id="T237E" value="00:31:05,634" />
  </s>
  <s id="318">
    <time id="T238S" value="00:31:05,960" />
Var är kvinnans pappa?
    <time id="T238E" value="00:31:08,428" />
  </s>
  <s id="319">
    <time id="T239S" value="00:31:10,000" />
I Alphyddan, på Frälsningsarmens härbärge.
    <time id="T239E" value="00:31:14,755" />
  </s>
  <s id="320">
    <time id="T240S" value="00:31:33,520" />
Jansson, vad är det här för papper?
    <time id="T240E" value="00:31:37,672" />
  </s>
  <s id="321">
    <time id="T241S" value="00:31:38,280" />
Säkert detsamma med vilket bandet på TV1 beslagtogs.
    <time id="T241E" value="00:31:43,673" />
  </s>
  <s id="322">
    <time id="T242S" value="00:31:43,760" />
Hur kan mitt namn stå här?
    <time id="T242E" value="00:31:46,832" />
  </s>
  <s id="323">
    <time id="T243S" value="00:31:48,360" />
Jag ville inte besvära dig med en småsak.
    <time id="T243E" value="00:31:52,638" />
  </s>
  <s id="324">
    <time id="T244S" value="00:31:52,720" />
Rundradions generaldirektör ringde nyss. 
  </s>
  <s id="325">
Så ringde inrikesministern.
    <time id="T244E" value="00:31:59,273" />
  </s>
  <s id="326">
    <time id="T245S" value="00:31:59,360" />
Din skit. 
  </s>
  <s id="327">
Vad tänkte du?
    <time id="T245E" value="00:32:03,956" />
  </s>
  <s id="328">
    <time id="T246S" value="00:32:04,160" />
Klara upp ett mord. 
  </s>
  <s id="329">
En del av oss har anställts för sånt.
    <time id="T246E" value="00:32:11,191" />
  </s>
  <s id="330">
    <time id="T247S" value="00:32:12,200" />
Polisen sköt inte kvinnan.
  </s>
  <s id="331">
Det gjorde en långhårig man.
    <time id="T247E" value="00:32:16,830" />
  </s>
  <s id="332">
    <time id="T248S" value="00:32:17,000" />
Inte av misstag utan med avsikt.
  </s>
  <s id="333">
Det var mord, inte ett vådaskott.
    <time id="T248E" value="00:32:23,917" />
  </s>
  <s id="334">
    <time id="T249S" value="00:32:26,760" />
Nu måste vi fundera på om det är en god nyhet.
    <time id="T249E" value="00:32:31,470" />
  </s>
  <s id="335">
    <time id="T250S" value="00:32:53,520" />
Fortsätt utredningen.
    <time id="T250E" value="00:32:55,238" />
  </s>
  <s id="336">
    <time id="T251S" value="00:32:55,400" />
Rapportera dagligen.
  </s>
  <s id="337">
Undvik idiotisk egenmäktighet.
    <time id="T251E" value="00:33:00,269" />
  </s>
  <s id="338">
    <time id="T252S" value="00:33:10,400" />
Är det Petterson?
    <time id="T252E" value="00:33:13,153" />
  </s>
  <s id="339">
    <time id="T253S" value="00:33:37,000" />
Längtar du inte hem, Sanna?
    <time id="T253E" value="00:33:39,275" />
  </s>
  <s id="340">
    <time id="T254S" value="00:33:39,440" />
Där finns bara katten. 
  </s>
  <s id="341">
Jag går ännu igenom skyddspolisens bilder.
    <time id="T254E" value="00:33:43,911" />
  </s>
  <s id="342">
    <time id="T255S" value="00:33:46,160" />
Jansson? 
  </s>
  <s id="343">
Har Hopo hittat en bostad redan? 
  </s>
  <s id="344">
-Knappast.
    <time id="T255E" value="00:33:53,714" />
  </s>
  <s id="345">
    <time id="T256S" value="00:33:54,520" />
Han har ordnat det för sig igen.
    <time id="T256E" value="00:33:58,672" />
  </s>
  <s id="346">
    <time id="T257S" value="00:33:58,840" />
Du känner ju honom.
    <time id="T257E" value="00:34:02,230" />
  </s>
  <s id="347">
    <time id="T258S" value="00:34:04,920" />
Det gör jag.
    <time id="T258E" value="00:34:07,150" />
  </s>
  <s id="348">
    <time id="T259S" value="00:34:11,040" />
Venla.
    <time id="T259E" value="00:34:12,598" />
  </s>
  <s id="349">
    <time id="T260S" value="00:34:12,760" />
Är du upptagen? 
  </s>
  <s id="350">
-Hela natten. 
  </s>
  <s id="351">
Kom efter fem. 
  </s>
  <s id="352">
Glöm inte mozzarellan.
    <time id="T260E" value="00:34:17,788" />
  </s>
  <s id="353">
    <time id="T261S" value="00:34:18,320" />
Jag måste gå nu. 
  </s>
  <s id="354">
Hej då.
  </s>
  <s id="355">
-Hej.
    <time id="T261E" value="00:34:21,232" />
  </s>
  <s id="356">
    <time id="T262S" value="00:34:22,920" />
Vem var det?
  </s>
  <s id="357">
-En stamkund.
    <time id="T262E" value="00:34:27,710" />
  </s>
  <s id="358">
    <time id="T263S" value="00:34:30,680" />
Du röker för mycket.
    <time id="T263E" value="00:34:33,558" />
  </s>
  <s id="359">
    <time id="T264S" value="00:34:34,080" />
Jag dör inte av tobak.
    <time id="T264E" value="00:34:36,355" />
  </s>
  <s id="360">
    <time id="T265S" value="00:34:36,600" />
Av vad dör du då?
  </s>
  <s id="361">
-Av att livet tar slut.
    <time id="T265E" value="00:34:42,072" />
  </s>
  <s id="362">
    <time id="T266S" value="00:34:42,920" />
Livet fortsätter.
    <time id="T266E" value="00:34:45,559" />
  </s>
  <s id="363">
    <time id="T267S" value="00:34:47,720" />
Vad drömmer horor om?
  </s>
  <s id="364">
-Om att bli av med sex.
    <time id="T267E" value="00:34:53,716" />
  </s>
  <s id="365">
    <time id="T268S" value="00:34:56,520" />
Hur blir man av med sex?
    <time id="T268E" value="00:34:59,557" />
  </s>
  <s id="366">
    <time id="T269S" value="00:34:59,680" />
På samma sätt som med tobak.
    <time id="T269E" value="00:35:04,515" />
  </s>
  <s id="367">
    <time id="T270S" value="00:35:07,040" />
Genom att röka.
    <time id="T270E" value="00:35:09,190" />
  </s>
  <s id="368">
    <time id="T271S" value="00:35:12,480" />
Svara nu i telefon!
    <time id="T271E" value="00:35:15,552" />
  </s>
  <s id="369">
    <time id="T272S" value="00:35:15,920" />
Det är fult att låta folk vänta.
    <time id="T272E" value="00:35:20,198" />
  </s>
  <s id="370">
    <time id="T273S" value="00:35:28,120" />
Arska. 
  </s>
  <s id="371">
-God kväll, Hakkarainen på företagarnas centralförbund.
    <time id="T273E" value="00:35:33,069" />
  </s>
  <s id="372">
    <time id="T274S" value="00:35:33,240" />
Har ni en stund?
  </s>
  <s id="373">
-Jo då.
    <time id="T274E" value="00:35:36,869" />
  </s>
  <s id="374">
    <time id="T275S" value="00:35:36,960" />
Har ni a)övervägt, b)blivit, c) inte övervägt att bli företagare? 
  </s>
  <s id="375">
-Jo.
    <time id="T275E" value="00:35:44,435" />
  </s>
  <s id="376">
    <time id="T276S" value="00:35:44,520" />
Känner ni till företagarens startpeng?
    <time id="T276E" value="00:35:47,671" />
  </s>
  <s id="377">
    <time id="T277S" value="00:35:47,760" />
Jansson!
    <time id="T277E" value="00:35:49,557" />
  </s>
  <s id="378">
    <time id="T278S" value="00:35:54,720" />
Arska. 
  </s>
  <s id="379">
Vad är det?
    <time id="T278E" value="00:35:59,748" />
  </s>
  <s id="380">
    <time id="T279S" value="00:36:00,560" />
De tittade inte på mina skador.
    <time id="T279E" value="00:36:03,552" />
  </s>
  <s id="381">
    <time id="T280S" value="00:36:04,320" />
Så jag sa inget till dem.
    <time id="T280E" value="00:36:07,118" />
  </s>
  <s id="382">
    <time id="T281S" value="00:36:07,840" />
Vad sa du inte till dem?
    <time id="T281E" value="00:36:09,990" />
  </s>
  <s id="383">
    <time id="T282S" value="00:36:10,160" />
Det som jag inte tänker säga till dig heller.
    <time id="T282E" value="00:36:13,277" />
  </s>
  <s id="384">
    <time id="T283S" value="00:36:13,360" />
Jag kom hit för att göra en polisanmälan - men blev anhållen för en gammal sak.
    <time id="T284E" value="00:36:19,956" />
  </s>
  <s id="385">
    <time id="T285S" value="00:36:20,120" />
Jag har blivit misshandlad men de tittade inte på mina skador.
    <time id="T285E" value="00:36:25,752" />
  </s>
  <s id="386">
    <time id="T286S" value="00:36:25,880" />
De tittade bara på boboll i tv.
    <time id="T286E" value="00:36:31,034" />
  </s>
  <s id="387">
    <time id="T287S" value="00:36:31,120" />
Var gör det ont?
    <time id="T287E" value="00:36:35,591" />
  </s>
  <s id="388">
    <time id="T288S" value="00:36:38,960" />
Försök låta bli att skrapa.
    <time id="T288E" value="00:36:42,509" />
  </s>
  <s id="389">
    <time id="T289S" value="00:36:44,080" />
Jag säger till jouren att ta hit en läkare.
    <time id="T289E" value="00:36:47,629" />
  </s>
  <s id="390">
    <time id="T290S" value="00:36:47,800" />
Du är en god polis. 
  </s>
  <s id="391">
Du har öga för en människas smärta.
    <time id="T290E" value="00:36:53,955" />
  </s>
  <s id="392">
    <time id="T291S" value="00:36:54,040" />
Kan du titta på andra sidan också?
    <time id="T291E" value="00:36:57,953" />
  </s>
  <s id="393">
    <time id="T292S" value="00:37:00,360" />
Det lönar sig inte att skrapa där heller.
    <time id="T292E" value="00:37:04,751" />
  </s>
  <s id="394">
    <time id="T293S" value="00:37:07,000" />
Raids kvinna, Tarja, dog inte i eldsvådan. 
  </s>
  <s id="395">
Hon lever.
    <time id="T293E" value="00:37:14,076" />
  </s>
  <s id="396">
    <time id="T294S" value="00:37:14,160" />
Hur vet du det?
  </s>
  <s id="397">
-Några typer letar efter henne.
    <time id="T294E" value="00:37:18,597" />
  </s>
  <s id="398">
    <time id="T295S" value="00:37:18,760" />
Varför skulle de söka efter henne om hon var död?
    <time id="T295E" value="00:37:22,275" />
  </s>
  <s id="399">
    <time id="T296S" value="00:37:22,360" />
Om ni känner personen på bilden ska ni omedelbart kontakta...
    <time id="T296E" value="00:37:26,797" />
  </s>
  <s id="400">
    <time id="T297S" value="00:38:16,960" />
Är du Petterson?
    <time id="T297E" value="00:38:20,032" />
  </s>
  <s id="401">
    <time id="T298S" value="00:38:23,000" />
Ja. 
  </s>
  <s id="402">
Vad vill du veta?
    <time id="T298E" value="00:38:26,629" />
  </s>
  <s id="403">
    <time id="T299S" value="00:38:26,800" />
Det gäller mordbranden i Hålvik.
    <time id="T299E" value="00:38:29,314" />
  </s>
  <s id="404">
    <time id="T300S" value="00:38:29,480" />
Ett av offren, Tarja Piirainen, ringde dig flera gånger. 
  </s>
  <s id="405">
Varför?
    <time id="T300E" value="00:38:34,793" />
  </s>
  <s id="406">
    <time id="T301S" value="00:38:34,880" />
Hon ville ha uppgifter om greve Flaccomio Nardi Deis fortkörning.
    <time id="T301E" value="00:38:39,954" />
  </s>
  <s id="407">
    <time id="T302S" value="00:38:40,120" />
Jag skrev ut böterna, 50 000 euro, men de ströks.
    <time id="T302E" value="00:38:45,240" />
  </s>
  <s id="408">
    <time id="T303S" value="00:38:45,320" />
Jag minns, det skrevs om det.
    <time id="T303E" value="00:38:50,030" />
  </s>
  <s id="409">
    <time id="T304S" value="00:38:50,160" />
Ni klåpade, radarn var fel kalibrerad.
    <time id="T304E" value="00:38:55,075" />
  </s>
  <s id="410">
    <time id="T305S" value="00:38:55,160" />
Så fan heller, det kollades på depån.
    <time id="T305E" value="00:38:58,197" />
  </s>
  <s id="411">
    <time id="T306S" value="00:38:58,280" />
Jag körde själv fast Ferrarin, farten var 200.
    <time id="T306E" value="00:39:01,750" />
  </s>
  <s id="412">
    <time id="T307S" value="00:39:01,840" />
Varför ströks böterna då?
  </s>
  <s id="413">
-Det ville hon också veta.
    <time id="T307E" value="00:39:05,799" />
  </s>
  <s id="414">
    <time id="T308S" value="00:39:05,880" />
Men jag hade inte lov att tala om det. 
  </s>
  <s id="415">
-Nu får du lov.
    <time id="T308E" value="00:39:10,271" />
  </s>
  <s id="416">
    <time id="T309S" value="00:39:14,400" />
Ordern kom från ministeriet. 
  </s>
  <s id="417">
Vi fick skällor, greven fick en ursäkt.
    <time id="T309E" value="00:39:20,350" />
  </s>
  <s id="418">
    <time id="T310S" value="00:39:20,440" />
lnte så vanligt att ministeriet ingriper i nåns böter. 
  </s>
  <s id="419">
-Nej.
    <time id="T310E" value="00:39:26,276" />
  </s>
  <s id="420">
    <time id="T311S" value="00:39:26,680" />
Stäng av den.
    <time id="T311E" value="00:39:29,148" />
  </s>
  <s id="421">
    <time id="T312S" value="00:39:32,000" />
Orsaken? 
  </s>
  <s id="422">
Varför ströks böterna?
    <time id="T312E" value="00:39:36,551" />
  </s>
  <s id="423">
    <time id="T313S" value="00:39:37,400" />
Det sades aldrig, men jag har min egen uppfattning om det.
    <time id="T313E" value="00:39:42,190" />
  </s>
  <s id="424">
    <time id="T314S" value="00:39:42,360" />
Alla bötfällda utlänningars pass granskas. 
  </s>
  <s id="425">
Hans var falskt.
    <time id="T314E" value="00:39:47,753" />
  </s>
  <s id="426">
    <time id="T315S" value="00:39:47,880" />
Typen är inte en greve.
    <time id="T315E" value="00:39:50,952" />
  </s>
  <s id="427">
    <time id="T316S" value="00:39:51,040" />
Sa du det till henne?
    <time id="T316E" value="00:39:53,759" />
  </s>
  <s id="428">
    <time id="T317S" value="00:39:53,920" />
Nej. 
  </s>
  <s id="429">
Och jag vet inte om det var klokt att säga det till dig heller.
    <time id="T317E" value="00:39:58,710" />
  </s>
  <s id="430">
    <time id="T318S" value="00:40:03,240" />
Vad säger du om det här?
  </s>
  <s id="431">
Bilden är skyddspolisens.
    <time id="T318E" value="00:40:08,155" />
  </s>
  <s id="432">
    <time id="T319S" value="00:40:08,240" />
Kvinnan är bakom mannen med rastahåret, 8 minuter före skotten.
    <time id="T319E" value="00:40:12,597" />
  </s>
  <s id="433">
    <time id="T320S" value="00:40:12,680" />
Hon talar i mobiltelefon.
  </s>
  <s id="434">
Men hon hade ju ingen.
    <time id="T320E" value="00:40:16,195" />
  </s>
  <s id="435">
    <time id="T321S" value="00:40:16,360" />
Nej. 
  </s>
  <s id="436">
Nån tog hennes mobil, och kanske alla andra hennes saker.
    <time id="T321E" value="00:40:20,558" />
  </s>
  <s id="437">
    <time id="T322S" value="00:40:36,840" />
Här sägs att den finska mannens sperma är bäst i Europa.
    <time id="T322E" value="00:40:40,833" />
  </s>
  <s id="438">
    <time id="T323S" value="00:40:42,440" />
Det gäller bara att få erektion...
    <time id="T323E" value="00:40:46,672" />
  </s>
  <s id="439">
    <time id="T324S" value="00:40:52,800" />
FÖRLOVAR SIG NAOMI OCH NARDI DEI?
    <time id="T324E" value="00:40:54,916" />
  </s>
  <s id="440">
    <time id="T325S" value="00:40:55,040" />
Tredje elavbrottet på en vecka.
  </s>
  <s id="441">
Men räkningen kommer punktligt.
    <time id="T325E" value="00:41:00,160" />
  </s>
  <s id="442">
    <time id="T326S" value="00:41:00,320" />
Du tog min tidning så där bara.
    <time id="T326E" value="00:41:03,073" />
  </s>
  <s id="443">
    <time id="T327S" value="00:41:06,360" />
Din syster ringde från sjukhuset igen, hon nådde dig inte på jobbet.
    <time id="T327E" value="00:41:11,434" />
  </s>
  <s id="444">
    <time id="T328S" value="00:41:13,360" />
Din pappa ligger döende.
  </s>
  <s id="445">
Gå och hälsa på honom.
    <time id="T328E" value="00:41:17,990" />
  </s>
  <s id="446">
    <time id="T329S" value="00:41:18,160" />
Han står inte ut med att se mig.
    <time id="T329E" value="00:41:21,197" />
  </s>
  <s id="447">
    <time id="T330S" value="00:41:21,280" />
Han dör av blotta förskräckelsen.
    <time id="T330E" value="00:41:25,398" />
  </s>
  <s id="448">
    <time id="T331S" value="00:41:25,880" />
Det var han som bröt, inte jag.
    <time id="T331E" value="00:41:29,111" />
  </s>
  <s id="449">
    <time id="T332S" value="00:41:29,280" />
Din pappa ligger för döden.
  </s>
  <s id="450">
-Det gör vi alla.
    <time id="T332E" value="00:41:33,637" />
  </s>
  <s id="451">
    <time id="T333S" value="00:41:33,800" />
Livet är det där roliga som händer på vägen till kyrkogården.
    <time id="T333E" value="00:41:39,352" />
  </s>
  <s id="452">
    <time id="T334S" value="00:41:39,520" />
Du måste gå dit.
    <time id="T334E" value="00:41:42,239" />
  </s>
  <s id="453">
    <time id="T335S" value="00:41:45,400" />
Jag vet det nog.
    <time id="T335E" value="00:41:47,675" />
  </s>
  <s id="454">
    <time id="T336S" value="00:43:46,560" />
Polisen återvänder till brottsplatsen.
    <time id="T336E" value="00:43:49,597" />
  </s>
  <s id="455">
    <time id="T337S" value="00:43:52,480" />
Jag skulle köpa mjölk, men gick vilse.
    <time id="T337E" value="00:43:57,952" />
  </s>
  <s id="456">
    <time id="T338S" value="00:44:01,080" />
Vad ville de?
    <time id="T338E" value="00:44:02,911" />
  </s>
  <s id="457">
    <time id="T339S" value="00:44:03,080" />
Sökte de nåt? 
  </s>
  <s id="458">
Var det en hämnd?
  </s>
  <s id="459">
Eller en demonstration?
    <time id="T339E" value="00:44:07,039" />
  </s>
  <s id="460">
    <time id="T340S" value="00:44:07,120" />
Det vet vi inte.
    <time id="T340E" value="00:44:09,714" />
  </s>
  <s id="461">
    <time id="T341S" value="00:44:10,680" />
Kvinnans kropp låg här, bredvid mannens.
    <time id="T341E" value="00:44:17,711" />
  </s>
  <s id="462">
    <time id="T342S" value="00:44:30,240" />
Vad söker du här, utom mjölk?
  </s>
  <s id="463">
Du utreder inte det här fallet.
    <time id="T342E" value="00:44:35,553" />
  </s>
  <s id="464">
    <time id="T343S" value="00:44:35,640" />
Förövarna har bekänt och de döda väntar på jordfästning.
    <time id="T343E" value="00:44:39,110" />
  </s>
  <s id="465">
    <time id="T344S" value="00:44:39,280" />
Människor har drömmar, och jag är inget undantag.
    <time id="T344E" value="00:44:44,559" />
  </s>
  <s id="466">
    <time id="T345S" value="00:44:44,640" />
Du vill få fram sanningen.
    <time id="T345E" value="00:44:47,791" />
  </s>
  <s id="467">
    <time id="T346S" value="00:44:47,960" />
Världen måste basera sig på sanning.
  </s>
  <s id="468">
-Visst. 
  </s>
  <s id="469">
Varför ljög du då?
    <time id="T346E" value="00:44:54,957" />
  </s>
  <s id="470">
    <time id="T347S" value="00:44:55,120" />
Jag ljög inte.
    <time id="T347E" value="00:44:58,157" />
  </s>
  <s id="471">
    <time id="T348S" value="00:44:58,320" />
Jag var inte säker.
    <time id="T348E" value="00:45:01,198" />
  </s>
  <s id="472">
    <time id="T349S" value="00:45:01,720" />
Det är möjligt att hon är vid liv.
    <time id="T349E" value="00:45:06,350" />
  </s>
  <s id="473">
    <time id="T350S" value="00:45:06,560" />
Förövarna vet det.
    <time id="T350E" value="00:45:09,916" />
  </s>
  <s id="474">
    <time id="T351S" value="00:45:12,600" />
När fick du veta?
    <time id="T351E" value="00:45:15,194" />
  </s>
  <s id="475">
    <time id="T352S" value="00:45:16,040" />
I kväll.
    <time id="T352E" value="00:45:18,110" />
  </s>
  <s id="476">
    <time id="T353S" value="00:45:19,400" />
Tarja håller sig undan. 
  </s>
  <s id="477">
Jag hittar henne inte, men kanske du gör det.
    <time id="T353E" value="00:45:26,750" />
  </s>
  <s id="478">
    <time id="T354S" value="00:45:27,120" />
Branden hade inte ett enda ögonvittne.
    <time id="T354E" value="00:45:32,353" />
  </s>
  <s id="479">
    <time id="T355S" value="00:45:32,520" />
Ändå rör det sig folk här i skogarna.
    <time id="T355E" value="00:45:35,910" />
  </s>
  <s id="480">
    <time id="T356S" value="00:45:36,000" />
Sådana som inte tjallar för polisen.
    <time id="T356E" value="00:45:40,437" />
  </s>
  <s id="481">
    <time id="T357S" value="00:45:40,600" />
En urgammal ras.
  </s>
  <s id="482">
-Själsfränder.
    <time id="T357E" value="00:45:45,151" />
  </s>
  <s id="483">
    <time id="T358S" value="00:46:04,920" />
Du behöver inte kniven.
    <time id="T358E" value="00:46:07,673" />
  </s>
  <s id="484">
    <time id="T359S" value="00:46:09,240" />
Såg nån av er eldsvådan?
    <time id="T359E" value="00:46:11,515" />
  </s>
  <s id="485">
    <time id="T360S" value="00:46:11,600" />
Var du hemma när huset brann?
  </s>
  <s id="486">
-Du verkar inte vara polis.
    <time id="T360E" value="00:46:16,879" />
  </s>
  <s id="487">
    <time id="T361S" value="00:46:16,960" />
Nej.
  </s>
  <s id="488">
-Bra.
    <time id="T361E" value="00:46:19,758" />
  </s>
  <s id="489">
    <time id="T362S" value="00:46:21,480" />
Vad såg du?
    <time id="T362E" value="00:46:24,074" />
  </s>
  <s id="490">
    <time id="T363S" value="00:46:41,280" />
Mitt läge är inte så hopplöst som det kan verka för en oinvigd.
    <time id="T363E" value="00:46:47,992" />
  </s>
  <s id="491">
    <time id="T364S" value="00:46:48,080" />
Vissa går att muta.
    <time id="T364E" value="00:46:51,117" />
  </s>
  <s id="492">
    <time id="T365S" value="00:46:59,160" />
Min flickvän var i huset.
  </s>
  <s id="493">
-Då får du väl hitta en ny.
    <time id="T365E" value="00:47:04,314" />
  </s>
  <s id="494">
    <time id="T366S" value="00:47:08,760" />
Har du suttit inne?
  </s>
  <s id="495">
-Ja.
    <time id="T366E" value="00:47:11,718" />
  </s>
  <s id="496">
    <time id="T367S" value="00:47:11,880" />
Vad lärde du dig där?
  </s>
  <s id="497">
-Att man inte ska lägga sig i.
    <time id="T367E" value="00:47:15,998" />
  </s>
  <s id="498">
    <time id="T368S" value="00:47:16,080" />
Det är skäl att inte glömma det.
    <time id="T368E" value="00:47:19,595" />
  </s>
  <s id="499">
    <time id="T369S" value="00:47:24,440" />
Vaakunas portier identifierade kvinnan.
    <time id="T369E" value="00:47:27,273" />
  </s>
  <s id="500">
    <time id="T370S" value="00:47:27,360" />
Hon har ett rum där på namnet Christina Malmberg.
    <time id="T370E" value="00:47:30,318" />
  </s>
  <s id="501">
    <time id="T371S" value="00:47:30,480" />
Jag vill ha frukost.
    <time id="T371E" value="00:47:32,630" />
  </s>
  <s id="502">
    <time id="T372S" value="00:47:32,800" />
Nya hotell har ellås som registrar varje gång dörren öppnas.
    <time id="T372E" value="00:47:38,636" />
  </s>
  <s id="503">
    <time id="T373S" value="00:47:38,720" />
Nån gick in i rummet en timme efter att hon dött.
    <time id="T373E" value="00:47:42,633" />
  </s>
  <s id="504">
    <time id="T374S" value="00:47:42,800" />
Och övervakningskamerorna?
  </s>
  <s id="505">
-Banden väntar på oss.
    <time id="T374E" value="00:47:48,352" />
  </s>
  <s id="506">
    <time id="T375S" value="00:47:58,280" />
Gitanes.
    <time id="T375E" value="00:48:00,748" />
  </s>
  <s id="507">
    <time id="T376S" value="00:48:04,080" />
Franska cigaretter.
    <time id="T376E" value="00:48:07,356" />
  </s>
  <s id="508">
    <time id="T377S" value="00:48:29,840" />
Såg du mannens ansikte?
  </s>
  <s id="509">
-Nej.
    <time id="T377E" value="00:48:32,115" />
  </s>
  <s id="510">
    <time id="T378S" value="00:48:33,960" />
Men jag såg hans brallor.
    <time id="T378E" value="00:48:36,235" />
  </s>
  <s id="511">
    <time id="T379S" value="00:48:36,720" />
Spännet i hans bälte såg ut så här.
    <time id="T379E" value="00:48:41,635" />
  </s>
  <s id="512">
    <time id="T380S" value="00:48:45,240" />
Det är sällan man ser sådana.
    <time id="T380E" value="00:48:47,834" />
  </s>
  <s id="513">
    <time id="T381S" value="00:48:51,880" />
Bilen då?
  </s>
  <s id="514">
Såg du registernumret?
    <time id="T381E" value="00:48:55,031" />
  </s>
  <s id="515">
    <time id="T382S" value="00:48:56,040" />
Det minns jag inte.
    <time id="T382E" value="00:48:58,190" />
  </s>
  <s id="516">
    <time id="T383S" value="00:49:01,760" />
Såg du den här kvinnan den natten?
    <time id="T383E" value="00:49:05,116" />
  </s>
  <s id="517">
    <time id="T384S" value="00:49:05,640" />
Hon bodde i huset. 
  </s>
  <s id="518">
Efter branden har hon inte synts till.
    <time id="T384E" value="00:49:12,239" />
  </s>
  <s id="519">
    <time id="T385S" value="00:49:15,400" />
Nån flydde från huset. 
    <time id="T387S" value="00:49:23,480" />
  </s>
  <s id="520">
Jag såg ingen men jag hörde.
    <time id="T387E" value="00:49:26,313" />
  </s>
  <s id="521">
    <time id="T388S" value="00:49:26,840" />
Hon sprang för sitt liv.
    <time id="T388E" value="00:49:29,400" />
  </s>
  <s id="522">
    <time id="T389S" value="00:49:30,000" />
Rummet är tomt. 
  </s>
  <s id="523">
Där fanns inget av intresse. 
  </s>
  <s id="524">
-Jansson.
    <time id="T389E" value="00:49:34,630" />
  </s>
  <s id="525">
    <time id="T390S" value="00:49:36,320" />
Den skjutna kvinnan är Stina Lundström.
    <time id="T390E" value="00:49:39,073" />
  </s>
  <s id="526">
    <time id="T391S" value="00:49:39,160" />
Fråga föreningen Attac i Stockholm.
    <time id="T391E" value="00:49:42,152" />
  </s>
  <s id="527">
    <time id="T392S" value="00:49:42,600" />
Ring föreningen Attac i Stockholm.
  </s>
  <s id="528">
Fråga om de känner Lundström.
    <time id="T392E" value="00:49:47,196" />
  </s>
  <s id="529">
    <time id="T393S" value="00:49:47,320" />
Om de gör det får du faxa bilden på offret till dem.
    <time id="T393E" value="00:49:50,949" />
  </s>
  <s id="530">
    <time id="T394S" value="00:49:51,040" />
Vet du vem kravallpolisen var som var först framme vid offret?
    <time id="T394E" value="00:49:54,589" />
  </s>
  <s id="531">
    <time id="T395S" value="00:49:54,760" />
Vi har annat att tänka på nu.
  </s>
  <s id="532">
Hopo, ta reda på teleuppgifterna.
    <time id="T395E" value="00:50:01,108" />
  </s>
  <s id="533">
    <time id="T396S" value="00:50:02,080" />
Vem var det då? 
  </s>
  <s id="534">
-Vi vet inte, men vi vet att han inte var kravallpolis.
    <time id="T396E" value="00:50:07,518" />
  </s>
  <s id="535">
    <time id="T397S" value="00:50:12,880" />
Varför?
  </s>
  <s id="536">
-Måste man alltid ha en orsak?
    <time id="T397E" value="00:50:16,714" />
  </s>
  <s id="537">
    <time id="T398S" value="00:50:36,280" />
Ja? 
  </s>
  <s id="538">
-Kvinnans mobil har använts.
    <time id="T398E" value="00:50:39,431" />
  </s>
  <s id="539">
    <time id="T399S" value="00:50:39,520" />
Polisen undersöker teleuppgifterna och ett samtal som ringts i dag.
    <time id="T399E" value="00:50:44,878" />
  </s>
  <s id="540">
    <time id="T400S" value="00:50:45,040" />
Varifrån kom samtalet?
  </s>
  <s id="541">
-Vi får veta i dag.
    <time id="T400E" value="00:50:48,237" />
  </s>
  <s id="542">
    <time id="T401S" value="00:50:48,320" />
Gav hennes mobil nåt intressant?
  </s>
  <s id="543">
-Nej.
    <time id="T401E" value="00:50:52,313" />
  </s>
  <s id="544">
    <time id="T402S" value="00:51:12,400" />
Om typen inte skiljer förorter från soplådor - kan han missta sig med annat också.
    <time id="T403E" value="00:51:18,798" />
  </s>
  <s id="545">
    <time id="T404S" value="00:51:19,440" />
Motion gör dig gott.
  </s>
  <s id="546">
Kolla upp ormspännet.
    <time id="T404E" value="00:51:23,877" />
  </s>
  <s id="547">
    <time id="T405S" value="00:51:25,280" />
Så fort jag har ätit den här jävla gröten.
    <time id="T405E" value="00:51:30,035" />
  </s>
  <s id="548">
    <time id="T406S" value="00:51:31,160" />
Var är Kejsaren?
  </s>
  <s id="549">
-Tarjas pappa?
    <time id="T406E" value="00:51:34,835" />
  </s>
  <s id="550">
    <time id="T407S" value="00:51:36,240" />
Honom har jag inte sett på ett tag.
    <time id="T407E" value="00:51:40,392" />
  </s>
  <s id="551">
    <time id="T408S" value="00:51:41,120" />
Arska kanske vet.
    <time id="T408E" value="00:51:44,749" />
  </s>
  <s id="552">
    <time id="T409S" value="00:51:45,000" />
Vilken av alla landets Arskor?
    <time id="T409E" value="00:51:47,673" />
  </s>
  <s id="553">
    <time id="T410S" value="00:51:47,760" />
Röv-Arska. 
  </s>
  <s id="554">
Han bor numera i Sveaborgs servicetunnel.
    <time id="T410E" value="00:51:52,470" />
  </s>
  <s id="555">
    <time id="T411S" value="00:52:14,560" />
Döda mig då, men låt rumpan vara!
    <time id="T411E" value="00:52:18,599" />
  </s>
  <s id="556">
    <time id="T412S" value="00:52:25,360" />
Dig har jag sett nånstans.
  </s>
  <s id="557">
-Tack detsamma.
    <time id="T412E" value="00:52:29,911" />
  </s>
  <s id="558">
    <time id="T413S" value="00:52:36,840" />
Var är Kejsaren?
  </s>
  <s id="559">
-På sjukhus. 
  </s>
  <s id="560">
Vad gör du i Finland?
    <time id="T413E" value="00:52:42,631" />
  </s>
  <s id="561">
    <time id="T414S" value="00:52:43,240" />
På vilket sjukhus?
    <time id="T414E" value="00:52:45,993" />
  </s>
  <s id="562">
    <time id="T415S" value="00:52:46,200" />
Jag cyklade omkull på väg till butiken...
    <time id="T415E" value="00:52:50,796" />
  </s>
  <s id="563">
    <time id="T416S" value="00:53:01,280" />
Har du gått över till det andra lägret?
    <time id="T416E" value="00:53:04,477" />
  </s>
  <s id="564">
    <time id="T417S" value="00:53:07,600" />
Du föll omkull med ölflaskor.
    <time id="T417E" value="00:53:10,956" />
  </s>
  <s id="565">
    <time id="T418S" value="00:53:15,040" />
På HUCS. 
  </s>
  <s id="566">
Men åt männen sa jag att han är i Alphyddan.
    <time id="T418E" value="00:53:20,239" />
  </s>
  <s id="567">
    <time id="T419S" value="00:53:20,400" />
Vilka män?
  </s>
  <s id="568">
-De sökte Kejsarens dotter Tarja.
    <time id="T419E" value="00:53:25,076" />
  </s>
  <s id="569">
    <time id="T420S" value="00:53:25,240" />
Hur såg de ut?
  </s>
  <s id="570">
-Jag såg dem inte ordentligt.
    <time id="T420E" value="00:53:29,950" />
  </s>
  <s id="571">
    <time id="T421S" value="00:53:30,120" />
Den ena hade flickhår, den andra ett ärr - och den tredje såg bara på.
    <time id="T422E" value="00:53:38,313" />
  </s>
  <s id="572">
    <time id="T423S" value="00:53:38,520" />
Var är Tarja?
    <time id="T423E" value="00:53:40,954" />
  </s>
  <s id="573">
    <time id="T424S" value="00:54:01,480" />
Jag vet inte var hon är.
  </s>
  <s id="574">
lnte visste kommissarien heller.
    <time id="T424E" value="00:54:06,190" />
  </s>
  <s id="575">
    <time id="T425S" value="00:54:12,880" />
Hur mycket är klockan?
    <time id="T425E" value="00:54:15,314" />
  </s>
  <s id="576">
    <time id="T426S" value="00:54:16,240" />
För mycket. 
  </s>
  <s id="577">
Jag borde gå i pension.
    <time id="T426E" value="00:54:22,554" />
  </s>
  <s id="578">
    <time id="T427S" value="00:54:24,640" />
Kom du för att operera toncillerna?
    <time id="T427E" value="00:54:28,599" />
  </s>
  <s id="579">
    <time id="T428S" value="00:54:29,280" />
Nej, jag kom för att söka vård för informationsbrist.
    <time id="T428E" value="00:54:34,513" />
  </s>
  <s id="580">
    <time id="T429S" value="00:54:41,240" />
Du då?
    <time id="T429E" value="00:54:43,435" />
  </s>
  <s id="581">
    <time id="T430S" value="00:54:43,720" />
Farsgubben ligger för döden.
    <time id="T430E" value="00:54:47,190" />
  </s>
  <s id="582">
    <time id="T431S" value="00:54:47,360" />
Jag kom för att ta ett sista avsked som brukligt är.
    <time id="T431E" value="00:54:53,037" />
  </s>
  <s id="583">
    <time id="T432S" value="00:54:54,680" />
Jag hittade en man som såg branden.
  </s>
  <s id="584">
Tre män i en jeep.
    <time id="T432E" value="00:55:00,357" />
  </s>
  <s id="585">
    <time id="T433S" value="00:55:00,520" />
Nån kanske flydde och överlevde.
    <time id="T433E" value="00:55:03,273" />
  </s>
  <s id="586">
    <time id="T434S" value="00:55:03,440" />
Signalement?
  </s>
  <s id="587">
-Han såg inte så bra.
    <time id="T434E" value="00:55:07,353" />
  </s>
  <s id="588">
    <time id="T435S" value="00:55:07,520" />
I dag träffade jag en som såg bättre men som hade en dålig bak.
    <time id="T435E" value="00:55:12,071" />
  </s>
  <s id="589">
    <time id="T436S" value="00:55:12,160" />
Röv-Arska. 
  </s>
  <s id="590">
Den mänskliga smärtans största representant.
    <time id="T436E" value="00:55:19,350" />
  </s>
  <s id="591">
    <time id="T437S" value="00:55:19,720" />
Han hade träffat dig också. 
  </s>
  <s id="592">
Och före det tre män som sökte Tarja.
    <time id="T437E" value="00:55:26,796" />
  </s>
  <s id="593">
    <time id="T438S" value="00:55:26,880" />
En hade flickhår, de andra var annars bara trevliga.
    <time id="T438E" value="00:55:31,556" />
  </s>
  <s id="594">
    <time id="T439S" value="00:55:31,640" />
Sa Arska att en hade flickhår?
    <time id="T439E" value="00:55:35,792" />
  </s>
  <s id="595">
    <time id="T440S" value="00:55:39,240" />
Kände Tarja en Stina Lundström?
  </s>
  <s id="596">
-lnte under min tid.
    <time id="T440E" value="00:55:45,793" />
  </s>
  <s id="597">
    <time id="T441S" value="00:55:45,880" />
Hon skrev några gånger men nämnde aldrig det namnet.
    <time id="T441E" value="00:55:50,078" />
  </s>
  <s id="598">
    <time id="T442S" value="00:55:50,960" />
Hör vad de skriver:
    <time id="T442E" value="00:55:52,951" />
  </s>
  <s id="599">
    <time id="T443S" value="00:55:53,040" />
"Kommissarie Saarinen anser att Ny Kraft-branden är uppklarad."
    <time id="T443E" value="00:55:57,431" />
  </s>
  <s id="600">
    <time id="T444S" value="00:55:57,520" />
En del tror på under, andra på stark valuta. 
  </s>
  <s id="601">
Mig tilltalar ingendera.
    <time id="T444E" value="00:56:03,470" />
  </s>
  <s id="602">
    <time id="T445S" value="00:56:03,640" />
Vad tilltalar dig?
    <time id="T445E" value="00:56:06,279" />
  </s>
  <s id="603">
    <time id="T446S" value="00:56:06,760" />
Flyttfåglarna.
  </s>
  <s id="604">
Hur de alltid hittar fram.
    <time id="T446E" value="00:56:11,515" />
  </s>
  <s id="605">
    <time id="T447S" value="00:56:46,840" />
Kommer du med den slutliga behandlingen?
    <time id="T447E" value="00:56:51,311" />
  </s>
  <s id="606">
    <time id="T448S" value="00:56:51,480" />
Du vet varför jag kom.
    <time id="T448E" value="00:56:53,755" />
  </s>
  <s id="607">
    <time id="T449S" value="00:56:55,840" />
Kauppalehti och Teknikens Värld.
    <time id="T449E" value="00:57:00,868" />
  </s>
  <s id="608">
    <time id="T450S" value="00:57:05,400" />
Tarja är död.
    <time id="T450E" value="00:57:07,994" />
  </s>
  <s id="609">
    <time id="T451S" value="00:57:08,360" />
Hon lever och du vet det.
  </s>
  <s id="610">
Var lever hon?
    <time id="T451E" value="00:57:12,353" />
  </s>
  <s id="611">
    <time id="T452S" value="00:57:12,520" />
Det.. det... det...
    <time id="T452E" value="00:57:17,275" />
  </s>
  <s id="612">
    <time id="T453S" value="00:57:22,920" />
Det angår inte dig.
    <time id="T453E" value="00:57:27,198" />
  </s>
  <s id="613">
    <time id="T454S" value="00:57:27,280" />
Det angår mig. 
  </s>
  <s id="614">
Ska vi tala eller låta vapnen tala?
    <time id="T454E" value="00:57:31,990" />
  </s>
  <s id="615">
    <time id="T455S" value="00:57:39,520" />
Hon var här. 
  </s>
  <s id="616">
Hon fixade det här rummet åt mig.
    <time id="T455E" value="00:57:45,152" />
  </s>
  <s id="617">
    <time id="T456S" value="00:57:45,640" />
En fri man kan inte dö utan att se himlen.
    <time id="T456E" value="00:57:50,111" />
  </s>
  <s id="618">
    <time id="T457S" value="00:57:50,320" />
Hur har du mått?
    <time id="T457E" value="00:57:53,471" />
  </s>
  <s id="619">
    <time id="T458S" value="00:57:53,600" />
Som döende brukar...
    <time id="T458E" value="00:57:58,549" />
  </s>
  <s id="620">
    <time id="T459S" value="00:58:00,840" />
När?
    <time id="T459E" value="00:58:02,796" />
  </s>
  <s id="621">
    <time id="T460S" value="00:58:03,000" />
För några dar sen, en kväll...
    <time id="T460E" value="00:58:08,711" />
  </s>
  <s id="622">
    <time id="T461S" value="00:58:08,880" />
Vart for hon?
  </s>
  <s id="623">
-Vad i helvete frågar du för? 
  </s>
  <s id="624">
Satan!
    <time id="T461E" value="00:58:13,670" />
  </s>
  <s id="625">
    <time id="T462S" value="00:58:20,280" />
Hon for till sjöss.
  </s>
  <s id="626">
Hon sa inte vart.
    <time id="T462E" value="00:58:23,238" />
  </s>
  <s id="627">
    <time id="T463S" value="00:58:23,360" />
Männen som brände ner huset ger sig inte.
    <time id="T463E" value="00:58:26,318" />
  </s>
  <s id="628">
    <time id="T464S" value="00:58:26,400" />
Vill du att de hittar Tarja före mig?
    <time id="T464E" value="00:58:29,597" />
  </s>
  <s id="629">
    <time id="T465S" value="00:58:29,760" />
Hon förbjöd mig. 
  </s>
  <s id="630">
Jag säger inget.
  </s>
  <s id="631">
-Vad var hon rädd för?
    <time id="T465E" value="00:58:35,118" />
  </s>
  <s id="632">
    <time id="T466S" value="00:58:35,200" />
Hon höll på med en artikel.
    <time id="T466E" value="00:58:39,273" />
  </s>
  <s id="633">
    <time id="T467S" value="00:58:40,640" />
Hon fick reda på nåt som inte tålde dagsljus.
    <time id="T467E" value="00:58:46,590" />
  </s>
  <s id="634">
    <time id="T468S" value="00:58:46,760" />
Vad handlade den om?
  </s>
  <s id="635">
-Hon blev inte klar med den.
    <time id="T468E" value="00:58:50,309" />
  </s>
  <s id="636">
    <time id="T469S" value="00:58:50,480" />
Nån var rädd för artikeln och dödade tre.
    <time id="T469E" value="00:58:53,836" />
  </s>
  <s id="637">
    <time id="T470S" value="00:58:53,920" />
Materialet gick förlorat i branden.
    <time id="T470E" value="00:58:58,198" />
  </s>
  <s id="638">
    <time id="T471S" value="00:59:06,440" />
Kallbådan. 
  </s>
  <s id="639">
Det ser avlägset ut.
    <time id="T471E" value="00:59:10,877" />
  </s>
  <s id="640">
    <time id="T472S" value="00:59:12,640" />
Åkte hon ensam?
    <time id="T472E" value="00:59:14,756" />
  </s>
  <s id="641">
    <time id="T473S" value="00:59:16,800" />
Har Helena varit här i dag?
    <time id="T473E" value="00:59:19,598" />
  </s>
  <s id="642">
    <time id="T474S" value="00:59:19,760" />
Din syster kommer alla dar.
    <time id="T474E" value="00:59:21,990" />
  </s>
  <s id="643">
    <time id="T475S" value="00:59:22,080" />
Hon kom med samma tidningar som du, och frukt.
    <time id="T475E" value="00:59:27,313" />
  </s>
  <s id="644">
    <time id="T476S" value="00:59:30,160" />
Strömavbrott igen.
    <time id="T476E" value="00:59:32,674" />
  </s>
  <s id="645">
    <time id="T477S" value="00:59:34,480" />
Hur är det med andningen?
  </s>
  <s id="646">
Hjälpte medicinen?
    <time id="T477E" value="00:59:37,233" />
  </s>
  <s id="647">
    <time id="T478S" value="00:59:37,400" />
Tredje elavbrottet den här veckan.
    <time id="T478E" value="00:59:40,710" />
  </s>
  <s id="648">
    <time id="T479S" value="00:59:40,800" />
Jävla klåpare som inte bygger ett femte kärnkraftverk - fast strömmen tar slut.
    <time id="T480E" value="00:59:47,350" />
  </s>
  <s id="649">
    <time id="T481S" value="00:59:47,440" />
...ministeriet har fått konsultbolaget CRC:s utredning - om köparkandidaterna för Statens Energi.
    <time id="T482E" value="00:59:54,200" />
  </s>
  <s id="650">
    <time id="T483S" value="00:59:54,360" />
Bästa kandidaten anses vara det schweiziska placeringsbolaget GIB... 4 kärnkraftverk, 27 vattenkraftverk, 70% av hela elnätet säjs utomlands.
    <time id="T484E" value="01:00:05,474" />
  </s>
  <s id="651">
    <time id="T485S" value="01:00:05,560" />
Men hur ska GIB sköta eldistributionen i glesbygden?
    <time id="T485E" value="01:00:09,519" />
  </s>
  <s id="652">
    <time id="T486S" value="01:00:09,600" />
Stiger tarifferna omedelbart?
    <time id="T486E" value="01:00:12,273" />
  </s>
  <meta>
    <subtitle>
      <rating>0.0</rating>
      <language>Swedish</language>
      <version>0</version>
      <confidence>1.0</confidence>
      <machine_translated>0</machine_translated>
      <date>2003-07-04</date>
      <blocks>486</blocks>
      <duration>01:00:12,273</duration>
    </subtitle>
    <conversion>
      <tokens>4165</tokens>
      <encoding>windows-1252</encoding>
      <unknown_words>46</unknown_words>
      <ignored_blocks>0</ignored_blocks>
      <sentences>652</sentences>
      <truecased_words>30</truecased_words>
      <corrected_words>5</corrected_words>
    </conversion>
    <source>
      <HD>0</HD>
      <cds>1/1</cds>
      <country>Finland</country>
      <original>Finnish</original>
      <year>2000</year>
      <genre>Crime,Drama</genre>
      <duration>504</duration>
    </source>
  </meta>
</document>
