<?xml version="1.0" encoding="utf-8"?>
<document id="4546327">
  <s id="1">
    <time id="T1S" value="00:00:03,000" />
Begäran om assistans
    <time id="T1E" value="00:00:05,798" />
  </s>
  <s id="2">
    <time id="T2S" value="00:00:43,040" />
Så har vi alltså en ny chef för mordkommissionen.
    <time id="T2E" value="00:00:46,237" />
  </s>
  <s id="3">
    <time id="T3S" value="00:00:46,400" />
Jag ville meddela dig först.
    <time id="T3E" value="00:00:49,119" />
  </s>
  <s id="4">
    <time id="T4S" value="00:00:49,280" />
Vi fick ansökningar från de bästa vi har.
    <time id="T4E" value="00:00:52,511" />
  </s>
  <s id="5">
    <time id="T5S" value="00:00:52,680" />
Och in i det sista var du med bland de tre bästa.
    <time id="T5E" value="00:00:58,073" />
  </s>
  <s id="6">
    <time id="T6S" value="00:00:58,240" />
-Jag rekommenderade dig...
  </s>
  <s id="7">
-...men det var en som var bättre.
    <time id="T6E" value="00:01:03,075" />
  </s>
  <s id="8">
    <time id="T7S" value="00:01:03,240" />
Det är mycket möjligt men det var du som fick jobbet.
    <time id="T8E" value="00:01:09,276" />
  </s>
  <s id="9">
    <time id="T9S" value="00:01:11,480" />
-Grattis, Ingrid.
  </s>
  <s id="10">
-Tack.
    <time id="T9E" value="00:01:14,074" />
  </s>
  <s id="11">
    <time id="T10S" value="00:01:14,240" />
-Grattis.
  </s>
  <s id="12">
-Tack.
    <time id="T10E" value="00:01:16,834" />
  </s>
  <s id="13">
    <time id="T11S" value="00:01:17,000" />
Vi tar en risk genom att utnämna dig till första kvinnliga chef.
    <time id="T11E" value="00:01:21,790" />
  </s>
  <s id="14">
    <time id="T12S" value="00:01:21,960" />
Ute i landet är du känd som utredare av brister inom kåren.
    <time id="T12E" value="00:01:26,988" />
  </s>
  <s id="15">
    <time id="T13S" value="00:01:27,160" />
Det är inte säkert du får det lätt.
    <time id="T13E" value="00:01:29,549" />
  </s>
  <s id="16">
    <time id="T14S" value="00:01:29,720" />
Därför ber jag dig att visa ödmjukhet och praktisera samarbete.
    <time id="T15E" value="00:01:39,039" />
  </s>
  <s id="17">
    <time id="T16S" value="00:01:39,200" />
Du ska till rikspolischefen.
  </s>
  <s id="18">
Hon vill också gratulera dig.
    <time id="T16E" value="00:01:45,036" />
  </s>
  <s id="19">
    <time id="T17S" value="00:01:45,200" />
När det regnar på klockaren...
    <time id="T17E" value="00:01:48,078" />
  </s>
  <s id="20">
    <time id="T18S" value="00:01:48,240" />
I gengäld fick jag förhandlat om våra personliga lönetillägg.
    <time id="T18E" value="00:01:53,394" />
  </s>
  <s id="21">
    <time id="T19S" value="00:01:53,560" />
Vi får alla en rejäl höjning.
    <time id="T19E" value="00:01:55,949" />
  </s>
  <s id="22">
    <time id="T20S" value="00:01:56,120" />
Vad menar du med "i gengäld"?
    <time id="T20E" value="00:02:00,113" />
  </s>
  <s id="23">
    <time id="T21S" value="00:02:02,080" />
Jag har haft en del samtal med rikspolischefen...
    <time id="T21E" value="00:02:05,675" />
  </s>
  <s id="24">
    <time id="T22S" value="00:02:05,840" />
Och hon gav dig lite extra medel mot att du tog mig som chef.
    <time id="T22E" value="00:02:11,915" />
  </s>
  <s id="25">
    <time id="T23S" value="00:02:12,080" />
-Så kan man inte uttrycka det.
  </s>
  <s id="26">
-Inte det?
    <time id="T23E" value="00:02:16,835" />
  </s>
  <s id="27">
    <time id="T24S" value="00:02:17,000" />
Det var roligt att höra.
    <time id="T24E" value="00:02:20,549" />
  </s>
  <s id="28">
    <time id="T25S" value="00:02:22,840" />
Varför ska hon jämt vara så jävla tillknäppt?
    <time id="T25E" value="00:02:27,038" />
  </s>
  <s id="29">
    <time id="T26S" value="00:02:32,520" />
Stamkroen 
  </s>
  <s id="30">
- Horsens
    <time id="T26E" value="00:02:36,354" />
  </s>
  <s id="31">
    <time id="T27S" value="00:02:41,400" />
Jeanette, för helvete!
  </s>
  <s id="32">
Sätt lite fart!
    <time id="T27E" value="00:02:45,109" />
  </s>
  <s id="33">
    <time id="T28S" value="00:02:52,080" />
Ta tomglasen.
    <time id="T28E" value="00:02:54,674" />
  </s>
  <s id="34">
    <time id="T29S" value="00:02:56,000" />
Bevare mig väl!
    <time id="T29E" value="00:02:59,151" />
  </s>
  <s id="35">
    <time id="T30S" value="00:03:05,680" />
Ett ögonblick. 
  </s>
  <s id="36">
- Pappa!
    <time id="T30E" value="00:03:09,070" />
  </s>
  <s id="37">
    <time id="T31S" value="00:03:09,240" />
Du har telefon.
    <time id="T31E" value="00:03:11,834" />
  </s>
  <s id="38">
    <time id="T32S" value="00:03:17,880" />
Det är John.
    <time id="T32E" value="00:03:20,553" />
  </s>
  <s id="39">
    <time id="T33S" value="00:03:21,680" />
Varför ska det vara ända där ute?
    <time id="T33E" value="00:03:26,310" />
  </s>
  <s id="40">
    <time id="T34S" value="00:03:26,480" />
Okej.
    <time id="T34E" value="00:03:29,119" />
  </s>
  <s id="41">
    <time id="T35S" value="00:03:29,280" />
Vi ses.
    <time id="T35E" value="00:03:31,714" />
  </s>
  <s id="42">
    <time id="T36S" value="00:03:31,880" />
Jag kör en sväng.
    <time id="T36E" value="00:03:35,316" />
  </s>
  <s id="43">
    <time id="T37S" value="00:03:35,480" />
-Kan det inte vänta till imorgon?
  </s>
  <s id="44">
-Håll käften!
    <time id="T37E" value="00:03:39,439" />
  </s>
  <s id="45">
    <time id="T38S" value="00:03:41,760" />
-Pappa... 
  </s>
  <s id="46">
Får jag en Cola till?
  </s>
  <s id="47">
-Nej, nu blir det inte fler.
    <time id="T38E" value="00:03:46,709" />
  </s>
  <s id="48">
    <time id="T39S" value="00:03:46,880" />
Så många du vill.
    <time id="T39E" value="00:03:48,871" />
  </s>
  <s id="49">
    <time id="T40S" value="00:03:49,040" />
-Har inte du druckit?
  </s>
  <s id="50">
-Håll käften, sa jag.
    <time id="T40E" value="00:03:53,591" />
  </s>
  <s id="51">
    <time id="T41S" value="00:05:32,320" />
Boller Nederskog
    <time id="T41E" value="00:05:36,996" />
  </s>
  <s id="52">
    <time id="T42S" value="00:07:21,080" />
-Det är Ulf.
  </s>
  <s id="53">
-Ett ögonblick.
    <time id="T42E" value="00:07:24,675" />
  </s>
  <s id="54">
    <time id="T43S" value="00:07:24,840" />
Ingrid...
    <time id="T43E" value="00:07:27,593" />
  </s>
  <s id="55">
    <time id="T44S" value="00:07:33,560" />
-Det är Ingrid.
  </s>
  <s id="56">
-Horsens - mord.
    <time id="T44E" value="00:07:36,632" />
  </s>
  <s id="57">
    <time id="T45S" value="00:07:36,800" />
De vill ha oss med från början.
    <time id="T45E" value="00:07:39,598" />
  </s>
  <s id="58">
    <time id="T46S" value="00:07:39,760" />
Du får uppgifterna senare idag.
    <time id="T46E" value="00:07:42,672" />
  </s>
  <s id="59">
    <time id="T47S" value="00:07:42,840" />
Ta det nu. 
  </s>
  <s id="60">
Jag vill komma iväg så fort som möjligt.
    <time id="T47E" value="00:07:47,038" />
  </s>
  <s id="61">
    <time id="T48S" value="00:07:47,200" />
-Innan lokalpolisen förstör allt.
  </s>
  <s id="62">
-Det där hörde jag inte.
    <time id="T48E" value="00:07:50,670" />
  </s>
  <s id="63">
    <time id="T49S" value="00:07:50,840" />
Jag ska hälsa från Andersen.
  </s>
  <s id="64">
Han ser fram emot att samarbeta.
    <time id="T49E" value="00:07:57,712" />
  </s>
  <s id="65">
    <time id="T50S" value="00:07:57,880" />
-Ska mamma iväg igen?
  </s>
  <s id="66">
-Ja.
    <time id="T50E" value="00:08:01,270" />
  </s>
  <s id="67">
    <time id="T51S" value="00:08:01,440" />
Då gör vi det utan att fråga.
  </s>
  <s id="68">
Hon säger säkert nej.
    <time id="T51E" value="00:08:05,353" />
  </s>
  <s id="69">
    <time id="T52S" value="00:08:14,080" />
-Han gillar inte mig.
  </s>
  <s id="70">
-Du blev befordrad.
    <time id="T52E" value="00:08:17,550" />
  </s>
  <s id="71">
    <time id="T53S" value="00:08:17,720" />
Han väntar på att jag ska göra bort mig.
    <time id="T53E" value="00:08:22,111" />
  </s>
  <s id="72">
    <time id="T54S" value="00:08:24,160" />
När det verkligen gäller, finns det ingen bättre än du.
    <time id="T54E" value="00:08:29,154" />
  </s>
  <s id="73">
    <time id="T55S" value="00:08:31,680" />
Du är så dum.
    <time id="T55E" value="00:08:34,513" />
  </s>
  <s id="74">
    <time id="T56S" value="00:08:34,680" />
Är Tobias vaken?
  </s>
  <s id="75">
Är han ledsen för att jag ska åka?
    <time id="T56E" value="00:08:38,992" />
  </s>
  <s id="76">
    <time id="T57S" value="00:08:39,160" />
-Ska han åka till sin far?
  </s>
  <s id="77">
-Jag frågade om vi skulle fiska.
    <time id="T57E" value="00:08:44,280" />
  </s>
  <s id="78">
    <time id="T58S" value="00:08:44,440" />
Inte så här års!
    <time id="T58E" value="00:08:47,398" />
  </s>
  <s id="79">
    <time id="T59S" value="00:08:47,560" />
-Varför svarar du inte?
  </s>
  <s id="80">
-Det är till dig.
    <time id="T59E" value="00:08:51,678" />
  </s>
  <s id="81">
    <time id="T60S" value="00:08:53,960" />
-Det är lP.
  </s>
  <s id="82">
-Bussen går till Horsens.
    <time id="T60E" value="00:08:56,952" />
  </s>
  <s id="83">
    <time id="T61S" value="00:08:57,120" />
Likvidering - fem skott med jaktgevär.
    <time id="T61E" value="00:09:00,157" />
  </s>
  <s id="84">
    <time id="T62S" value="00:09:00,320" />
-Laddat tre gånger.
  </s>
  <s id="85">
-Teknikerna är på plats.
    <time id="T62E" value="00:09:03,517" />
  </s>
  <s id="86">
    <time id="T63S" value="00:09:03,680" />
Ulf säger att den lokala polisen har en lovande teori.
    <time id="T63E" value="00:09:07,992" />
  </s>
  <s id="87">
    <time id="T64S" value="00:09:08,160" />
Okej, ni får väl fiska då.
    <time id="T64E" value="00:09:12,278" />
  </s>
  <s id="88">
    <time id="T65S" value="00:09:13,960" />
Ni två...!
    <time id="T65E" value="00:09:15,951" />
  </s>
  <s id="89">
    <time id="T66S" value="00:09:16,120" />
-Ursäkta mig.
  </s>
  <s id="90">
-Jag kommer så fort jag kan.
    <time id="T66E" value="00:09:20,955" />
  </s>
  <s id="91">
    <time id="T67S" value="00:09:22,160" />
Du kanske vill åka med?
  </s>
  <s id="92">
Vi kan ta in på Jørgensens.
    <time id="T67E" value="00:09:27,439" />
  </s>
  <s id="93">
    <time id="T68S" value="00:09:29,640" />
Skulle jag sitta där ensam medan du jobbar till midnatt varje kväll?
    <time id="T68E" value="00:09:35,749" />
  </s>
  <s id="94">
    <time id="T69S" value="00:09:38,320" />
-Du har väl inga rena skjortor?
  </s>
  <s id="95">
-Jag köper några på plats.
    <time id="T69E" value="00:09:43,075" />
  </s>
  <s id="96">
    <time id="T70S" value="00:09:43,240" />
Jag vill ha Bunkern städad.
  </s>
  <s id="97">
Den såg för jävlig ut sist.
    <time id="T70E" value="00:09:48,519" />
  </s>
  <s id="98">
    <time id="T71S" value="00:09:48,680" />
-Vi har fått en ny chaufför.
  </s>
  <s id="99">
-Ja, jag har hans nummer.
    <time id="T71E" value="00:09:52,514" />
  </s>
  <s id="100">
    <time id="T72S" value="00:09:52,680" />
Hej så länge.
    <time id="T72E" value="00:09:55,274" />
  </s>
  <s id="101">
    <time id="T73S" value="00:09:58,280" />
Det är Gaby från mordkommissionen.
    <time id="T73E" value="00:10:00,874" />
  </s>
  <s id="102">
    <time id="T74S" value="00:10:02,640" />
Jag måste röra på mig nu.
    <time id="T74E" value="00:10:06,519" />
  </s>
  <s id="103">
    <time id="T75S" value="00:10:11,200" />
-Ses vi igen?
  </s>
  <s id="104">
-Ha det så bra.
    <time id="T75E" value="00:10:15,716" />
  </s>
  <s id="105">
    <time id="T76S" value="00:10:20,920" />
Han var snygg och trevlig, men det är ju många.
    <time id="T76E" value="00:10:24,071" />
  </s>
  <s id="106">
    <time id="T77S" value="00:10:24,240" />
Du har alltså inte börjat fylla brudkistan?
    <time id="T77E" value="00:10:28,279" />
  </s>
  <s id="107">
    <time id="T78S" value="00:10:28,440" />
Blir Søren aldrig svartsjuk när du åker?
    <time id="T78E" value="00:10:31,876" />
  </s>
  <s id="108">
    <time id="T79S" value="00:10:32,040" />
-Om du träffar nån, då?
  </s>
  <s id="109">
-Det gör jag inte.
    <time id="T79E" value="00:10:35,874" />
  </s>
  <s id="110">
    <time id="T80S" value="00:10:36,040" />
-Anta att du var ihop med nån.
  </s>
  <s id="111">
-Han skulle säga: "Det avgör du."
    <time id="T80E" value="00:10:40,716" />
  </s>
  <s id="112">
    <time id="T81S" value="00:10:40,880" />
-"Men kom inte tillbaka." 
  </s>
  <s id="113">
-Han skulle kasta ut dig!
    <time id="T81E" value="00:10:45,078" />
  </s>
  <s id="114">
    <time id="T82S" value="00:10:45,240" />
Sånt älskar vi flickor att höra!
    <time id="T82E" value="00:10:48,471" />
  </s>
  <s id="115">
    <time id="T83S" value="00:10:48,640" />
-Är du vaken?
  </s>
  <s id="116">
-Jag kan inte sova som ni pladdrar.
    <time id="T83E" value="00:10:52,838" />
  </s>
  <s id="117">
    <time id="T84S" value="00:10:53,000" />
Nån jävel har förstört min helg.
    <time id="T84E" value="00:10:55,878" />
  </s>
  <s id="118">
    <time id="T85S" value="00:10:59,680" />
Horsens polisstation
    <time id="T85E" value="00:11:02,513" />
  </s>
  <s id="119">
    <time id="T86S" value="00:11:02,680" />
Det här är restauratör John Poulsen - en gammal bekant.
    <time id="T86E" value="00:11:07,151" />
  </s>
  <s id="120">
    <time id="T87S" value="00:11:07,320" />
Straffregistret är långt som en toarulle.
    <time id="T87E" value="00:11:09,834" />
  </s>
  <s id="121">
    <time id="T88S" value="00:11:10,000" />
Skjuten i hjärttrakten.
  </s>
  <s id="122">
Han dog förmodligen på fläcken.
    <time id="T88E" value="00:11:14,516" />
  </s>
  <s id="123">
    <time id="T89S" value="00:11:14,680" />
Icke desto mindre blev han skjuten igen sen han dött - på nära håll.
    <time id="T89E" value="00:11:18,958" />
  </s>
  <s id="124">
    <time id="T90S" value="00:11:19,120" />
-Ni har en teori.
  </s>
  <s id="125">
-Poulsen drev Stamkroen i hamnen.
    <time id="T90E" value="00:11:25,116" />
  </s>
  <s id="126">
    <time id="T91S" value="00:11:25,280" />
Där kan man få allt man vill ha - även amfetamin.
    <time id="T91E" value="00:11:29,068" />
  </s>
  <s id="127">
    <time id="T92S" value="00:11:29,240" />
Nåt som knuttarna anser sig ha monopol på.
    <time id="T92E" value="00:11:32,471" />
  </s>
  <s id="128">
    <time id="T93S" value="00:11:32,640" />
Knuttarnas lokala hövding, Grue, har varnat Poulsen flera gånger.
    <time id="T93E" value="00:11:38,795" />
  </s>
  <s id="129">
    <time id="T94S" value="00:11:38,960" />
Det där är inte affärsrelaterat.
  </s>
  <s id="130">
Det är för våldsamt.
    <time id="T94E" value="00:11:43,750" />
  </s>
  <s id="131">
    <time id="T95S" value="00:11:43,920" />
Det handlar om svartsjuka eller hat.
  </s>
  <s id="132">
Det är för nervöst.
    <time id="T95E" value="00:11:48,516" />
  </s>
  <s id="133">
    <time id="T96S" value="00:11:48,680" />
Tre halvträffar på så nära håll.
  </s>
  <s id="134">
Undersök Poulsens nära relationer...
    <time id="T96E" value="00:11:55,472" />
  </s>
  <s id="135">
    <time id="T97S" value="00:11:57,040" />
-Hej, Lund.
  </s>
  <s id="136">
-Här får ni allt serverat.
    <time id="T97E" value="00:12:00,271" />
  </s>
  <s id="137">
    <time id="T98S" value="00:12:02,280" />
-Har du inte berättat om knuttarna?
  </s>
  <s id="138">
-Vi följer ett annat spår.
    <time id="T98E" value="00:12:06,876" />
  </s>
  <s id="139">
    <time id="T99S" value="00:12:07,040" />
-Jag föredrar att börja.
  </s>
  <s id="140">
-Har vi hört av Fischer och la Cour?
    <time id="T99E" value="00:12:11,875" />
  </s>
  <s id="141">
    <time id="T100S" value="00:12:16,240" />
-Om vi bara fått en dag till.
  </s>
  <s id="142">
-Men det fick vi inte.
    <time id="T100E" value="00:12:22,475" />
  </s>
  <s id="143">
    <time id="T101S" value="00:12:22,640" />
Då hade jag knäckt honom.
    <time id="T101E" value="00:12:26,315" />
  </s>
  <s id="144">
    <time id="T102S" value="00:12:26,480" />
Ska jag prata med Ingrid och fråga om du får återvända till Hirtshals?
    <time id="T102E" value="00:12:30,837" />
  </s>
  <s id="145">
    <time id="T103S" value="00:12:31,000" />
Jag ska inte dit.
    <time id="T103E" value="00:12:33,230" />
  </s>
  <s id="146">
    <time id="T104S" value="00:12:39,000" />
Men du vill väl tillbaka till den rödhåriga...
    <time id="T104E" value="00:12:44,518" />
  </s>
  <s id="147">
    <time id="T105S" value="00:12:44,680" />
-Vem...?
  </s>
  <s id="148">
-Vem tror du?
    <time id="T105E" value="00:12:47,990" />
  </s>
  <s id="149">
    <time id="T106S" value="00:12:49,480" />
-När fick du nåt senast?
  </s>
  <s id="150">
-Lägg av!
    <time id="T106E" value="00:12:52,392" />
  </s>
  <s id="151">
    <time id="T107S" value="00:12:52,560" />
Var det 1980?
    <time id="T107E" value="00:12:54,551" />
  </s>
  <s id="152">
    <time id="T108S" value="00:12:54,720" />
Anmälan kom 23.18. 
  </s>
  <s id="153">
Närmare kommer vi inte tiden för mordet.
    <time id="T108E" value="00:12:59,999" />
  </s>
  <s id="154">
    <time id="T109S" value="00:13:00,160" />
Fyra minuter senare är vår bil på plats.
    <time id="T109E" value="00:13:03,914" />
  </s>
  <s id="155">
    <time id="T110S" value="00:13:04,080" />
När ambulansmännen kommer, säger de: "Skicka efter en likbil."
    <time id="T110E" value="00:13:09,916" />
  </s>
  <s id="156">
    <time id="T111S" value="00:13:10,080" />
Tjugo minuter efter det tvingas jag lämna en middag hos borgmästaren...
    <time id="T111E" value="00:13:16,519" />
  </s>
  <s id="157">
    <time id="T112S" value="00:13:16,680" />
Allt det där står ju i rapporterna.
    <time id="T112E" value="00:13:20,389" />
  </s>
  <s id="158">
    <time id="T113S" value="00:13:20,560" />
Men jag vill ge Hansen och teknikerna beröm.
    <time id="T113E" value="00:13:26,510" />
  </s>
  <s id="159">
    <time id="T114S" value="00:13:26,680" />
la Cour ansvarar för brottsplatsen.
  </s>
  <s id="160">
Ta kontakt med teknikerna.
    <time id="T114E" value="00:13:31,117" />
  </s>
  <s id="161">
    <time id="T115S" value="00:13:31,280" />
Fischer tar de anhöriga.
    <time id="T115E" value="00:13:34,352" />
  </s>
  <s id="162">
    <time id="T116S" value="00:13:34,520" />
IP tar alla rapporter som ska lämnas till Gaby.
    <time id="T116E" value="00:13:39,958" />
  </s>
  <s id="163">
    <time id="T117S" value="00:13:40,120" />
-Det är bara att ta in Grue.
  </s>
  <s id="164">
-På vilka grunder?
    <time id="T117E" value="00:13:43,954" />
  </s>
  <s id="165">
    <time id="T118S" value="00:13:44,120" />
-Han har hotat den döde.
  </s>
  <s id="166">
-Det finns andra möjligheter.
    <time id="T118E" value="00:13:48,113" />
  </s>
  <s id="167">
    <time id="T119S" value="00:13:48,280" />
Vi träffas klockan 08.00 imorgon, och jag vet att det är söndag.
    <time id="T119E" value="00:13:54,150" />
  </s>
  <s id="168">
    <time id="T120S" value="00:14:01,280" />
Varför så jävla tvärsäker?
  </s>
  <s id="169">
Du kunde ha väntat fem minuter.
    <time id="T120E" value="00:14:06,513" />
  </s>
  <s id="170">
    <time id="T121S" value="00:14:06,680" />
Jag hade inte tid. 
  </s>
  <s id="171">
Andersen har varit skicklig, men nu är han gammal.
    <time id="T121E" value="00:14:12,869" />
  </s>
  <s id="172">
    <time id="T122S" value="00:14:13,040" />
-Vad rör borgmästaren oss?
  </s>
  <s id="173">
-Du lär dig aldrig.
    <time id="T122E" value="00:14:16,396" />
  </s>
  <s id="174">
    <time id="T123S" value="00:14:16,560" />
Man blir inte själv större genom att förringa andra.
    <time id="T123E" value="00:14:21,588" />
  </s>
  <s id="175">
    <time id="T124S" value="00:14:21,760" />
Okej, be om ursäkt för mig och säg att jag är en ambitiös surkäring.
    <time id="T124E" value="00:14:26,117" />
  </s>
  <s id="176">
    <time id="T125S" value="00:14:26,280" />
Kom igen nu, lP. 
  </s>
  <s id="177">
Du säger ju jämt att det handlar om tre saker:
    <time id="T125E" value="00:14:30,239" />
  </s>
  <s id="178">
    <time id="T126S" value="00:14:30,400" />
Samarbete, samarbete och samarbete.
    <time id="T126E" value="00:14:33,437" />
  </s>
  <s id="179">
    <time id="T127S" value="00:14:33,600" />
Du har rätt, men du är en ambitiös surkäring.
    <time id="T127E" value="00:14:38,230" />
  </s>
  <s id="180">
    <time id="T128S" value="00:14:45,280" />
Det kallar jag timing.
    <time id="T128E" value="00:14:48,238" />
  </s>
  <s id="181">
    <time id="T129S" value="00:14:48,400" />
-Det är ju Johnny Olsen!
  </s>
  <s id="182">
-Tydligen.
    <time id="T129E" value="00:14:52,075" />
  </s>
  <s id="183">
    <time id="T130S" value="00:14:52,240" />
-Men det är den Johnny Olsen!
  </s>
  <s id="184">
-Ja, det är det!
    <time id="T130E" value="00:14:57,189" />
  </s>
  <s id="185">
    <time id="T131S" value="00:15:00,760" />
-Så det är din första tur?
  </s>
  <s id="186">
-Jag fick bilen i förra veckan.
    <time id="T131E" value="00:15:05,470" />
  </s>
  <s id="187">
    <time id="T132S" value="00:15:05,640" />
-Så du har blivit chaufför?
  </s>
  <s id="188">
-Ja, så kan det gå.
    <time id="T132E" value="00:15:10,430" />
  </s>
  <s id="189">
    <time id="T133S" value="00:15:14,720" />
Hej! 
  </s>
  <s id="190">
Tillåt mig...
    <time id="T133E" value="00:15:17,280" />
  </s>
  <s id="191">
    <time id="T134S" value="00:15:24,960" />
Tack.
    <time id="T134E" value="00:15:26,951" />
  </s>
  <s id="192">
    <time id="T135S" value="00:15:32,440" />
Var det du som var på min svarare i morse?
    <time id="T135E" value="00:15:37,195" />
  </s>
  <s id="193">
    <time id="T136S" value="00:15:39,840" />
-Här har verkligen städats!
  </s>
  <s id="194">
-Det var därför jag blev försenad.
    <time id="T136E" value="00:15:45,119" />
  </s>
  <s id="195">
    <time id="T137S" value="00:15:45,280" />
-Jag ringer när den ska hämtas.
  </s>
  <s id="196">
-Jag har tid att stanna här.
    <time id="T137E" value="00:15:50,308" />
  </s>
  <s id="197">
    <time id="T138S" value="00:15:51,960" />
-Jag har inte presenterat mig.
  </s>
  <s id="198">
-Det behövs inte.
    <time id="T138E" value="00:15:55,714" />
  </s>
  <s id="199">
    <time id="T139S" value="00:15:55,880" />
Jag måste säga att den här vagnen tog knäcken på mig.
    <time id="T139E" value="00:16:00,954" />
  </s>
  <s id="200">
    <time id="T140S" value="00:16:03,240" />
-Varför ska han inte presentera sig?
  </s>
  <s id="201">
-Det är ju Johnny Olsen.
    <time id="T140E" value="00:16:08,951" />
  </s>
  <s id="202">
    <time id="T141S" value="00:16:09,960" />
Ni ska väl inte bara arbeta?
    <time id="T141E" value="00:16:13,157" />
  </s>
  <s id="203">
    <time id="T142S" value="00:16:26,680" />
I P, blir du aldrig svartsjuk?
    <time id="T142E" value="00:16:30,434" />
  </s>
  <s id="204">
    <time id="T143S" value="00:16:32,520" />
Han är jämt skitsur.
    <time id="T143E" value="00:16:35,034" />
  </s>
  <s id="205">
    <time id="T144S" value="00:16:35,200" />
Vi var på fest och Søren dansade tryckare med sin lärarassistent.
    <time id="T144E" value="00:16:41,036" />
  </s>
  <s id="206">
    <time id="T145S" value="00:16:41,200" />
Jag kunde ha klöst ögonen ur henne.
    <time id="T145E" value="00:16:44,670" />
  </s>
  <s id="207">
    <time id="T146S" value="00:16:44,840" />
Man gör sjuka saker när det är så.
    <time id="T146E" value="00:16:48,276" />
  </s>
  <s id="208">
    <time id="T147S" value="00:16:48,440" />
Äldre försupen värdshusvärd, gift med en vacker kvinna.
    <time id="T147E" value="00:16:52,752" />
  </s>
  <s id="209">
    <time id="T148S" value="00:16:52,920" />
In i källaren flyttar en riktig goding.
    <time id="T148E" value="00:16:57,198" />
  </s>
  <s id="210">
    <time id="T149S" value="00:16:57,360" />
Hon kanske tycker det.
  </s>
  <s id="211">
Hon blev gravid tre månader senare.
    <time id="T149E" value="00:17:01,558" />
  </s>
  <s id="212">
    <time id="T150S" value="00:17:01,720" />
-Okej.
  </s>
  <s id="213">
-Han sitter en tid i fängelse.
    <time id="T150E" value="00:17:05,918" />
  </s>
  <s id="214">
    <time id="T151S" value="00:17:06,080" />
Efter avtjänat straff återvänder han och blir den dödes livvakt.
    <time id="T151E" value="00:17:11,518" />
  </s>
  <s id="215">
    <time id="T152S" value="00:17:11,680" />
Vad händer när en ung man flyttar in hos en yngre kvinna och äldre man?
    <time id="T152E" value="00:17:17,357" />
  </s>
  <s id="216">
    <time id="T153S" value="00:17:17,520" />
De kanske fick för sig att röja svinet ur vägen.
    <time id="T153E" value="00:17:21,195" />
  </s>
  <s id="217">
    <time id="T154S" value="00:17:21,360" />
Därför vill jag börja med det spåret.
    <time id="T154E" value="00:17:24,318" />
  </s>
  <s id="218">
    <time id="T155S" value="00:17:24,480" />
-Och knuttarna?
  </s>
  <s id="219">
-En sak i taget.
    <time id="T155E" value="00:17:27,074" />
  </s>
  <s id="220">
    <time id="T156S" value="00:17:27,240" />
la Cour undersöker brottsplatsen.
  </s>
  <s id="221">
Fischer och jag tar de anhöriga.
    <time id="T156E" value="00:17:33,952" />
  </s>
  <s id="222">
    <time id="T157S" value="00:17:50,280" />
Det här blir svårt och det kommer att ta tid.
    <time id="T157E" value="00:17:54,990" />
  </s>
  <s id="223">
    <time id="T158S" value="00:17:56,560" />
Vi vill tala med Kim Boager Hansen också. 
  </s>
  <s id="224">
Är han hemma?
    <time id="T158E" value="00:18:01,873" />
  </s>
  <s id="225">
    <time id="T159S" value="00:18:02,040" />
Titta efter i källaren.
  </s>
  <s id="226">
Det är där han bor.
    <time id="T159E" value="00:18:06,431" />
  </s>
  <s id="227">
    <time id="T160S" value="00:18:09,080" />
Du arbetade väl på Stamkroen när John fick samtalet?
    <time id="T160E" value="00:18:15,269" />
  </s>
  <s id="228">
    <time id="T161S" value="00:18:15,440" />
Jag vet inte vem det var.
    <time id="T161E" value="00:18:18,352" />
  </s>
  <s id="229">
    <time id="T162S" value="00:18:18,520" />
-Hur gammal är din dotter?
  </s>
  <s id="230">
-Nio.
    <time id="T162E" value="00:18:21,637" />
  </s>
  <s id="231">
    <time id="T163S" value="00:18:21,800" />
Hon var väl också där hela kvällen?
    <time id="T163E" value="00:18:25,588" />
  </s>
  <s id="232">
    <time id="T164S" value="00:18:27,880" />
-Jag vill gärna prata med Camilla.
  </s>
  <s id="233">
-Varför det?
    <time id="T164E" value="00:18:31,714" />
  </s>
  <s id="234">
    <time id="T165S" value="00:18:31,880" />
Hon kanske vet vem som ringde.
    <time id="T165E" value="00:18:35,270" />
  </s>
  <s id="235">
    <time id="T166S" value="00:18:35,440" />
Hon är hos min far. 
  </s>
  <s id="236">
Hon ska inte behöva se sin mor så här.
    <time id="T166E" value="00:18:40,673" />
  </s>
  <s id="237">
    <time id="T167S" value="00:18:44,600" />
Du var i Århus igår kväll, Kim.
    <time id="T167E" value="00:18:48,070" />
  </s>
  <s id="238">
    <time id="T168S" value="00:18:48,240" />
Var det därför han blev skjuten?
  </s>
  <s id="239">
För att de visste att du var borta?
    <time id="T168E" value="00:18:53,394" />
  </s>
  <s id="240">
    <time id="T169S" value="00:18:56,200" />
-Det var det nog.
  </s>
  <s id="241">
-Och vilka är "de"?
    <time id="T169E" value="00:18:59,112" />
  </s>
  <s id="242">
    <time id="T170S" value="00:18:59,280" />
Hur skulle jag kunna veta det?
    <time id="T170E" value="00:19:01,350" />
  </s>
  <s id="243">
    <time id="T171S" value="00:19:01,520" />
Han blir skjuten första dan du har ledigt.
    <time id="T171E" value="00:19:05,559" />
  </s>
  <s id="244">
    <time id="T172S" value="00:19:05,720" />
Vem var det han var rädd för?
    <time id="T172E" value="00:19:09,315" />
  </s>
  <s id="245">
    <time id="T173S" value="00:19:10,600" />
Är du själv rädd för nån?
    <time id="T173E" value="00:19:13,797" />
  </s>
  <s id="246">
    <time id="T174S" value="00:19:13,960" />
Jag är inte rädd för nån.
    <time id="T174E" value="00:19:17,999" />
  </s>
  <s id="247">
    <time id="T175S" value="00:19:19,320" />
-Du har skadat dig.
  </s>
  <s id="248">
-Det var Nikolaj.
    <time id="T175E" value="00:19:23,677" />
  </s>
  <s id="249">
    <time id="T176S" value="00:19:23,840" />
Han råkade sparka mig när jag skulle sätta på honom stövlarna.
    <time id="T176E" value="00:19:27,833" />
  </s>
  <s id="250">
    <time id="T177S" value="00:19:28,000" />
-Hur gammal är han?
  </s>
  <s id="251">
-Ett år.
    <time id="T177E" value="00:19:31,993" />
  </s>
  <s id="252">
    <time id="T178S" value="00:19:33,160" />
-Hur var ditt och Johns förhållande?
  </s>
  <s id="253">
-Det var bra.
    <time id="T178E" value="00:19:37,711" />
  </s>
  <s id="254">
    <time id="T179S" value="00:19:37,880" />
Berättelsen om kinden stämmer väl inte? 
  </s>
  <s id="255">
Det var väl John?
    <time id="T179E" value="00:19:44,319" />
  </s>
  <s id="256">
    <time id="T180S" value="00:19:47,400" />
Jag hade glömt att betala in moms.
  </s>
  <s id="257">
Det kostade oss många tusen.
    <time id="T180E" value="00:19:51,518" />
  </s>
  <s id="258">
    <time id="T181S" value="00:19:51,680" />
Men han var bra och tog hand om mig.
    <time id="T181E" value="00:19:55,150" />
  </s>
  <s id="259">
    <time id="T182S" value="00:19:55,320" />
Hur ska vi klara oss nu?
    <time id="T182E" value="00:19:58,551" />
  </s>
  <s id="260">
    <time id="T183S" value="00:19:58,720" />
-Hur länge har du bott här?
  </s>
  <s id="261">
-Tre månader.
    <time id="T183E" value="00:20:03,714" />
  </s>
  <s id="262">
    <time id="T184S" value="00:20:03,880" />
-För ett par år sen också.
  </s>
  <s id="263">
-Innan du satt inne.
    <time id="T184E" value="00:20:09,079" />
  </s>
  <s id="264">
    <time id="T185S" value="00:20:09,240" />
-Vad gjorde du i Århus?
  </s>
  <s id="265">
-Min kompis Jeppe fyllde år.
    <time id="T185E" value="00:20:14,712" />
  </s>
  <s id="266">
    <time id="T186S" value="00:20:14,880" />
-Kan nån bekräfta att du var där?
  </s>
  <s id="267">
-Ja, hans mor och styvfar.
    <time id="T186E" value="00:20:19,874" />
  </s>
  <s id="268">
    <time id="T187S" value="00:20:20,040" />
Vi firade hemma hos dem.
  </s>
  <s id="269">
Vi söp oss skitfulla.
    <time id="T187E" value="00:20:23,476" />
  </s>
  <s id="270">
    <time id="T188S" value="00:20:23,640" />
Jeppe började slåss med sin styvfar.
  </s>
  <s id="271">
De slåss jämt när de blir fulla.
    <time id="T188E" value="00:20:28,430" />
  </s>
  <s id="272">
    <time id="T189S" value="00:20:28,600" />
Polisen var också där, men då hade jag redan däckat.
    <time id="T189E" value="00:20:33,116" />
  </s>
  <s id="273">
    <time id="T190S" value="00:20:33,280" />
De lugnade ner sig.
  </s>
  <s id="274">
Jag tror inte det blev nån anmälan.
    <time id="T190E" value="00:20:37,512" />
  </s>
  <s id="275">
    <time id="T191S" value="00:20:37,680" />
Det tror inte jag heller.
    <time id="T191E" value="00:20:40,672" />
  </s>
  <s id="276">
    <time id="T192S" value="00:20:46,680" />
Hur är det, Kim?
    <time id="T192E" value="00:20:49,911" />
  </s>
  <s id="277">
    <time id="T193S" value="00:20:50,080" />
Tröstar du henne ibland?
  </s>
  <s id="278">
Hon är vacker.
    <time id="T193E" value="00:20:56,076" />
  </s>
  <s id="279">
    <time id="T194S" value="00:20:56,240" />
Antyder du att jag skulle sätta på min bäste väns fru?
    <time id="T194E" value="00:21:00,233" />
  </s>
  <s id="280">
    <time id="T195S" value="00:21:00,400" />
Och det säger du dan efter han blev mördad!
    <time id="T195E" value="00:21:03,949" />
  </s>
  <s id="281">
    <time id="T196S" value="00:21:04,120" />
-Det var inte meningen.
  </s>
  <s id="282">
-Jag skiter i deras problem.
    <time id="T196E" value="00:21:09,990" />
  </s>
  <s id="283">
    <time id="T197S" value="00:21:15,120" />
Det kan mycket väl vara han.
  </s>
  <s id="284">
Jag är säker på att de har nåt ihop.
    <time id="T197E" value="00:21:19,750" />
  </s>
  <s id="285">
    <time id="T198S" value="00:21:19,920" />
-Men hon verkar ledsen på riktigt.
  </s>
  <s id="286">
-Tvivlar du på din hypotes?
    <time id="T198E" value="00:21:25,517" />
  </s>
  <s id="287">
    <time id="T199S" value="00:21:25,680" />
Nej, jag säger bara att hon är bra på att verka uppriktig.
    <time id="T199E" value="00:21:30,117" />
  </s>
  <s id="288">
    <time id="T200S" value="00:21:37,880" />
Jag stiger ur...
    <time id="T200E" value="00:21:39,871" />
  </s>
  <s id="289">
    <time id="T201S" value="00:21:40,040" />
Brottsplatsen
    <time id="T201E" value="00:21:45,273" />
  </s>
  <s id="290">
    <time id="T202S" value="00:21:50,440" />
Jag går bort från bilen.
    <time id="T202E" value="00:21:53,159" />
  </s>
  <s id="291">
    <time id="T203S" value="00:21:53,320" />
Går han alltid och pratar för sig själv?
    <time id="T203E" value="00:21:58,348" />
  </s>
  <s id="292">
    <time id="T204S" value="00:21:59,680" />
Nej...för jag kan inte ha gått dit bort.
    <time id="T204E" value="00:22:04,470" />
  </s>
  <s id="293">
    <time id="T205S" value="00:22:06,280" />
Jag går fram tills jag kommer hit.
    <time id="T206E" value="00:22:12,637" />
  </s>
  <s id="294">
    <time id="T207S" value="00:22:14,440" />
Nej, då skulle jag ha blivit träffad.
  </s>
  <s id="295">
Jag går hit...
    <time id="T207E" value="00:22:19,514" />
  </s>
  <s id="296">
    <time id="T208S" value="00:22:19,680" />
Poulsen stiger ur bilen och låter dörren stå öppen.
    <time id="T208E" value="00:22:23,389" />
  </s>
  <s id="297">
    <time id="T209S" value="00:22:23,560" />
Sen går han fram dit och så kommer skotten.
    <time id="T210E" value="00:22:30,756" />
  </s>
  <s id="298">
    <time id="T211S" value="00:22:32,680" />
Jag ska iväg, men först går jag hit.
    <time id="T211E" value="00:22:36,992" />
  </s>
  <s id="299">
    <time id="T212S" value="00:22:39,120" />
Annars kommer jag inte dit bort.
    <time id="T212E" value="00:22:42,874" />
  </s>
  <s id="300">
    <time id="T213S" value="00:22:44,800" />
Jag konstaterar att han är död och så drar jag.
    <time id="T214E" value="00:22:50,434" />
  </s>
  <s id="301">
    <time id="T215S" value="00:23:26,800" />
Joggingskor.
    <time id="T215E" value="00:23:29,951" />
  </s>
  <s id="302">
    <time id="T216S" value="00:23:41,480" />
Gummistövlar.
    <time id="T216E" value="00:23:44,199" />
  </s>
  <s id="303">
    <time id="T217S" value="00:23:44,360" />
Storlek 45 eller 46.
    <time id="T217E" value="00:23:47,557" />
  </s>
  <s id="304">
    <time id="T218S" value="00:23:50,120" />
Joggingskor gummistövlar joggingskor...
    <time id="T220E" value="00:24:08,998" />
  </s>
  <s id="305">
    <time id="T221S" value="00:24:20,480" />
Hansen, det är la Cour.
  </s>
  <s id="306">
Kan du komma ner och spärra av?
    <time id="T221E" value="00:24:25,873" />
  </s>
  <s id="307">
    <time id="T222S" value="00:24:26,040" />
Förhör med taxichaufför
    <time id="T222E" value="00:24:27,712" />
  </s>
  <s id="308">
    <time id="T223S" value="00:24:30,440" />
-Du såg alltså Kim i stan igår kväll?
  </s>
  <s id="309">
-På Sønderbrogade.
    <time id="T223E" value="00:24:34,274" />
  </s>
  <s id="310">
    <time id="T224S" value="00:24:34,440" />
-Vad var klockan då?
  </s>
  <s id="311">
-Tio, halv elva.
    <time id="T224E" value="00:24:38,228" />
  </s>
  <s id="312">
    <time id="T225S" value="00:24:39,360" />
Jag hade precis släppt av en kund och Kim stod på andra sidan gatan.
    <time id="T225E" value="00:24:44,514" />
  </s>
  <s id="313">
    <time id="T226S" value="00:24:44,680" />
Jag hoppades att han inte såg mig för han såg ut att vilja ha en taxi.
    <time id="T226E" value="00:24:49,879" />
  </s>
  <s id="314">
    <time id="T227S" value="00:24:50,040" />
-Jag ville inte köra den psykopaten.
  </s>
  <s id="315">
-Så du gillar inte Kim?
    <time id="T227E" value="00:24:55,319" />
  </s>
  <s id="316">
    <time id="T228S" value="00:24:55,480" />
Sen han och Jeppe blev Poulsens hantlangare tror de att de äger stan.
    <time id="T228E" value="00:25:01,749" />
  </s>
  <s id="317">
    <time id="T229S" value="00:25:01,920" />
Såg du vad han hade på fötterna?
    <time id="T229E" value="00:25:05,356" />
  </s>
  <s id="318">
    <time id="T230S" value="00:25:05,520" />
-Joggingskor?
  </s>
  <s id="319">
-Ja, det tror jag.
    <time id="T230E" value="00:25:09,399" />
  </s>
  <s id="320">
    <time id="T231S" value="00:25:09,560" />
IP...?
    <time id="T231E" value="00:25:11,915" />
  </s>
  <s id="321">
    <time id="T232S" value="00:25:15,080" />
Kollegerna i Århus var ute hos Jeppes mor.
    <time id="T232E" value="00:25:19,631" />
  </s>
  <s id="322">
    <time id="T233S" value="00:25:19,800" />
Både Kim och Jeppe var där fem minuter efter mordet.
    <time id="T233E" value="00:25:23,952" />
  </s>
  <s id="323">
    <time id="T234S" value="00:25:26,400" />
-Fan också!
  </s>
  <s id="324">
-Ingrid lär inte bli glad.
    <time id="T234E" value="00:25:30,188" />
  </s>
  <s id="325">
    <time id="T235S" value="00:25:36,480" />
Spill inte vår tid! 
  </s>
  <s id="326">
Du gillar inte Kim och vill sätta honom i klistret!
    <time id="T235E" value="00:25:42,191" />
  </s>
  <s id="327">
    <time id="T236S" value="00:25:42,360" />
-Det var Kim.
  </s>
  <s id="328">
-Polisen såg honom i Århus!
    <time id="T236E" value="00:25:47,673" />
  </s>
  <s id="329">
    <time id="T237S" value="00:25:47,840" />
Det är en liten stad 50 km härifrån.
  </s>
  <s id="330">
Skulle han hinna hit på fem minuter?
    <time id="T237E" value="00:25:53,437" />
  </s>
  <s id="331">
    <time id="T238S" value="00:25:54,920" />
-Det var igår.
  </s>
  <s id="332">
-Eller förrgår.
    <time id="T238E" value="00:25:57,275" />
  </s>
  <s id="333">
    <time id="T239S" value="00:25:58,960" />
De verkar ha varit två om det.
    <time id="T239E" value="00:26:02,953" />
  </s>
  <s id="334">
    <time id="T240S" value="00:26:03,120" />
Killen med joggingskor hämtar upp Poulsen på vägen hit.
    <time id="T240E" value="00:26:08,319" />
  </s>
  <s id="335">
    <time id="T241S" value="00:26:08,480" />
Joggingskorna stiger ur bilen först.
    <time id="T241E" value="00:26:11,677" />
  </s>
  <s id="336">
    <time id="T242S" value="00:26:11,840" />
Han vet att gummistövlarna ligger i bakhåll i skogen.
    <time id="T242E" value="00:26:16,231" />
  </s>
  <s id="337">
    <time id="T243S" value="00:26:16,400" />
Han skjuter Poulsen och sen flyr de ner hit där de har en båt som väntar.
    <time id="T244E" value="00:26:24,118" />
  </s>
  <s id="338">
    <time id="T245S" value="00:26:30,000" />
Det är bra.
    <time id="T245E" value="00:26:31,991" />
  </s>
  <s id="339">
    <time id="T246S" value="00:26:32,160" />
Det här är alltså Bunkern!
  </s>
  <s id="340">
Är det lngrids idé?
    <time id="T246E" value="00:26:36,278" />
  </s>
  <s id="341">
    <time id="T247S" value="00:26:36,440" />
Inte illa.
    <time id="T247E" value="00:26:38,908" />
  </s>
  <s id="342">
    <time id="T248S" value="00:26:39,080" />
Jag har några saker som kan vara av intresse.
    <time id="T248E" value="00:26:44,871" />
  </s>
  <s id="343">
    <time id="T249S" value="00:26:45,040" />
Grue hade fått i uppgift att driva in en spelskuld på 300 000 kr som Poulsen tog lätt på.
    <time id="T250E" value="00:26:52,789" />
  </s>
  <s id="344">
    <time id="T251S" value="00:26:52,960" />
Grue har blivit dömd för samma sak förr. 
  </s>
  <s id="345">
Knuttarna håller till här uppe.
    <time id="T251E" value="00:26:59,672" />
  </s>
  <s id="346">
    <time id="T252S" value="00:26:59,840" />
Vi har brottsplatsen här och eftersom ingen sett nån bil köra därifrån så väntade nog en båt på dem och tog dem hit.
    <time id="T253E" value="00:27:09,798" />
  </s>
  <s id="347">
    <time id="T254S" value="00:27:09,960" />
Där väntade nog en bil.
    <time id="T254E" value="00:27:12,679" />
  </s>
  <s id="348">
    <time id="T255S" value="00:27:12,840" />
Flera vittnen har sett en blå Opel Rekord köra i hög fart från Husodde mot Nebel sent igår kväll.
    <time id="T256E" value="00:27:19,875" />
  </s>
  <s id="349">
    <time id="T257S" value="00:27:20,040" />
Det visar sig att Grue faktiskt äger ett sådant fordon...
    <time id="T257E" value="00:27:24,830" />
  </s>
  <s id="350">
    <time id="T258S" value="00:27:25,000" />
-Intressant.
  </s>
  <s id="351">
-Även om frun inte gillar det tycker jag att ni ska ha Grues porträtt upphängt.
    <time id="T259E" value="00:27:34,517" />
  </s>
  <s id="352">
    <time id="T260S" value="00:27:34,680" />
Stör jag? 
  </s>
  <s id="353">
Den lokala tidningen har kommit. 
  </s>
  <s id="354">
Vi är på förstasidan.
    <time id="T260E" value="00:27:41,279" />
  </s>
  <s id="355">
    <time id="T261S" value="00:27:43,960" />
Är det mordoffrets värdshus?
    <time id="T261E" value="00:27:46,554" />
  </s>
  <s id="356">
    <time id="T262S" value="00:27:46,720" />
-Ville du nåt mer?
  </s>
  <s id="357">
-Nej...
    <time id="T262E" value="00:27:49,632" />
  </s>
  <s id="358">
    <time id="T263S" value="00:27:52,960" />
-Var inte det...?
  </s>
  <s id="359">
-Jo.
    <time id="T263E" value="00:27:56,714" />
  </s>
  <s id="360">
    <time id="T264S" value="00:27:58,240" />
Hylsorna går till ballistikerna.
    <time id="T264E" value="00:28:02,438" />
  </s>
  <s id="361">
    <time id="T265S" value="00:28:02,600" />
Och så en liten present från teknikerna.
    <time id="T265E" value="00:28:06,036" />
  </s>
  <s id="362">
    <time id="T266S" value="00:28:06,200" />
Skorna kan ha lämnat blodspår på en trasa som låg i bilen.
    <time id="T266E" value="00:28:10,512" />
  </s>
  <s id="363">
    <time id="T267S" value="00:28:10,680" />
-Vi får väl profilen på det?
  </s>
  <s id="364">
-Ja.
    <time id="T267E" value="00:28:13,797" />
  </s>
  <s id="365">
    <time id="T268S" value="00:28:13,960" />
-Hej, lP.
  </s>
  <s id="366">
-Kims alibi håller.
    <time id="T268E" value="00:28:17,430" />
  </s>
  <s id="367">
    <time id="T269S" value="00:28:17,600" />
Och Andersen kom med några överraskningar.
    <time id="T269E" value="00:28:21,195" />
  </s>
  <s id="368">
    <time id="T270S" value="00:28:21,360" />
Poulsen var skyldig Grue 300 000.
    <time id="T270E" value="00:28:24,955" />
  </s>
  <s id="369">
    <time id="T271S" value="00:28:25,120" />
Grue äger dessutom en blå Rekord som sågs i Husodde igår kväll.
    <time id="T271E" value="00:28:29,910" />
  </s>
  <s id="370">
    <time id="T272S" value="00:28:30,080" />
-Andersen tror att de använde båt.
  </s>
  <s id="371">
-Det har han rätt i.
    <time id="T272E" value="00:28:34,471" />
  </s>
  <s id="372">
    <time id="T273S" value="00:28:34,640" />
-Vi borde ta in Grue på förhör.
  </s>
  <s id="373">
-Låt Fischer hämta honom.
    <time id="T273E" value="00:28:38,428" />
  </s>
  <s id="374">
    <time id="T274S" value="00:28:38,600" />
Han får be lokalpolisen om assistans.
    <time id="T274E" value="00:28:41,910" />
  </s>
  <s id="375">
    <time id="T275S" value="00:28:42,880" />
Jag vill prata med den där Grue.
  </s>
  <s id="376">
Kan du överlämna inbjudan?
    <time id="T275E" value="00:28:47,078" />
  </s>
  <s id="377">
    <time id="T276S" value="00:28:48,080" />
-Kims alibi håller.
  </s>
  <s id="378">
-Gör det?
    <time id="T276E" value="00:28:51,755" />
  </s>
  <s id="379">
    <time id="T277S" value="00:28:51,920" />
Andersen säger att Poulsen hade en spelskuld på 300 000 till Grue.
    <time id="T277E" value="00:28:57,472" />
  </s>
  <s id="380">
    <time id="T278S" value="00:29:00,480" />
Det är konstigt...
    <time id="T278E" value="00:29:02,596" />
  </s>
  <s id="381">
    <time id="T279S" value="00:29:02,760" />
Jag har aldrig känt mig så säker på att motivet är privat.
    <time id="T279E" value="00:29:08,596" />
  </s>
  <s id="382">
    <time id="T280S" value="00:29:11,920" />
Jag såg vår nye chaufför.
  </s>
  <s id="383">
Är inte det Johnny Olsen?
    <time id="T280E" value="00:29:16,550" />
  </s>
  <s id="384">
    <time id="T281S" value="00:29:16,720" />
Vem fan är Johnny Olsen?
    <time id="T281E" value="00:29:20,713" />
  </s>
  <s id="385">
    <time id="T282S" value="00:29:20,880" />
-Johnny Olsen?
  </s>
  <s id="386">
-Ja!
    <time id="T282E" value="00:29:24,668" />
  </s>
  <s id="387">
    <time id="T283S" value="00:29:24,840" />
MC-gården i Nebel
    <time id="T283E" value="00:29:27,957" />
  </s>
  <s id="388">
    <time id="T284S" value="00:29:28,120" />
Grue, det är polisen! 
  </s>
  <s id="389">
Kom ut nu!
    <time id="T284E" value="00:29:32,079" />
  </s>
  <s id="390">
    <time id="T285S" value="00:29:34,960" />
Okej, slå in porten.
    <time id="T285E" value="00:29:38,509" />
  </s>
  <s id="391">
    <time id="T286S" value="00:29:52,480" />
Gaby, har du rapporten om hur anmälan kom in?
    <time id="T286E" value="00:29:56,553" />
  </s>
  <s id="392">
    <time id="T287S" value="00:29:56,720" />
Bilhandlare Nielsen kör hem sonens flickvän när skotten avlossas.
    <time id="T287E" value="00:30:01,316" />
  </s>
  <s id="393">
    <time id="T288S" value="00:30:01,480" />
Varför kör de genom skogen?
  </s>
  <s id="394">
Vad gör de där mitt i natten?
    <time id="T288E" value="00:30:05,519" />
  </s>
  <s id="395">
    <time id="T289S" value="00:30:05,680" />
Kolla anmälaren i registret.
    <time id="T289E" value="00:30:08,194" />
  </s>
  <s id="396">
    <time id="T290S" value="00:30:09,880" />
Ni kunde ha åkt hit i morse, men det ville hon inte veta av.
    <time id="T290E" value="00:30:14,237" />
  </s>
  <s id="397">
    <time id="T291S" value="00:30:14,400" />
Jag har inget emot kvinnliga poliser, men som chefer!
    <time id="T291E" value="00:30:18,393" />
  </s>
  <s id="398">
    <time id="T292S" value="00:30:18,560" />
Du är en gammal man, Lundgaard.
    <time id="T292E" value="00:30:22,235" />
  </s>
  <s id="399">
    <time id="T293S" value="00:30:22,400" />
De har slutit sig samman. 
  </s>
  <s id="400">
Först får vi en kvinnlig rikspolischef och strax därpå utnämner hon en kvinnlig mordkommissionschef.
    <time id="T294E" value="00:30:31,519" />
  </s>
  <s id="401">
    <time id="T295S" value="00:30:31,680" />
Hur länge tror du hon blir kvar?
  </s>
  <s id="402">
Nåt halvår...?
    <time id="T295E" value="00:30:36,435" />
  </s>
  <s id="403">
    <time id="T296S" value="00:30:36,600" />
Tack. 
  </s>
  <s id="404">
- Grue har stuckit.
    <time id="T296E" value="00:30:39,717" />
  </s>
  <s id="405">
    <time id="T297S" value="00:30:39,880" />
Vi får dra igång maskineriet.
    <time id="T297E" value="00:30:42,348" />
  </s>
  <s id="406">
    <time id="T298S" value="00:30:42,520" />
Eller ska vi göra nåt annat?
    <time id="T298E" value="00:30:44,795" />
  </s>
  <s id="407">
    <time id="T299S" value="00:30:44,960" />
Nu får du bestämma dig.
    <time id="T299E" value="00:30:47,758" />
  </s>
  <s id="408">
    <time id="T300S" value="00:30:47,920" />
Jag har inte kollat om mordvapnet passar in på någon vapenstöld.
    <time id="T300E" value="00:30:52,755" />
  </s>
  <s id="409">
    <time id="T301S" value="00:30:52,920" />
Vi bör tala med den dödes dotter.
  </s>
  <s id="410">
Kan vi inte skicka la Cour?
    <time id="T301E" value="00:30:58,597" />
  </s>
  <s id="411">
    <time id="T302S" value="00:30:58,760" />
Ingrid, du har rätt.
  </s>
  <s id="412">
Vi har nåt på bilhandlaren.
    <time id="T302E" value="00:31:03,276" />
  </s>
  <s id="413">
    <time id="T303S" value="00:31:08,440" />
Intressant. 
  </s>
  <s id="414">
Den fine mannen kör sonens dotter hem.
    <time id="T303E" value="00:31:13,514" />
  </s>
  <s id="415">
    <time id="T304S" value="00:31:13,680" />
-Fy fan!
  </s>
  <s id="416">
-Jag tar själv hand om det.
    <time id="T304E" value="00:31:18,515" />
  </s>
  <s id="417">
    <time id="T305S" value="00:31:19,560" />
-Vad gör vi med Grue?
  </s>
  <s id="418">
-Efterlyser honom.
    <time id="T305E" value="00:31:24,554" />
  </s>
  <s id="419">
    <time id="T306S" value="00:31:25,920" />
Förhör med anmälaren
    <time id="T306E" value="00:31:27,956" />
  </s>
  <s id="420">
    <time id="T307S" value="00:31:28,120" />
Läkaren hade gett Stine nåt lugnande. 
  </s>
  <s id="421">
Hon fick en chock.
    <time id="T307E" value="00:31:33,956" />
  </s>
  <s id="422">
    <time id="T308S" value="00:31:34,120" />
-Det tror fan det.
  </s>
  <s id="423">
-Varför körde ni genom skogen?
    <time id="T308E" value="00:31:38,113" />
  </s>
  <s id="424">
    <time id="T309S" value="00:31:38,280" />
Vi satt och pratade och plötsligt var jag på väg ner mot vattnet.
    <time id="T309E" value="00:31:43,718" />
  </s>
  <s id="425">
    <time id="T310S" value="00:31:43,880" />
Av gammal vana.
    <time id="T310E" value="00:31:46,553" />
  </s>
  <s id="426">
    <time id="T311S" value="00:31:46,720" />
Och så skulle hon kissa strax innan hon kom hem?
    <time id="T311E" value="00:31:50,508" />
  </s>
  <s id="427">
    <time id="T312S" value="00:31:50,680" />
Det sa jag med, men kvinnor...
    <time id="T312E" value="00:31:53,399" />
  </s>
  <s id="428">
    <time id="T313S" value="00:31:53,560" />
Ja, förlåt.
    <time id="T313E" value="00:31:55,232" />
  </s>
  <s id="429">
    <time id="T314S" value="00:31:55,400" />
-Och då gick skotten av.
  </s>
  <s id="430">
-Hon gick bakom ett träd.
    <time id="T314E" value="00:31:58,517" />
  </s>
  <s id="431">
    <time id="T315S" value="00:31:58,680" />
Jag har gått igenom det här med dina kolleger. 
  </s>
  <s id="432">
Läs deras rapport.
    <time id="T315E" value="00:32:03,071" />
  </s>
  <s id="433">
    <time id="T316S" value="00:32:03,240" />
Vad har hänt med läppen?
    <time id="T316E" value="00:32:06,550" />
  </s>
  <s id="434">
    <time id="T317S" value="00:32:06,720" />
Unga flickor. 
  </s>
  <s id="435">
Odder -92?
    <time id="T317E" value="00:32:10,315" />
  </s>
  <s id="436">
    <time id="T318S" value="00:32:10,480" />
-Jag blev frikänd.
  </s>
  <s id="437">
-Tur för dig.
    <time id="T318E" value="00:32:14,871" />
  </s>
  <s id="438">
    <time id="T319S" value="00:32:15,040" />
-Vejle -75?
  </s>
  <s id="439">
-Jag var nitton år!
    <time id="T319E" value="00:32:18,919" />
  </s>
  <s id="440">
    <time id="T320S" value="00:32:19,080" />
-Pappa, jag tror hon är hemma.
  </s>
  <s id="441">
-Bra.
    <time id="T320E" value="00:32:22,390" />
  </s>
  <s id="442">
    <time id="T321S" value="00:32:22,560" />
Är du Stines pojkvän?
  </s>
  <s id="443">
Varför körde inte du Stine hem?
    <time id="T321E" value="00:32:25,711" />
  </s>
  <s id="444">
    <time id="T322S" value="00:32:25,880" />
-Vi sa att Jens druckit för mycket.
  </s>
  <s id="445">
-Du sa det.
    <time id="T322E" value="00:32:30,351" />
  </s>
  <s id="446">
    <time id="T323S" value="00:32:30,520" />
Dina kunder väntar.
    <time id="T323E" value="00:32:33,990" />
  </s>
  <s id="447">
    <time id="T324S" value="00:32:35,920" />
-Vi är väl också klara?
  </s>
  <s id="448">
-Du har två möjligheter.
    <time id="T324E" value="00:32:42,393" />
  </s>
  <s id="449">
    <time id="T325S" value="00:32:42,560" />
Berätta eller så drar vi in Jens i diskussionen.
    <time id="T325E" value="00:32:46,519" />
  </s>
  <s id="450">
    <time id="T326S" value="00:32:46,680" />
Jag vill veta vad som hände i bilen.
    <time id="T326E" value="00:32:49,797" />
  </s>
  <s id="451">
    <time id="T327S" value="00:32:49,960" />
Vi är nere vid Horsens fjord.
  </s>
  <s id="452">
Vi har hittat båten de kan ha använt.
    <time id="T327E" value="00:32:55,239" />
  </s>
  <s id="453">
    <time id="T328S" value="00:32:55,400" />
Mordet ägde rum 40 minuter tidigare.
    <time id="T328E" value="00:32:58,790" />
  </s>
  <s id="454">
    <time id="T329S" value="00:32:58,960" />
Ingrid blev misstänksam mot bilförsäljaren som anmält mordet.
    <time id="T329E" value="00:33:02,953" />
  </s>
  <s id="455">
    <time id="T330S" value="00:33:03,120" />
Han kunde inte hålla tassarna borta från sonens flickvän.
    <time id="T330E" value="00:33:08,478" />
  </s>
  <s id="456">
    <time id="T331S" value="00:33:08,640" />
Hon får panik och rusar in i skogen.
    <time id="T331E" value="00:33:11,837" />
  </s>
  <s id="457">
    <time id="T332S" value="00:33:12,000" />
Gubben springer efter henne och sen upptäcker han vad som skett.
    <time id="T332E" value="00:33:18,109" />
  </s>
  <s id="458">
    <time id="T333S" value="00:33:18,280" />
Då ringer han 112.
  </s>
  <s id="459">
Tidpunkten för mordet är 22.35.
    <time id="T333E" value="00:33:23,877" />
  </s>
  <s id="460">
    <time id="T334S" value="00:33:24,040" />
Kör till Århus och kolla om Kim kan ha hunnit dit.
    <time id="T334E" value="00:33:28,033" />
  </s>
  <s id="461">
    <time id="T335S" value="00:33:28,200" />
-Jag kollar det direkt.
  </s>
  <s id="462">
-Sen får du förhöra Jeppe.
    <time id="T335E" value="00:33:32,512" />
  </s>
  <s id="463">
    <time id="T336S" value="00:33:32,680" />
Kom igen, nu åker vi.
    <time id="T336E" value="00:33:35,672" />
  </s>
  <s id="464">
    <time id="T337S" value="00:33:48,320" />
Vi ska köra till Århus så fort vi kan.
    <time id="T337E" value="00:33:52,791" />
  </s>
  <s id="465">
    <time id="T338S" value="00:33:52,960" />
Kan du ta tiden?
    <time id="T338E" value="00:33:54,393" />
  </s>
  <s id="466">
    <time id="T339S" value="00:33:56,640" />
Mordet skedde 40 minuter tidigare.
  </s>
  <s id="467">
Bilkillen tafsade på sonens tjej.
    <time id="T339E" value="00:34:03,432" />
  </s>
  <s id="468">
    <time id="T340S" value="00:34:03,600" />
Det tog en stund att få henne att säga att hon kissade.
    <time id="T340E" value="00:34:08,879" />
  </s>
  <s id="469">
    <time id="T341S" value="00:34:09,040" />
Fan också! 
  </s>
  <s id="470">
Kolla om det inte ligger ett blåljus där bak.
    <time id="T341E" value="00:34:14,273" />
  </s>
  <s id="471">
    <time id="T342S" value="00:34:16,680" />
Hej, lP. 
  </s>
  <s id="472">
Jag kör på väg 433 för att kolla Kims tidsschema men har en lokal nolla efter mig.
  </s>
  <s id="473">
Kan du få bort honom på nåt sätt?
    <time id="T343E" value="00:34:27,272" />
  </s>
  <s id="474">
    <time id="T344S" value="00:34:27,440" />
Sätt på ljuset!
    <time id="T344E" value="00:34:29,351" />
  </s>
  <s id="475">
    <time id="T345S" value="00:34:47,240" />
Lägg bara till tio sekunder, så blir det bra.
    <time id="T345E" value="00:34:51,597" />
  </s>
  <s id="476">
    <time id="T346S" value="00:34:51,760" />
Vill du ha en cigarett?
    <time id="T346E" value="00:34:54,593" />
  </s>
  <s id="477">
    <time id="T347S" value="00:35:14,440" />
Förhör med den dödes dotter
    <time id="T347E" value="00:35:19,958" />
  </s>
  <s id="478">
    <time id="T348S" value="00:35:24,480" />
Hej.
    <time id="T348E" value="00:35:26,710" />
  </s>
  <s id="479">
    <time id="T349S" value="00:35:30,040" />
Är den din?
    <time id="T349E" value="00:35:33,032" />
  </s>
  <s id="480">
    <time id="T350S" value="00:35:35,080" />
-Den är jättefin. 
  </s>
  <s id="481">
Vad heter den?
  </s>
  <s id="482">
-Bjørn.
    <time id="T350E" value="00:35:39,835" />
  </s>
  <s id="483">
    <time id="T351S" value="00:35:40,000" />
-Vem har du fått den av?
  </s>
  <s id="484">
-Morfar.
    <time id="T351E" value="00:35:43,834" />
  </s>
  <s id="485">
    <time id="T352S" value="00:35:47,280" />
-Jag vill prata med dig om din pappa.
  </s>
  <s id="486">
-Han är död.
    <time id="T352E" value="00:35:51,637" />
  </s>
  <s id="487">
    <time id="T353S" value="00:35:56,880" />
Du var visst med på jobbet igår.
    <time id="T353E" value="00:35:59,997" />
  </s>
  <s id="488">
    <time id="T354S" value="00:36:00,160" />
Då ringde någon till din pappa.
  </s>
  <s id="489">
Minns du vem som svarade?
    <time id="T354E" value="00:36:05,712" />
  </s>
  <s id="490">
    <time id="T355S" value="00:36:05,880" />
-Det var jag.
  </s>
  <s id="491">
-Var det en man eller en kvinna?
    <time id="T355E" value="00:36:10,749" />
  </s>
  <s id="492">
    <time id="T356S" value="00:36:12,080" />
En man.
    <time id="T356E" value="00:36:14,071" />
  </s>
  <s id="493">
    <time id="T357S" value="00:36:14,240" />
Kände du igen rösten?
  </s>
  <s id="494">
Försök att tänka efter...
    <time id="T357E" value="00:36:19,872" />
  </s>
  <s id="495">
    <time id="T358S" value="00:36:20,040" />
-Vem är du?
  </s>
  <s id="496">
-la Cour - mordkommissionen.
    <time id="T358E" value="00:36:24,591" />
  </s>
  <s id="497">
    <time id="T359S" value="00:36:24,760" />
-Borde du inte talat med mig först?
  </s>
  <s id="498">
-Jag knackade på.
    <time id="T359E" value="00:36:29,072" />
  </s>
  <s id="499">
    <time id="T360S" value="00:36:29,240" />
-Jag sov.
  </s>
  <s id="500">
-Jag vill tala med dig också.
    <time id="T360E" value="00:36:32,755" />
  </s>
  <s id="501">
    <time id="T361S" value="00:36:32,920" />
-Var var du igår kväll?
  </s>
  <s id="502">
-Här - jag tittade på tv.
    <time id="T361E" value="00:36:37,118" />
  </s>
  <s id="503">
    <time id="T362S" value="00:36:37,280" />
-Kan nån bekräfta det?
  </s>
  <s id="504">
-Nej.
    <time id="T362E" value="00:36:40,272" />
  </s>
  <s id="505">
    <time id="T363S" value="00:36:40,440" />
Vad tyckte du om din svärson?
  </s>
  <s id="506">
Han var ju äldre än din dotter.
    <time id="T363E" value="00:36:45,833" />
  </s>
  <s id="507">
    <time id="T364S" value="00:36:46,000" />
Jeanette har alltid haft en förmåga att välja fel män.
    <time id="T364E" value="00:36:50,994" />
  </s>
  <s id="508">
    <time id="T365S" value="00:36:51,160" />
Vad skjuter du dem med?
    <time id="T365E" value="00:36:54,038" />
  </s>
  <s id="509">
    <time id="T366S" value="00:36:54,200" />
Änderna.
    <time id="T366E" value="00:36:57,397" />
  </s>
  <s id="510">
    <time id="T367S" value="00:36:57,560" />
Jag har jaktlicens.
    <time id="T367E" value="00:36:59,994" />
  </s>
  <s id="511">
    <time id="T368S" value="00:37:00,160" />
-Skulle man kunna få se vapnet?
  </s>
  <s id="512">
-Okej.
    <time id="T368E" value="00:37:05,109" />
  </s>
  <s id="513">
    <time id="T369S" value="00:37:05,280" />
Kan jag få låna dina stövlar till imorgon?
    <time id="T369E" value="00:37:09,068" />
  </s>
  <s id="514">
    <time id="T370S" value="00:37:09,240" />
Det blir wienerbröd!
    <time id="T370E" value="00:37:12,118" />
  </s>
  <s id="515">
    <time id="T371S" value="00:37:12,920" />
-Tack.
  </s>
  <s id="516">
-Jag har en god och en dålig nyhet.
    <time id="T371E" value="00:37:17,038" />
  </s>
  <s id="517">
    <time id="T372S" value="00:37:17,200" />
-Börja med den goda.
  </s>
  <s id="518">
-Kim kan ha hunnit in till Århus.
    <time id="T372E" value="00:37:20,829" />
  </s>
  <s id="519">
    <time id="T373S" value="00:37:21,000" />
Joggingskorna passar nog på Kim och gummistövlarna på Jeppe.
    <time id="T373E" value="00:37:27,599" />
  </s>
  <s id="520">
    <time id="T374S" value="00:37:27,760" />
De kan inte hitta Jeppe, men de har spårat modern och styvfadern.
    <time id="T374E" value="00:37:33,118" />
  </s>
  <s id="521">
    <time id="T375S" value="00:37:33,280" />
Det här wienerbrödet är från igår.
    <time id="T375E" value="00:37:37,876" />
  </s>
  <s id="522">
    <time id="T376S" value="00:37:39,280" />
Kim och Jeppe kom klockan sex för att vi skulle äta.
    <time id="T376E" value="00:37:45,310" />
  </s>
  <s id="523">
    <time id="T377S" value="00:37:45,480" />
Vi skulle äta klockan sex, men... 
  </s>
  <s id="524">
Tack.
    <time id="T377E" value="00:37:49,075" />
  </s>
  <s id="525">
    <time id="T378S" value="00:37:49,240" />
-Men det blev lite senare.
  </s>
  <s id="526">
-För att du var full som vanligt.
    <time id="T378E" value="00:37:53,279" />
  </s>
  <s id="527">
    <time id="T379S" value="00:37:53,440" />
Det är för att du gör mig nervös.
  </s>
  <s id="528">
Jag blir nervös när Jeppe ska komma.
    <time id="T379E" value="00:37:58,036" />
  </s>
  <s id="529">
    <time id="T380S" value="00:37:58,200" />
Per och Jeppe bråkar jämt.
    <time id="T380E" value="00:38:01,476" />
  </s>
  <s id="530">
    <time id="T381S" value="00:38:01,640" />
-Var de hos er hela kvällen?
  </s>
  <s id="531">
-De fick låna vår bil.
    <time id="T381E" value="00:38:06,156" />
  </s>
  <s id="532">
    <time id="T382S" value="00:38:06,320" />
-Min!
  </s>
  <s id="533">
-Pers bil. 
  </s>
  <s id="534">
De skulle fixa mer sprit.
    <time id="T382E" value="00:38:10,393" />
  </s>
  <s id="535">
    <time id="T383S" value="00:38:10,560" />
-Vad var klockan då?
  </s>
  <s id="536">
-Tio, skulle jag tro.
    <time id="T383E" value="00:38:14,792" />
  </s>
  <s id="537">
    <time id="T384S" value="00:38:16,240" />
-Hur länge var de borta?
  </s>
  <s id="538">
-Nån kvart eller halvtimme.
    <time id="T384E" value="00:38:21,314" />
  </s>
  <s id="539">
    <time id="T385S" value="00:38:21,480" />
Var det inte så, Per?
    <time id="T385E" value="00:38:24,153" />
  </s>
  <s id="540">
    <time id="T386S" value="00:38:24,320" />
Är du säker på att det inte var längre?
    <time id="T386E" value="00:38:27,551" />
  </s>
  <s id="541">
    <time id="T387S" value="00:38:27,720" />
-Du kan ju ha somnat.
  </s>
  <s id="542">
-Hon satt bara och hällde i sig.
    <time id="T387E" value="00:38:32,316" />
  </s>
  <s id="543">
    <time id="T388S" value="00:38:32,480" />
-Jag var nervös.
  </s>
  <s id="544">
-Det var väl mitt fel.
    <time id="T388E" value="00:38:36,155" />
  </s>
  <s id="545">
    <time id="T389S" value="00:38:36,320" />
Men var han inte uppkäftig?
  </s>
  <s id="546">
Det var som om han sökte bråk.
    <time id="T389E" value="00:38:40,552" />
  </s>
  <s id="547">
    <time id="T390S" value="00:38:40,720" />
När de kom tillbaka började Per och Jeppe slåss.
    <time id="T390E" value="00:38:44,508" />
  </s>
  <s id="548">
    <time id="T391S" value="00:38:44,680" />
-Och då kom polisen.
  </s>
  <s id="549">
-Klockan 23.20?
    <time id="T391E" value="00:38:50,915" />
  </s>
  <s id="550">
    <time id="T392S" value="00:38:51,080" />
-Har du en Opel Rekord?
  </s>
  <s id="551">
-Ja.
    <time id="T392E" value="00:38:56,518" />
  </s>
  <s id="552">
    <time id="T393S" value="00:38:56,680" />
-Är den blå?
  </s>
  <s id="553">
-Hur fan kan du veta det?
    <time id="T393E" value="00:39:00,275" />
  </s>
  <s id="554">
    <time id="T394S" value="00:39:00,440" />
-Var kan vi få tag i Jeppe?
  </s>
  <s id="555">
-Han är på Gran Canaria.
    <time id="T394E" value="00:39:05,798" />
  </s>
  <s id="556">
    <time id="T395S" value="00:39:08,280" />
Det var därför de åt hos oss. 
  </s>
  <s id="557">
Kim skulle köra honom till flygplatsen.
    <time id="T395E" value="00:39:14,992" />
  </s>
  <s id="558">
    <time id="T396S" value="00:39:22,160" />
Okej, Fischer. 
  </s>
  <s id="559">
Tack ska du ha.
    <time id="T396E" value="00:39:25,311" />
  </s>
  <s id="560">
    <time id="T397S" value="00:39:25,480" />
-Jeppe har åkt till Gran Canaria.
  </s>
  <s id="561">
-Kolla resebolaget.
    <time id="T397E" value="00:39:30,873" />
  </s>
  <s id="562">
    <time id="T398S" value="00:39:31,040" />
-Och när han väntas tillbaka.
  </s>
  <s id="563">
-Det var en sak till.
    <time id="T398E" value="00:39:34,874" />
  </s>
  <s id="564">
    <time id="T399S" value="00:39:35,040" />
Kim och Jeppe tog en liten tur med styvfaderns bil under kvällen.
    <time id="T399E" value="00:39:41,673" />
  </s>
  <s id="565">
    <time id="T400S" value="00:39:41,840" />
Det är en blå Rekord.
    <time id="T400E" value="00:39:44,400" />
  </s>
  <s id="566">
    <time id="T401S" value="00:39:44,560" />
Grue har en blå Rekord och Kim och Jeppe lånar en blå Rekord.
    <time id="T401E" value="00:39:49,873" />
  </s>
  <s id="567">
    <time id="T402S" value="00:39:50,040" />
Det är ju riktigt roligt.
  </s>
  <s id="568">
Då står det 1-1.
    <time id="T402E" value="00:39:54,477" />
  </s>
  <s id="569">
    <time id="T403S" value="00:40:20,920" />
-Kan jag få en öl?
  </s>
  <s id="570">
-Visst.
    <time id="T403E" value="00:40:23,559" />
  </s>
  <s id="571">
    <time id="T404S" value="00:40:25,160" />
-Är det inte Johnny Olsen?
  </s>
  <s id="572">
-Jo.
    <time id="T404E" value="00:40:27,833" />
  </s>
  <s id="573">
    <time id="T405S" value="00:40:28,000" />
Kim, det är min omgång.
  </s>
  <s id="574">
Johnny Olsen från landslaget!
    <time id="T405E" value="00:40:32,915" />
  </s>
  <s id="575">
    <time id="T406S" value="00:40:33,080" />
-Hur många landskamper blev det?
  </s>
  <s id="576">
-37.
    <time id="T406E" value="00:40:36,595" />
  </s>
  <s id="577">
    <time id="T407S" value="00:40:36,760" />
Och sen hände det där med benet.
  </s>
  <s id="578">
Är det inte för jävligt?
    <time id="T407E" value="00:40:42,437" />
  </s>
  <s id="579">
    <time id="T408S" value="00:40:42,600" />
Här händer också saker.
  </s>
  <s id="580">
Ägaren blev skjuten igår kväll.
    <time id="T408E" value="00:40:48,391" />
  </s>
  <s id="581">
    <time id="T409S" value="00:40:49,840" />
Den sörjande änkan och livvakten Kim har haft ihop det i åratal.
    <time id="T409E" value="00:40:56,996" />
  </s>
  <s id="582">
    <time id="T410S" value="00:40:57,160" />
Fischer... "Ring Signe."
    <time id="T410E" value="00:41:00,914" />
  </s>
  <s id="583">
    <time id="T411S" value="00:41:01,080" />
-Vad är det?
  </s>
  <s id="584">
-Det är väl den rödhåriga.
    <time id="T411E" value="00:41:04,675" />
  </s>
  <s id="585">
    <time id="T412S" value="00:41:04,840" />
-Gav du henne mitt nummer?
  </s>
  <s id="586">
-Hon frågade efter det.
    <time id="T412E" value="00:41:08,435" />
  </s>
  <s id="587">
    <time id="T413S" value="00:41:08,600" />
-Var du så jävla full?
  </s>
  <s id="588">
-Förlåt mig.
    <time id="T413E" value="00:41:12,639" />
  </s>
  <s id="589">
    <time id="T414S" value="00:41:12,800" />
Du får ta och skärpa dig!
    <time id="T414E" value="00:41:15,678" />
  </s>
  <s id="590">
    <time id="T415S" value="00:41:15,840" />
Här är listan över stulna vapen som stämmer med mordvapnet.
    <time id="T415E" value="00:41:21,472" />
  </s>
  <s id="591">
    <time id="T416S" value="00:41:24,280" />
Låt oss sammanfatta läget.
  </s>
  <s id="592">
- Du börjar, lP.
    <time id="T416E" value="00:41:28,114" />
  </s>
  <s id="593">
    <time id="T417S" value="00:41:28,280" />
Vet inte.
    <time id="T417E" value="00:41:29,759" />
  </s>
  <s id="594">
    <time id="T418S" value="00:41:29,920" />
-Det är Kim och hans polare.
  </s>
  <s id="595">
-Jag håller med.
    <time id="T418E" value="00:41:33,356" />
  </s>
  <s id="596">
    <time id="T419S" value="00:41:33,520" />
-la Cour?
  </s>
  <s id="597">
-Jag håller med.
    <time id="T419E" value="00:41:35,988" />
  </s>
  <s id="598">
    <time id="T420S" value="00:41:36,160" />
Kim och Jeanette måste vara ett par.
    <time id="T420E" value="00:41:40,597" />
  </s>
  <s id="599">
    <time id="T421S" value="00:41:40,760" />
De kan ha hunnit och moderns alibi...
  </s>
  <s id="600">
Hon minns knappt var hon bor.
    <time id="T421E" value="00:41:46,278" />
  </s>
  <s id="601">
    <time id="T422S" value="00:41:46,440" />
Poulsen är för smart för att köra in i skogen med en främling.
    <time id="T422E" value="00:41:51,878" />
  </s>
  <s id="602">
    <time id="T423S" value="00:41:52,880" />
-Då tar vi in Kim.
  </s>
  <s id="603">
-Ska vi gripa honom?
    <time id="T423E" value="00:41:57,317" />
  </s>
  <s id="604">
    <time id="T424S" value="00:41:57,480" />
-Det är för tidigt.
  </s>
  <s id="605">
-Jag vill ha ett blodprov.
    <time id="T424E" value="00:42:01,314" />
  </s>
  <s id="606">
    <time id="T425S" value="00:42:01,480" />
-Vi har inte prövat Andersens teori.
  </s>
  <s id="607">
-Jag skiter i den.
    <time id="T425E" value="00:42:05,075" />
  </s>
  <s id="608">
    <time id="T426S" value="00:42:05,240" />
Är det inte lite väl tvärsäkert att gripa honom första dan?
    <time id="T426E" value="00:42:11,873" />
  </s>
  <s id="609">
    <time id="T427S" value="00:42:19,160" />
Du hade kunnat bli lika bra som Elkjær.
    <time id="T427E" value="00:42:23,870" />
  </s>
  <s id="610">
    <time id="T428S" value="00:42:24,040" />
-Då hade du varit rik idag.
  </s>
  <s id="611">
-Vill du ha en till?
    <time id="T428E" value="00:42:29,160" />
  </s>
  <s id="612">
    <time id="T429S" value="00:43:11,680" />
Klockan är 19.07 och du är gripen.
    <time id="T429E" value="00:43:15,639" />
  </s>
  <s id="613">
    <time id="T430S" value="00:43:15,800" />
Hann du ge honom en avskedskyss?
  </s>
  <s id="614">
Du lär inte se honom på tretton år.
    <time id="T430E" value="00:43:20,351" />
  </s>
  <s id="615">
    <time id="T431S" value="00:43:23,000" />
Vart ska du ta vägen?
    <time id="T431E" value="00:43:26,549" />
  </s>
  <s id="616">
    <time id="T432S" value="00:43:31,680" />
Förhör med Kim Boager Hansen, anklagad för mord på John Poulsen.
    <time id="T432E" value="00:43:36,071" />
  </s>
  <s id="617">
    <time id="T433S" value="00:43:36,240" />
Klockan är 21.30 den 13 november 1999.
    <time id="T433E" value="00:43:39,676" />
  </s>
  <s id="618">
    <time id="T434S" value="00:43:39,840" />
Närvarande är undertecknad, kriminalkommissarie lngrid Dahl.
    <time id="T434E" value="00:43:44,152" />
  </s>
  <s id="619">
    <time id="T435S" value="00:43:44,320" />
-Varför stack du från Stamkroen?
  </s>
  <s id="620">
-Ni tror alltid det är såna som jag.
    <time id="T435E" value="00:43:48,871" />
  </s>
  <s id="621">
    <time id="T436S" value="00:43:49,040" />
-Och det är det inte?
  </s>
  <s id="622">
-Nej.
    <time id="T436E" value="00:43:52,157" />
  </s>
  <s id="623">
    <time id="T437S" value="00:43:52,320" />
Fick du det där såret när du stal mordvapnet?
    <time id="T437E" value="00:43:56,916" />
  </s>
  <s id="624">
    <time id="T438S" value="00:43:57,080" />
Nej, det var några som var skitfulla nere på värdshuset.
    <time id="T438E" value="00:44:01,551" />
  </s>
  <s id="625">
    <time id="T439S" value="00:44:01,720" />
-Vad gjorde du i fredags kväll?
  </s>
  <s id="626">
-Vi var hos Jeppes mamma.
    <time id="T439E" value="00:44:05,918" />
  </s>
  <s id="627">
    <time id="T440S" value="00:44:06,080" />
-Hela kvällen?
  </s>
  <s id="628">
-Ja.
    <time id="T440E" value="00:44:08,150" />
  </s>
  <s id="629">
    <time id="T441S" value="00:44:08,320" />
Hon säger att ni lånade deras bil.
    <time id="T441E" value="00:44:11,471" />
  </s>
  <s id="630">
    <time id="T442S" value="00:44:11,640" />
Spriten tog slut och det var ju Jeppes födelsedag.
    <time id="T442E" value="00:44:16,236" />
  </s>
  <s id="631">
    <time id="T443S" value="00:44:16,400" />
-Hur länge var ni borta?
  </s>
  <s id="632">
-En kvart.
    <time id="T443E" value="00:44:20,393" />
  </s>
  <s id="633">
    <time id="T444S" value="00:44:20,560" />
Vet du vad jag tror?
  </s>
  <s id="634">
Jag tror att du åkte till Horsens och lockade med Poulsen ut i skogen där Jeppe väntade.
    <time id="T445E" value="00:44:28,949" />
  </s>
  <s id="635">
    <time id="T446S" value="00:44:29,120" />
Jag skiter i vad du tror.
  </s>
  <s id="636">
Du vill bara visa dig på styva linan.
    <time id="T446E" value="00:44:34,592" />
  </s>
  <s id="637">
    <time id="T447S" value="00:44:34,760" />
Min bäste väns mördare går lös.
    <time id="T447E" value="00:44:38,150" />
  </s>
  <s id="638">
    <time id="T448S" value="00:44:38,320" />
Var Poulsen din bäste vän? 
  </s>
  <s id="639">
Var det därför du flyttade in i källaren?
    <time id="T448E" value="00:44:42,313" />
  </s>
  <s id="640">
    <time id="T449S" value="00:44:42,480" />
Han ville ha nån som skrämde bort ovälkomna gäster.
    <time id="T449E" value="00:44:47,031" />
  </s>
  <s id="641">
    <time id="T450S" value="00:44:47,200" />
Träffade du Jeppe på barnhemmet?
    <time id="T450E" value="00:44:50,112" />
  </s>
  <s id="642">
    <time id="T451S" value="00:44:50,280" />
Det står här att du räddade hans liv.
    <time id="T451E" value="00:44:53,590" />
  </s>
  <s id="643">
    <time id="T452S" value="00:44:53,760" />
De stora höll honom ut genom ett fönster.
    <time id="T452E" value="00:44:57,833" />
  </s>
  <s id="644">
    <time id="T453S" value="00:44:58,000" />
Det är kanske snarare Jeppe än John som är din bäste vän.
    <time id="T453E" value="00:45:02,835" />
  </s>
  <s id="645">
    <time id="T454S" value="00:45:06,680" />
-Var John en bra far?
  </s>
  <s id="646">
-Jag la mig inte i deras skit.
    <time id="T454E" value="00:45:09,877" />
  </s>
  <s id="647">
    <time id="T455S" value="00:45:10,040" />
Varför ville han inte ha Nikolaj där?
    <time id="T455E" value="00:45:13,510" />
  </s>
  <s id="648">
    <time id="T456S" value="00:45:13,680" />
Varför inte? 
  </s>
  <s id="649">
Det är väl en fin unge.
    <time id="T456E" value="00:45:18,435" />
  </s>
  <s id="650">
    <time id="T457S" value="00:45:20,760" />
Hur kändes det när du hörde att John slog Jeanette?
    <time id="T457E" value="00:45:25,914" />
  </s>
  <s id="651">
    <time id="T458S" value="00:45:26,080" />
Jag har mina rättigheter.
  </s>
  <s id="652">
Jag behöver inte tala med polisen.
    <time id="T458E" value="00:45:31,632" />
  </s>
  <s id="653">
    <time id="T459S" value="00:45:33,480" />
Klockan är 21.41.
  </s>
  <s id="654">
Förhöret avslutas.
    <time id="T459E" value="00:45:38,190" />
  </s>
  <s id="655">
    <time id="T460S" value="00:45:39,680" />
Kavla upp ärmen.
  </s>
  <s id="656">
Vi ska ta ett blodprov.
    <time id="T460E" value="00:45:43,355" />
  </s>
  <s id="657">
    <time id="T461S" value="00:45:43,520" />
-Vad ska ni med det till?
  </s>
  <s id="658">
-Tänk på det i väntan på resultatet.
    <time id="T461E" value="00:45:49,072" />
  </s>
  <s id="659">
    <time id="T462S" value="00:45:55,120" />
Jag saknar dig. 
  </s>
  <s id="660">
Jag hade sett fram mot den här helgen.
    <time id="T462E" value="00:45:59,989" />
  </s>
  <s id="661">
    <time id="T463S" value="00:46:00,160" />
-Hur är det med Tobias?
  </s>
  <s id="662">
-Han sover. 
  </s>
  <s id="663">
Vi ska upp i ottan.
    <time id="T463E" value="00:46:05,473" />
  </s>
  <s id="664">
    <time id="T464S" value="00:46:05,640" />
Vad håller du på med?
    <time id="T464E" value="00:46:07,835" />
  </s>
  <s id="665">
    <time id="T465S" value="00:46:08,000" />
Gry är på väg att låna en klänning av dig.
    <time id="T465E" value="00:46:11,117" />
  </s>
  <s id="666">
    <time id="T466S" value="00:46:11,280" />
-Vilken då?
  </s>
  <s id="667">
-Det verkar bli den rosa.
    <time id="T466E" value="00:46:14,875" />
  </s>
  <s id="668">
    <time id="T467S" value="00:46:15,040" />
-Då är din dotter förälskad igen.
  </s>
  <s id="669">
-Får man fråga vad han heter?
    <time id="T467E" value="00:46:19,033" />
  </s>
  <s id="670">
    <time id="T468S" value="00:46:21,080" />
Nu kommer Gaby.
  </s>
  <s id="671">
Jag älskar dig.
    <time id="T468E" value="00:46:24,993" />
  </s>
  <s id="672">
    <time id="T469S" value="00:46:27,680" />
Hur länge har ni två varit gifta?
  </s>
  <s id="673">
Är det sex år?
    <time id="T469E" value="00:46:33,232" />
  </s>
  <s id="674">
    <time id="T470S" value="00:46:33,400" />
Det är inte alltid så här, men just nu är det bra.
    <time id="T470E" value="00:46:37,552" />
  </s>
  <s id="675">
    <time id="T471S" value="00:46:37,720" />
-Följer du med och tar en öl?
  </s>
  <s id="676">
-Nej.
    <time id="T471E" value="00:46:42,077" />
  </s>
  <s id="677">
    <time id="T472S" value="00:46:46,160" />
Vad är det?
    <time id="T472E" value="00:46:48,628" />
  </s>
  <s id="678">
    <time id="T473S" value="00:46:50,080" />
Jag var också nio år när min pappa dog.
    <time id="T473E" value="00:46:53,834" />
  </s>
  <s id="679">
    <time id="T474S" value="00:46:54,000" />
Han var också polis, va?
    <time id="T474E" value="00:46:58,118" />
  </s>
  <s id="680">
    <time id="T475S" value="00:46:58,280" />
Och min farfar och farbror.
    <time id="T475E" value="00:47:01,829" />
  </s>
  <s id="681">
    <time id="T476S" value="00:47:07,160" />
Skulle du hellre ha velat ha en manlig chef?
    <time id="T476E" value="00:47:11,551" />
  </s>
  <s id="682">
    <time id="T477S" value="00:47:14,880" />
Johnny Olsen, vad fan gjorde du på värdshuset?
    <time id="T477E" value="00:47:18,668" />
  </s>
  <s id="683">
    <time id="T478S" value="00:47:18,840" />
-Det var en ren tillfällighet.
  </s>
  <s id="684">
-Det går inte för sig. 
  </s>
  <s id="685">
Du kör bussen!
    <time id="T478E" value="00:47:24,278" />
  </s>
  <s id="686">
    <time id="T479S" value="00:47:25,520" />
-Vad har du gjort med ögat?
  </s>
  <s id="687">
-Det blev bråk på värdshuset.
    <time id="T479E" value="00:47:29,559" />
  </s>
  <s id="688">
    <time id="T480S" value="00:47:29,720" />
-Ska jag göra rent det åt dig?
  </s>
  <s id="689">
-Nej, tänk inte på det.
    <time id="T480E" value="00:47:35,352" />
  </s>
  <s id="690">
    <time id="T481S" value="00:47:35,520" />
Poulsen var osäker på om han var far till Nikolaj.
    <time id="T481E" value="00:47:39,513" />
  </s>
  <s id="691">
    <time id="T482S" value="00:47:39,680" />
De skrattade åt det på värdshuset.
  </s>
  <s id="692">
Alla visste att det var Kim.
    <time id="T482E" value="00:47:46,518" />
  </s>
  <s id="693">
    <time id="T483S" value="00:47:48,880" />
Var var vi nånstans?
    <time id="T483E" value="00:47:52,111" />
  </s>
  <s id="694">
    <time id="T484S" value="00:47:52,280" />
Skulle du hellre ha velat ha en manlig chef?
    <time id="T484E" value="00:47:55,511" />
  </s>
  <s id="695">
    <time id="T485S" value="00:47:55,680" />
Jag tror inte jag skulle märka nån skillnad. 
  </s>
  <s id="696">
God natt.
    <time id="T485E" value="00:48:01,312" />
  </s>
  <s id="697">
    <time id="T486S" value="00:48:14,160" />
-God morgon.
  </s>
  <s id="698">
-Blev det sent igår?
    <time id="T486E" value="00:48:17,072" />
  </s>
  <s id="699">
    <time id="T487S" value="00:48:17,240" />
Det var trevligt, men det blev inte sent.
    <time id="T487E" value="00:48:20,038" />
  </s>
  <s id="700">
    <time id="T488S" value="00:48:20,200" />
-Fanns det inga ämnen?
  </s>
  <s id="701">
-Nej.
    <time id="T488E" value="00:48:23,351" />
  </s>
  <s id="702">
    <time id="T489S" value="00:48:29,480" />
Det är Ingrid.
    <time id="T489E" value="00:48:32,278" />
  </s>
  <s id="703">
    <time id="T490S" value="00:48:36,920" />
-Vad är det?
  </s>
  <s id="704">
-Andersen har ringt efter Ulf.
    <time id="T490E" value="00:48:41,118" />
  </s>
  <s id="705">
    <time id="T491S" value="00:48:41,280" />
Horsens polisstation
    <time id="T491E" value="00:48:46,752" />
  </s>
  <s id="706">
    <time id="T492S" value="00:48:59,280" />
Hej! 
  </s>
  <s id="707">
Står erbjudandet om Jørgensens fortfarande fast?
    <time id="T492E" value="00:49:03,558" />
  </s>
  <s id="708">
    <time id="T493S" value="00:49:03,720" />
Ja, naturligtvis.
    <time id="T493E" value="00:49:06,109" />
  </s>
  <s id="709">
    <time id="T494S" value="00:49:06,280" />
-Jag träffade Ulf när jag var på bio.
  </s>
  <s id="710">
-Var Ulf på bio?
    <time id="T494E" value="00:49:10,239" />
  </s>
  <s id="711">
    <time id="T495S" value="00:49:10,400" />
Jag stötte på honom utanför.
    <time id="T495E" value="00:49:13,676" />
  </s>
  <s id="712">
    <time id="T496S" value="00:49:13,840" />
-Är du inte glad att se mig?
  </s>
  <s id="713">
-Det är väl klart.
    <time id="T496E" value="00:49:18,834" />
  </s>
  <s id="714">
    <time id="T497S" value="00:49:19,000" />
Jag ringer och bokar rum hos Jørgensens.
    <time id="T497E" value="00:49:23,118" />
  </s>
  <s id="715">
    <time id="T498S" value="00:49:23,280" />
Tur att du kunde åka med Ulf.
    <time id="T498E" value="00:49:25,635" />
  </s>
  <s id="716">
    <time id="T499S" value="00:49:25,800" />
Det är vår vice polismästare, Anne-Mette Skov som menar att vi saknar bevis.
    <time id="T500E" value="00:49:33,797" />
  </s>
  <s id="717">
    <time id="T501S" value="00:49:33,960" />
-Vi har ett problem...
  </s>
  <s id="718">
-...som heter Ingrid.
    <time id="T501E" value="00:49:37,236" />
  </s>
  <s id="719">
    <time id="T502S" value="00:49:37,400" />
Hon var inte mitt påhitt.
    <time id="T502E" value="00:49:41,359" />
  </s>
  <s id="720">
    <time id="T503S" value="00:49:47,440" />
Där är du ju! 
  </s>
  <s id="721">
- Kan jag få tala ostört med Ingrid ett ögonblick?
    <time id="T503E" value="00:49:52,833" />
  </s>
  <s id="722">
    <time id="T504S" value="00:49:57,320" />
Jag trodde du var klokare än så.
    <time id="T504E" value="00:49:59,880" />
  </s>
  <s id="723">
    <time id="T505S" value="00:50:00,040" />
Du är rikspolisens ambassadör och ska samarbeta med lokalpolisen.
    <time id="T505E" value="00:50:06,036" />
  </s>
  <s id="724">
    <time id="T506S" value="00:50:06,200" />
-Inte motarbeta.
  </s>
  <s id="725">
-Det har jag försökt.
    <time id="T506E" value="00:50:10,591" />
  </s>
  <s id="726">
    <time id="T507S" value="00:50:10,760" />
Hur kunde du då göra ett gripande mot Andersens vilja?
    <time id="T507E" value="00:50:14,912" />
  </s>
  <s id="727">
    <time id="T508S" value="00:50:15,080" />
Jag var rädd att Kim skulle lämna landet.
    <time id="T508E" value="00:50:18,789" />
  </s>
  <s id="728">
    <time id="T509S" value="00:50:18,960" />
Det förutsätter att han har dåligt samvete.
    <time id="T509E" value="00:50:22,555" />
  </s>
  <s id="729">
    <time id="T510S" value="00:50:22,720" />
Dina bevis är mycket tunna!
    <time id="T510E" value="00:50:26,349" />
  </s>
  <s id="730">
    <time id="T511S" value="00:50:26,520" />
Du har inte fått hela bilden.
    <time id="T511E" value="00:50:30,069" />
  </s>
  <s id="731">
    <time id="T512S" value="00:50:34,560" />
Två dar före mordet stals en hagelbössa i Hansted.
    <time id="T512E" value="00:50:41,318" />
  </s>
  <s id="732">
    <time id="T513S" value="00:50:41,480" />
Ingenting annat stals i huset.
    <time id="T513E" value="00:50:44,552" />
  </s>
  <s id="733">
    <time id="T514S" value="00:50:44,720" />
Gärningsmannen lämnade blod efter sig.
    <time id="T514E" value="00:50:48,076" />
  </s>
  <s id="734">
    <time id="T515S" value="00:50:48,240" />
Husägaren har varit fosterfar åt Kim Boager Hansen.
    <time id="T515E" value="00:50:52,358" />
  </s>
  <s id="735">
    <time id="T516S" value="00:50:52,520" />
Klockan 14.44 samma dag åkte en bil fast i en fartkontroll i Hansted.
    <time id="T516E" value="00:50:58,311" />
  </s>
  <s id="736">
    <time id="T517S" value="00:50:58,480" />
Bilen kördes av Kim Boager Hansen.
    <time id="T517E" value="00:51:01,950" />
  </s>
  <s id="737">
    <time id="T518S" value="00:51:02,120" />
Vid hans sida satt Jeppe Stenstrup.
    <time id="T518E" value="00:51:05,192" />
  </s>
  <s id="738">
    <time id="T519S" value="00:51:05,360" />
Polisen la märke till att Kim hade skadat handen.
    <time id="T519E" value="00:51:09,876" />
  </s>
  <s id="739">
    <time id="T520S" value="00:51:10,040" />
Han har ett förhållande med änkan och är nog far till hennes son.
    <time id="T520E" value="00:51:14,272" />
  </s>
  <s id="740">
    <time id="T521S" value="00:51:14,440" />
De har motiv och möjlighet. 
  </s>
  <s id="741">
Kim drar flera fördelar av Poulsens död.
    <time id="T521E" value="00:51:19,514" />
  </s>
  <s id="742">
    <time id="T522S" value="00:51:19,680" />
-Det är för osäkert.
  </s>
  <s id="743">
-Jag tror inte rätten släpper Kim förrän DNA-analysen visar om det var han som stal bössan.
    <time id="T523E" value="00:51:27,759" />
  </s>
  <s id="744">
    <time id="T524S" value="00:51:27,920" />
Och om det är Kims blod som finns i offrets bil.
    <time id="T524E" value="00:51:33,836" />
  </s>
  <s id="745">
    <time id="T525S" value="00:51:34,000" />
Jag ska göra vad jag kan.
    <time id="T525E" value="00:51:37,151" />
  </s>
  <s id="746">
    <time id="T526S" value="00:51:38,680" />
Då var det ju bra att jag tittade förbi.
    <time id="T526E" value="00:51:44,277" />
  </s>
  <s id="747">
    <time id="T527S" value="00:51:46,480" />
Domaren vill hålla honom i tre dar.
    <time id="T527E" value="00:51:49,119" />
  </s>
  <s id="748">
    <time id="T528S" value="00:51:49,280" />
-Har ni varit för snabba?
  </s>
  <s id="749">
-Ingen kommentar.
    <time id="T528E" value="00:51:52,716" />
  </s>
  <s id="750">
    <time id="T529S" value="00:51:52,880" />
Tv, kaffebryggare, mikro och kylskåp om man är hungrig.
    <time id="T529E" value="00:51:58,432" />
  </s>
  <s id="751">
    <time id="T530S" value="00:51:58,600" />
Och vill man sova, har jag en liten koj här.
    <time id="T530E" value="00:52:02,718" />
  </s>
  <s id="752">
    <time id="T531S" value="00:52:02,880" />
Jag har en koj till här bakom.
    <time id="T531E" value="00:52:05,519" />
  </s>
  <s id="753">
    <time id="T532S" value="00:52:05,680" />
Jag skulle kunna sälja huset.
  </s>
  <s id="754">
Vad mer kan man önska sig?
    <time id="T532E" value="00:52:11,710" />
  </s>
  <s id="755">
    <time id="T533S" value="00:52:11,880" />
-Hur går det med ögat?
  </s>
  <s id="756">
-Fint.
    <time id="T533E" value="00:52:14,838" />
  </s>
  <s id="757">
    <time id="T534S" value="00:52:17,400" />
Brukar du slåss?
    <time id="T534E" value="00:52:20,358" />
  </s>
  <s id="758">
    <time id="T535S" value="00:52:20,520" />
Brukar du ställa dumma frågor?
    <time id="T535E" value="00:52:23,398" />
  </s>
  <s id="759">
    <time id="T536S" value="00:52:27,400" />
Ge honom nappen igen, och ge honom en puss från mig.
    <time id="T536E" value="00:52:33,430" />
  </s>
  <s id="760">
    <time id="T537S" value="00:52:33,600" />
Jag är hemma om två-tre dar.
    <time id="T537E" value="00:52:37,479" />
  </s>
  <s id="761">
    <time id="T538S" value="00:52:37,640" />
Jag ringer tillbaka senare.
    <time id="T538E" value="00:52:41,315" />
  </s>
  <s id="762">
    <time id="T539S" value="00:52:41,480" />
Vi får kanske svaret på Kims blodprov redan idag.
    <time id="T539E" value="00:52:46,508" />
  </s>
  <s id="763">
    <time id="T540S" value="00:52:46,680" />
När vi får resultatet, bjuder jag på middag för det fina samarbetet.
    <time id="T540E" value="00:52:51,595" />
  </s>
  <s id="764">
    <time id="T541S" value="00:52:51,760" />
-Det är jag med på.
  </s>
  <s id="765">
-Det har dessvärre hänt en olycka.
    <time id="T541E" value="00:52:58,472" />
  </s>
  <s id="766">
    <time id="T542S" value="00:52:59,480" />
Tobias...?
    <time id="T542E" value="00:53:02,153" />
  </s>
  <s id="767">
    <time id="T543S" value="00:53:02,320" />
Det är din man.
  </s>
  <s id="768">
Han har blivit påkörd.
    <time id="T543E" value="00:53:06,552" />
  </s>
  <s id="769">
    <time id="T544S" value="00:53:12,280" />
Om ni har honom på avdelningen, kan ni väl berätta vad som hänt?
    <time id="T544E" value="00:53:17,832" />
  </s>
  <s id="770">
    <time id="T545S" value="00:53:22,240" />
Tack för hjälpen.
    <time id="T545E" value="00:53:25,232" />
  </s>
  <s id="771">
    <time id="T546S" value="00:53:41,200" />
Blodet från inbrottet och det i mordoffrets bil är identiskt.
    <time id="T546E" value="00:53:45,591" />
  </s>
  <s id="772">
    <time id="T547S" value="00:53:45,760" />
Men DNA-profilen stämmer inte alls med Kim Boager Hansens.
    <time id="T547E" value="00:53:51,073" />
  </s>
  <s id="773">
    <time id="T548S" value="00:53:57,360" />
Vi måste väl underrätta Andersen?
    <time id="T548E" value="00:54:01,911" />
  </s>
  <s id="774">
    <time id="T549S" value="00:54:02,080" />
Nu slaktar de henne.
    <time id="T549E" value="00:54:04,196" />
  </s>
  <s id="775">
    <time id="T550S" value="00:54:20,840" />
Hej, älskling.
    <time id="T550E" value="00:54:23,354" />
  </s>
  <s id="776">
    <time id="T551S" value="00:54:23,520" />
Du får ursäkta allt det här.
    <time id="T551E" value="00:54:27,069" />
  </s>
  <s id="777">
    <time id="T552S" value="00:54:28,160" />
Man kan ju inte lämna dig ett ögonblick.
    <time id="T552E" value="00:54:32,517" />
  </s>
  <s id="778">
    <time id="T553S" value="00:54:40,680" />
Fortsättes...
    <time id="T553E" value="00:54:42,910" />
  </s>
  <s id="779">
    <time id="T554S" value="00:54:43,080" />
Översättning: 
  </s>
  <s id="780">
Jim Wahlgren SDl Media
    <time id="T554E" value="00:54:47,471" />
  </s>
  <s id="781">
    <time id="T555S" value="00:54:47,640" />
Ansvarig utgivare:
  </s>
  <s id="782">
Pia Grünler
    <time id="T555E" value="00:54:50,598" />
  </s>
  <meta>
    <subtitle>
      <rating>0.0</rating>
      <language>Swedish</language>
      <version>0</version>
      <confidence>1.0</confidence>
      <machine_translated>0</machine_translated>
      <date>2012-05-12</date>
      <blocks>555</blocks>
      <duration>00:54:50,598</duration>
    </subtitle>
    <conversion>
      <tokens>5601</tokens>
      <encoding>windows-1252</encoding>
      <unknown_words>30</unknown_words>
      <ignored_blocks>0</ignored_blocks>
      <sentences>782</sentences>
      <truecased_words>0</truecased_words>
      <corrected_words>10</corrected_words>
    </conversion>
    <source>
      <HD>0</HD>
      <cds>1/1</cds>
      <country>Denmark, Sweden</country>
      <original>Danish, English</original>
      <year>2000</year>
      <genre>Action,Crime,Drama</genre>
      <duration>75</duration>
    </source>
  </meta>
</document>
