<?xml version="1.0" encoding="utf-8"?>
<document id="3459050">
  <s id="1">
    <time id="T1S" value="00:00:07,800" />
Översatt av: 
  </s>
  <s id="2">
OzZ
    <time id="T1E" value="00:00:10,800" />
  </s>
  <s id="3">
    <time id="T3S" value="00:00:35,800" />
Från den historiska Linkin Teatern i Washington DC...
    <time id="T3E" value="00:00:40,320" />
  </s>
  <s id="4">
    <time id="T4S" value="00:00:40,520" />
Dave Chapelle!
    <time id="T4E" value="00:00:43,550" />
  </s>
  <s id="5">
    <time id="T5S" value="00:01:02,850" />
Nu får ni ge er...
    <time id="T5E" value="00:01:05,380" />
  </s>
  <s id="6">
    <time id="T6S" value="00:01:08,280" />
Det känns skönt att komma hem igen.
    <time id="T6E" value="00:01:11,810" />
  </s>
  <s id="7">
    <time id="T7S" value="00:01:11,910" />
Jag vet, det var ett tag sedan.
    <time id="T7E" value="00:01:15,430" />
  </s>
  <s id="8">
    <time id="T8S" value="00:01:16,040" />
Washington DC är annorlunda nu.
    <time id="T8E" value="00:01:19,060" />
  </s>
  <s id="9">
    <time id="T9S" value="00:01:19,270" />
Det har tagit flera år att få showen på fötter. 
  </s>
  <s id="10">
Som det har förändrats.
    <time id="T9E" value="00:01:24,790" />
  </s>
  <s id="11">
    <time id="T10S" value="00:01:24,800" />
Man känner inte igen sig.
    <time id="T10E" value="00:01:27,820" />
  </s>
  <s id="12">
    <time id="T11S" value="00:01:31,230" />
En massa vita människor på stan nu. 
  </s>
  <s id="13">
Inte sant...?
    <time id="T11E" value="00:01:35,750" />
  </s>
  <s id="14">
    <time id="T12S" value="00:01:42,560" />
När jag flyttade härifrån på 80-talet var det inte så. 
  </s>
  <s id="15">
Då rökte man crack.
    <time id="T12E" value="00:01:48,580" />
  </s>
  <s id="16">
    <time id="T13S" value="00:01:48,590" />
Minns ni det? 
  </s>
  <s id="17">
De vita spanade på DC, från Virginia med kikare...
    <time id="T13E" value="00:01:54,110" />
  </s>
  <s id="18">
    <time id="T14S" value="00:01:56,710" />
"Det där ser farligt ut. 
  </s>
  <s id="19">
Inte än..."
    <time id="T14E" value="00:02:00,740" />
  </s>
  <s id="20">
    <time id="T15S" value="00:02:04,540" />
De här nya vita människorna kan man inte skrämma. 
  </s>
  <s id="21">
Jag har försökt!
    <time id="T15E" value="00:02:09,570" />
  </s>
  <s id="22">
    <time id="T16S" value="00:02:09,670" />
Man smyger upp bakom dem...
  </s>
  <s id="23">
- "Vad fan är det med dig?"
    <time id="T16E" value="00:02:14,700" />
  </s>
  <s id="24">
    <time id="T17S" value="00:02:18,400" />
"Den tiden är förbi."
    <time id="T17E" value="00:02:21,420" />
  </s>
  <s id="25">
    <time id="T18S" value="00:02:21,430" />
Det gläder mig att se vita människor komma hit. 
  </s>
  <s id="26">
Det är positivt.
    <time id="T18E" value="00:02:26,450" />
  </s>
  <s id="27">
    <time id="T19S" value="00:02:26,460" />
Nu kan man till exempel se en grupp svarta snubbar gå omkring...
    <time id="T19E" value="00:02:31,980" />
  </s>
  <s id="28">
    <time id="T20S" value="00:02:32,190" />
Inte vilka snubbar som helst.
  </s>
  <s id="29">
Jag pratar om "råskinn".
    <time id="T20E" value="00:02:36,710" />
  </s>
  <s id="30">
    <time id="T21S" value="00:02:39,820" />
Och i den gruppen kan det finnas en, två eller tre vita killar.
    <time id="T21E" value="00:02:44,340" />
  </s>
  <s id="31">
    <time id="T22S" value="00:02:44,450" />
Har ni sett det? 
  </s>
  <s id="32">
Låt mig berätta något om de där vita snubbarna.
    <time id="T22E" value="00:02:48,970" />
  </s>
  <s id="33">
    <time id="T23S" value="00:02:49,680" />
De är för fan farligaste jävlarna av alla i den där gruppen.
    <time id="T23E" value="00:02:54,700" />
  </s>
  <s id="34">
    <time id="T24S" value="00:02:56,210" />
Det är sant. 
  </s>
  <s id="35">
Gud vet vad de har gjort för att få de svartas respekt.
    <time id="T24E" value="00:03:03,730" />
  </s>
  <s id="36">
    <time id="T25S" value="00:03:04,930" />
De måste ha gjort något riktigt sjukt.
    <time id="T25E" value="00:03:07,960" />
  </s>
  <s id="37">
    <time id="T26S" value="00:03:08,260" />
Alla svarta borde ha minst en vit snubbe i sin grupp.
    <time id="T26E" value="00:03:13,290" />
  </s>
  <s id="38">
    <time id="T27S" value="00:03:13,790" />
För säkerhets skull.
    <time id="T27E" value="00:03:16,820" />
  </s>
  <s id="39">
    <time id="T28S" value="00:03:18,120" />
För när allt går åt helvete...
  </s>
  <s id="40">
måste någon snacka med polisen.
    <time id="T28E" value="00:03:24,140" />
  </s>
  <s id="41">
    <time id="T29S" value="00:03:31,350" />
Det är då deras vita vänner kommer väl till pass.
    <time id="T29E" value="00:03:35,370" />
  </s>
  <s id="42">
    <time id="T30S" value="00:03:35,780" />
"Ernie, tar du hand om det här? 
  </s>
  <s id="43">
Du fixar det?"
    <time id="T30E" value="00:03:40,300" />
  </s>
  <s id="44">
    <time id="T31S" value="00:03:40,600" />
Ni förstår, svarta är väldigt rädda för polisen.
    <time id="T31E" value="00:03:43,600" />
  </s>
  <s id="45">
    <time id="T32S" value="00:03:43,740" />
Det är en del av vår kultur, hur rik eller hur gammal man än är...
    <time id="T32E" value="00:03:49,260" />
  </s>
  <s id="46">
    <time id="T33S" value="00:03:51,670" />
Och vi har all anledning att vara rädda.
    <time id="T33E" value="00:03:55,190" />
  </s>
  <s id="47">
    <time id="T34S" value="00:03:55,200" />
Här har vi en vit kvinna.
  </s>
  <s id="48">
Vad säger polisen när de stoppar dig?
    <time id="T34E" value="00:03:58,720" />
  </s>
  <s id="49">
    <time id="T35S" value="00:03:58,820" />
- "Körkort och registreringsbevis." Stämmer det? 
  </s>
  <s id="50">
Jag bara gissar.
    <time id="T35E" value="00:04:03,850" />
  </s>
  <s id="51">
    <time id="T36S" value="00:04:06,850" />
Det säger de inte till oss.
    <time id="T36E" value="00:04:09,380" />
  </s>
  <s id="52">
    <time id="T37S" value="00:04:09,880" />
Ni kan inte tro vad vi får höra.
  </s>
  <s id="53">
- "Sära på skinkorna, lyft upp pungen."
    <time id="T37E" value="00:04:15,910" />
  </s>
  <s id="54">
    <time id="T38S" value="00:04:17,410" />
-"Ursäkta mig...?" -"Du hörde vad jag sa!"
    <time id="T38E" value="00:04:21,430" />
  </s>
  <s id="55">
    <time id="T39S" value="00:04:23,140" />
Jag har körkort... 
  </s>
  <s id="56">
Det är väl lättare att bevisa vem man är med det?
    <time id="T39E" value="00:04:28,660" />
  </s>
  <s id="57">
    <time id="T40S" value="00:04:29,070" />
Vad bevisar det här?
  </s>
  <s id="58">
Det skulle inte funka på banken.
    <time id="T40E" value="00:04:33,090" />
  </s>
  <s id="59">
    <time id="T41S" value="00:04:33,800" />
-"Vad då, ingen legitimation?" -"Ett ögonblick."
    <time id="T41E" value="00:04:37,820" />
  </s>
  <s id="60">
    <time id="T42S" value="00:04:39,430" />
"Åh, ursäkta mig.
  </s>
  <s id="61">
Den här vägen, mr Chapelle."
    <time id="T42E" value="00:04:44,950" />
  </s>
  <s id="62">
    <time id="T43S" value="00:04:45,860" />
"Varför särade ni inte på skinkorna från början?"
    <time id="T43E" value="00:04:49,880" />
  </s>
  <s id="63">
    <time id="T44S" value="00:04:49,990" />
Rädd för dem!
    <time id="T44E" value="00:04:52,510" />
  </s>
  <s id="64">
    <time id="T45S" value="00:04:55,410" />
Har ni stått vid rött ljus bredvid en polisbil?
    <time id="T45E" value="00:04:57,940" />
  </s>
  <s id="65">
    <time id="T46S" value="00:04:58,040" />
"Lugnt", tänker ni, men jag bryter ihop.
    <time id="T46E" value="00:05:02,070" />
  </s>
  <s id="66">
    <time id="T47S" value="00:05:04,870" />
"Titta inte dit."
    <time id="T47E" value="00:05:07,400" />
  </s>
  <s id="67">
    <time id="T48S" value="00:05:11,000" />
Men det tog ett tag innan jag fattade att så är det att vara svart.
    <time id="T48E" value="00:05:16,020" />
  </s>
  <s id="68">
    <time id="T49S" value="00:05:16,030" />
Det lärde jag mig i New York.
  </s>
  <s id="69">
Jag var i New York...
    <time id="T49E" value="00:05:21,050" />
  </s>
  <s id="70">
    <time id="T50S" value="00:05:23,260" />
Jag var där med en vän - en vit kille, och vi gick vilse. 
  </s>
  <s id="71">
Vi hade rökt gräs.
    <time id="T50E" value="00:05:29,280" />
  </s>
  <s id="72">
    <time id="T51S" value="00:05:30,090" />
Jag vet inte om det var en tillfällighet att vi var vilse och höga.
    <time id="T51E" value="00:05:34,610" />
  </s>
  <s id="73">
    <time id="T52S" value="00:05:36,420" />
Min vite kompis puffade på sin joint...
    <time id="T52E" value="00:05:40,440" />
  </s>
  <s id="74">
    <time id="T53S" value="00:05:40,450" />
"Dave! 
  </s>
  <s id="75">
Det är snuten för fan."
    <time id="T53E" value="00:05:43,970" />
  </s>
  <s id="76">
    <time id="T54S" value="00:05:55,680" />
"Jag ska fråga efter vägen."
    <time id="T54E" value="00:05:58,700" />
  </s>
  <s id="77">
    <time id="T55S" value="00:06:00,510" />
Jag sa "Nej, Chip! 
  </s>
  <s id="78">
Gör det inte."
    <time id="T55E" value="00:06:03,530" />
  </s>
  <s id="79">
    <time id="T56S" value="00:06:03,930" />
Men det var för sent. 
  </s>
  <s id="80">
Han gick bort till dem - hög som fan...
    <time id="T56E" value="00:06:08,460" />
  </s>
  <s id="81">
    <time id="T57S" value="00:06:08,560" />
"Ursäkta mig...", sa han, och tog i dem lite. - "Ursäkta...?"
    <time id="T57E" value="00:06:14,090" />
  </s>
  <s id="82">
    <time id="T58S" value="00:06:15,990" />
- "Får jag fråga om en sak?" Han började bekänna saker.
    <time id="T58E" value="00:06:20,520" />
  </s>
  <s id="83">
    <time id="T59S" value="00:06:20,620" />
"Jag är lite hög just nu..."
    <time id="T59E" value="00:06:23,640" />
  </s>
  <s id="84">
    <time id="T60S" value="00:06:25,450" />
"Jag vill bara veta var 3:e gatan ligger."
    <time id="T60E" value="00:06:28,970" />
  </s>
  <s id="85">
    <time id="T61S" value="00:06:28,980" />
Snuten svarade "Ta det lugnt här!"
    <time id="T61E" value="00:06:32,500" />
  </s>
  <s id="86">
    <time id="T62S" value="00:06:33,210" />
"Det här är 3:e gatan."
    <time id="T62E" value="00:06:36,230" />
  </s>
  <s id="87">
    <time id="T63S" value="00:06:36,540" />
"Bäst du tar det försiktigt.
  </s>
  <s id="88">
Seså, ge dig iväg nu. 
  </s>
  <s id="89">
Stick iväg."
    <time id="T63E" value="00:06:41,560" />
  </s>
  <s id="90">
    <time id="T64S" value="00:06:44,070" />
Det var allt som hände.
    <time id="T64E" value="00:06:47,090" />
  </s>
  <s id="91">
    <time id="T65S" value="00:06:48,200" />
För somliga låter väl det inte så märkvärdigt men en svart man skulle inte tro sina öron.
    <time id="T66E" value="00:06:55,850" />
  </s>
  <s id="92">
    <time id="T67S" value="00:06:56,350" />
En svart man skulle aldrig prata med en snut när han var hög.
    <time id="T67E" value="00:07:00,380" />
  </s>
  <s id="93">
    <time id="T68S" value="00:07:00,580" />
Det är slöseri med gräs.
    <time id="T68E" value="00:07:03,610" />
  </s>
  <s id="94">
    <time id="T69S" value="00:07:08,510" />
Jag menar allvar.
    <time id="T69E" value="00:07:11,030" />
  </s>
  <s id="95">
    <time id="T70S" value="00:07:11,740" />
Jag vågar knappt prata med dem när jag är trött. 
  </s>
  <s id="96">
Man kan missförstås...
    <time id="T70E" value="00:07:17,760" />
  </s>
  <s id="97">
    <time id="T71S" value="00:07:21,070" />
"Herregud!"
    <time id="T71E" value="00:07:23,590" />
  </s>
  <s id="98">
    <time id="T72S" value="00:07:23,800" />
"Niggern var hög på PCP, Johnson.
  </s>
  <s id="99">
Jag var tvungen att använda våld."
    <time id="T72E" value="00:07:28,820" />
  </s>
  <s id="100">
    <time id="T73S" value="00:07:29,230" />
-"Du såg ju honom själv!" -"Nej, bry dig inte om någon rapport."
    <time id="T73E" value="00:07:33,250" />
  </s>
  <s id="101">
    <time id="T74S" value="00:07:33,560" />
"Strö bara lite crack på honom, sen drar vi."
    <time id="T74E" value="00:07:37,580" />
  </s>
  <s id="102">
    <time id="T75S" value="00:07:39,390" />
Då såg jag inget rasistiskt i det.
  </s>
  <s id="103">
- "Chip, du får akta dig."
    <time id="T75E" value="00:07:45,410" />
  </s>
  <s id="104">
    <time id="T76S" value="00:07:46,110" />
Men en annan gång när vi var ute och körde... 
  </s>
  <s id="105">
Ja, jag kör inte.
    <time id="T76E" value="00:07:51,640" />
  </s>
  <s id="106">
    <time id="T77S" value="00:07:51,740" />
Chip körde och det gick lite vilt till för han hade druckit.
    <time id="T77E" value="00:07:56,270" />
  </s>
  <s id="107">
    <time id="T78S" value="00:07:58,970" />
Att köra full är fel men jag hade rökt på, så jag kunde inte säga något.
    <time id="T78E" value="00:08:05,000" />
  </s>
  <s id="108">
    <time id="T79S" value="00:08:09,800" />
Vi stannade vid rött ljus och en bil körde upp bredvid oss.
    <time id="T79E" value="00:08:13,820" />
  </s>
  <s id="109">
    <time id="T80S" value="00:08:13,930" />
En packad Chip tittade på mig.
    <time id="T80E" value="00:08:16,950" />
  </s>
  <s id="110">
    <time id="T81S" value="00:08:17,130" />
"Dave..."
    <time id="T81E" value="00:08:20,130" />
  </s>
  <s id="111">
    <time id="T82S" value="00:08:20,260" />
"...jag ska köra ifrån dem."
    <time id="T82E" value="00:08:23,260" />
  </s>
  <s id="112">
    <time id="T83S" value="00:08:26,760" />
Jag visste att det var en dum idé...men jag var hög.
    <time id="T83E" value="00:08:31,280" />
  </s>
  <s id="113">
    <time id="T84S" value="00:08:31,290" />
Jag ville förklara det för honom men allt jag fick fram var...
    <time id="T84E" value="00:08:35,310" />
  </s>
  <s id="114">
    <time id="T85S" value="00:08:35,420" />
"Ibland måste man bara..."
    <time id="T85E" value="00:08:38,440" />
  </s>
  <s id="115">
    <time id="T86S" value="00:08:43,650" />
Det blev grönt och Chip trampande gasen i botten.
    <time id="T86E" value="00:08:48,170" />
  </s>
  <s id="116">
    <time id="T87S" value="00:08:48,280" />
Han zick zackade så ingen kunde köra om. 
  </s>
  <s id="117">
Jag fattade ingenting.
    <time id="T87E" value="00:08:52,300" />
  </s>
  <s id="118">
    <time id="T88S" value="00:08:56,110" />
Sen stoppade polisen oss.
  </s>
  <s id="119">
Jag var skiträdd förstås.
    <time id="T88E" value="00:09:00,630" />
  </s>
  <s id="120">
    <time id="T89S" value="00:09:01,130" />
Bilen luktade gräs, vi hade kört för fort och idioten vid ratten var full!
    <time id="T89E" value="00:09:06,160" />
  </s>
  <s id="121">
    <time id="T90S" value="00:09:06,960" />
Jag var rädd. 
  </s>
  <s id="122">
Det var inte Chip.
  </s>
  <s id="123">
Han sänkte inte ens ljudet på bilradion.
    <time id="T90E" value="00:09:12,990" />
  </s>
  <s id="124">
    <time id="T91S" value="00:09:13,090" />
Är inte det...? 
  </s>
  <s id="125">
Skulle inte ni sänka ljudet om polisen...?
    <time id="T91E" value="00:09:18,120" />
  </s>
  <s id="126">
    <time id="T92S" value="00:09:18,220" />
Ingen vill väl få sitt arsle spöat till ett soundtrack.
    <time id="T92E" value="00:09:22,240" />
  </s>
  <s id="127">
    <time id="T93S" value="00:09:25,350" />
Musiken dånade "Nu har vi fått nog..."
    <time id="T93E" value="00:09:29,370" />
  </s>
  <s id="128">
    <time id="T94S" value="00:09:35,680" />
Han vände sig till mig och sa "Ta det lugnt, kläm ihop skinkorna!"
    <time id="T94E" value="00:09:41,700" />
  </s>
  <s id="129">
    <time id="T95S" value="00:09:43,210" />
"Låt mig sköta snacket!"
    <time id="T95E" value="00:09:46,230" />
  </s>
  <s id="130">
    <time id="T96S" value="00:09:48,740" />
Vill ni veta vad han sa?
  </s>
  <s id="131">
Jag kunde knappt tro mina öron.
    <time id="T96E" value="00:09:54,260" />
  </s>
  <s id="132">
    <time id="T97S" value="00:09:56,770" />
"Ursäkta, konstapeln..."
    <time id="T97E" value="00:09:59,790" />
  </s>
  <s id="133">
    <time id="T98S" value="00:10:01,200" />
"Jag visste inte att det var förbjudet."
    <time id="T98E" value="00:10:04,720" />
  </s>
  <s id="134">
    <time id="T99S" value="00:10:04,820" />
Jag blev helt jävla chockad!
    <time id="T99E" value="00:10:07,850" />
  </s>
  <s id="135">
    <time id="T100S" value="00:10:07,950" />
"Då vet du det till nästa gång.
  </s>
  <s id="136">
Dra härifrån nu!", sa snuten.
    <time id="T100E" value="00:10:13,480" />
  </s>
  <s id="137">
    <time id="T101S" value="00:10:16,580" />
Chip sa "Okej, det ska jag göra, sir."
    <time id="T101E" value="00:10:20,610" />
  </s>
  <s id="138">
    <time id="T102S" value="00:10:21,310" />
"Vad? 
  </s>
  <s id="139">
Vad är det , Dave?"
    <time id="T102E" value="00:10:24,330" />
  </s>
  <s id="140">
    <time id="T103S" value="00:10:27,740" />
"Jag visste inte att det var förbjudet?
  </s>
  <s id="141">
!"
    <time id="T103E" value="00:10:30,760" />
  </s>
  <s id="142">
    <time id="T104S" value="00:10:30,770" />
"Bra, eller hur? 
  </s>
  <s id="143">
För jag visste ju att det var förbjudet."
    <time id="T104E" value="00:10:36,290" />
  </s>
  <s id="144">
    <time id="T105S" value="00:10:47,700" />
Jag var chockad.
    <time id="T105E" value="00:10:50,220" />
  </s>
  <s id="145">
    <time id="T106S" value="00:10:50,930" />
Inte över hans fräckhet. 
  </s>
  <s id="146">
Jag skulle bara inte kommit på att säga det.
    <time id="T106E" value="00:10:55,950" />
  </s>
  <s id="147">
    <time id="T107S" value="00:10:56,060" />
Ingen svart som skulle.
  </s>
  <s id="148">
För snuten vet att vi kan lagen.
    <time id="T107E" value="00:11:00,580" />
  </s>
  <s id="149">
    <time id="T108S" value="00:11:01,990" />
Varenda svart i det här rummet är expert på lagen.
    <time id="T108E" value="00:11:07,010" />
  </s>
  <s id="150">
    <time id="T109S" value="00:11:08,810" />
Ett felsteg och någon svart gubbe skulle skrika...
    <time id="T109E" value="00:11:12,340" />
  </s>
  <s id="151">
    <time id="T110S" value="00:11:12,440" />
"Gör det inte! 
  </s>
  <s id="152">
Du får fem till tio."
    <time id="T110E" value="00:11:15,970" />
  </s>
  <s id="153">
    <time id="T111S" value="00:11:16,070" />
"Se upp!"
    <time id="T111E" value="00:11:18,100" />
  </s>
  <s id="154">
    <time id="T112S" value="00:11:21,000" />
Vi kan både lagen och straffet.
  </s>
  <s id="155">
Och Chip trodde han fick köra ikapp.
    <time id="T112E" value="00:11:26,520" />
  </s>
  <s id="156">
    <time id="T113S" value="00:11:26,630" />
Jag säger inte att jag ogillar poliser.
  </s>
  <s id="157">
Jag är bara rädd för dem.
    <time id="T113E" value="00:11:32,650" />
  </s>
  <s id="158">
    <time id="T114S" value="00:11:32,760" />
Ibland behöver vi ju dem också.
    <time id="T114E" value="00:11:36,280" />
  </s>
  <s id="159">
    <time id="T115S" value="00:11:36,390" />
När jag hade inbrott hade det varit lämpligt att ringa...
    <time id="T115E" value="00:11:40,910" />
  </s>
  <s id="160">
    <time id="T116S" value="00:11:42,920" />
Huset var för fint. 
  </s>
  <s id="161">
De skulle aldrig trott på att jag bodde där.
    <time id="T116E" value="00:11:47,440" />
  </s>
  <s id="162">
    <time id="T117S" value="00:11:47,550" />
"Han är fortfarande här."
    <time id="T117E" value="00:11:50,570" />
  </s>
  <s id="163">
    <time id="T118S" value="00:11:51,480" />
"Herregud!"
    <time id="T118E" value="00:11:54,000" />
  </s>
  <s id="164">
    <time id="T119S" value="00:11:57,310" />
"Fallet är löst, Johnson."
    <time id="T119E" value="00:12:00,330" />
  </s>
  <s id="165">
    <time id="T120S" value="00:12:01,130" />
"Jag har sett det här en gång förut."
    <time id="T120E" value="00:12:04,160" />
  </s>
  <s id="166">
    <time id="T121S" value="00:12:04,260" />
"Han måste ha brutit sig in och hängt upp tavlor av sin familj överallt."
    <time id="T121E" value="00:12:09,290" />
  </s>
  <s id="167">
    <time id="T122S" value="00:12:12,990" />
"Strö lite crack på honom, så vi kan dra."
    <time id="T122E" value="00:12:17,020" />
  </s>
  <s id="168">
    <time id="T123S" value="00:12:20,020" />
Så brutalt gick det till. 
  </s>
  <s id="169">
Men då visste bara minoriteterna om det.
    <time id="T123E" value="00:12:26,040" />
  </s>
  <s id="170">
    <time id="T124S" value="00:12:26,750" />
De vita var skeptiska först.
  </s>
  <s id="171">
Och jag förstår er.
    <time id="T124E" value="00:12:31,270" />
  </s>
  <s id="172">
    <time id="T125S" value="00:12:31,380" />
Men när det stod i Newsweek, visste ni att det var sant.
    <time id="T125E" value="00:12:35,400" />
  </s>
  <s id="173">
    <time id="T126S" value="00:12:36,410" />
"Herregud! 
  </s>
  <s id="174">
Har du sett det här, älskling?"
    <time id="T126E" value="00:12:40,930" />
  </s>
  <s id="175">
    <time id="T127S" value="00:12:41,040" />
"Polisen piskar visst niggrer som om de vore pannkakssmet."
    <time id="T127E" value="00:12:45,560" />
  </s>
  <s id="176">
    <time id="T128S" value="00:12:46,370" />
"Det står i senaste upplagan."
    <time id="T128E" value="00:12:49,890" />
  </s>
  <s id="177">
    <time id="T129S" value="00:12:51,200" />
Men hur skulle ni ha kunnat veta?
    <time id="T129E" value="00:12:54,720" />
  </s>
  <s id="178">
    <time id="T130S" value="00:12:55,320" />
Kanske borde ni haft någon liten misstanke att inte allt stod rätt till.
    <time id="T130E" value="00:13:00,850" />
  </s>
  <s id="179">
    <time id="T131S" value="00:13:01,050" />
Varenda död svart person som polisen hittar är pudrad med crack.
    <time id="T131E" value="00:13:07,080" />
  </s>
  <s id="180">
    <time id="T132S" value="00:13:08,280" />
Kom igen. 
  </s>
  <s id="181">
Vem blir sjuten och strör sen crack på sig själv?
    <time id="T132E" value="00:13:12,310" />
  </s>
  <s id="182">
    <time id="T133S" value="00:13:20,740" />
Livet är gåtfullt som det är...
    <time id="T133E" value="00:13:24,260" />
  </s>
  <s id="183">
    <time id="T134S" value="00:13:28,870" />
Som ni märker är jag paranoid.
  </s>
  <s id="184">
Jag vågar inte ens ringa larmcentralen.
    <time id="T134E" value="00:13:34,390" />
  </s>
  <s id="185">
    <time id="T135S" value="00:13:34,400" />
Inte ens om det brinner.
  </s>
  <s id="186">
För de bandar de där samtalen.
    <time id="T135E" value="00:13:38,420" />
  </s>
  <s id="187">
    <time id="T136S" value="00:13:38,730" />
Sen spelar de upp det på TV.
  </s>
  <s id="188">
Det är ju skittaskigt.
    <time id="T136E" value="00:13:43,750" />
  </s>
  <s id="189">
    <time id="T137S" value="00:13:44,260" />
Jag säger vad som helst om jag är rädd. 
  </s>
  <s id="190">
Det är ju privat.
    <time id="T137E" value="00:13:48,280" />
  </s>
  <s id="191">
    <time id="T138S" value="00:13:48,490" />
Säg att jag blir dödad. 
  </s>
  <s id="192">
Och så spelar de det där bandet på nyheterna.
    <time id="T138E" value="00:13:53,010" />
  </s>
  <s id="193">
    <time id="T139S" value="00:13:53,110" />
Jag kan ju inte ens förklara för mina polare.
    <time id="T139E" value="00:13:56,140" />
  </s>
  <s id="194">
    <time id="T140S" value="00:13:56,240" />
De sitter och tittar på nyheterna.
  </s>
  <s id="195">
- "Vår utsände är på platsen."
    <time id="T140E" value="00:14:00,770" />
  </s>
  <s id="196">
    <time id="T141S" value="00:14:01,070" />
- "Vad är det som händer där?" Det tar alltid reportern en liten stund.
    <time id="T141E" value="00:14:06,100" />
  </s>
  <s id="197">
    <time id="T142S" value="00:14:06,200" />
"Hallå, Bob?"
    <time id="T142E" value="00:14:08,720" />
  </s>
  <s id="198">
    <time id="T143S" value="00:14:10,130" />
"Ja, vi har just fått tag på Dave Chapelles desperata" "SOS-samtal."
    <time id="T144E" value="00:14:17,660" />
  </s>
  <s id="199">
    <time id="T145S" value="00:14:20,060" />
"Jag vill varna tittarna för att språket är bitvis stötande."
    <time id="T145E" value="00:14:25,580" />
  </s>
  <s id="200">
    <time id="T146S" value="00:14:29,490" />
-"Hallå, Larmcentralen..." -"Hjälp! 
  </s>
  <s id="201">
De är efter mig för fan."
    <time id="T146E" value="00:14:35,010" />
  </s>
  <s id="202">
    <time id="T147S" value="00:14:37,320" />
-"Lugna er, sir. 
  </s>
  <s id="203">
Var är ni?" -"Åh, jag sket i byxorna..."
    <time id="T147E" value="00:14:42,840" />
  </s>
  <s id="204">
    <time id="T148S" value="00:14:44,450" />
"Jag kan inte sluta gråta..."
    <time id="T148E" value="00:14:47,470" />
  </s>
  <s id="205">
    <time id="T149S" value="00:14:47,680" />
Den där skiten spelar de 30-40 gånger om dagen.
    <time id="T149E" value="00:14:51,700" />
  </s>
  <s id="206">
    <time id="T150S" value="00:14:51,710" />
Alla mina polare kommer att stå där på min begravning och säga...
    <time id="T150E" value="00:14:56,730" />
  </s>
  <s id="207">
    <time id="T151S" value="00:14:56,930" />
"Ni vet väl om att Dave sket på sig strax efter kulan."
    <time id="T151E" value="00:15:00,960" />
  </s>
  <s id="208">
    <time id="T152S" value="00:15:01,460" />
"Jag såg det på nyheterna.
  </s>
  <s id="209">
Han grät som en slyna när han dog."
    <time id="T152E" value="00:15:05,990" />
  </s>
  <s id="210">
    <time id="T153S" value="00:15:09,990" />
Jag är ju död och kan inte försvara mig. 
  </s>
  <s id="211">
Det är inte rätt.
    <time id="T153E" value="00:15:16,020" />
  </s>
  <s id="212">
    <time id="T154S" value="00:15:16,620" />
Vad kan man vänta sig av ett SOS-samtal? 
  </s>
  <s id="213">
Så klart man är rädd.
    <time id="T154E" value="00:15:22,140" />
  </s>
  <s id="214">
    <time id="T155S" value="00:15:22,250" />
Det är ju en kris. 
  </s>
  <s id="215">
Ingen ringer till Larmcentralen och är samlad.
    <time id="T155E" value="00:15:26,270" />
  </s>
  <s id="216">
    <time id="T156S" value="00:15:26,480" />
Det skulle låta helt löjligt.
    <time id="T156E" value="00:15:28,500" />
  </s>
  <s id="217">
    <time id="T157S" value="00:15:28,510" />
-"Hallå, Larmcentralen..." -"Hej! 
  </s>
  <s id="218">
Hur är läget, SOS?"
    <time id="T157E" value="00:15:34,530" />
  </s>
  <s id="219">
    <time id="T158S" value="00:15:36,740" />
"Du, det står en grupp vita män med huvor utanför mitt hus" "och de verkar mena allvar."
    <time id="T159E" value="00:15:45,790" />
  </s>
  <s id="220">
    <time id="T160S" value="00:15:46,400" />
"Kom ut, nigger!"
    <time id="T160E" value="00:15:48,920" />
  </s>
  <s id="221">
    <time id="T161S" value="00:15:49,920" />
"Jag måste nog gå..."
    <time id="T161E" value="00:15:52,950" />
  </s>
  <s id="222">
    <time id="T162S" value="00:16:03,150" />
För mycket stress... 
  </s>
  <s id="223">
Mitt problem är att jag inte klarar av stressen.
    <time id="T162E" value="00:16:09,180" />
  </s>
  <s id="224">
    <time id="T163S" value="00:16:09,280" />
Stress gör att jag talar annorlunda.
  </s>
  <s id="225">
Social stress, ni vet.
    <time id="T163E" value="00:16:13,810" />
  </s>
  <s id="226">
    <time id="T164S" value="00:16:13,910" />
När någon gör sig till, gör man själv sig till.
    <time id="T164E" value="00:16:16,930" />
  </s>
  <s id="227">
    <time id="T165S" value="00:16:16,940" />
-"Hej! 
  </s>
  <s id="228">
Hur står det till?" -"Jättebra, tack. 
  </s>
  <s id="229">
Och själv då?"
    <time id="T165E" value="00:16:20,960" />
  </s>
  <s id="230">
    <time id="T166S" value="00:16:22,170" />
Jag snackar ju inte ens så.
    <time id="T166E" value="00:16:25,190" />
  </s>
  <s id="231">
    <time id="T167S" value="00:16:25,900" />
Det gör mig bara förbannad.
    <time id="T167E" value="00:16:29,420" />
  </s>
  <s id="232">
    <time id="T168S" value="00:16:29,730" />
Ibland säger jag galna saker bara för att må bättre. 
  </s>
  <s id="233">
Gör ni aldrig det?
    <time id="T168E" value="00:16:35,250" />
  </s>
  <s id="234">
    <time id="T169S" value="00:16:35,260" />
Har ni hört den här nasala rösten...?
    <time id="T169E" value="00:16:38,280" />
  </s>
  <s id="235">
    <time id="T170S" value="00:16:38,290" />
Så snackade bovarna på 40-talet, på den gamla tiden.
    <time id="T170E" value="00:16:42,810" />
  </s>
  <s id="236">
    <time id="T171S" value="00:16:42,910" />
Så snackar jag. 
  </s>
  <s id="237">
Inte alltid, men om jag känner mig stressad då drar jag till med det. 
  </s>
  <s id="238">
Om polisen stoppar mig använder jag den rösten.
    <time id="T172E" value="00:16:53,170" />
  </s>
  <s id="239">
    <time id="T173S" value="00:16:53,570" />
"Min pojke... 
  </s>
  <s id="240">
Vet du varför vi stoppade dig?"
    <time id="T173E" value="00:16:58,600" />
  </s>
  <s id="241">
    <time id="T174S" value="00:16:59,200" />
"För att jag är svart, så klart. 
  </s>
  <s id="242">
Just det..."
    <time id="T174E" value="00:17:03,220" />
  </s>
  <s id="243">
    <time id="T175S" value="00:17:07,130" />
Det är inte olagligt att tala så.
  </s>
  <s id="244">
Hur vet de att jag inte alltid talar så?
    <time id="T175E" value="00:17:12,150" />
  </s>
  <s id="245">
    <time id="T176S" value="00:17:12,160" />
-"Sluta prata så där." -"Hur då? 
  </s>
  <s id="246">
Så snackar jag, ser du."
    <time id="T176E" value="00:17:17,180" />
  </s>
  <s id="247">
    <time id="T177S" value="00:17:23,990" />
Man måste sätta lite krydda på tillvaron. 
  </s>
  <s id="248">
För livet är flyktigt.
    <time id="T177E" value="00:17:29,010" />
  </s>
  <s id="249">
    <time id="T178S" value="00:17:29,120" />
Inte evigt, vad man än tror.
    <time id="T178E" value="00:17:32,140" />
  </s>
  <s id="250">
    <time id="T179S" value="00:17:32,750" />
Det är farligt där ute, det vet vi.
  </s>
  <s id="251">
Jag reser mycket nu.
    <time id="T179E" value="00:17:36,770" />
  </s>
  <s id="252">
    <time id="T180S" value="00:17:36,880" />
Jag trodde DC hade de värsta ghettona i landet. 
  </s>
  <s id="253">
Icke!
    <time id="T180E" value="00:17:41,900" />
  </s>
  <s id="254">
    <time id="T181S" value="00:17:43,010" />
Jag har sett en del sjuka saker nu.
    <time id="T181E" value="00:17:46,530" />
  </s>
  <s id="255">
    <time id="T182S" value="00:17:47,230" />
Det finns riktigt eländiga ghetton på andra håll.
    <time id="T182E" value="00:17:51,760" />
  </s>
  <s id="256">
    <time id="T183S" value="00:17:52,890" />
Alla borde se ett ghetto.
  </s>
  <s id="257">
Mig tog de till ghettot en gång utan att jag visste.
    <time id="T184E" value="00:17:59,490" />
  </s>
  <s id="258">
    <time id="T185S" value="00:18:00,590" />
Helst vill man veta när man ska dit, så man kan förbereda sig.
    <time id="T185E" value="00:18:06,120" />
  </s>
  <s id="259">
    <time id="T186S" value="00:18:06,220" />
Att ovetandes bli förd dit är något helt annat. 
  </s>
  <s id="260">
Jag åkte limousine.
    <time id="T186E" value="00:18:10,240" />
  </s>
  <s id="261">
    <time id="T187S" value="00:18:10,850" />
Det var sent på natten, efter en show.
    <time id="T187E" value="00:18:13,870" />
  </s>
  <s id="262">
    <time id="T188S" value="00:18:14,080" />
Chauffören var trevlig och snackig.
  </s>
  <s id="263">
- "Var är du från? 
  </s>
  <s id="264">
DC?"
    <time id="T188E" value="00:18:19,600" />
  </s>
  <s id="265">
    <time id="T189S" value="00:18:22,410" />
- "Tuff stad." Då ringde hans mobil.
    <time id="T189E" value="00:18:27,430" />
  </s>
  <s id="266">
    <time id="T190S" value="00:18:28,040" />
"Hallå. 
  </s>
  <s id="267">
Vad? 
  </s>
  <s id="268">
Lugna ner dig.
  </s>
  <s id="269">
Vad fan...?
  </s>
  <s id="270">
!"
    <time id="T190E" value="00:18:33,560" />
  </s>
  <s id="271">
    <time id="T191S" value="00:18:33,770" />
"Nej... 
  </s>
  <s id="272">
I helvete heller!
  </s>
  <s id="273">
Jag kommer dit på direkten."
    <time id="T191E" value="00:18:39,290" />
  </s>
  <s id="274">
    <time id="T192S" value="00:18:49,700" />
"Jag ska bara stanna till någonstans snabbt."
    <time id="T192E" value="00:18:53,720" />
  </s>
  <s id="275">
    <time id="T193S" value="00:18:54,520" />
Först visste jag inte vart han tog mig.
  </s>
  <s id="276">
Jag tittade ut genom fönstret...
    <time id="T193E" value="00:18:58,550" />
  </s>
  <s id="277">
    <time id="T194S" value="00:18:58,650" />
Vapenaffär, vapenaffär, spritbutik, vapenaffär... - "Var fan är vi?
  </s>
  <s id="278">
!"
    <time id="T194E" value="00:19:02,680" />
  </s>
  <s id="279">
    <time id="T195S" value="00:19:04,480" />
"Det här ser inte bra ut."
    <time id="T195E" value="00:19:07,510" />
  </s>
  <s id="280">
    <time id="T196S" value="00:19:07,810" />
Han stannade framför ett riktigt ruckel.
  </s>
  <s id="281">
Det såg ut som ghettot.
    <time id="T196E" value="00:19:12,330" />
  </s>
  <s id="282">
    <time id="T197S" value="00:19:12,340" />
Jag var inte säker, men det bar alla kännetecken på ghettot.
    <time id="T198E" value="00:19:19,670" />
  </s>
  <s id="283">
    <time id="T199S" value="00:19:20,670" />
En crackpundare sprang åt det hållet...
    <time id="T199E" value="00:19:24,690" />
  </s>
  <s id="284">
    <time id="T200S" value="00:19:28,400" />
En annan hoppade ner från ett träd...
    <time id="T200E" value="00:19:32,420" />
  </s>
  <s id="285">
    <time id="T201S" value="00:19:34,730" />
"Jag är strax tillbaka.", sa föraren, tog nycklarna och lämnade mig där.
    <time id="T201E" value="00:19:40,250" />
  </s>
  <s id="286">
    <time id="T202S" value="00:19:40,660" />
Klockan tre på natten, mitt i ghettot, i en jävla limousine!
    <time id="T202E" value="00:19:46,180" />
  </s>
  <s id="287">
    <time id="T203S" value="00:19:47,390" />
Det lovade inte gott. 
  </s>
  <s id="288">
Jag såg mig omkring och orienterade mig.
    <time id="T203E" value="00:19:53,410" />
  </s>
  <s id="289">
    <time id="T204S" value="00:19:54,410" />
Jag förstod att jag måste fly till fots!
    <time id="T204E" value="00:19:57,940" />
  </s>
  <s id="290">
    <time id="T205S" value="00:19:58,340" />
Snart skulle jag fatta hur dåligt området var.
    <time id="T205E" value="00:20:02,370" />
  </s>
  <s id="291">
    <time id="T206S" value="00:20:02,470" />
Kom ihåg att klockan var tre på natten.
  </s>
  <s id="292">
Jag tittade ut genom fönstret.
    <time id="T206E" value="00:20:08,000" />
  </s>
  <s id="293">
    <time id="T207S" value="00:20:09,200" />
Det stod en bebis på hörnet.
    <time id="T207E" value="00:20:12,220" />
  </s>
  <s id="294">
    <time id="T208S" value="00:20:20,030" />
Och bebisen såg inte ens rädd ut. 
  </s>
  <s id="295">
Han bara stod där...
    <time id="T208E" value="00:20:25,050" />
  </s>
  <s id="296">
    <time id="T209S" value="00:20:32,260" />
Det gjorde mig faktiskt ledsen.
  </s>
  <s id="297">
Jag ville ju hjälpa bebisen.
    <time id="T209E" value="00:20:37,280" />
  </s>
  <s id="298">
    <time id="T210S" value="00:20:37,890" />
"Nej, jag litar inte på dig heller..."
    <time id="T210E" value="00:20:41,910" />
  </s>
  <s id="299">
    <time id="T211S" value="00:20:44,620" />
Det gamla tricket med bebisen i gathörnet...?
    <time id="T211E" value="00:20:48,140" />
  </s>
  <s id="300">
    <time id="T212S" value="00:20:48,650" />
Så jävla dum är jag inte.
    <time id="T212E" value="00:20:51,670" />
  </s>
  <s id="301">
    <time id="T213S" value="00:20:53,480" />
Var är föraren? 
  </s>
  <s id="302">
Jag börjar må dåligt.
  </s>
  <s id="303">
Och det blir bara värre och värre.
    <time id="T213E" value="00:20:59,000" />
  </s>
  <s id="304">
    <time id="T214S" value="00:20:59,010" />
"Vad fan är det frågan om?
  </s>
  <s id="305">
Är jag rädd för en bebis?"
    <time id="T214E" value="00:21:03,030" />
  </s>
  <s id="306">
    <time id="T215S" value="00:21:03,130" />
"Bebisen kanske behöver min hjälp.
  </s>
  <s id="307">
Bäst att jag gör något."
    <time id="T215E" value="00:21:08,160" />
  </s>
  <s id="308">
    <time id="T216S" value="00:21:09,260" />
Men jag tänkte inte stiga ur bilen.
    <time id="T216E" value="00:21:12,790" />
  </s>
  <s id="309">
    <time id="T217S" value="00:21:12,860" />
Jag rullade bara ner rutan en aning.
    <time id="T217E" value="00:21:16,860" />
  </s>
  <s id="310">
    <time id="T218S" value="00:21:17,890" />
Limousinen var gammal, så jag kunde rulla ner rutan.
    <time id="T218E" value="00:21:21,920" />
  </s>
  <s id="311">
    <time id="T219S" value="00:21:29,420" />
"Du, bebisen, gå hem. 
  </s>
  <s id="312">
Klockan är tre på natten. 
  </s>
  <s id="313">
Vad fan gör du uppe?
  </s>
  <s id="314">
!"
    <time id="T219E" value="00:21:34,940" />
  </s>
  <s id="315">
    <time id="T220S" value="00:21:39,550" />
"Jag säljer gräs!", sa bebisen.
    <time id="T220E" value="00:21:43,070" />
  </s>
  <s id="316">
    <time id="T221S" value="00:21:48,280" />
Det hade jag inte väntat mig.
    <time id="T221E" value="00:21:51,300" />
  </s>
  <s id="317">
    <time id="T222S" value="00:21:53,810" />
Jag var tvungen att köpa några påsar bara för att lugna ner honom.
    <time id="T222E" value="00:21:58,830" />
  </s>
  <s id="318">
    <time id="T223S" value="00:22:00,640" />
Jag rullade en joint...
    <time id="T223E" value="00:22:03,160" />
  </s>
  <s id="319">
    <time id="T224S" value="00:22:03,370" />
Då och då kom en crackpundare fram till fönstret och tittade in.
    <time id="T224E" value="00:22:07,890" />
  </s>
  <s id="320">
    <time id="T225S" value="00:22:08,000" />
Det var som Jurassic Park.
  </s>
  <s id="321">
Han bara stirrade in...
    <time id="T225E" value="00:22:12,020" />
  </s>
  <s id="322">
    <time id="T226S" value="00:22:19,650" />
Bebisen var forfarande där.
  </s>
  <s id="323">
Jag började må dåligt igen.
    <time id="T226E" value="00:22:23,680" />
  </s>
  <s id="324">
    <time id="T227S" value="00:22:23,780" />
Man kan ju få skuldkänslor av gräs ibland.
    <time id="T227E" value="00:22:26,810" />
  </s>
  <s id="325">
    <time id="T228S" value="00:22:26,910" />
Jag hade just köpt gräs av ett spädbarn!
    <time id="T228E" value="00:22:31,430" />
  </s>
  <s id="326">
    <time id="T229S" value="00:22:31,910" />
Det är ju oacceptabelt.
    <time id="T229E" value="00:22:34,410" />
  </s>
  <s id="327">
    <time id="T230S" value="00:22:34,440" />
Jag får inte låta rädslan förstöra min moral.
    <time id="T230E" value="00:22:38,460" />
  </s>
  <s id="328">
    <time id="T231S" value="00:22:39,740" />
Jag måste ju göra något.
    <time id="T231E" value="00:22:42,740" />
  </s>
  <s id="329">
    <time id="T232S" value="00:22:47,870" />
"Du, bebisen, sluta sälja gräs.
  </s>
  <s id="330">
Du har ju hela livet framför dig."
    <time id="T232E" value="00:22:53,390" />
  </s>
  <s id="331">
    <time id="T233S" value="00:22:53,900" />
Han sa "Dra åt helvete!
  </s>
  <s id="332">
Jag har ungar som ska försörjas!"
    <time id="T233E" value="00:22:58,420" />
  </s>
  <s id="333">
    <time id="T234S" value="00:23:03,630" />
Trist.
    <time id="T234E" value="00:23:05,650" />
  </s>
  <s id="334">
    <time id="T235S" value="00:23:08,060" />
Just då sprang en crackpundare över gatan och blev överkörd av en bil.
    <time id="T235E" value="00:23:12,580" />
  </s>
  <s id="335">
    <time id="T236S" value="00:23:12,690" />
Jag vet att det var en smitningsolycka... 
  </s>
  <s id="336">
Polisen gjorde det.
    <time id="T236E" value="00:23:17,210" />
  </s>
  <s id="337">
    <time id="T237S" value="00:23:18,210" />
Men det gick bra. 
  </s>
  <s id="338">
De strödde crack på honom och sen var han uppe igen.
    <time id="T237E" value="00:23:23,240" />
  </s>
  <s id="339">
    <time id="T238S" value="00:23:28,340" />
Så mycket skit man får se.
    <time id="T238E" value="00:23:30,370" />
  </s>
  <s id="340">
    <time id="T239S" value="00:23:30,670" />
Det är det att vi programmeras från tidig ålder med hjälp av TV.
    <time id="T239E" value="00:23:35,200" />
  </s>
  <s id="341">
    <time id="T240S" value="00:23:35,500" />
Har ni sett tecknade filmer ni tittade på som barn?
    <time id="T240E" value="00:23:39,520" />
  </s>
  <s id="342">
    <time id="T241S" value="00:23:39,730" />
Det är helt sjukt.
    <time id="T241E" value="00:23:42,250" />
  </s>
  <s id="343">
    <time id="T242S" value="00:23:42,630" />
Jag och min brorson tittade på skunken Pepe Le Pew.
    <time id="T242E" value="00:23:46,130" />
  </s>
  <s id="344">
    <time id="T243S" value="00:23:46,160" />
"Den här snubben är rolig. 
  </s>
  <s id="345">
Jag tittade på honom när jag var liten."
    <time id="T243E" value="00:23:51,180" />
  </s>
  <s id="346">
    <time id="T244S" value="00:23:51,590" />
Vi tittar på Pepe Le Pew, men jag är äldre nu...
    <time id="T244E" value="00:23:55,110" />
  </s>
  <s id="347">
    <time id="T245S" value="00:23:55,120" />
"Vad fan är det för en våldtäktsman?
  </s>
  <s id="348">
Ta det lugnt för fan, Pepe!"
    <time id="T245E" value="00:23:59,640" />
  </s>
  <s id="349">
    <time id="T246S" value="00:24:01,950" />
Och där sitter min brorson och gapflabbar.
    <time id="T246E" value="00:24:04,970" />
  </s>
  <s id="350">
    <time id="T247S" value="00:24:04,980" />
"Ibland måste man göra som Pepe och ta fittan!"
    <time id="T247E" value="00:24:09,500" />
  </s>
  <s id="351">
    <time id="T248S" value="00:24:13,010" />
Jag fick byta kanal illa kvickt.
    <time id="T248E" value="00:24:16,530" />
  </s>
  <s id="352">
    <time id="T249S" value="00:24:18,530" />
Jag satte på Sesame Street istället.
    <time id="T249E" value="00:24:21,560" />
  </s>
  <s id="353">
    <time id="T250S" value="00:24:21,760" />
"Mycket bättre för nu får han lära sig räkna och stava."
    <time id="T250E" value="00:24:25,790" />
  </s>
  <s id="354">
    <time id="T251S" value="00:24:25,890" />
Men jag inser nu som vuxen att Sesame Street lär barnen andra saker.
    <time id="T251E" value="00:24:30,420" />
  </s>
  <s id="355">
    <time id="T252S" value="00:24:30,520" />
Det lär dem att döma folk och sätta etikett på folk. 
  </s>
  <s id="356">
Just det!
    <time id="T252E" value="00:24:36,040" />
  </s>
  <s id="357">
    <time id="T253S" value="00:24:36,050" />
De har en figur som heter Oscar.
    <time id="T253E" value="00:24:39,570" />
  </s>
  <s id="358">
    <time id="T254S" value="00:24:39,580" />
De behandlar honom som skit.
    <time id="T254E" value="00:24:42,580" />
  </s>
  <s id="359">
    <time id="T255S" value="00:24:44,380" />
"Oscar, du är så elak!
  </s>
  <s id="360">
- Inte sant, barn?"
    <time id="T255E" value="00:24:48,900" />
  </s>
  <s id="361">
    <time id="T256S" value="00:24:49,910" />
"Ja, Oscar. 
  </s>
  <s id="362">
Du är en riktig surpuppa!"
    <time id="T256E" value="00:24:53,930" />
  </s>
  <s id="363">
    <time id="T257S" value="00:24:54,040" />
"Jag bor ju i en jävla soptunna!"
    <time id="T257E" value="00:24:57,560" />
  </s>
  <s id="364">
    <time id="T258S" value="00:25:00,470" />
"Jag är den fattigaste jäveln på Sesame Street! 
  </s>
  <s id="365">
Ingen hjälper mig."
    <time id="T258E" value="00:25:05,990" />
  </s>
  <s id="366">
    <time id="T259S" value="00:25:06,800" />
Inte undra på att ens ungar kliver över uteliggare... - "Skärp dig, gubbe."
    <time id="T259E" value="00:25:11,820" />
  </s>
  <s id="367">
    <time id="T260S" value="00:25:13,120" />
"Skaffa ett jobb."
    <time id="T260E" value="00:25:15,650" />
  </s>
  <s id="368">
    <time id="T261S" value="00:25:16,650" />
Sesame Street är ett otäckt ställe.
  </s>
  <s id="369">
Dit skulle jag aldrig åka.
    <time id="T261E" value="00:25:22,180" />
  </s>
  <s id="370">
    <time id="T262S" value="00:25:22,980" />
Vem skulle vilja bo på ett ställe där jättelika duvor går omkring?
    <time id="T262E" value="00:25:27,510" />
  </s>
  <s id="371">
    <time id="T263S" value="00:25:28,410" />
Där en elefant är en pundare.
    <time id="T263E" value="00:25:31,430" />
  </s>
  <s id="372">
    <time id="T264S" value="00:25:31,440" />
"Tjena, Bird."
    <time id="T264E" value="00:25:33,940" />
  </s>
  <s id="373">
    <time id="T265S" value="00:25:34,940" />
Just det, Snuffy! 
  </s>
  <s id="374">
- "Tjena, Bird.
  </s>
  <s id="375">
Jag är sjuk och behöver horse, Bird."
    <time id="T265E" value="00:25:40,960" />
  </s>
  <s id="376">
    <time id="T266S" value="00:25:43,370" />
Och ett kakmonster med ögon som tränger ut ur hålorna... - "Kakor!"
    <time id="T266E" value="00:25:47,890" />
  </s>
  <s id="377">
    <time id="T267S" value="00:25:48,300" />
"Vad snackar du om för kakor?
  </s>
  <s id="378">
Man blir inte sådan av chokladmuffins."
    <time id="T267E" value="00:25:53,820" />
  </s>
  <s id="379">
    <time id="T268S" value="00:25:55,130" />
Och de var fräcka nog att ha med en hallick.
    <time id="T268E" value="00:25:59,150" />
  </s>
  <s id="380">
    <time id="T269S" value="00:25:59,160" />
De kallade inte honom det, men jag vet hur en hallick ser ut.
    <time id="T269E" value="00:26:03,180" />
  </s>
  <s id="381">
    <time id="T270S" value="00:26:03,190" />
De kallar honom Greven!
    <time id="T270E" value="00:26:06,210" />
  </s>
  <s id="382">
    <time id="T271S" value="00:26:06,810" />
Han har slängkappa.
    <time id="T271E" value="00:26:09,840" />
  </s>
  <s id="383">
    <time id="T272S" value="00:26:10,440" />
"Var är pengarna, slyna?"
    <time id="T272E" value="00:26:13,440" />
  </s>
  <s id="384">
    <time id="T273S" value="00:26:13,870" />
"Det här är fjärde gången du är sen."
    <time id="T273E" value="00:26:17,870" />
  </s>
  <s id="385">
    <time id="T274S" value="00:26:19,470" />
"Hur många örfilar måste jag ge dig, innan du gör som du ska? 
  </s>
  <s id="386">
En, två."
    <time id="T274E" value="00:26:25,500" />
  </s>
  <s id="387">
    <time id="T275S" value="00:26:25,800" />
"Två örfilar!"
    <time id="T275E" value="00:26:28,320" />
  </s>
  <s id="388">
    <time id="T276S" value="00:26:41,630" />
Det är så mycket att oroa sig för.
  </s>
  <s id="389">
Ju mer man vet, desto mindre kan man.
    <time id="T276E" value="00:26:47,650" />
  </s>
  <s id="390">
    <time id="T277S" value="00:26:47,860" />
Många säger "Dave, du hänger upp dig för mycket på rasism."
    <time id="T277E" value="00:26:53,380" />
  </s>
  <s id="391">
    <time id="T278S" value="00:26:53,490" />
Det här tror jag många svarta känner igen.
    <time id="T278E" value="00:26:57,510" />
  </s>
  <s id="392">
    <time id="T279S" value="00:26:57,520" />
Ibland hör man något som är så rasistiskt att man bara gapar.
    <time id="T279E" value="00:27:02,040" />
  </s>
  <s id="393">
    <time id="T280S" value="00:27:02,650" />
"Det där var fan rasistiskt."
    <time id="T280E" value="00:27:05,670" />
  </s>
  <s id="394">
    <time id="T281S" value="00:27:05,880" />
Det var så flagrant att man bara...
    <time id="T281E" value="00:27:09,400" />
  </s>
  <s id="395">
    <time id="T282S" value="00:27:09,410" />
Som om man tittade på någon film.
    <time id="T282E" value="00:27:12,930" />
  </s>
  <s id="396">
    <time id="T283S" value="00:27:13,010" />
Som "Mississippi Brinner"...
    <time id="T283E" value="00:27:16,010" />
  </s>
  <s id="397">
    <time id="T284S" value="00:27:17,630" />
Det här hände i Mississippi.
    <time id="T284E" value="00:27:21,160" />
  </s>
  <s id="398">
    <time id="T285S" value="00:27:21,530" />
Jag gick på restaurang och började beställa, och innan jag ens hann avsluta min mening, sa han "Kyckling!"
    <time id="T286E" value="00:27:31,090" />
  </s>
  <s id="399">
    <time id="T287S" value="00:27:32,290" />
"Vad fan...?"
    <time id="T287E" value="00:27:34,820" />
  </s>
  <s id="400">
    <time id="T288S" value="00:27:37,320" />
Jag kunde inte tro mina öron.
    <time id="T288E" value="00:27:40,840" />
  </s>
  <s id="401">
    <time id="T289S" value="00:27:41,550" />
Mannen hade ju helt rätt.
  </s>
  <s id="402">
Hur visste han att jag skulle beställa kyckling?
    <time id="T290E" value="00:27:50,300" />
  </s>
  <s id="403">
    <time id="T291S" value="00:27:51,210" />
Jag frågade honom hur han visste att jag ville ha kyckling.
    <time id="T291E" value="00:27:56,230" />
  </s>
  <s id="404">
    <time id="T292S" value="00:27:56,740" />
Han tittade på mig som om jag var tokig. - "Kom igen nu..."
    <time id="T292E" value="00:28:00,760" />
  </s>
  <s id="405">
    <time id="T293S" value="00:28:01,270" />
"Alla visste när du kom in genom dörren att du skulle ha kyckling."
    <time id="T293E" value="00:28:07,290" />
  </s>
  <s id="406">
    <time id="T294S" value="00:28:07,300" />
"Det är ingen hemlighet här nere att svarta och kyckling" "håller mycket av varandra."
    <time id="T295E" value="00:28:14,950" />
  </s>
  <s id="407">
    <time id="T296S" value="00:28:17,950" />
Till slut fattade jag vad han sa.
  </s>
  <s id="408">
Jag blev inte förbannad, utan upprörd.
    <time id="T296E" value="00:28:23,480" />
  </s>
  <s id="409">
    <time id="T297S" value="00:28:23,680" />
Jag var inte redo att höra det där.
    <time id="T297E" value="00:28:27,210" />
  </s>
  <s id="410">
    <time id="T298S" value="00:28:27,510" />
Här hade jag trott att jag gillade kyckling för att det var gott.
    <time id="T298E" value="00:28:33,030" />
  </s>
  <s id="411">
    <time id="T299S" value="00:28:33,640" />
Istället visar det sig att jag är predestinerad att gilla kyckling eftersom jag är svart.
    <time id="T300E" value="00:28:41,590" />
  </s>
  <s id="412">
    <time id="T301S" value="00:28:43,200" />
Inget jag kan göra. 
  </s>
  <s id="413">
Nu är jag rädd för att äta kyckling ute bland folk.
    <time id="T301E" value="00:28:49,220" />
  </s>
  <s id="414">
    <time id="T302S" value="00:28:49,430" />
Jag vill inte att någon ska se mig äta kyckling och säga något...
    <time id="T302E" value="00:28:53,950" />
  </s>
  <s id="415">
    <time id="T303S" value="00:29:00,560" />
"Titta på honom. 
  </s>
  <s id="416">
Han älskar det."
    <time id="T303E" value="00:29:04,580" />
  </s>
  <s id="417">
    <time id="T304S" value="00:29:07,890" />
"Uppslagsboken hade rätt.
  </s>
  <s id="418">
Så lycklig han ser ut!"
    <time id="T304E" value="00:29:12,410" />
  </s>
  <s id="419">
    <time id="T305S" value="00:29:22,810" />
Showbiz är en galen värld. 
  </s>
  <s id="420">
Det är där de riktiga kulturkrockarna äger rum.
    <time id="T305E" value="00:29:26,840" />
  </s>
  <s id="421">
    <time id="T306S" value="00:29:26,940" />
Showbiz sammanför många olika raser.
  </s>
  <s id="422">
Ibland fungerar det, ibland inte...
    <time id="T306E" value="00:29:30,970" />
  </s>
  <s id="423">
    <time id="T307S" value="00:29:31,070" />
Här är en lustig sak. 
  </s>
  <s id="424">
Säg att jag är på telefon med min advokat...
    <time id="T307E" value="00:29:36,600" />
  </s>
  <s id="425">
    <time id="T308S" value="00:29:36,700" />
Han är förresten vit, och...
    <time id="T308E" value="00:29:39,720" />
  </s>
  <s id="426">
    <time id="T309S" value="00:29:41,730" />
Och han säger "Dave, vi ska avsluta affären nu. 
  </s>
  <s id="427">
Är det okej?"
    <time id="T309E" value="00:29:47,750" />
  </s>
  <s id="428">
    <time id="T310S" value="00:29:47,960" />
-"Visst, det är okej." -"Toppen! 
  </s>
  <s id="429">
Trevlig helg."
    <time id="T310E" value="00:29:51,480" />
  </s>
  <s id="430">
    <time id="T311S" value="00:29:51,590" />
-"Det samma, peace!" -"Jaha... 
  </s>
  <s id="431">
Hej då."
    <time id="T311E" value="00:29:56,110" />
  </s>
  <s id="432">
    <time id="T312S" value="00:30:03,220" />
De vet inte vad de ska säga.
  </s>
  <s id="433">
Så ibland hittar jag bara på fraser.
  </s>
  <s id="434">
För att se om de hänger med.
    <time id="T313E" value="00:30:13,970" />
  </s>
  <s id="435">
    <time id="T314S" value="00:30:14,080" />
-"Vi ska avsluta affären, Dave." -"Låter bra."
    <time id="T314E" value="00:30:18,100" />
  </s>
  <s id="436">
    <time id="T315S" value="00:30:18,110" />
-"Trevlig helg, Dave." -"Okej. 
  </s>
  <s id="437">
Chilla ner och chilla ut."
    <time id="T315E" value="00:30:23,630" />
  </s>
  <s id="438">
    <time id="T316S" value="00:30:27,830" />
"Jaha... 
  </s>
  <s id="439">
Då kliar jag. 
  </s>
  <s id="440">
Hej då."
    <time id="T316E" value="00:30:31,360" />
  </s>
  <s id="441">
    <time id="T317S" value="00:30:39,960" />
Ibland verkar rasismen till förmån för de svarta.
    <time id="T317E" value="00:30:43,990" />
  </s>
  <s id="442">
    <time id="T318S" value="00:30:44,390" />
Det händer sällan, men när det händer är det jävligt läckert.
    <time id="T318E" value="00:30:50,420" />
  </s>
  <s id="443">
    <time id="T319S" value="00:30:57,820" />
En gång räddade rasismen mitt liv.
  </s>
  <s id="444">
Jag var ombord på ett plan på väg hem från Europa...
    <time id="T320E" value="00:31:07,670" />
  </s>
  <s id="445">
    <time id="T321S" value="00:31:09,080" />
En snubbe med kulspruta stod upp och skrek...
    <time id="T321E" value="00:31:13,100" />
  </s>
  <s id="446">
    <time id="T322S" value="00:31:13,110" />
"Alla lägger sig på golvet.
  </s>
  <s id="447">
Ingen tittar på mitt ansikte!"
    <time id="T322E" value="00:31:18,630" />
  </s>
  <s id="448">
    <time id="T323S" value="00:31:19,340" />
Jag fick panik... 
  </s>
  <s id="449">
För jag förstod inte varför en kines skulle prata så där.
    <time id="T323E" value="00:31:25,360" />
  </s>
  <s id="450">
    <time id="T324S" value="00:31:29,370" />
Han skrek... 
  </s>
  <s id="451">
Jag trodde att jag var den enda svarta ombord.
    <time id="T324E" value="00:31:34,890" />
  </s>
  <s id="452">
    <time id="T325S" value="00:31:34,900" />
Men det fanns en från Nigeria också.
  </s>
  <s id="453">
Han tittade mig rakt i ansiktet.
    <time id="T325E" value="00:31:40,920" />
  </s>
  <s id="454">
    <time id="T326S" value="00:31:41,020" />
Han sa inte ett ord, utan gjorde bara en gest.
    <time id="T326E" value="00:31:45,050" />
  </s>
  <s id="455">
    <time id="T327S" value="00:31:48,750" />
Han behövde inte säga något.
  </s>
  <s id="456">
Jag visste vad han menade.
    <time id="T327E" value="00:31:52,780" />
  </s>
  <s id="457">
    <time id="T328S" value="00:31:56,580" />
Några vita passagerare längre fram hade fått syn på oss... - "Herregud!"
    <time id="T328E" value="00:32:01,110" />
  </s>
  <s id="458">
    <time id="T329S" value="00:32:03,710" />
"Jag tror att de där svarta killarna ska försöka rädda oss."
    <time id="T329E" value="00:32:08,230" />
  </s>
  <s id="459">
    <time id="T330S" value="00:32:17,370" />
Vi hade bara signalerat till varandra att vi förstod situationen.
    <time id="T330E" value="00:32:21,890" />
  </s>
  <s id="460">
    <time id="T331S" value="00:32:22,000" />
Att vi båda såg samma sak.
  </s>
  <s id="461">
Det vi förstod var enkelt...
    <time id="T331E" value="00:32:26,520" />
  </s>
  <s id="462">
    <time id="T332S" value="00:32:27,130" />
Terrorister tar inte svarta som gisslan.
    <time id="T332E" value="00:32:31,150" />
  </s>
  <s id="463">
    <time id="T333S" value="00:32:33,960" />
Jag har aldrig sett någon svart läsa upp ett gisslanmeddelande på TV.
    <time id="T333E" value="00:32:39,480" />
  </s>
  <s id="464">
    <time id="T334S" value="00:32:41,390" />
"Dem behandlar oss bra."
    <time id="T334E" value="00:32:44,410" />
  </s>
  <s id="465">
    <time id="T335S" value="00:32:45,010" />
"Vi sitter bara här och chillar."
    <time id="T335E" value="00:32:48,040" />
  </s>
  <s id="466">
    <time id="T336S" value="00:32:48,140" />
"Jag skulle vilja hälsa till Ray Ray och Big Steve."
    <time id="T336E" value="00:32:54,170" />
  </s>
  <s id="467">
    <time id="T337S" value="00:33:00,970" />
Det kommer ni aldrig att få se.
  </s>
  <s id="468">
Terrorister vet vad de gör.
    <time id="T337E" value="00:33:06,000" />
  </s>
  <s id="469">
    <time id="T338S" value="00:33:06,200" />
De är terrorister. 
  </s>
  <s id="470">
De vet att svarta ger dålig avkastning.
    <time id="T338E" value="00:33:10,720" />
  </s>
  <s id="471">
    <time id="T339S" value="00:33:15,230" />
De ringer upp Vita Huset och säger "Vi håller de svarta... 
  </s>
  <s id="472">
Hallå...?"
    <time id="T339E" value="00:33:20,750" />
  </s>
  <s id="473">
    <time id="T340S" value="00:33:33,760" />
Det är ju presidentval i år.
  </s>
  <s id="474">
Jag ska fråga en vit kille här...
    <time id="T340E" value="00:33:38,280" />
  </s>
  <s id="475">
    <time id="T341S" value="00:33:38,290" />
Vet du vem du ska rösta på? 
  </s>
  <s id="476">
Inte än?
    <time id="T341E" value="00:33:42,310" />
  </s>
  <s id="477">
    <time id="T342S" value="00:33:42,520" />
Såg ni vad som hände där?
  </s>
  <s id="478">
Det där är en kulturell grej.
    <time id="T342E" value="00:33:48,540" />
  </s>
  <s id="479">
    <time id="T343S" value="00:33:49,050" />
Han vet vem han ska rösta på.
  </s>
  <s id="480">
Han vill bara inte berätta det för mig.
    <time id="T343E" value="00:33:53,570" />
  </s>
  <s id="481">
    <time id="T344S" value="00:33:56,780" />
Jag har lagt märke till det där.
  </s>
  <s id="482">
Det är kulturellt betingat.
    <time id="T344E" value="00:34:01,800" />
  </s>
  <s id="483">
    <time id="T345S" value="00:34:01,910" />
Vita talar inte gärna om var de står politiskt. 
  </s>
  <s id="484">
Hemligt.
    <time id="T345E" value="00:34:06,930" />
  </s>
  <s id="485">
    <time id="T346S" value="00:34:07,630" />
-"Vem ska du rösta på, Bob?" -"Dave!"
    <time id="T346E" value="00:34:11,660" />
  </s>
  <s id="486">
    <time id="T347S" value="00:34:14,990" />
"Ta det lugnt! 
  </s>
  <s id="487">
Hur som helst..."
    <time id="T347E" value="00:34:20,020" />
  </s>
  <s id="488">
    <time id="T348S" value="00:34:20,320" />
"Jag knullade alltså min fru i arslet" "och det var otroligt!" -"Ja, men vem ska du rösta på?"
    <time id="T349E" value="00:34:28,440" />
  </s>
  <s id="489">
    <time id="T350S" value="00:34:28,450" />
"Dave! 
  </s>
  <s id="490">
Nu räcker det om röstandet."
    <time id="T350E" value="00:34:31,470" />
  </s>
  <s id="491">
    <time id="T351S" value="00:34:31,780" />
"Jag berättar om hur jag knullar min fru och så ställer du personliga frågor."
    <time id="T351E" value="00:34:36,300" />
  </s>
  <s id="492">
    <time id="T352S" value="00:34:38,910" />
Den sortens information tycker de är för viktig för att avslöja.
    <time id="T352E" value="00:34:43,430" />
  </s>
  <s id="493">
    <time id="T353S" value="00:34:43,440" />
Svarta talar öppet om politik.
  </s>
  <s id="494">
De talar öppet om att slå ner politiker.
    <time id="T353E" value="00:34:49,460" />
  </s>
  <s id="495">
    <time id="T354S" value="00:34:49,570" />
"Ser jag Bush, slår jag honom på käften för att ha sänkt sjukpenningen."
    <time id="T354E" value="00:34:54,590" />
  </s>
  <s id="496">
    <time id="T355S" value="00:35:02,900" />
Men det finns en förklaring.
  </s>
  <s id="497">
Det betyder helt enkelt mer för vita.
    <time id="T355E" value="00:35:06,420" />
  </s>
  <s id="498">
    <time id="T356S" value="00:35:06,520" />
Till och med när jag röstar, vilket jag inte gör men när jag fantiserar om vem jag skulle rösta på bryr jag mig inte om politik.
  </s>
  <s id="499">
Jag ser bara till deras karaktär.
    <time id="T358E" value="00:35:20,810" />
  </s>
  <s id="500">
    <time id="T359S" value="00:35:21,710" />
Fattar ni vad jag säger?
  </s>
  <s id="501">
Man måste läsa mellan raderna.
    <time id="T359E" value="00:35:27,730" />
  </s>
  <s id="502">
    <time id="T360S" value="00:35:28,840" />
Svarta gillar Clinton. 
  </s>
  <s id="503">
Jag såg honom en gång under kampanjen.
    <time id="T360E" value="00:35:33,860" />
  </s>
  <s id="504">
    <time id="T361S" value="00:35:33,970" />
Han höll upp en svart bebis och kysste den - "Kom här, lilla nigger!"
    <time id="T361E" value="00:35:38,490" />
  </s>
  <s id="505">
    <time id="T362S" value="00:35:41,900" />
Det gillade jag!
    <time id="T362E" value="00:35:43,920" />
  </s>
  <s id="506">
    <time id="T363S" value="00:35:44,130" />
Han gjorde det utan minsta tvekan!
    <time id="T363E" value="00:35:47,650" />
  </s>
  <s id="507">
    <time id="T364S" value="00:35:47,760" />
Om det hade varit George Bush - "Usch."
    <time id="T364E" value="00:35:51,280" />
  </s>
  <s id="508">
    <time id="T365S" value="00:35:59,590" />
Jag skulle aldrig rösta på Bush.
  </s>
  <s id="509">
Men jag vet inget om hans politik.
    <time id="T365E" value="00:36:04,110" />
  </s>
  <s id="510">
    <time id="T366S" value="00:36:04,210" />
Det enda jag vet om honom är att han snortade kokain.
    <time id="T366E" value="00:36:08,740" />
  </s>
  <s id="511">
    <time id="T367S" value="00:36:09,140" />
Så kan vi inte ha det i Vita Huset.
  </s>
  <s id="512">
Det kanske går för en borgmästare men fan inte i Vita Huset!
    <time id="T368E" value="00:36:17,300" />
  </s>
  <s id="513">
    <time id="T369S" value="00:36:17,500" />
Inte i Vita Huset.
    <time id="T369E" value="00:36:20,520" />
  </s>
  <s id="514">
    <time id="T370S" value="00:36:23,430" />
Fattar ni?
    <time id="T370E" value="00:36:25,950" />
  </s>
  <s id="515">
    <time id="T371S" value="00:36:28,860" />
Det är för riskabelt! 
  </s>
  <s id="516">
Vi kan inte ha en kolasnortande president.
    <time id="T371E" value="00:36:34,380" />
  </s>
  <s id="517">
    <time id="T372S" value="00:36:35,090" />
Han skulle sälja kärnvapenhemligheter för 20-30 dollar!
    <time id="T372E" value="00:36:39,110" />
  </s>
  <s id="518">
    <time id="T373S" value="00:36:40,620" />
Det skulle vara pinsamt.
    <time id="T373E" value="00:36:42,640" />
  </s>
  <s id="519">
    <time id="T374S" value="00:36:42,850" />
"Kom igen, skriv under avtalet, gullet."
    <time id="T374E" value="00:36:46,850" />
  </s>
  <s id="520">
    <time id="T375S" value="00:36:47,550" />
"Jag suger av dig!"
    <time id="T375E" value="00:36:50,070" />
  </s>
  <s id="521">
    <time id="T376S" value="00:36:52,580" />
"Herr president!"
    <time id="T376E" value="00:36:55,600" />
  </s>
  <s id="522">
    <time id="T377S" value="00:36:58,410" />
"Herr president!
  </s>
  <s id="523">
Så går det inte till här, sir."
    <time id="T377E" value="00:37:03,430" />
  </s>
  <s id="524">
    <time id="T378S" value="00:37:04,530" />
"Sluta suga på ambassadörens kuk."
    <time id="T378E" value="00:37:08,060" />
  </s>
  <s id="525">
    <time id="T379S" value="00:37:09,260" />
"Nej, låt honom avsluta."
    <time id="T379E" value="00:37:12,290" />
  </s>
  <s id="526">
    <time id="T380S" value="00:37:15,990" />
"Jag skriver under avtalet.
  </s>
  <s id="527">
Det blir äntligen fred i Israel."
    <time id="T380E" value="00:37:21,520" />
  </s>
  <s id="528">
    <time id="T381S" value="00:37:22,220" />
Jag skulle rösta på Clinton igen om jag kunde...
    <time id="T381E" value="00:37:26,240" />
  </s>
  <s id="529">
    <time id="T382S" value="00:37:31,150" />
Men som vanligt bryr jag mig inte om hans politiska åsikter.
    <time id="T382E" value="00:37:36,670" />
  </s>
  <s id="530">
    <time id="T383S" value="00:37:36,780" />
Jag är bara intresserad av hans beteende.
    <time id="T383E" value="00:37:40,800" />
  </s>
  <s id="531">
    <time id="T384S" value="00:37:41,010" />
Jag förstår den sortens beteende.
  </s>
  <s id="532">
Jag känner många med hans brister.
    <time id="T384E" value="00:37:47,030" />
  </s>
  <s id="533">
    <time id="T385S" value="00:37:47,440" />
Gräsrökande horbockar.
  </s>
  <s id="534">
Det finns många sådana.
    <time id="T385E" value="00:37:51,460" />
  </s>
  <s id="535">
    <time id="T386S" value="00:37:51,770" />
Var uppriktiga nu...
    <time id="T386E" value="00:37:54,790" />
  </s>
  <s id="536">
    <time id="T387S" value="00:37:54,800" />
Clinton var inte den första president som gjorde det han gjorde.
    <time id="T387E" value="00:37:59,320" />
  </s>
  <s id="537">
    <time id="T388S" value="00:37:59,620" />
Låt oss blicka tillbaka...
    <time id="T388E" value="00:38:04,150" />
  </s>
  <s id="538">
    <time id="T389S" value="00:38:04,620" />
Kommer ni ihåg en snubbe som hette John F. Kennedy?
    <time id="T389E" value="00:38:09,120" />
  </s>
  <s id="539">
    <time id="T390S" value="00:38:09,150" />
Han knullade Marilyn Monroe. 
  </s>
  <s id="540">
Både han och hans bror Bobby knullade henne.
    <time id="T390E" value="00:38:15,180" />
  </s>
  <s id="541">
    <time id="T391S" value="00:38:18,280" />
Man läser inte mycket om det i historieböckerna... 
  </s>
  <s id="542">
Varför?
    <time id="T391E" value="00:38:22,310" />
  </s>
  <s id="543">
    <time id="T392S" value="00:38:22,410" />
Därför att de två sidorna klibbar ihop.
    <time id="T392E" value="00:38:26,430" />
  </s>
  <s id="544">
    <time id="T393S" value="00:38:28,340" />
De höll nog på en del.
    <time id="T393E" value="00:38:31,360" />
  </s>
  <s id="545">
    <time id="T394S" value="00:38:34,570" />
Kommer ni ihåg när hon sjöng så där snuskigt för honom?
    <time id="T394E" value="00:38:39,590" />
  </s>
  <s id="546">
    <time id="T395S" value="00:38:48,200" />
"Din slyna, min familj är ju här..."
    <time id="T395E" value="00:38:51,520" />
  </s>
  <s id="547">
    <time id="T396S" value="00:39:00,230" />
Clinton gjorde samma sak...
  </s>
  <s id="548">
men inte på samma sätt.
    <time id="T396E" value="00:39:04,250" />
  </s>
  <s id="549">
    <time id="T397S" value="00:39:04,460" />
Han hade mer att göra än Kennedy.
  </s>
  <s id="550">
Han var en mycket upptagen man och alla upptagna män sköter den här sortens saker på samma sätt.
    <time id="T398E" value="00:39:15,010" />
  </s>
  <s id="551">
    <time id="T399S" value="00:39:15,410" />
De knullar den som råkar vara i närheten.
    <time id="T399E" value="00:39:18,940" />
  </s>
  <s id="552">
    <time id="T400S" value="00:39:19,040" />
Clinton stack nog bara ut huvudet utanför dörren och sa...
    <time id="T400E" value="00:39:23,070" />
  </s>
  <s id="553">
    <time id="T401S" value="00:39:24,970" />
"Du där! 
  </s>
  <s id="554">
Kom hit."
    <time id="T401E" value="00:39:27,500" />
  </s>
  <s id="555">
    <time id="T402S" value="00:39:30,300" />
"Jag behöver en avsugning före mitt möte halv fyra."
    <time id="T402E" value="00:39:34,320" />
  </s>
  <s id="556">
    <time id="T403S" value="00:39:38,960" />
Han tittar antagligen på Kennedys bild och...
    <time id="T403E" value="00:39:42,980" />
  </s>
  <s id="557">
    <time id="T404S" value="00:39:49,990" />
Till råga på allt så ljög han, vilket var något alldeles särskilt.
    <time id="T404E" value="00:39:55,010" />
  </s>
  <s id="558">
    <time id="T405S" value="00:39:56,120" />
Jag vet inte hur han gjorde det.
    <time id="T405E" value="00:39:59,640" />
  </s>
  <s id="559">
    <time id="T406S" value="00:39:59,650" />
Jag har blivit felaktigt beskylld för att ha haft sex med någon tjej.
    <time id="T406E" value="00:40:04,170" />
  </s>
  <s id="560">
    <time id="T407S" value="00:40:04,480" />
Det gör en rasande. 
  </s>
  <s id="561">
Man blir alldeles ifrån sig och skriker åt sina vänner...
    <time id="T407E" value="00:40:10,000" />
  </s>
  <s id="562">
    <time id="T408S" value="00:40:10,010" />
"Jag har inte rört den horan!
  </s>
  <s id="563">
Dra åt helvete. 
  </s>
  <s id="564">
Du måste tro mig."
    <time id="T408E" value="00:40:15,030" />
  </s>
  <s id="565">
    <time id="T409S" value="00:40:15,430" />
"Tro mig, snälla!"
    <time id="T409E" value="00:40:17,960" />
  </s>
  <s id="566">
    <time id="T410S" value="00:40:23,660" />
Men inte Clinton. 
  </s>
  <s id="567">
Han lämnade presskonferensen lugn som...
    <time id="T410E" value="00:40:28,690" />
  </s>
  <s id="568">
    <time id="T411S" value="00:40:28,990" />
Axlarna var avspända, som om han just fått sig ett knull.
    <time id="T411E" value="00:40:34,020" />
  </s>
  <s id="569">
    <time id="T412S" value="00:40:37,220" />
"Lyssna noga på vad jag har att säga, Amerika."
    <time id="T412E" value="00:40:41,740" />
  </s>
  <s id="570">
    <time id="T413S" value="00:40:41,950" />
"Jag tror inte ni hörde vad jag sa första gången."
    <time id="T413E" value="00:40:46,470" />
  </s>
  <s id="571">
    <time id="T414S" value="00:40:48,180" />
"Jag har inte haft ett sexuellt förhållande" "med den kvinnan...ms Lewinsky!"
    <time id="T415E" value="00:40:58,930" />
  </s>
  <s id="572">
    <time id="T416S" value="00:41:03,440" />
Ni vet att han ljög.
    <time id="T416E" value="00:41:06,960" />
  </s>
  <s id="573">
    <time id="T417S" value="00:41:14,170" />
Alla visste hur det fingret luktade.
    <time id="T417E" value="00:41:17,690" />
  </s>
  <s id="574">
    <time id="T418S" value="00:41:18,000" />
Men ingen brydde sig. 
  </s>
  <s id="575">
Vi var upprörda, men vi fortsatte titta.
    <time id="T418E" value="00:41:23,520" />
  </s>
  <s id="576">
    <time id="T419S" value="00:41:23,820" />
Jag spelade in det.
    <time id="T419E" value="00:41:26,350" />
  </s>
  <s id="577">
    <time id="T420S" value="00:41:26,450" />
"Älskling, släck ljuset, nyheterna börjar nu."
    <time id="T420E" value="00:41:30,980" />
  </s>
  <s id="578">
    <time id="T421S" value="00:41:31,680" />
Varje vecka var det en ny kvinna.
  </s>
  <s id="579">
Kommer ni ihåg Kathleen Willy?
    <time id="T421E" value="00:41:37,210" />
  </s>
  <s id="580">
    <time id="T422S" value="00:41:37,310" />
Hon var upprörd. - "Presidenten kallade in mig på sitt kontor. 
  </s>
  <s id="581">
Han..."
    <time id="T422E" value="00:41:42,830" />
  </s>
  <s id="582">
    <time id="T423S" value="00:41:43,240" />
"...började massera mina bröst långsamt."
    <time id="T423E" value="00:41:48,760" />
  </s>
  <s id="583">
    <time id="T424S" value="00:41:48,770" />
"Förlåt mig..."
    <time id="T424E" value="00:41:51,290" />
  </s>
  <s id="584">
    <time id="T425S" value="00:41:55,000" />
"Och sen placerade han min hand..."
    <time id="T425E" value="00:41:59,520" />
  </s>
  <s id="585">
    <time id="T426S" value="00:41:59,530" />
"...på sitt könsorgan!"
    <time id="T426E" value="00:42:02,530" />
  </s>
  <s id="586">
    <time id="T427S" value="00:42:03,730" />
Ed Bradley var chockad.
    <time id="T427E" value="00:42:06,750" />
  </s>
  <s id="587">
    <time id="T428S" value="00:42:08,660" />
"Blev han upphetsad?"
    <time id="T428E" value="00:42:11,680" />
  </s>
  <s id="588">
    <time id="T429S" value="00:42:14,390" />
Jag satt där hemma.
  </s>
  <s id="589">
- "Ja, blev han upphetsad?"
    <time id="T429E" value="00:42:18,910" />
  </s>
  <s id="590">
    <time id="T430S" value="00:42:24,110" />
Sen sa Ed Bradley in i kameran "Rör inte TV:n, vi är strax tillbaka."
    <time id="T430E" value="00:42:29,140" />
  </s>
  <s id="591">
    <time id="T431S" value="00:42:35,140" />
Nyheterna hade aldrig varit så goda.
    <time id="T431E" value="00:42:38,170" />
  </s>
  <s id="592">
    <time id="T432S" value="00:42:38,470" />
Men ingen blev lidande. 
  </s>
  <s id="593">
Den enda jag tycker synd om är Lewinsky.
    <time id="T432E" value="00:42:44,000" />
  </s>
  <s id="594">
    <time id="T433S" value="00:42:44,600" />
Tyckte ni inte lite synd om henne?
    <time id="T433E" value="00:42:48,120" />
  </s>
  <s id="595">
    <time id="T434S" value="00:42:48,330" />
Fan vad hjärtlösa ni är. 
  </s>
  <s id="596">
Det är inte lätt att vara berömd för något sådant.
    <time id="T434E" value="00:42:53,850" />
  </s>
  <s id="597">
    <time id="T435S" value="00:42:54,460" />
Ingen vill väl vara historiens mest berömda kuksugare.
    <time id="T435E" value="00:42:59,480" />
  </s>
  <s id="598">
    <time id="T436S" value="00:43:01,890" />
Tycker inte ens kvinnorna här inne lite synd om henne?
    <time id="T436E" value="00:43:06,410" />
  </s>
  <s id="599">
    <time id="T437S" value="00:43:06,820" />
Ni är bara avundsjuka.
    <time id="T437E" value="00:43:09,840" />
  </s>
  <s id="600">
    <time id="T438S" value="00:43:11,350" />
Det är allt.
    <time id="T438E" value="00:43:13,870" />
  </s>
  <s id="601">
    <time id="T439S" value="00:43:13,980" />
Den kuken kommer att spöka i hennes tankar så länge hon lever.
    <time id="T439E" value="00:43:19,000" />
  </s>
  <s id="602">
    <time id="T440S" value="00:43:19,110" />
Det kommer den att göra långt efter det att pengarna är slut.
    <time id="T440E" value="00:43:23,130" />
  </s>
  <s id="603">
    <time id="T441S" value="00:43:23,430" />
Det är säkert många kvinnor här som har ångrat minst en kuk och det var nog inte presidentens kuk, utan någons som jobbade på posten.
    <time id="T442E" value="00:43:34,090" />
  </s>
  <s id="604">
    <time id="T443S" value="00:43:36,090" />
Var inte så snabba att döma.
    <time id="T443E" value="00:43:39,620" />
  </s>
  <s id="605">
    <time id="T444S" value="00:43:41,320" />
Flickan var ung och gjorde samma misstag som många andra unga flickor.
    <time id="T444E" value="00:43:47,340" />
  </s>
  <s id="606">
    <time id="T445S" value="00:43:47,350" />
Hon ville knulla en mäktig man.
    <time id="T445E" value="00:43:50,870" />
  </s>
  <s id="607">
    <time id="T446S" value="00:43:51,480" />
Hon tänkte inte på hur mäktig han var. 
  </s>
  <s id="608">
Hon saknade kunskap.
    <time id="T446E" value="00:43:55,500" />
  </s>
  <s id="609">
    <time id="T447S" value="00:43:55,810" />
En äldre kvinna skulle hjälpa andra.
  </s>
  <s id="610">
- "Du borde sänka skatten..."
    <time id="T447E" value="00:44:01,330" />
  </s>
  <s id="611">
    <time id="T448S" value="00:44:08,840" />
En äldre kvinna skulle sugit oss till Utopia!
    <time id="T448E" value="00:44:12,860" />
  </s>
  <s id="612">
    <time id="T449S" value="00:44:13,870" />
Bara en sak till om det här...
  </s>
  <s id="613">
Han är en berömd man.
    <time id="T449E" value="00:44:18,390" />
  </s>
  <s id="614">
    <time id="T450S" value="00:44:18,400" />
Jag har drömt om att bli berömd, men aldrig så berömd.
    <time id="T450E" value="00:44:22,920" />
  </s>
  <s id="615">
    <time id="T451S" value="00:44:25,120" />
Tänk att någon suger av en och så blir den personen berömd?
    <time id="T451E" value="00:44:30,150" />
  </s>
  <s id="616">
    <time id="T452S" value="00:44:31,950" />
Rena vansinnet!
    <time id="T452E" value="00:44:34,480" />
  </s>
  <s id="617">
    <time id="T453S" value="00:44:38,080" />
Det finns väl ingen som har haft en bättre raggningsreplik än...
    <time id="T453E" value="00:44:43,610" />
  </s>
  <s id="618">
    <time id="T454S" value="00:44:43,710" />
"Sug min kuk, det finns en framtid i det."
    <time id="T454E" value="00:44:47,730" />
  </s>
  <s id="619">
    <time id="T455S" value="00:44:47,740" />
"Gå nu ut och bli någon. 
  </s>
  <s id="620">
Skriv en bok!"
    <time id="T455E" value="00:44:51,760" />
  </s>
  <s id="621">
    <time id="T456S" value="00:44:53,770" />
"Du är en färdig författare nu."
    <time id="T456E" value="00:44:57,290" />
  </s>
  <s id="622">
    <time id="T457S" value="00:44:58,400" />
Jag valde fel jobb.
  </s>
  <s id="623">
Jag skulle blivit president.
    <time id="T457E" value="00:45:02,420" />
  </s>
  <s id="624">
    <time id="T458S" value="00:45:03,830" />
Enda orsaken till att jag inte vill bli president är att jag är svart.
    <time id="T458E" value="00:45:08,350" />
  </s>
  <s id="625">
    <time id="T459S" value="00:45:08,460" />
Vi får kanske en svart president, men man vill väl inte vara först.
    <time id="T459E" value="00:45:13,480" />
  </s>
  <s id="626">
    <time id="T460S" value="00:45:13,490" />
Den andra eller tredje går väl an, men den första får se upp.
    <time id="T460E" value="00:45:18,510" />
  </s>
  <s id="627">
    <time id="T461S" value="00:45:19,310" />
Om jag blev först så tror jag ändå inte att någon skulle göra mig illa.
    <time id="T461E" value="00:45:24,840" />
  </s>
  <s id="628">
    <time id="T462S" value="00:45:24,940" />
Många skulle säkert vilja, men jag tror inte de skulle röra mig för min vice president skulle vara mexikan för säkerhets skull.
    <time id="T463E" value="00:45:35,500" />
  </s>
  <s id="629">
    <time id="T464S" value="00:45:40,900" />
De kan sjuta mig om de vill, men det skulle bara öppna gränsen.
    <time id="T464E" value="00:45:45,420" />
  </s>
  <s id="630">
    <time id="T465S" value="00:45:45,530" />
Lika bra att lämna mig och vice president Santiago ifred.
    <time id="T465E" value="00:45:49,550" />
  </s>
  <s id="631">
    <time id="T466S" value="00:45:50,060" />
-"Inte sant, Santiago?" -"Si...!"
    <time id="T466E" value="00:45:54,580" />
  </s>
  <s id="632">
    <time id="T467S" value="00:45:58,790" />
"Elian får stanna."
    <time id="T467E" value="00:46:01,310" />
  </s>
  <s id="633">
    <time id="T468S" value="00:46:03,820" />
Lugn, jag har inga Elian-skämt.
    <time id="T468E" value="00:46:07,340" />
  </s>
  <s id="634">
    <time id="T469S" value="00:46:07,450" />
Jag säger bara tack och lov att Elian är kuban för om han hade varit från Haiti skulle ni inte hört ett knyst om honom.
    <time id="T470E" value="00:46:17,000" />
  </s>
  <s id="635">
    <time id="T471S" value="00:46:19,510" />
Om Elian Gonzalez hade varit Elian Mamumbo från Haiti skulle de föst ut bilringen i vattnet igen... - "Fullbokat."
    <time id="T472E" value="00:46:29,760" />
  </s>
  <s id="636">
    <time id="T473S" value="00:46:30,860" />
"Lycka till!"
    <time id="T473E" value="00:46:33,390" />
  </s>
  <s id="637">
    <time id="T474S" value="00:46:35,890" />
Det som upprör mig mest just nu är att män och kvinnor inte kan samsas.
    <time id="T474E" value="00:46:41,920" />
  </s>
  <s id="638">
    <time id="T475S" value="00:46:42,020" />
Män och kvinnor kommer helt enkelt inte överens.
    <time id="T475E" value="00:46:46,540" />
  </s>
  <s id="639">
    <time id="T476S" value="00:46:47,050" />
Jag hör ofta kvinnor säga "Mannens hövlighet är död."
    <time id="T476E" value="00:46:51,070" />
  </s>
  <s id="640">
    <time id="T477S" value="00:46:51,080" />
Känner ni inte ofta så?
  </s>
  <s id="641">
Att män inte är gentlemän längre?
    <time id="T477E" value="00:46:55,600" />
  </s>
  <s id="642">
    <time id="T478S" value="00:46:56,310" />
Det stämmer. 
  </s>
  <s id="643">
Hövligheten är död, och kvinnorna tog död på den.
    <time id="T478E" value="00:47:01,330" />
  </s>
  <s id="644">
    <time id="T479S" value="00:47:09,240" />
Det finns en fundamental skillnad i mäns och kvinnors syn på saker.
    <time id="T479E" value="00:47:14,760" />
  </s>
  <s id="645">
    <time id="T480S" value="00:47:15,870" />
Vi prövas olika i livet.
  </s>
  <s id="646">
Kvinnans prövning är materiell.
    <time id="T480E" value="00:47:21,390" />
  </s>
  <s id="647">
    <time id="T481S" value="00:47:22,400" />
Mannens prövning i livet är en kvinna.
    <time id="T481E" value="00:47:26,420" />
  </s>
  <s id="648">
    <time id="T482S" value="00:47:27,420" />
Med prövning menar jag något som vi åtrår.
    <time id="T482E" value="00:47:31,450" />
  </s>
  <s id="649">
    <time id="T483S" value="00:47:31,550" />
Män har snygga bilar, inte för att de gillar snygga bilar utan för att de vet att kvinnor gillar snygga bilar.
    <time id="T484E" value="00:47:39,210" />
  </s>
  <s id="650">
    <time id="T485S" value="00:47:42,210" />
Så ligger det till. 
  </s>
  <s id="651">
Män är jägare och bilen är betet.
    <time id="T486E" value="00:47:49,740" />
  </s>
  <s id="652">
    <time id="T487S" value="00:47:50,240" />
-"Snygg Porsche." -"Där fick jag dig, slyna!"
    <time id="T487E" value="00:47:54,260" />
  </s>
  <s id="653">
    <time id="T488S" value="00:47:57,670" />
Så funkar det.
    <time id="T488E" value="00:48:00,190" />
  </s>
  <s id="654">
    <time id="T489S" value="00:48:01,600" />
Hemma hos en kvinna är det alltid jävligt trivsamt.
    <time id="T489E" value="00:48:06,120" />
  </s>
  <s id="655">
    <time id="T490S" value="00:48:06,130" />
Kvinnor älskar trivsamma miljöer, därför skaffar sig män det.
    <time id="T490E" value="00:48:09,650" />
  </s>
  <s id="656">
    <time id="T491S" value="00:48:09,760" />
Kunde de knulla en kvinna i en pappkartong skulle de aldrig köpa hus.
    <time id="T491E" value="00:48:15,780" />
  </s>
  <s id="657">
    <time id="T492S" value="00:48:18,690" />
Men de som verkligen tog död på mannens hövlighet var feministerna i veckopressen som förvred huvudet på kvinnorna.
    <time id="T493E" value="00:48:27,840" />
  </s>
  <s id="658">
    <time id="T494S" value="00:48:27,940" />
Kvinnorna fick för många råd om män av andra kvinnor och de har ingen aning om vad fan de snackar om.
    <time id="T495E" value="00:48:36,600" />
  </s>
  <s id="659">
    <time id="T496S" value="00:48:44,900" />
Jag har sett omslagen men jag läser inte de där blaskorna.
    <time id="T496E" value="00:48:49,420" />
  </s>
  <s id="660">
    <time id="T497S" value="00:48:49,630" />
Man sneglar på dem i affären.
  </s>
  <s id="661">
På omslaget står det...
    <time id="T497E" value="00:48:53,650" />
  </s>
  <s id="662">
    <time id="T498S" value="00:48:53,660" />
"100 sätt att tillfredsställa din man", skriven av någon kvinna.
    <time id="T498E" value="00:48:58,680" />
  </s>
  <s id="663">
    <time id="T499S" value="00:49:02,390" />
Det finns inte 100 sätt.
  </s>
  <s id="664">
Listan består av fyra saker...
    <time id="T499E" value="00:49:05,410" />
  </s>
  <s id="665">
    <time id="T500S" value="00:49:05,420" />
"Sug hans kuk, lek med hans kulor, bred hans smörgås och snacka mindre."
    <time id="T500E" value="00:49:10,440" />
  </s>
  <s id="666">
    <time id="T501S" value="00:49:20,950" />
Dessutom lurar magasinen kvinnorna.
  </s>
  <s id="667">
De underminerar deras självkänsla.
    <time id="T501E" value="00:49:26,970" />
  </s>
  <s id="668">
    <time id="T502S" value="00:49:27,280" />
För varje sida känner de sig tjockare, fulare och sämre klädd.
    <time id="T502E" value="00:49:33,300" />
  </s>
  <s id="669">
    <time id="T503S" value="00:49:33,310" />
Magasinen får er att glömma hur vackra ni är. 
  </s>
  <s id="670">
Så ligger det till.
    <time id="T503E" value="00:49:38,830" />
  </s>
  <s id="671">
    <time id="T504S" value="00:49:41,930" />
Och glömmer ni det blir vi alla lidande.
  </s>
  <s id="672">
Om fittan var en aktie skulle den rasa nu, eftersom ni har översvämmat marknaden med den.
    <time id="T505E" value="00:49:52,590" />
  </s>
  <s id="673">
    <time id="T506S" value="00:49:53,890" />
Jag säger bara som det är.
    <time id="T506E" value="00:49:57,020" />
  </s>
  <s id="674">
    <time id="T507S" value="00:50:01,520" />
Aktien skulle rasa!
    <time id="T507E" value="00:50:04,040" />
  </s>
  <s id="675">
    <time id="T508S" value="00:50:04,150" />
På nyheterna skulle de säga "Fittan rasade igen på Nasdaq..."
    <time id="T508E" value="00:50:08,650" />
  </s>
  <s id="676">
    <time id="T509S" value="00:50:11,250" />
"Guld har stigit med tio procent."
    <time id="T509E" value="00:50:14,770" />
  </s>
  <s id="677">
    <time id="T510S" value="00:50:16,180" />
Det är förvirrande. 
  </s>
  <s id="678">
Låt mig visa hur det kan gå till i praktiken.
    <time id="T510E" value="00:50:22,200" />
  </s>
  <s id="679">
    <time id="T511S" value="00:50:22,310" />
Säg att du är ute på en bar.
  </s>
  <s id="680">
Du är där och softar med grabbarna.
    <time id="T511E" value="00:50:27,830" />
  </s>
  <s id="681">
    <time id="T512S" value="00:50:28,040" />
En tjej går förbi och hon är snygg.
  </s>
  <s id="682">
Inte snygg i traditionell mening.
    <time id="T512E" value="00:50:34,060" />
  </s>
  <s id="683">
    <time id="T513S" value="00:50:35,270" />
Utan för att halva rumpan hänger utanför kjolen...
    <time id="T513E" value="00:50:40,290" />
  </s>
  <s id="684">
    <time id="T514S" value="00:50:40,800" />
Hennes tuttar är så hoptryckta att de poppar ut ur tröjan...
    <time id="T514E" value="00:50:46,320" />
  </s>
  <s id="685">
    <time id="T515S" value="00:50:54,520" />
Där sitter du med ett par drinkar under bältet.
    <time id="T515E" value="00:50:58,050" />
  </s>
  <s id="686">
    <time id="T516S" value="00:50:58,350" />
Du vill prata med tjejen och försöker välja orden med omsorg.
    <time id="T516E" value="00:51:02,380" />
  </s>
  <s id="687">
    <time id="T517S" value="00:51:02,580" />
"Fan också! 
  </s>
  <s id="688">
Kolla in hennes tuttar."
    <time id="T517E" value="00:51:06,610" />
  </s>
  <s id="689">
    <time id="T518S" value="00:51:08,510" />
Tjejen ilsknar till och säger "Vänta lite nu..."
    <time id="T518E" value="00:51:13,030" />
  </s>
  <s id="690">
    <time id="T519S" value="00:51:14,040" />
"Bara för att jag klär mig så här, är jag inte..."
    <time id="T519E" value="00:51:19,060" />
  </s>
  <s id="691">
    <time id="T520S" value="00:51:20,770" />
"...en hora för det!"
    <time id="T520E" value="00:51:23,790" />
  </s>
  <s id="692">
    <time id="T521S" value="00:51:25,600" />
Det är sant, mina herrar.
    <time id="T521E" value="00:51:28,620" />
  </s>
  <s id="693">
    <time id="T522S" value="00:51:28,730" />
Att klä sig på ett visst sätt betyder inte att man är på ett visst sätt.
    <time id="T522E" value="00:51:32,750" />
  </s>
  <s id="694">
    <time id="T523S" value="00:51:32,860" />
Men, mina damer, det där är jävligt förvirrande!
    <time id="T523E" value="00:51:36,880" />
  </s>
  <s id="695">
    <time id="T524S" value="00:51:40,990" />
Det vore som jag - en komiker skulle gå omkring i polisuniform.
    <time id="T524E" value="00:51:46,010" />
  </s>
  <s id="696">
    <time id="T525S" value="00:51:49,110" />
"Konstapeln, vi behöver hjälp.
  </s>
  <s id="697">
Kom, de är där borta. 
  </s>
  <s id="698">
Hjälp!"
    <time id="T525E" value="00:51:53,140" />
  </s>
  <s id="699">
    <time id="T526S" value="00:51:56,540" />
"Bara för att jag är klädd så här" "är jag inte en polisman för det."
    <time id="T527E" value="00:52:03,200" />
  </s>
  <s id="700">
    <time id="T528S" value="00:52:06,500" />
Förstår ni vad jag menar?
    <time id="T528E" value="00:52:09,020" />
  </s>
  <s id="701">
    <time id="T529S" value="00:52:09,230" />
Då sa jag till henne "Okej... 
  </s>
  <s id="702">
Du är inte en hora."
    <time id="T529E" value="00:52:14,250" />
  </s>
  <s id="703">
    <time id="T530S" value="00:52:16,060" />
"Men du har horuniformen på dig, det är ett som är säkert."
    <time id="T530E" value="00:52:20,580" />
  </s>
  <s id="704">
    <time id="T531S" value="00:52:23,290" />
Det blir lätt missförstånd.
    <time id="T531E" value="00:52:25,810" />
  </s>
  <s id="705">
    <time id="T532S" value="00:52:26,020" />
Vi män missförstår ofta kvinnor.
  </s>
  <s id="706">
Vi undergräver deras känslor.
    <time id="T532E" value="00:52:31,040" />
  </s>
  <s id="707">
    <time id="T533S" value="00:52:31,050" />
Det får man inte göra, därför att känslor... 
  </s>
  <s id="708">
Ja, ni klappar.
    <time id="T533E" value="00:52:37,070" />
  </s>
  <s id="709">
    <time id="T534S" value="00:52:37,580" />
Känslor betyder mycket för kvinnor. 
  </s>
  <s id="710">
Väldigt mycket.
    <time id="T534E" value="00:52:42,100" />
  </s>
  <s id="711">
    <time id="T535S" value="00:52:42,610" />
Det har jag just börjat förstå.
    <time id="T535E" value="00:52:46,130" />
  </s>
  <s id="712">
    <time id="T536S" value="00:52:46,330" />
Allt färgas av hur de "känner sig".
    <time id="T536E" value="00:52:49,860" />
  </s>
  <s id="713">
    <time id="T537S" value="00:52:50,760" />
Det hörs när de berättar en historia.
  </s>
  <s id="714">
En mans historia är bara fakta.
    <time id="T537E" value="00:52:55,290" />
  </s>
  <s id="715">
    <time id="T538S" value="00:52:55,390" />
Vem, vad, när, var och varför.
  </s>
  <s id="716">
- "Bob och jag var i affären" "och sen sa Bob, då slog jag till den jäveln och drog." Slut!
    <time id="T539E" value="00:53:05,540" />
  </s>
  <s id="717">
    <time id="T540S" value="00:53:11,250" />
När kvinnor berättar är det känslor...
    <time id="T540E" value="00:53:13,270" />
  </s>
  <s id="718">
    <time id="T541S" value="00:53:13,280" />
"Du förstår, jag hade mens, hade just talat med mamma och kände mig..."
    <time id="T541E" value="00:53:17,800" />
  </s>
  <s id="719">
    <time id="T542S" value="00:53:17,810" />
Herregud! 
  </s>
  <s id="720">
Vad fan hände?
  </s>
  <s id="721">
Kom till saken någon gång.
    <time id="T542E" value="00:53:22,830" />
  </s>
  <s id="722">
    <time id="T543S" value="00:53:24,240" />
Men de måste snacka om dem. 
  </s>
  <s id="723">
Det är det som driver mig till vansinne.
    <time id="T543E" value="00:53:29,760" />
  </s>
  <s id="724">
    <time id="T544S" value="00:53:29,870" />
Där sitter jag och tittar på TV och chillar...
    <time id="T544E" value="00:53:33,890" />
  </s>
  <s id="725">
    <time id="T545S" value="00:53:34,500" />
Då kommer frugan fram till mig.
    <time id="T545E" value="00:53:36,520" />
  </s>
  <s id="726">
    <time id="T546S" value="00:53:36,900" />
"David...vi behöver prata."
    <time id="T546E" value="00:53:40,400" />
  </s>
  <s id="727">
    <time id="T547S" value="00:53:42,620" />
"Fan också!"
    <time id="T547E" value="00:53:45,150" />
  </s>
  <s id="728">
    <time id="T548S" value="00:53:47,850" />
Det där säger jag inte högt.
  </s>
  <s id="729">
Det är så jag känner inombords.
    <time id="T548E" value="00:53:52,880" />
  </s>
  <s id="730">
    <time id="T549S" value="00:53:53,880" />
För jag vet att när vi behöver prata, så är det om något jag behöver göra.
    <time id="T549E" value="00:53:59,410" />
  </s>
  <s id="731">
    <time id="T550S" value="00:54:00,510" />
Aldrig om något hon behöver göra.
    <time id="T550E" value="00:54:04,030" />
  </s>
  <s id="732">
    <time id="T551S" value="00:54:12,340" />
Jag känner mig hjälplös!
  </s>
  <s id="733">
Hon ger mig inget val.
    <time id="T551E" value="00:54:16,860" />
  </s>
  <s id="734">
    <time id="T552S" value="00:54:17,170" />
-"David, vi behöver prata." -"Nej..."
    <time id="T552E" value="00:54:21,690" />
  </s>
  <s id="735">
    <time id="T553S" value="00:54:23,500" />
"David, det här är allvar.
  </s>
  <s id="736">
Använd inte den rösten."
    <time id="T553E" value="00:54:27,520" />
  </s>
  <s id="737">
    <time id="T554S" value="00:54:27,630" />
"Lucy!"
    <time id="T554E" value="00:54:29,650" />
  </s>
  <s id="738">
    <time id="T555S" value="00:54:31,060" />
"Jag måste göra det här, ser du... 
  </s>
  <s id="739">
Lucy!"
    <time id="T555E" value="00:54:35,580" />
  </s>
  <s id="740">
    <time id="T556S" value="00:54:40,790" />
Jag gnäller, men jag är glad att jag har någon. 
  </s>
  <s id="741">
Jag vill inte vara singel.
    <time id="T556E" value="00:54:46,310" />
  </s>
  <s id="742">
    <time id="T557S" value="00:54:46,510" />
På singelklubbar kan man få se otroliga saker. 
  </s>
  <s id="743">
En gång såg jag det där som de kallar "Stringtrostävling".
    <time id="T558E" value="00:54:55,670" />
  </s>
  <s id="744">
    <time id="T559S" value="00:54:59,870" />
Ja, jag har sett en stringtrostävling och nog var det skamligt alltid.
    <time id="T559E" value="00:55:05,400" />
  </s>
  <s id="745">
    <time id="T560S" value="00:55:07,200" />
Det blir svårt att glömma.
  </s>
  <s id="746">
Jag dansade med en tjej när DJ:n sa...
    <time id="T560E" value="00:55:11,720" />
  </s>
  <s id="747">
    <time id="T561S" value="00:55:11,730" />
"Alla som vill vara med i tävlingen anmäler sig till mig."
    <time id="T561E" value="00:55:15,750" />
  </s>
  <s id="748">
    <time id="T562S" value="00:55:15,860" />
"Ursäkta mig", sa tjejen och gick.
    <time id="T562E" value="00:55:19,380" />
  </s>
  <s id="749">
    <time id="T563S" value="00:55:20,690" />
Och så spelade de den låten "Visa mig lite string..."
    <time id="T563E" value="00:55:24,710" />
  </s>
  <s id="750">
    <time id="T564S" value="00:55:25,020" />
Tjejerna blev vilda. 
  </s>
  <s id="751">
En del drog ner byxorna och andra lyfte upp kjolarna.
    <time id="T564E" value="00:55:31,040" />
  </s>
  <s id="752">
    <time id="T565S" value="00:55:31,250" />
Alla skakade på rumpan.
  </s>
  <s id="753">
Några hade inte ens trosor på sig.
    <time id="T565E" value="00:55:35,770" />
  </s>
  <s id="754">
    <time id="T566S" value="00:55:35,880" />
Det var rent ut sagt äckligt.
  </s>
  <s id="755">
Men jag kunde inte låta bli att titta.
    <time id="T566E" value="00:55:40,900" />
  </s>
  <s id="756">
    <time id="T567S" value="00:55:45,210" />
Bäst att ni som är känsliga håller för öronen nu...
    <time id="T567E" value="00:55:48,230" />
  </s>
  <s id="757">
    <time id="T568S" value="00:55:48,430" />
En tjej blev så till sig, och nu får ni ursäkta mig att hon särar på skinkorna, mitt bland folket på diskoteket.
    <time id="T569E" value="00:55:58,590" />
  </s>
  <s id="758">
    <time id="T570S" value="00:55:59,190" />
Jag kände mig sjuk, för jag såg det på nära håll. "Herregud!", tänkte jag.
    <time id="T570E" value="00:56:04,720" />
  </s>
  <s id="759">
    <time id="T571S" value="00:56:08,320" />
"Är det... 
  </s>
  <s id="760">
Är det hennes livmoder?"
    <time id="T571E" value="00:56:11,840" />
  </s>
  <s id="761">
    <time id="T572S" value="00:56:14,050" />
Det blir värre...
    <time id="T572E" value="00:56:16,070" />
  </s>
  <s id="762">
    <time id="T573S" value="00:56:16,380" />
"Herregud, vad är... 
  </s>
  <s id="763">
Är det en bebis?"
    <time id="T573E" value="00:56:20,400" />
  </s>
  <s id="764">
    <time id="T574S" value="00:56:22,410" />
Jag vet att det var äckligt.
  </s>
  <s id="765">
För det var en bebis.
    <time id="T574E" value="00:56:26,930" />
  </s>
  <s id="766">
    <time id="T575S" value="00:56:28,140" />
Bebisen från ghettot. - "Jag smög in i klubben. 
  </s>
  <s id="767">
Jag har gräs om du vill ha!"
    <time id="T575E" value="00:56:34,160" />
  </s>
  <s id="768">
    <time id="T576S" value="00:56:35,470" />
"Bara klatscha till henne på rumpan så kommer jag ut."
    <time id="T576E" value="00:56:39,990" />
  </s>
  <s id="769">
    <time id="T577S" value="00:56:40,000" />
Tack så mycket!
    <time id="T577E" value="00:56:42,520" />
  </s>
  <s id="770">
    <time id="T578S" value="00:57:02,300" />
Översatt av: 
  </s>
  <s id="771">
OzZ
    <time id="T578E" value="00:57:05,300" />
  </s>
  <meta>
    <conversion>
      <ignored_blocks>2</ignored_blocks>
      <corrected_words>1</corrected_words>
      <unknown_words>10</unknown_words>
      <encoding>windows-1252</encoding>
      <truecased_words>0</truecased_words>
      <tokens>6773</tokens>
      <sentences>771</sentences>
    </conversion>
    <subtitle>
      <rating>0.0</rating>
      <date>2009-03-07</date>
      <blocks>579</blocks>
      <confidence>1.0</confidence>
      <machine_translated>0</machine_translated>
      <language>Swedish</language>
      <version>0</version>
      <duration>00:57:10,400</duration>
    </subtitle>
    <source>
      <HD>0</HD>
      <genre>Comedy,Documentary</genre>
      <cds>1/1</cds>
      <year>2000</year>
      <country>USA</country>
      <original>English</original>
      <duration>57</duration>
    </source>
  </meta>
</document>
