<?xml version="1.0" encoding="utf-8"?>
<document id="4547146">
  <s id="1">
    <time id="T1S" value="00:00:02,000" />
Begäran om assistans
    <time id="T1E" value="00:00:04,798" />
  </s>
  <s id="2">
    <time id="T2S" value="00:00:32,040" />
God dag, det är polisen.
  </s>
  <s id="3">
Kan jag få se körkortet?
    <time id="T2E" value="00:00:35,430" />
  </s>
  <s id="4">
    <time id="T3S" value="00:00:35,600" />
God morgon.
    <time id="T3E" value="00:00:38,194" />
  </s>
  <s id="5">
    <time id="T4S" value="00:00:48,560" />
Aj...! 
  </s>
  <s id="6">
Vad fan är det här?
    <time id="T4E" value="00:00:51,518" />
  </s>
  <s id="7">
    <time id="T5S" value="00:00:51,680" />
Det är nåt som inte stämmer.
    <time id="T5E" value="00:00:54,911" />
  </s>
  <s id="8">
    <time id="T6S" value="00:01:07,840" />
-Larmcentralen.
  </s>
  <s id="9">
-Det har hänt nåt fruktansvärt.
    <time id="T6E" value="00:01:12,231" />
  </s>
  <s id="10">
    <time id="T7S" value="00:01:13,560" />
-Ni ska åka till en stuga i Bordrup.
  </s>
  <s id="11">
- Vad heter ni?
    <time id="T7E" value="00:01:18,350" />
  </s>
  <s id="12">
    <time id="T8S" value="00:01:18,520" />
-Hallå?
  </s>
  <s id="13">
-Det var en olyckshändelse.
    <time id="T8E" value="00:01:21,637" />
  </s>
  <s id="14">
    <time id="T9S" value="00:01:33,320" />
-Ja, la Cour.
  </s>
  <s id="15">
-Det är Krøgholt.
    <time id="T9E" value="00:01:36,153" />
  </s>
  <s id="16">
    <time id="T10S" value="00:01:36,320" />
-Tack för senast.
  </s>
  <s id="17">
-Hoppas ni njuter av semestern.
    <time id="T10E" value="00:01:41,917" />
  </s>
  <s id="18">
    <time id="T11S" value="00:01:42,080" />
En anonym kvinna har rapporterat ett mord i en sommarstuga där ute.
    <time id="T11E" value="00:01:48,155" />
  </s>
  <s id="19">
    <time id="T12S" value="00:01:48,320" />
Det kan vara falskt alarm, men jag vill att ni kollar saken.
    <time id="T12E" value="00:01:53,394" />
  </s>
  <s id="20">
    <time id="T13S" value="00:01:53,560" />
-Självklart. 
  </s>
  <s id="21">
Har du en adress?
  </s>
  <s id="22">
-Plantagevej 8.
    <time id="T13E" value="00:01:58,076" />
  </s>
  <s id="23">
    <time id="T14S" value="00:02:12,680" />
Hallå...?
    <time id="T14E" value="00:02:15,035" />
  </s>
  <s id="24">
    <time id="T15S" value="00:02:58,360" />
Är det nån här?
    <time id="T15E" value="00:03:00,954" />
  </s>
  <s id="25">
    <time id="T16S" value="00:03:29,040" />
-Hur fan kom du in?
  </s>
  <s id="26">
-Jag tog en annan väg.
    <time id="T16E" value="00:03:33,079" />
  </s>
  <s id="27">
    <time id="T17S" value="00:03:40,920" />
la Cour, titta här.
    <time id="T17E" value="00:03:43,878" />
  </s>
  <s id="28">
    <time id="T18S" value="00:03:57,440" />
Nån har skurit sig.
    <time id="T18E" value="00:04:00,955" />
  </s>
  <s id="29">
    <time id="T19S" value="00:04:28,440" />
Det var ett vidrigt sår.
    <time id="T19E" value="00:04:31,830" />
  </s>
  <s id="30">
    <time id="T20S" value="00:04:34,520" />
Hej, det är la Cour.
  </s>
  <s id="31">
Du får skicka hela gänget.
    <time id="T20E" value="00:04:38,718" />
  </s>
  <s id="32">
    <time id="T21S" value="00:04:38,880" />
Vi har hittat en flicka - iskall.
    <time id="T21E" value="00:04:41,872" />
  </s>
  <s id="33">
    <time id="T22S" value="00:05:40,680" />
Det är lite trevligare i vår stuga.
    <time id="T22E" value="00:05:45,470" />
  </s>
  <s id="34">
    <time id="T23S" value="00:05:54,360" />
Är nåt på tok?
    <time id="T23E" value="00:05:57,511" />
  </s>
  <s id="35">
    <time id="T24S" value="00:05:57,680" />
Det är bara lite för tidigt för att se sånt där.
    <time id="T24E" value="00:06:02,071" />
  </s>
  <s id="36">
    <time id="T25S" value="00:06:07,680" />
-Krøgholt.
  </s>
  <s id="37">
-Hej.
    <time id="T25E" value="00:06:10,433" />
  </s>
  <s id="38">
    <time id="T26S" value="00:06:10,600" />
Ingrid Dahl är på väg.
  </s>
  <s id="39">
Ni får ta över.
    <time id="T26E" value="00:06:14,195" />
  </s>
  <s id="40">
    <time id="T27S" value="00:06:14,360" />
-Förlåt?
  </s>
  <s id="41">
-Det är ju ni som är experter.
    <time id="T27E" value="00:06:17,750" />
  </s>
  <s id="42">
    <time id="T28S" value="00:06:17,920" />
-Kanske det, men vi har semester.
  </s>
  <s id="43">
-Ni skulle stannat på Djävulsön.
    <time id="T28E" value="00:06:22,152" />
  </s>
  <s id="44">
    <time id="T29S" value="00:06:22,320" />
Martin blir er lokala kontaktman.
  </s>
  <s id="45">
Har vi nåt namn på vår väninna?
    <time id="T29E" value="00:06:28,111" />
  </s>
  <s id="46">
    <time id="T30S" value="00:06:28,280" />
Det ligger ett sjukförsäkringsbevis på bordet.
    <time id="T30E" value="00:06:32,398" />
  </s>
  <s id="47">
    <time id="T31S" value="00:06:32,560" />
Hon heter Ditte Andersen - 22 år.
    <time id="T31E" value="00:06:36,599" />
  </s>
  <s id="48">
    <time id="T32S" value="00:06:43,240" />
-Ska du eller jag snacka med Mille?
  </s>
  <s id="49">
-Du borde få chansen.
    <time id="T32E" value="00:06:48,439" />
  </s>
  <s id="50">
    <time id="T33S" value="00:06:52,600" />
Hej, älskling.
    <time id="T33E" value="00:06:55,068" />
  </s>
  <s id="51">
    <time id="T34S" value="00:06:55,240" />
-Så ni får ta fallet.
  </s>
  <s id="52">
-Hur visste du det?
    <time id="T34E" value="00:06:58,915" />
  </s>
  <s id="53">
    <time id="T35S" value="00:06:59,080" />
-Vi har ju semester.
  </s>
  <s id="54">
-Jag kan inget göra.
    <time id="T35E" value="00:07:02,277" />
  </s>
  <s id="55">
    <time id="T36S" value="00:07:02,440" />
Men jag kommer hem så fort jag kan.
    <time id="T36E" value="00:07:06,149" />
  </s>
  <s id="56">
    <time id="T37S" value="00:07:09,080" />
Esbjerg centralsjukhus
    <time id="T37E" value="00:07:12,959" />
  </s>
  <s id="57">
    <time id="T38S" value="00:07:25,040" />
-Mina herrar.
  </s>
  <s id="58">
-Boysen.
    <time id="T38E" value="00:07:27,235" />
  </s>
  <s id="59">
    <time id="T39S" value="00:07:27,400" />
Jag hör att ni har semester.
  </s>
  <s id="60">
Flickans mormor sitter i väntrummet.
    <time id="T39E" value="00:07:32,918" />
  </s>
  <s id="61">
    <time id="T40S" value="00:07:55,440" />
Tack...
    <time id="T40E" value="00:07:57,431" />
  </s>
  <s id="62">
    <time id="T41S" value="00:08:03,680" />
Dittes föräldrar bor alltså på Grönland?
    <time id="T41E" value="00:08:07,673" />
  </s>
  <s id="63">
    <time id="T42S" value="00:08:07,840" />
Jag hade lovat att ta hand om henne men Ditte har alltid gått sina egna vägar.
    <time id="T43E" value="00:08:16,516" />
  </s>
  <s id="64">
    <time id="T44S" value="00:08:16,680" />
-Vad menar ni med det?
  </s>
  <s id="65">
-Hon var lite vild av sig.
    <time id="T44E" value="00:08:21,674" />
  </s>
  <s id="66">
    <time id="T45S" value="00:08:21,840" />
Men sen hon träffat Henning blev hon helt annorlunda.
    <time id="T45E" value="00:08:27,631" />
  </s>
  <s id="67">
    <time id="T46S" value="00:08:29,640" />
Det är fin pojke.
    <time id="T46E" value="00:08:32,234" />
  </s>
  <s id="68">
    <time id="T47S" value="00:08:32,400" />
Troligen en yxa. 
  </s>
  <s id="69">
Två slag med den flata sidan - ett med bladet.
    <time id="T47E" value="00:08:37,394" />
  </s>
  <s id="70">
    <time id="T48S" value="00:08:37,560" />
Sista slaget fläkte upp hela vänstra sidan.
    <time id="T48E" value="00:08:41,599" />
  </s>
  <s id="71">
    <time id="T49S" value="00:08:45,280" />
Hur länge har hon varit död?
    <time id="T49E" value="00:08:48,431" />
  </s>
  <s id="72">
    <time id="T50S" value="00:08:49,440" />
Likfläckarna tyder på 36 timmar, plus/minus två.
    <time id="T50E" value="00:08:53,194" />
  </s>
  <s id="73">
    <time id="T51S" value="00:08:53,360" />
Alltså tisdag eftermiddag mellan 16 och 20?
    <time id="T51E" value="00:08:57,478" />
  </s>
  <s id="74">
    <time id="T52S" value="00:09:00,440" />
-Nej, tisdag mellan 20 och 24.
  </s>
  <s id="75">
-Ja, naturligtvis.
    <time id="T52E" value="00:09:04,672" />
  </s>
  <s id="76">
    <time id="T53S" value="00:09:04,840" />
Det fanns tablettrester i magen.
    <time id="T53E" value="00:09:07,638" />
  </s>
  <s id="77">
    <time id="T54S" value="00:09:07,800" />
-Stesolid?
  </s>
  <s id="78">
-Ja.
    <time id="T54E" value="00:09:10,234" />
  </s>
  <s id="79">
    <time id="T55S" value="00:09:10,400" />
-Är inte Ingrid med?
  </s>
  <s id="80">
-Jo, hon kommer senare.
    <time id="T55E" value="00:09:14,678" />
  </s>
  <s id="81">
    <time id="T56S" value="00:09:14,840" />
-Hur har hon det?
  </s>
  <s id="82">
-Jag vet inte.
    <time id="T56E" value="00:09:18,196" />
  </s>
  <s id="83">
    <time id="T57S" value="00:09:18,360" />
-Är vi klara?
  </s>
  <s id="84">
-Flickan skulle nog bli mor.
    <time id="T57E" value="00:09:23,070" />
  </s>
  <s id="85">
    <time id="T58S" value="00:09:23,240" />
Det finns tecken på tidig graviditet.
    <time id="T58E" value="00:09:26,676" />
  </s>
  <s id="86">
    <time id="T59S" value="00:09:26,840" />
Okej. 
  </s>
  <s id="87">
Vi hörs.
    <time id="T59E" value="00:09:29,400" />
  </s>
  <s id="88">
    <time id="T60S" value="00:09:43,000" />
Det är Mille. 
  </s>
  <s id="89">
Jag kan inte svara nu, så lämna ett meddelande.
    <time id="T60E" value="00:09:47,676" />
  </s>
  <s id="90">
    <time id="T61S" value="00:09:47,840" />
Det är bara jag som tänkte höra om jag skulle köpa med nåt hem.
    <time id="T61E" value="00:09:52,550" />
  </s>
  <s id="91">
    <time id="T62S" value="00:09:52,720" />
Du kan väl ringa mig.
    <time id="T62E" value="00:09:54,995" />
  </s>
  <s id="92">
    <time id="T63S" value="00:10:00,240" />
-Är du okej?
  </s>
  <s id="93">
-Ja.
    <time id="T63E" value="00:10:02,834" />
  </s>
  <s id="94">
    <time id="T64S" value="00:10:03,840" />
Nu drar vi härifrån.
    <time id="T64E" value="00:10:06,832" />
  </s>
  <s id="95">
    <time id="T65S" value="00:10:27,760" />
Esbjergs polishus
    <time id="T65E" value="00:10:31,799" />
  </s>
  <s id="96">
    <time id="T66S" value="00:10:51,280" />
-Hur är Esbjerg?
  </s>
  <s id="97">
-Vet inte. 
  </s>
  <s id="98">
Jag kom just med Ingrid.
    <time id="T66E" value="00:10:55,273" />
  </s>
  <s id="99">
    <time id="T67S" value="00:10:55,440" />
Är hon okej?
  </s>
  <s id="100">
Vad är det för en nisse?
    <time id="T67E" value="00:10:59,274" />
  </s>
  <s id="101">
    <time id="T68S" value="00:10:59,440" />
Martin. 
  </s>
  <s id="102">
Han är kriminalkommissarie.
  </s>
  <s id="103">
Jag träffade honom i Köpenhamn.
    <time id="T68E" value="00:11:04,514" />
  </s>
  <s id="104">
    <time id="T69S" value="00:11:04,680" />
-Varför frågar du?
  </s>
  <s id="105">
-Ska vi gå ut och äta ikväll?
    <time id="T69E" value="00:11:08,229" />
  </s>
  <s id="106">
    <time id="T70S" value="00:11:08,400" />
-Det kan jag inte. 
  </s>
  <s id="107">
Kanske imorgon?
  </s>
  <s id="108">
-Nej, då har jag nog åkt.
    <time id="T70E" value="00:11:13,633" />
  </s>
  <s id="109">
    <time id="T71S" value="00:11:24,320" />
-Var är Ingrid?
  </s>
  <s id="110">
-Inne på station.
    <time id="T71E" value="00:11:28,199" />
  </s>
  <s id="111">
    <time id="T72S" value="00:11:46,880" />
-God morgon.
  </s>
  <s id="112">
-God morgon.
    <time id="T72E" value="00:11:50,873" />
  </s>
  <s id="113">
    <time id="T73S" value="00:11:51,040" />
-Har inte ip kommit?
  </s>
  <s id="114">
-Jo, han är här.
    <time id="T73E" value="00:11:54,191" />
  </s>
  <s id="115">
    <time id="T74S" value="00:11:54,360" />
Vad vet vi om Ditte Andersen?
    <time id="T74E" value="00:11:56,669" />
  </s>
  <s id="116">
    <time id="T75S" value="00:11:56,840" />
Inventarium på krogen på Skolgade.
  </s>
  <s id="117">
Drack mycket och åt piller.
    <time id="T75E" value="00:12:02,836" />
  </s>
  <s id="118">
    <time id="T76S" value="00:12:03,000" />
Hasch, speed och så vidare.
    <time id="T76E" value="00:12:05,468" />
  </s>
  <s id="119">
    <time id="T77S" value="00:12:05,640" />
Ditte har också gripits några gånger för snatteri, häleri och inbrott.
    <time id="T77E" value="00:12:11,954" />
  </s>
  <s id="120">
    <time id="T78S" value="00:12:12,120" />
-God morgon.
  </s>
  <s id="121">
-Där är du ju!
    <time id="T78E" value="00:12:16,079" />
  </s>
  <s id="122">
    <time id="T79S" value="00:12:16,240" />
-Hade hon hyrt stugan?
  </s>
  <s id="123">
-Nej, det var inbrott.
    <time id="T79E" value="00:12:20,392" />
  </s>
  <s id="124">
    <time id="T80S" value="00:12:20,560" />
-Hade hon nån kille?
  </s>
  <s id="125">
-Mormodern nämnde en Flemming.
    <time id="T80E" value="00:12:25,350" />
  </s>
  <s id="126">
    <time id="T81S" value="00:12:25,520" />
Flemming...?
    <time id="T81E" value="00:12:27,829" />
  </s>
  <s id="127">
    <time id="T82S" value="00:12:28,000" />
-Säger det dig nåt?
  </s>
  <s id="128">
-Kan vara Flemming Bagge Hansen.
    <time id="T82E" value="00:12:31,675" />
  </s>
  <s id="129">
    <time id="T83S" value="00:12:31,840" />
-En fin pojke, sa mormor.
  </s>
  <s id="130">
-Nej, men han kan vara charmig.
    <time id="T83E" value="00:12:35,753" />
  </s>
  <s id="131">
    <time id="T84S" value="00:12:35,920" />
-Var hittar vi honom?
  </s>
  <s id="132">
-Han är efterlyst.
    <time id="T84E" value="00:12:39,515" />
  </s>
  <s id="133">
    <time id="T85S" value="00:12:39,680" />
Han har rymt från Ringefängelset.
  </s>
  <s id="134">
Han sköt tre personer på Fanø...
    <time id="T85E" value="00:12:46,153" />
  </s>
  <s id="135">
    <time id="T86S" value="00:12:46,320" />
Det är Mille. 
  </s>
  <s id="136">
Jag kan inte svara nu, så lämna ett meddelande.
    <time id="T86E" value="00:12:52,793" />
  </s>
  <s id="137">
    <time id="T87S" value="00:12:52,960" />
...han handlar utan att tänka.
    <time id="T87E" value="00:12:56,748" />
  </s>
  <s id="138">
    <time id="T88S" value="00:12:56,920" />
Du har rätt. 
  </s>
  <s id="139">
Stugan var full med fingeravtryck efter Flemming.
    <time id="T88E" value="00:13:03,598" />
  </s>
  <s id="140">
    <time id="T89S" value="00:13:03,760" />
Han här!
    <time id="T89E" value="00:13:05,512" />
  </s>
  <s id="141">
    <time id="T90S" value="00:13:05,680" />
Vi borde nog skärpa efterlysningen.
    <time id="T90E" value="00:13:09,832" />
  </s>
  <s id="142">
    <time id="T91S" value="00:13:17,040" />
Då ska vi se om vi kommer upp här...
    <time id="T91E" value="00:13:21,079" />
  </s>
  <s id="143">
    <time id="T92S" value="00:13:21,240" />
Det var inte lätt.
    <time id="T92E" value="00:13:24,038" />
  </s>
  <s id="144">
    <time id="T93S" value="00:13:24,200" />
Ditte! 
  </s>
  <s id="145">
Förlåt mig...
  </s>
  <s id="146">
Jag trodde att du var min tjej.
    <time id="T93E" value="00:13:29,718" />
  </s>
  <s id="147">
    <time id="T94S" value="00:13:29,880" />
Det är okej.
    <time id="T94E" value="00:13:32,075" />
  </s>
  <s id="148">
    <time id="T95S" value="00:13:32,240" />
Det där går inte.
  </s>
  <s id="149">
Vill du ha ett handtag?
    <time id="T95E" value="00:13:35,835" />
  </s>
  <s id="150">
    <time id="T96S" value="00:13:37,840" />
-Ska jag hjälpa dig?
  </s>
  <s id="151">
-Nej, det går bra. 
  </s>
  <s id="152">
Men tack ändå.
    <time id="T96E" value="00:13:42,834" />
  </s>
  <s id="153">
    <time id="T97S" value="00:13:43,000" />
-Bor du i närheten?
  </s>
  <s id="154">
-Alldeles här uppe.
    <time id="T97E" value="00:13:48,120" />
  </s>
  <s id="155">
    <time id="T98S" value="00:13:48,280" />
Lämna ett meddelande.
    <time id="T98E" value="00:13:51,795" />
  </s>
  <s id="156">
    <time id="T99S" value="00:14:07,440" />
Tack för hjälpen. 
  </s>
  <s id="157">
Det är bra så.
    <time id="T99E" value="00:14:10,477" />
  </s>
  <s id="158">
    <time id="T100S" value="00:14:10,640" />
-Jag kan ta vagnen.
  </s>
  <s id="159">
-Nej, tack.
    <time id="T100E" value="00:14:14,713" />
  </s>
  <s id="160">
    <time id="T101S" value="00:14:59,280" />
Vad säger du, lille vän?
    <time id="T101E" value="00:15:02,238" />
  </s>
  <s id="161">
    <time id="T102S" value="00:15:02,400" />
Vad gör du här?
    <time id="T102E" value="00:15:04,595" />
  </s>
  <s id="162">
    <time id="T103S" value="00:15:05,960" />
-Bjuder du på en kopp kaffe?
  </s>
  <s id="163">
-Jag skulle precis lägga honom.
    <time id="T103E" value="00:15:12,354" />
  </s>
  <s id="164">
    <time id="T104S" value="00:15:12,520" />
-Det kan jag göra.
  </s>
  <s id="165">
-Nej, tack.
    <time id="T104E" value="00:15:16,035" />
  </s>
  <s id="166">
    <time id="T105S" value="00:15:16,200" />
Då gör jag kaffe.
    <time id="T105E" value="00:15:17,952" />
  </s>
  <s id="167">
    <time id="T106S" value="00:15:37,440" />
Du har fint hår.
    <time id="T106E" value="00:15:41,274" />
  </s>
  <s id="168">
    <time id="T107S" value="00:15:42,280" />
-Jag är inte farlig!
  </s>
  <s id="169">
-Vad fan gör du i mitt hus?
    <time id="T107E" value="00:15:47,195" />
  </s>
  <s id="170">
    <time id="T108S" value="00:15:51,280" />
Mille, ring efter hjälp!
    <time id="T108E" value="00:15:54,829" />
  </s>
  <s id="171">
    <time id="T109S" value="00:15:55,000" />
-Ligg ner på magen.
  </s>
  <s id="172">
-Det gör ont!
    <time id="T109E" value="00:15:58,629" />
  </s>
  <s id="173">
    <time id="T110S" value="00:15:58,800" />
Du ska bara ligga still!
    <time id="T110E" value="00:16:01,473" />
  </s>
  <s id="174">
    <time id="T111S" value="00:16:05,520" />
Jag har hitta Flemming i min sommarstuga - kom nu!
    <time id="T111E" value="00:16:11,356" />
  </s>
  <s id="175">
    <time id="T112S" value="00:16:11,520" />
-Hur kunde du släppa in honom?
  </s>
  <s id="176">
-Jag skulle ha knullat henne.
    <time id="T112E" value="00:16:16,594" />
  </s>
  <s id="177">
    <time id="T113S" value="00:16:27,120" />
Det har inte hänt nåt.
    <time id="T113E" value="00:16:30,396" />
  </s>
  <s id="178">
    <time id="T114S" value="00:17:03,240" />
Du ska ringa hem.
    <time id="T114E" value="00:17:06,471" />
  </s>
  <s id="179">
    <time id="T115S" value="00:17:08,240" />
Det är tredje gången Kirsten ringer Jag vill inte blanda mig i, men...
    <time id="T115E" value="00:17:13,837" />
  </s>
  <s id="180">
    <time id="T116S" value="00:17:14,000" />
Tekniska avdelning undersöker hans skor och kläder efter blod.
    <time id="T116E" value="00:17:18,790" />
  </s>
  <s id="181">
    <time id="T117S" value="00:17:18,960" />
Ska vi gripa honom för mordet?
  </s>
  <s id="182">
Nu får du bestämma dig.
    <time id="T117E" value="00:17:23,112" />
  </s>
  <s id="183">
    <time id="T118S" value="00:17:23,280" />
-Hans fingeravtryck finns i stugan.
  </s>
  <s id="184">
-Inte än. 
  </s>
  <s id="185">
Vi kan hålla honom ändå.
    <time id="T118E" value="00:17:29,355" />
  </s>
  <s id="186">
    <time id="T119S" value="00:17:31,480" />
Tar du honom först?
    <time id="T119E" value="00:17:34,074" />
  </s>
  <s id="187">
    <time id="T120S" value="00:17:49,520" />
-Har du en cigarett?
  </s>
  <s id="188">
-Nej.
    <time id="T120E" value="00:17:53,069" />
  </s>
  <s id="189">
    <time id="T121S" value="00:17:53,240" />
Du har gett dig på en kollegas fru och tror att du ska få en cigarett.
    <time id="T121E" value="00:17:59,270" />
  </s>
  <s id="190">
    <time id="T122S" value="00:18:01,240" />
Förhör av Flemming Bagge Hansen.
    <time id="T122E" value="00:18:05,199" />
  </s>
  <s id="191">
    <time id="T123S" value="00:18:05,360" />
Närvarande är lP Jørgensen.
    <time id="T123E" value="00:18:08,796" />
  </s>
  <s id="192">
    <time id="T124S" value="00:18:08,960" />
Berätta lite om Ditte.
    <time id="T124E" value="00:18:12,430" />
  </s>
  <s id="193">
    <time id="T125S" value="00:18:13,600" />
Hon är min tjej.
    <time id="T125E" value="00:18:16,353" />
  </s>
  <s id="194">
    <time id="T126S" value="00:18:16,520" />
- Var har du varit den sista tiden?
  </s>
  <s id="195">
-Jag har sökt jobb i Sverige.
    <time id="T126E" value="00:18:20,513" />
  </s>
  <s id="196">
    <time id="T127S" value="00:18:20,680" />
Varför slog du ihjäl Ditte?
    <time id="T127E" value="00:18:23,752" />
  </s>
  <s id="197">
    <time id="T128S" value="00:18:25,160" />
-Vad pratar du om?
  </s>
  <s id="198">
-Du hörde vad jag sa.
    <time id="T128E" value="00:18:28,596" />
  </s>
  <s id="199">
    <time id="T129S" value="00:18:30,600" />
Ditte är inte död.
    <time id="T129E" value="00:18:33,672" />
  </s>
  <s id="200">
    <time id="T130S" value="00:18:39,440" />
Han slog halvt ihjäl mig.
    <time id="T130E" value="00:18:42,159" />
  </s>
  <s id="201">
    <time id="T131S" value="00:18:42,320" />
Sen han satt på mig handfängsel.
    <time id="T131E" value="00:18:45,073" />
  </s>
  <s id="202">
    <time id="T132S" value="00:18:46,680" />
Är det lagligt kanske?
    <time id="T132E" value="00:18:49,831" />
  </s>
  <s id="203">
    <time id="T133S" value="00:18:53,760" />
Stör jag?
    <time id="T133E" value="00:18:56,558" />
  </s>
  <s id="204">
    <time id="T134S" value="00:18:59,480" />
Det var en vidrig hosta.
    <time id="T134E" value="00:19:02,756" />
  </s>
  <s id="205">
    <time id="T135S" value="00:19:02,920" />
-Hur går det?
  </s>
  <s id="206">
-Det kan vara han.
    <time id="T135E" value="00:19:06,754" />
  </s>
  <s id="207">
    <time id="T136S" value="00:19:06,920" />
Jag tänkte mer på dig.
    <time id="T136E" value="00:19:10,390" />
  </s>
  <s id="208">
    <time id="T137S" value="00:19:13,240" />
Det går bra...
    <time id="T137E" value="00:19:15,435" />
  </s>
  <s id="209">
    <time id="T138S" value="00:19:15,600" />
Om jag kan göra nåt, så vet du var jag finns.
    <time id="T138E" value="00:19:21,516" />
  </s>
  <s id="210">
    <time id="T139S" value="00:19:23,680" />
Får jag ringa dig när du är tillbaka i Köpenhamn?
    <time id="T139E" value="00:19:28,435" />
  </s>
  <s id="211">
    <time id="T140S" value="00:19:44,640" />
Ring efter ambulans! 
  </s>
  <s id="212">
Har han blivit påkörd av en buss eller nåt?
    <time id="T140E" value="00:19:50,510" />
  </s>
  <s id="213">
    <time id="T141S" value="00:19:56,880" />
Se nu till att komma hem ordentligt.
    <time id="T141E" value="00:19:59,997" />
  </s>
  <s id="214">
    <time id="T142S" value="00:20:01,640" />
Sluta nu, raring. 
  </s>
  <s id="215">
Det är över.
    <time id="T142E" value="00:20:05,872" />
  </s>
  <s id="216">
    <time id="T143S" value="00:20:08,200" />
Jag är ledsen om jag...
    <time id="T143E" value="00:20:11,078" />
  </s>
  <s id="217">
    <time id="T144S" value="00:20:11,240" />
Jag vet inte vad som for i mig.
    <time id="T144E" value="00:20:15,119" />
  </s>
  <s id="218">
    <time id="T145S" value="00:20:21,120" />
-Är du okej?
  </s>
  <s id="219">
-Det är sjätte gången du frågar.
    <time id="T145E" value="00:20:24,954" />
  </s>
  <s id="220">
    <time id="T146S" value="00:20:25,120" />
Du skulle väl säga om det inte var okej?
    <time id="T146E" value="00:20:29,238" />
  </s>
  <s id="221">
    <time id="T147S" value="00:20:30,240" />
Det är okej.
    <time id="T147E" value="00:20:31,992" />
  </s>
  <s id="222">
    <time id="T148S" value="00:20:36,160" />
Nu går tåget.
    <time id="T148E" value="00:20:39,038" />
  </s>
  <s id="223">
    <time id="T149S" value="00:21:08,240" />
Ja, han blev lite dålig under förhöret.
    <time id="T149E" value="00:21:13,075" />
  </s>
  <s id="224">
    <time id="T150S" value="00:21:15,000" />
Minns du polisen som löpte amok för att nån kallade hans fru hora?
    <time id="T150E" value="00:21:21,758" />
  </s>
  <s id="225">
    <time id="T151S" value="00:21:21,920" />
-Minns du vad vi gjorde med honom?
  </s>
  <s id="226">
-Jag tror att han fick sparken.
    <time id="T151E" value="00:21:28,871" />
  </s>
  <s id="227">
    <time id="T152S" value="00:21:31,840" />
Ingrid, för helvete. 
  </s>
  <s id="228">
Jag hade inte tjänstevapnet med mig.
    <time id="T152E" value="00:21:36,994" />
  </s>
  <s id="229">
    <time id="T153S" value="00:21:37,160" />
-Han hotade Mille med kniv.
  </s>
  <s id="230">
-Det handlar inte om det.
    <time id="T153E" value="00:21:41,551" />
  </s>
  <s id="231">
    <time id="T154S" value="00:21:41,720" />
Fråga är om du sparkade honom sen du satt på honom handfängsel.
    <time id="T154E" value="00:21:46,236" />
  </s>
  <s id="232">
    <time id="T155S" value="00:21:50,600" />
Jag vill ha en rapport med alla detaljer.
    <time id="T155E" value="00:21:53,990" />
  </s>
  <s id="233">
    <time id="T156S" value="00:21:54,160" />
-Hur många exemplar?
  </s>
  <s id="234">
-Ett.
    <time id="T156E" value="00:21:56,310" />
  </s>
  <s id="235">
    <time id="T157S" value="00:21:56,480" />
-Och Ulf?
  </s>
  <s id="236">
-Det får vi se när jag läst den.
    <time id="T157E" value="00:22:01,156" />
  </s>
  <s id="237">
    <time id="T158S" value="00:22:01,320" />
-Får jag gå nu?
  </s>
  <s id="238">
-Fischer...
    <time id="T158E" value="00:22:05,279" />
  </s>
  <s id="239">
    <time id="T159S" value="00:22:05,440" />
-Det här är en riktigt soppa.
  </s>
  <s id="240">
-Ja.
    <time id="T159E" value="00:22:10,560" />
  </s>
  <s id="241">
    <time id="T160S" value="00:22:11,880" />
Tack ska du ha, Per. 
  </s>
  <s id="242">
Vi hörs.
    <time id="T160E" value="00:22:16,271" />
  </s>
  <s id="243">
    <time id="T161S" value="00:22:16,440" />
Inre blödningar, fyra brutna revben och en punkterad lunga.
    <time id="T161E" value="00:22:22,037" />
  </s>
  <s id="244">
    <time id="T162S" value="00:22:22,200" />
-Jag måste med tåget.
  </s>
  <s id="245">
-Boysen... 
  </s>
  <s id="246">
Hur säker är du på tiden?
    <time id="T162E" value="00:22:26,796" />
  </s>
  <s id="247">
    <time id="T163S" value="00:22:26,960" />
-Tisdag mellan 20 och 24.
  </s>
  <s id="248">
-Mycket säker.
    <time id="T163E" value="00:22:30,873" />
  </s>
  <s id="249">
    <time id="T164S" value="00:22:31,040" />
Jag kommer just från Dittes mormor.
    <time id="T164E" value="00:22:35,238" />
  </s>
  <s id="250">
    <time id="T165S" value="00:22:35,400" />
Hon ger Flemming alibi för tisdan.
  </s>
  <s id="251">
Han fixade några köksskåp åt henne.
    <time id="T165E" value="00:22:40,349" />
  </s>
  <s id="252">
    <time id="T166S" value="00:22:40,520" />
Det där är er avdelning.
  </s>
  <s id="253">
- Vi hörs, Ingrid.
    <time id="T166E" value="00:22:45,878" />
  </s>
  <s id="254">
    <time id="T167S" value="00:22:46,040" />
-Kan inte mormodern minnas fel?
  </s>
  <s id="255">
-Kanske.
    <time id="T167E" value="00:22:50,192" />
  </s>
  <s id="256">
    <time id="T168S" value="00:22:50,360" />
Men hon blir ett mycket trovärdigt vittne för försvaret.
    <time id="T168E" value="00:22:54,638" />
  </s>
  <s id="257">
    <time id="T169S" value="00:22:54,800" />
Det är en rar gammal tant.
    <time id="T169E" value="00:22:57,598" />
  </s>
  <s id="258">
    <time id="T170S" value="00:22:57,760" />
Dessutom tyckte hon mycket om Flemming.
    <time id="T170E" value="00:23:01,116" />
  </s>
  <s id="259">
    <time id="T171S" value="00:23:01,280" />
Hon fick choklad men kunde inte med att säga att hon inte tålde det.
    <time id="T171E" value="00:23:07,150" />
  </s>
  <s id="260">
    <time id="T172S" value="00:23:07,320" />
Så jag säger bara varsågoda...
    <time id="T172E" value="00:23:11,598" />
  </s>
  <s id="261">
    <time id="T173S" value="00:23:12,600" />
-Det är klart det är han.
  </s>
  <s id="262">
-Jag är inte så säker på det.
    <time id="T173E" value="00:23:17,435" />
  </s>
  <s id="263">
    <time id="T174S" value="00:23:17,600" />
Han verkade faktiskt överraskad när jag sa att Ditte var död.
    <time id="T174E" value="00:23:23,357" />
  </s>
  <s id="264">
    <time id="T175S" value="00:23:23,520" />
Har vi nåt nytt om den anonyma anmälaren?
    <time id="T175E" value="00:23:27,433" />
  </s>
  <s id="265">
    <time id="T176S" value="00:23:27,600" />
Samtalet kom från en stulen mobil med betalkort.
    <time id="T176E" value="00:23:33,675" />
  </s>
  <s id="266">
    <time id="T177S" value="00:23:33,840" />
Vi måste hitta henne!
    <time id="T177E" value="00:23:35,831" />
  </s>
  <s id="267">
    <time id="T178S" value="00:23:43,200" />
Noller - jag vill inte se dig här!
    <time id="T178E" value="00:23:47,079" />
  </s>
  <s id="268">
    <time id="T179S" value="00:23:47,240" />
Det är skit!
    <time id="T179E" value="00:23:49,993" />
  </s>
  <s id="269">
    <time id="T180S" value="00:23:54,640" />
Gå hem nu.
    <time id="T180E" value="00:23:57,518" />
  </s>
  <s id="270">
    <time id="T181S" value="00:24:07,760" />
-Var det du som ringde snuten?
  </s>
  <s id="271">
-Nej.
    <time id="T181E" value="00:24:10,957" />
  </s>
  <s id="272">
    <time id="T182S" value="00:24:11,120" />
De har hittat henne i stugan, så nån måste ha ringt. 
  </s>
  <s id="273">
Det var du!
    <time id="T182E" value="00:24:15,671" />
  </s>
  <s id="274">
    <time id="T183S" value="00:24:15,840" />
Det var inte jag - jag lovar.
    <time id="T183E" value="00:24:19,879" />
  </s>
  <s id="275">
    <time id="T184S" value="00:24:20,040" />
De har sytt in Flemming.
  </s>
  <s id="276">
Det är fan!
    <time id="T184E" value="00:24:24,556" />
  </s>
  <s id="277">
    <time id="T185S" value="00:24:26,320" />
Man kunde se hjärnan.
  </s>
  <s id="278">
Huvudet var helt uppfläkt!
    <time id="T185E" value="00:24:31,235" />
  </s>
  <s id="279">
    <time id="T186S" value="00:24:33,640" />
-Vi måste berätta vad som hänt.
  </s>
  <s id="280">
-Vi säger inte ett skit!
    <time id="T186E" value="00:24:37,952" />
  </s>
  <s id="281">
    <time id="T187S" value="00:24:38,120" />
Annars blir det din tur nästa gång!
    <time id="T187E" value="00:24:42,159" />
  </s>
  <s id="282">
    <time id="T188S" value="00:25:17,560" />
-Vad känner du för?
  </s>
  <s id="283">
-Vad menar du?
    <time id="T188E" value="00:25:20,552" />
  </s>
  <s id="284">
    <time id="T189S" value="00:25:20,720" />
Det finns en kinakrog, en mexikansk restaurang och Josef.
    <time id="T189E" value="00:25:25,316" />
  </s>
  <s id="285">
    <time id="T190S" value="00:25:25,480" />
-Den sista är dyr men riktigt bra.
  </s>
  <s id="286">
-Kan vi ta det en annan kväll?
    <time id="T190E" value="00:25:31,669" />
  </s>
  <s id="287">
    <time id="T191S" value="00:25:31,840" />
-Visst. 
  </s>
  <s id="288">
Har det hänt nåt?
  </s>
  <s id="289">
-Det passar bättre en annan kväll.
    <time id="T191E" value="00:25:37,119" />
  </s>
  <s id="290">
    <time id="T192S" value="00:25:40,680" />
-Är du fri?
  </s>
  <s id="291">
-Va...?
    <time id="T192E" value="00:25:44,878" />
  </s>
  <s id="292">
    <time id="T193S" value="00:25:45,040" />
-Du var ju upptagen...
  </s>
  <s id="293">
-Det är jag faktiskt fortfarande.
    <time id="T193E" value="00:25:50,160" />
  </s>
  <s id="294">
    <time id="T194S" value="00:26:02,160" />
-Det är Ingrid.
  </s>
  <s id="295">
-Hej, mamma.
    <time id="T194E" value="00:26:04,469" />
  </s>
  <s id="296">
    <time id="T195S" value="00:26:04,640" />
-Hej, Tobias!
  </s>
  <s id="297">
-Søren brukar väl ringa så här dags?
    <time id="T195E" value="00:26:09,839" />
  </s>
  <s id="298">
    <time id="T196S" value="00:26:10,000" />
Saknar du honom?
    <time id="T196E" value="00:26:12,719" />
  </s>
  <s id="299">
    <time id="T197S" value="00:26:14,640" />
-Vad är det som låter i bakgrunden?
  </s>
  <s id="300">
-Det är bara teven.
    <time id="T197E" value="00:26:20,317" />
  </s>
  <s id="301">
    <time id="T198S" value="00:26:20,480" />
Det är väl ingen splatterfilm?
  </s>
  <s id="302">
Du ljuger väl inte för mig?
    <time id="T198E" value="00:26:24,951" />
  </s>
  <s id="303">
    <time id="T199S" value="00:26:25,120" />
Du är en riktig rackarunge.
  </s>
  <s id="304">
Jag längtar efter er.
    <time id="T199E" value="00:26:29,636" />
  </s>
  <s id="305">
    <time id="T200S" value="00:26:29,800" />
-Vi klarar oss.
  </s>
  <s id="306">
-Det vet jag.
    <time id="T200E" value="00:26:33,031" />
  </s>
  <s id="307">
    <time id="T201S" value="00:26:33,200" />
Tobias...
    <time id="T201E" value="00:26:36,272" />
  </s>
  <s id="308">
    <time id="T202S" value="00:26:36,440" />
-Tack för att du ringde.
  </s>
  <s id="309">
-God natt.
    <time id="T202E" value="00:26:40,228" />
  </s>
  <s id="310">
    <time id="T203S" value="00:26:53,680" />
Nu ska vi se här!
  </s>
  <s id="311">
Räker i nån sötsur blandning.
    <time id="T203E" value="00:26:58,037" />
  </s>
  <s id="312">
    <time id="T204S" value="00:26:58,200" />
Kycklingspett och grönsaker i ostronsås!
    <time id="T204E" value="00:27:02,671" />
  </s>
  <s id="313">
    <time id="T205S" value="00:27:03,840" />
-Men Martin, då?
  </s>
  <s id="314">
-Han får klara sig själv.
    <time id="T205E" value="00:27:06,752" />
  </s>
  <s id="315">
    <time id="T206S" value="00:27:06,920" />
-Och Johnny?
  </s>
  <s id="316">
-Har vi inga rena tallrikar?
    <time id="T206E" value="00:27:10,993" />
  </s>
  <s id="317">
    <time id="T207S" value="00:27:11,160" />
Då får vi äta ur förpackningarna.
  </s>
  <s id="318">
Vill du ha rött eller vitt?
    <time id="T207E" value="00:27:17,474" />
  </s>
  <s id="319">
    <time id="T208S" value="00:27:31,160" />
Vad i helvete...?
  </s>
  <s id="320">
En av våra gamla nationalhjältar!
    <time id="T208E" value="00:27:35,551" />
  </s>
  <s id="321">
    <time id="T209S" value="00:27:35,720" />
Bimme!
    <time id="T209E" value="00:27:38,280" />
  </s>
  <s id="322">
    <time id="T210S" value="00:27:38,440" />
-Har de oldboysturnering i Esbjerg?
  </s>
  <s id="323">
-Är du rädd för fågelskit?
    <time id="T210E" value="00:27:42,672" />
  </s>
  <s id="324">
    <time id="T211S" value="00:27:42,840" />
-Det är bättre än att köra cab.
  </s>
  <s id="325">
-Okej, du vinner.
    <time id="T211E" value="00:27:47,356" />
  </s>
  <s id="326">
    <time id="T212S" value="00:27:47,520" />
-Ge mig en fatöl. 
  </s>
  <s id="327">
Lirar du nåt?
  </s>
  <s id="328">
-Jag har slutat.
    <time id="T212E" value="00:27:52,230" />
  </s>
  <s id="329">
    <time id="T213S" value="00:27:52,400" />
-Det är ju Johnny Olsen.
  </s>
  <s id="330">
-Vad heter du?
    <time id="T213E" value="00:27:55,312" />
  </s>
  <s id="331">
    <time id="T214S" value="00:27:55,480" />
-Susie.
  </s>
  <s id="332">
-Susie Sug från Fanø.
    <time id="T214E" value="00:27:58,153" />
  </s>
  <s id="333">
    <time id="T215S" value="00:27:58,320" />
Sluta, Bimme!
    <time id="T215E" value="00:28:01,118" />
  </s>
  <s id="334">
    <time id="T216S" value="00:28:07,520" />
Hon är lite upprörd.
    <time id="T216E" value="00:28:10,318" />
  </s>
  <s id="335">
    <time id="T217S" value="00:28:10,480" />
Det var hennes bästa väninna som låg i den där sommarstugan.
    <time id="T217E" value="00:28:15,713" />
  </s>
  <s id="336">
    <time id="T218S" value="00:28:17,320" />
Du kanske kan trösta henne?
    <time id="T218E" value="00:28:20,676" />
  </s>
  <s id="337">
    <time id="T219S" value="00:28:20,840" />
Hon suger bra, Johnny.
    <time id="T219E" value="00:28:24,674" />
  </s>
  <s id="338">
    <time id="T220S" value="00:28:28,240" />
-Susie...får jag bjuda på ett glas?
  </s>
  <s id="339">
-Ja, tack.
    <time id="T220E" value="00:28:34,110" />
  </s>
  <s id="340">
    <time id="T221S" value="00:29:04,040" />
Får jag fråga dig en sak?
    <time id="T221E" value="00:29:07,237" />
  </s>
  <s id="341">
    <time id="T222S" value="00:29:09,720" />
Du är ju bra på att förnimma saker och ting.
    <time id="T222E" value="00:29:15,477" />
  </s>
  <s id="342">
    <time id="T223S" value="00:29:17,040" />
Varför åkte jag hem till stugan igår?
    <time id="T223E" value="00:29:21,397" />
  </s>
  <s id="343">
    <time id="T224S" value="00:29:21,560" />
Jag visste bara att jag måste åka.
    <time id="T224E" value="00:29:24,870" />
  </s>
  <s id="344">
    <time id="T225S" value="00:29:25,040" />
-Var det rädsla eller intuition?
  </s>
  <s id="345">
-Rädslan är inte användbar.
    <time id="T225E" value="00:29:29,636" />
  </s>
  <s id="346">
    <time id="T226S" value="00:29:29,800" />
Jag såg liksom snabba bilder att det hänt Mille nåt.
    <time id="T226E" value="00:29:34,828" />
  </s>
  <s id="347">
    <time id="T227S" value="00:29:35,000" />
Ditt överjag straffade dig för att du försummar familjen.
    <time id="T227E" value="00:29:41,792" />
  </s>
  <s id="348">
    <time id="T228S" value="00:29:41,960" />
Men det var din intuition som fick dig att åka hem.
    <time id="T228E" value="00:29:46,795" />
  </s>
  <s id="349">
    <time id="T229S" value="00:29:58,600" />
-God morgon.
  </s>
  <s id="350">
-Har du skrivit rapporten?
    <time id="T229E" value="00:30:02,593" />
  </s>
  <s id="351">
    <time id="T230S" value="00:30:02,760" />
Jag är ingen maskin.
    <time id="T230E" value="00:30:05,149" />
  </s>
  <s id="352">
    <time id="T231S" value="00:30:05,320" />
Igår var jag på semester med min fru, på eftermiddan blev hon överfallen.
    <time id="T231E" value="00:30:10,633" />
  </s>
  <s id="353">
    <time id="T232S" value="00:30:10,800" />
-Dessutom har vi ett fall att lösa.
  </s>
  <s id="354">
-Alla har vi något.
    <time id="T232E" value="00:30:14,793" />
  </s>
  <s id="355">
    <time id="T233S" value="00:30:14,960" />
-Och du vill ha tre exemplar?
  </s>
  <s id="356">
-Det har jag inte sagt.
    <time id="T233E" value="00:30:18,953" />
  </s>
  <s id="357">
    <time id="T234S" value="00:30:19,120" />
Jag har bara sagt att jag vill ha den idag.
    <time id="T234E" value="00:30:23,716" />
  </s>
  <s id="358">
    <time id="T235S" value="00:30:23,880" />
God morgon.
    <time id="T235E" value="00:30:25,757" />
  </s>
  <s id="359">
    <time id="T236S" value="00:30:29,960" />
Okej, ska vi...? 
  </s>
  <s id="360">
Bra.
    <time id="T236E" value="00:30:33,316" />
  </s>
  <s id="361">
    <time id="T237S" value="00:30:33,480" />
-Kolla stesolidburken från stugan.
  </s>
  <s id="362">
-Den är från sjukhuset - stulen.
    <time id="T237E" value="00:30:38,918" />
  </s>
  <s id="363">
    <time id="T238S" value="00:30:39,080" />
-Stulen?
  </s>
  <s id="364">
-Troligen av nån anställd.
    <time id="T238E" value="00:30:42,789" />
  </s>
  <s id="365">
    <time id="T239S" value="00:30:42,960" />
Så det är solbrillor som gäller idag...?
    <time id="T239E" value="00:30:46,635" />
  </s>
  <s id="366">
    <time id="T240S" value="00:30:51,040" />
-Vi stör dig väl inte, Johnny?
  </s>
  <s id="367">
-Jag ska bara ha några säkringar.
    <time id="T240E" value="00:30:56,672" />
  </s>
  <s id="368">
    <time id="T241S" value="00:30:59,240" />
Vi har en lista med Dittes telefonsamtal tisdag kväll.
    <time id="T241E" value="00:31:03,711" />
  </s>
  <s id="369">
    <time id="T242S" value="00:31:03,880" />
Flera långa samtal till den anonyma anmälarens telefon.
    <time id="T242E" value="00:31:07,873" />
  </s>
  <s id="370">
    <time id="T243S" value="00:31:08,040" />
Jag har försökt ringa några gånger, men det är ingen som svarar.
    <time id="T243E" value="00:31:12,238" />
  </s>
  <s id="371">
    <time id="T244S" value="00:31:12,400" />
Kan det ha att göra med att numret inte känns igen?
    <time id="T244E" value="00:31:17,076" />
  </s>
  <s id="372">
    <time id="T245S" value="00:31:17,240" />
Förlåt att jag lägger mig, men det är så att jag pratade med en igår som sa att den döda, Ditte hade en kille innan den där Flemming som ni har gripit.
    <time id="T247E" value="00:31:32,194" />
  </s>
  <s id="373">
    <time id="T248S" value="00:31:32,360" />
Han heter Noller och var visst svartsjuk på Flemming och Ditte.
    <time id="T248E" value="00:31:37,388" />
  </s>
  <s id="374">
    <time id="T249S" value="00:31:37,560" />
-Noller?
  </s>
  <s id="375">
-Jens Arnold Jørgensen - ett rötägg.
    <time id="T249E" value="00:31:40,950" />
  </s>
  <s id="376">
    <time id="T250S" value="00:31:41,120" />
-Det stämmer nog.
  </s>
  <s id="377">
-Var fick du veta det här?
    <time id="T250E" value="00:31:44,749" />
  </s>
  <s id="378">
    <time id="T251S" value="00:31:44,920" />
-Ute på stan.
  </s>
  <s id="379">
-Var lite konkret.
    <time id="T251E" value="00:31:48,037" />
  </s>
  <s id="380">
    <time id="T252S" value="00:31:48,200" />
-Från en väninna till Ditte.
  </s>
  <s id="381">
-Vad heter hon?
    <time id="T252E" value="00:31:52,034" />
  </s>
  <s id="382">
    <time id="T253S" value="00:31:52,200" />
Susie. 
  </s>
  <s id="383">
Hon jobbar på Diligensen.
  </s>
  <s id="384">
Hon kunde inte förstå...
    <time id="T253E" value="00:31:56,273" />
  </s>
  <s id="385">
    <time id="T254S" value="00:31:56,440" />
Susie Sug från Fanø. 
  </s>
  <s id="386">
Hon kallas så.
    <time id="T254E" value="00:32:01,150" />
  </s>
  <s id="387">
    <time id="T255S" value="00:32:01,320" />
-Stämmer det, Johnny?
  </s>
  <s id="388">
-Fischer!
    <time id="T255E" value="00:32:05,108" />
  </s>
  <s id="389">
    <time id="T256S" value="00:32:05,280" />
-Du talar med Susie på Diligensen.
  </s>
  <s id="390">
-Jag tar Susie Sug...
    <time id="T256E" value="00:32:09,876" />
  </s>
  <s id="391">
    <time id="T257S" value="00:32:10,040" />
Vad var det hon inte kunde förstå?
    <time id="T257E" value="00:32:14,192" />
  </s>
  <s id="392">
    <time id="T258S" value="00:32:14,360" />
Att Noller hade hälsat på Flemming och Ditte i sommarstugan.
    <time id="T258E" value="00:32:19,480" />
  </s>
  <s id="393">
    <time id="T259S" value="00:32:19,640" />
När han nu var så svartsjuk.
    <time id="T259E" value="00:32:21,995" />
  </s>
  <s id="394">
    <time id="T260S" value="00:32:22,160" />
-Kan Noller ha sålt stesolid?
  </s>
  <s id="395">
-Känner han nån på sjukhuset?
    <time id="T260E" value="00:32:26,950" />
  </s>
  <s id="396">
    <time id="T261S" value="00:32:27,120" />
-Inte vad jag vet.
  </s>
  <s id="397">
-Ingrid, har du en sekund?
    <time id="T261E" value="00:32:31,591" />
  </s>
  <s id="398">
    <time id="T262S" value="00:32:36,040" />
-Vad gäller saken?
  </s>
  <s id="399">
-Fischer.
    <time id="T262E" value="00:32:39,032" />
  </s>
  <s id="400">
    <time id="T263S" value="00:32:39,200" />
Läkaren säger att Flemming sparkades minst tre gånger i magen.
    <time id="T263E" value="00:32:45,116" />
  </s>
  <s id="401">
    <time id="T264S" value="00:32:46,440" />
Efter att han fått handfängsel.
    <time id="T264E" value="00:32:49,034" />
  </s>
  <s id="402">
    <time id="T265S" value="00:32:49,200" />
Flemmings advokat vill gå till pressen.
    <time id="T265E" value="00:32:52,829" />
  </s>
  <s id="403">
    <time id="T266S" value="00:32:53,000" />
Jag sa naturligtvis att Flemming hotat Fischers fru med kniv men det brydde han sig inte om, och dessvärre har han ju rätt.
    <time id="T267E" value="00:33:01,911" />
  </s>
  <s id="404">
    <time id="T268S" value="00:33:02,080" />
Faktum är ju att han fick stryk efter att han blivit gripen.
    <time id="T268E" value="00:33:06,153" />
  </s>
  <s id="405">
    <time id="T269S" value="00:33:06,320" />
-Det vet vi inte med säkerhet.
  </s>
  <s id="406">
-Är det din hållning?
    <time id="T269E" value="00:33:11,269" />
  </s>
  <s id="407">
    <time id="T270S" value="00:33:11,440" />
Jag har bett Fischer ge sin version av saken. 
  </s>
  <s id="408">
Därefter tar jag ställning.
    <time id="T270E" value="00:33:15,797" />
  </s>
  <s id="409">
    <time id="T271S" value="00:33:15,960" />
För att lugna advokaten sa jag att vi startat en stor internutredning.
    <time id="T271E" value="00:33:21,830" />
  </s>
  <s id="410">
    <time id="T272S" value="00:33:22,000" />
Med anledning av det var jag tvungen att informera Ulf - som är på väg.
    <time id="T272E" value="00:33:27,916" />
  </s>
  <s id="411">
    <time id="T273S" value="00:33:28,080" />
Jag beklagar, även för Fischers skull.
    <time id="T273E" value="00:33:31,117" />
  </s>
  <s id="412">
    <time id="T274S" value="00:33:31,280" />
Vittnesförhör
    <time id="T274E" value="00:33:33,669" />
  </s>
  <s id="413">
    <time id="T275S" value="00:33:33,840" />
Jag tror faktiskt att Ditte älskade Flemming. 
  </s>
  <s id="414">
Hon var själv ganska vild.
    <time id="T275E" value="00:33:38,834" />
  </s>
  <s id="415">
    <time id="T276S" value="00:33:39,000" />
Särskilt när hon druckit eller rökt.
  </s>
  <s id="416">
Hon ville att det skulle hända nåt.
    <time id="T276E" value="00:33:44,950" />
  </s>
  <s id="417">
    <time id="T277S" value="00:33:45,120" />
Du vet nog vad jag menar.
    <time id="T277E" value="00:33:47,714" />
  </s>
  <s id="418">
    <time id="T278S" value="00:33:47,880" />
De ska stå där borta.
    <time id="T278E" value="00:33:51,475" />
  </s>
  <s id="419">
    <time id="T279S" value="00:33:51,640" />
Vi ses. 
  </s>
  <s id="420">
Sov gott. 
  </s>
  <s id="421">
Hälsa hem.
    <time id="T279E" value="00:33:54,916" />
  </s>
  <s id="422">
    <time id="T280S" value="00:33:55,080" />
Jag tror hon gillade Flemmings laglöshet. 
  </s>
  <s id="423">
Han var helt galen.
    <time id="T280E" value="00:34:00,871" />
  </s>
  <s id="424">
    <time id="T281S" value="00:34:01,040" />
-Då måste stugan verkat tråkig.
  </s>
  <s id="425">
-De lekte nog mamma, pappa, barn.
    <time id="T281E" value="00:34:05,431" />
  </s>
  <s id="426">
    <time id="T282S" value="00:34:05,600" />
Hon var gravid och ville att han skulle ta sitt straff så att de kunde bli en riktig familj, men han vågade inte.
    <time id="T283E" value="00:34:14,520" />
  </s>
  <s id="427">
    <time id="T284S" value="00:34:14,680" />
-Vad var han rädd för?
  </s>
  <s id="428">
-Att hon inte skulle vänta.
    <time id="T284E" value="00:34:18,070" />
  </s>
  <s id="429">
    <time id="T285S" value="00:34:18,240" />
-Skulle hon inte ha väntat på honom?
  </s>
  <s id="430">
-Ditte hade eld i baken.
    <time id="T285E" value="00:34:22,950" />
  </s>
  <s id="431">
    <time id="T286S" value="00:34:23,120" />
Och det visste han.
    <time id="T286E" value="00:34:26,476" />
  </s>
  <s id="432">
    <time id="T287S" value="00:34:26,640" />
-Hur är det med den där Noller?
  </s>
  <s id="433">
-Han är psykopat!
    <time id="T287E" value="00:34:30,997" />
  </s>
  <s id="434">
    <time id="T288S" value="00:34:31,160" />
Han blev helt knäckt när Ditte lämnade honom.
    <time id="T288E" value="00:34:35,358" />
  </s>
  <s id="435">
    <time id="T289S" value="00:34:35,520" />
-Hur då knäckt?
  </s>
  <s id="436">
-Han tappade all kontroll.
    <time id="T289E" value="00:34:39,672" />
  </s>
  <s id="437">
    <time id="T290S" value="00:34:39,840" />
Just därför var det så konstigt att han hälsade på i sommarstugan.
    <time id="T290E" value="00:34:44,277" />
  </s>
  <s id="438">
    <time id="T291S" value="00:34:44,440" />
Han kanske inte var svartsjuk längre.
  </s>
  <s id="439">
Han kanske hade en ny tjej.
    <time id="T291E" value="00:34:49,070" />
  </s>
  <s id="440">
    <time id="T292S" value="00:34:51,280" />
Hade han det?
    <time id="T292E" value="00:34:53,271" />
  </s>
  <s id="441">
    <time id="T293S" value="00:34:53,440" />
-Vad heter hon?
  </s>
  <s id="442">
-Hon heter Karen.
    <time id="T293E" value="00:34:57,035" />
  </s>
  <s id="443">
    <time id="T294S" value="00:34:57,200" />
Det är bara för mycket.
  </s>
  <s id="444">
Hon är gammal - minst fyrtio år.
    <time id="T294E" value="00:35:01,432" />
  </s>
  <s id="445">
    <time id="T295S" value="00:35:01,600" />
-Jobbar hon på sjukhuset?
  </s>
  <s id="446">
-Det vet jag inte.
    <time id="T295E" value="00:35:04,751" />
  </s>
  <s id="447">
    <time id="T296S" value="00:35:04,920" />
-Var hittar jag den där Noller?
  </s>
  <s id="448">
-Han säljer sin skit på stationen.
    <time id="T296E" value="00:35:10,438" />
  </s>
  <s id="449">
    <time id="T297S" value="00:35:15,240" />
Det är Fischer. 
  </s>
  <s id="450">
Nu ska du får höra.
    <time id="T297E" value="00:35:18,471" />
  </s>
  <s id="451">
    <time id="T298S" value="00:35:18,640" />
Nollers kontakt på sjukhuset heter Karen och är runt fyrtio år.
    <time id="T298E" value="00:35:23,873" />
  </s>
  <s id="452">
    <time id="T299S" value="00:35:24,040" />
-Vad heter hon mer än Karen?
  </s>
  <s id="453">
-Vet inte. 
  </s>
  <s id="454">
Jag går till stationen.
    <time id="T299E" value="00:35:28,158" />
  </s>
  <s id="455">
    <time id="T300S" value="00:35:28,320" />
-Varför det?
  </s>
  <s id="456">
-Det är där Noller håller till.
    <time id="T300E" value="00:35:31,869" />
  </s>
  <s id="457">
    <time id="T301S" value="00:35:32,040" />
-Tack ska du ha.
  </s>
  <s id="458">
-Tack själv.
    <time id="T301E" value="00:35:35,749" />
  </s>
  <s id="459">
    <time id="T302S" value="00:35:35,920" />
Nollers kontakt på sjukhuset heter Karen och är runt fyrtio år.
    <time id="T302E" value="00:35:41,870" />
  </s>
  <s id="460">
    <time id="T303S" value="00:35:42,040" />
Hon går nog att hitta.
    <time id="T303E" value="00:35:43,553" />
  </s>
  <s id="461">
    <time id="T304S" value="00:35:51,320" />
-Hej, älskling.
  </s>
  <s id="462">
-Jag har precis talat med Ulf.
    <time id="T304E" value="00:35:54,949" />
  </s>
  <s id="463">
    <time id="T305S" value="00:35:55,120" />
-Varför det?
  </s>
  <s id="464">
-Han ville veta vad som hände.
    <time id="T305E" value="00:35:59,033" />
  </s>
  <s id="465">
    <time id="T306S" value="00:35:59,200" />
- Vad sa du?
  </s>
  <s id="466">
-Jag sa...sanningen.
    <time id="T306E" value="00:36:03,716" />
  </s>
  <s id="467">
    <time id="T307S" value="00:36:06,760" />
Att den där psykopaten hotade med kniv och att du var tvungen att sparka ner honom.
    <time id="T308E" value="00:36:14,391" />
  </s>
  <s id="468">
    <time id="T309S" value="00:36:15,640" />
-Det hade du inte behövt säga.
  </s>
  <s id="469">
-Jo...
    <time id="T309E" value="00:36:19,110" />
  </s>
  <s id="470">
    <time id="T310S" value="00:36:19,280" />
Problemet är bara att han inte tror på mig.
    <time id="T310E" value="00:36:23,478" />
  </s>
  <s id="471">
    <time id="T311S" value="00:36:23,640" />
Han är på väg till dig nu.
    <time id="T311E" value="00:36:26,677" />
  </s>
  <s id="472">
    <time id="T312S" value="00:36:26,840" />
Vi ses.
    <time id="T312E" value="00:36:29,229" />
  </s>
  <s id="473">
    <time id="T313S" value="00:36:48,840" />
-Karen Kjær Johansen?
  </s>
  <s id="474">
-Ja.
    <time id="T313E" value="00:36:51,718" />
  </s>
  <s id="475">
    <time id="T314S" value="00:36:51,880" />
la Cour - mordkommissionen.
  </s>
  <s id="476">
Kan vi tala ostört nånstans?
    <time id="T314E" value="00:36:57,034" />
  </s>
  <s id="477">
    <time id="T315S" value="00:37:02,360" />
Esbjergs centralstation
    <time id="T315E" value="00:37:06,592" />
  </s>
  <s id="478">
    <time id="T316S" value="00:37:33,960" />
Hej, Noller.
    <time id="T316E" value="00:37:36,554" />
  </s>
  <s id="479">
    <time id="T317S" value="00:37:38,320" />
-Vad är det?
  </s>
  <s id="480">
-Vet du vad klockan är?
    <time id="T317E" value="00:37:41,995" />
  </s>
  <s id="481">
    <time id="T318S" value="00:37:43,000" />
-Kvart över elva.
  </s>
  <s id="482">
-Det är korrekt, Noller.
    <time id="T318E" value="00:37:45,798" />
  </s>
  <s id="483">
    <time id="T319S" value="00:37:45,960" />
Och du är gripen.
    <time id="T319E" value="00:37:48,030" />
  </s>
  <s id="484">
    <time id="T320S" value="00:37:48,200" />
Karen, känner du Noller?
  </s>
  <s id="485">
Nej, det säger mig inte nåt.
    <time id="T320E" value="00:37:53,513" />
  </s>
  <s id="486">
    <time id="T321S" value="00:37:54,520" />
-Hur är det med Ditte, då?
  </s>
  <s id="487">
-Ditte...? 
  </s>
  <s id="488">
Nej.
    <time id="T321E" value="00:38:00,436" />
  </s>
  <s id="489">
    <time id="T322S" value="00:38:00,600" />
-Men du läser väl tidningen?
  </s>
  <s id="490">
-Jo.
    <time id="T322E" value="00:38:04,229" />
  </s>
  <s id="491">
    <time id="T323S" value="00:38:04,400" />
Du har väl läst om kvinnan i sommarstugan?
    <time id="T323E" value="00:38:08,279" />
  </s>
  <s id="492">
    <time id="T324S" value="00:38:08,440" />
Det var jag som hittade henne.
  </s>
  <s id="493">
Hon blev ihjälslagen med en yxa.
    <time id="T324E" value="00:38:12,433" />
  </s>
  <s id="494">
    <time id="T325S" value="00:38:12,600" />
Huvudet var alldeles uppfläkt.
  </s>
  <s id="495">
Det var mycket otäckt att se.
    <time id="T325E" value="00:38:16,593" />
  </s>
  <s id="496">
    <time id="T326S" value="00:38:16,760" />
Det var Ditte.
    <time id="T326E" value="00:38:18,512" />
  </s>
  <s id="497">
    <time id="T327S" value="00:38:18,680" />
-Men henne känner du alltså inte?
  </s>
  <s id="498">
-Nej.
    <time id="T327E" value="00:38:23,879" />
  </s>
  <s id="499">
    <time id="T328S" value="00:38:36,600" />
Det går bra att svara.
    <time id="T328E" value="00:38:40,354" />
  </s>
  <s id="500">
    <time id="T329S" value="00:38:42,040" />
-Vi får inte ha mobiler här...
  </s>
  <s id="501">
-Det var bra att du sa det.
    <time id="T329E" value="00:38:46,556" />
  </s>
  <s id="502">
    <time id="T330S" value="00:38:46,720" />
Jag har min mobil här.
    <time id="T330E" value="00:38:48,915" />
  </s>
  <s id="503">
    <time id="T331S" value="00:38:49,080" />
Och till på köpet är det jag som ringer till dig.
    <time id="T331E" value="00:38:53,437" />
  </s>
  <s id="504">
    <time id="T332S" value="00:38:55,160" />
Det var väl du som ringde och anmälde mordet på Ditte Andersen?
    <time id="T332E" value="00:39:00,757" />
  </s>
  <s id="505">
    <time id="T333S" value="00:39:04,600" />
Noller, du vet väl varför du är här?
    <time id="T333E" value="00:39:08,593" />
  </s>
  <s id="506">
    <time id="T334S" value="00:39:08,760" />
Jag struntar i skiten du säljer.
  </s>
  <s id="507">
Jag vill prata om Ditte och Flemming.
    <time id="T334E" value="00:39:14,596" />
  </s>
  <s id="508">
    <time id="T335S" value="00:39:14,760" />
Har du hälsat på dem i sommarstugan?
    <time id="T335E" value="00:39:18,753" />
  </s>
  <s id="509">
    <time id="T336S" value="00:39:23,000" />
-Hur är det fatt?
  </s>
  <s id="510">
-Det var jag.
    <time id="T336E" value="00:39:27,391" />
  </s>
  <s id="511">
    <time id="T337S" value="00:39:28,840" />
-Vad menar du?
  </s>
  <s id="512">
-Det var jag som slog ihjäl Ditte.
    <time id="T337E" value="00:39:33,630" />
  </s>
  <s id="513">
    <time id="T338S" value="00:39:35,680" />
Hur gjorde du det?
    <time id="T338E" value="00:39:38,672" />
  </s>
  <s id="514">
    <time id="T339S" value="00:39:42,040" />
Med en yxa... 
  </s>
  <s id="515">
Jag slog henne tre gånger i huvudet med en yxa.
    <time id="T339E" value="00:39:46,830" />
  </s>
  <s id="516">
    <time id="T340S" value="00:39:47,000" />
Huvudet var helt uppfläkt efter sista slaget.
    <time id="T340E" value="00:39:51,152" />
  </s>
  <s id="517">
    <time id="T341S" value="00:39:51,320" />
Vad gjorde du sen?
    <time id="T341E" value="00:39:54,915" />
  </s>
  <s id="518">
    <time id="T342S" value="00:39:55,080" />
-Var gömde du henne nånstans?
  </s>
  <s id="519">
-I trädgården...?
    <time id="T342E" value="00:39:59,631" />
  </s>
  <s id="520">
    <time id="T343S" value="00:39:59,800" />
-Det tror jag nog inte.
  </s>
  <s id="521">
-Det gjorde jag.
    <time id="T343E" value="00:40:03,873" />
  </s>
  <s id="522">
    <time id="T344S" value="00:40:04,040" />
-Men jag tror dig inte.
  </s>
  <s id="523">
-Jag såg det ju med egna ögon!
    <time id="T344E" value="00:40:08,158" />
  </s>
  <s id="524">
    <time id="T345S" value="00:40:08,320" />
Huvudet var helt uppfläkt och ansiktet...
    <time id="T346E" value="00:40:15,232" />
  </s>
  <s id="525">
    <time id="T347S" value="00:40:15,400" />
Det var...
    <time id="T347E" value="00:40:18,392" />
  </s>
  <s id="526">
    <time id="T348S" value="00:40:19,920" />
Noller var hos dig på tisdagskvällen.
    <time id="T348E" value="00:40:22,514" />
  </s>
  <s id="527">
    <time id="T349S" value="00:40:22,680" />
Ni ringde till dem i stugan flera gånger.
    <time id="T349E" value="00:40:25,990" />
  </s>
  <s id="528">
    <time id="T350S" value="00:40:26,160" />
-Vad pratade ni om?
  </s>
  <s id="529">
-De pratade mest med Noller.
    <time id="T350E" value="00:40:31,393" />
  </s>
  <s id="530">
    <time id="T351S" value="00:40:31,560" />
Ditte och Flemming var fulla och höga.
    <time id="T351E" value="00:40:36,315" />
  </s>
  <s id="531">
    <time id="T352S" value="00:40:36,480" />
Flemming trodde inte att Ditte skulle vänta, om han tog sitt straff.
    <time id="T352E" value="00:40:41,076" />
  </s>
  <s id="532">
    <time id="T353S" value="00:40:41,240" />
Sen frågade Flemming mig om jag trodde Ditte skulle vänta på honom.
    <time id="T353E" value="00:40:45,836" />
  </s>
  <s id="533">
    <time id="T354S" value="00:40:46,000" />
-Vad svarade du?
  </s>
  <s id="534">
-Att han inte skulle räkna med det.
    <time id="T354E" value="00:40:51,711" />
  </s>
  <s id="535">
    <time id="T355S" value="00:40:51,880" />
Ditte var för bra för honom.
    <time id="T355E" value="00:40:55,077" />
  </s>
  <s id="536">
    <time id="T356S" value="00:40:56,480" />
Efter en halvtimme ringer Flemming igen.
    <time id="T356E" value="00:40:59,472" />
  </s>
  <s id="537">
    <time id="T357S" value="00:40:59,640" />
Han beskriver hur han har slagit ihjäl henne - in i minsta detalj.
    <time id="T357E" value="00:41:05,476" />
  </s>
  <s id="538">
    <time id="T358S" value="00:41:05,640" />
Han frågade om Noller kunde hjälpa honom att flytta kroppen.
    <time id="T358E" value="00:41:08,916" />
  </s>
  <s id="539">
    <time id="T359S" value="00:41:09,080" />
Noller flippade ut fullständigt.
    <time id="T359E" value="00:41:12,470" />
  </s>
  <s id="540">
    <time id="T360S" value="00:41:12,640" />
Du förstår, Noller är inte...helt frisk.
    <time id="T360E" value="00:41:18,078" />
  </s>
  <s id="541">
    <time id="T361S" value="00:41:20,560" />
Det är aldrig nån som brytt sig om honom.
    <time id="T361E" value="00:41:24,269" />
  </s>
  <s id="542">
    <time id="T362S" value="00:41:24,440" />
-Men det gör du.
  </s>
  <s id="543">
-Ja.
    <time id="T362E" value="00:41:27,876" />
  </s>
  <s id="544">
    <time id="T363S" value="00:41:29,640" />
-Och ni gör affärer via mobilen.
  </s>
  <s id="545">
-Jag har aldrig tjänat nåt på det.
    <time id="T363E" value="00:41:35,476" />
  </s>
  <s id="546">
    <time id="T364S" value="00:41:35,640" />
Han började tro att det var han som slagit ihjäl Ditte.
    <time id="T364E" value="00:41:39,872" />
  </s>
  <s id="547">
    <time id="T365S" value="00:41:40,040" />
Men vi hittade ju henne nere vid stranden.
    <time id="T365E" value="00:41:43,794" />
  </s>
  <s id="548">
    <time id="T366S" value="00:41:43,960" />
Det är ju det jag säger!
    <time id="T366E" value="00:41:46,428" />
  </s>
  <s id="549">
    <time id="T367S" value="00:41:46,600" />
Men vi hittade henne inte på stranden heller utan i badrummet.
    <time id="T367E" value="00:41:52,072" />
  </s>
  <s id="550">
    <time id="T368S" value="00:41:52,240" />
Vet du vad jag tror? 
  </s>
  <s id="551">
Jag tror inte ens du var i huset när det hände.
    <time id="T368E" value="00:41:57,234" />
  </s>
  <s id="552">
    <time id="T369S" value="00:41:57,400" />
Vi hittade dina fingeravtryck i stugan, men inte i badrummet.
    <time id="T369E" value="00:42:02,269" />
  </s>
  <s id="553">
    <time id="T370S" value="00:42:05,200" />
Vem är det då som har gjort det?
    <time id="T370E" value="00:42:08,192" />
  </s>
  <s id="554">
    <time id="T371S" value="00:42:08,360" />
-Var det Flemming?
  </s>
  <s id="555">
-Nej!
    <time id="T371E" value="00:42:11,830" />
  </s>
  <s id="556">
    <time id="T372S" value="00:42:12,840" />
Jo...
    <time id="T372E" value="00:42:14,637" />
  </s>
  <s id="557">
    <time id="T373S" value="00:42:14,800" />
Jag vet inte!
    <time id="T373E" value="00:42:17,314" />
  </s>
  <s id="558">
    <time id="T374S" value="00:42:22,840" />
Klockan är 13.32 och vi avbryter förhöret.
    <time id="T374E" value="00:42:27,072" />
  </s>
  <s id="559">
    <time id="T375S" value="00:42:27,240" />
Det kommer strax nån och hämtar dig.
    <time id="T375E" value="00:42:30,915" />
  </s>
  <s id="560">
    <time id="T376S" value="00:42:33,680" />
Se till att få hit Flemming.
  </s>
  <s id="561">
Så sjuk är han väl ändå inte?
    <time id="T376E" value="00:42:39,596" />
  </s>
  <s id="562">
    <time id="T377S" value="00:42:39,760" />
-God dag, Ingrid.
  </s>
  <s id="563">
-God dag.
    <time id="T377E" value="00:42:42,832" />
  </s>
  <s id="564">
    <time id="T378S" value="00:42:43,000" />
Jag trodde att du skulle komma till mig om vi fick problem.
    <time id="T378E" value="00:42:48,677" />
  </s>
  <s id="565">
    <time id="T379S" value="00:42:48,840" />
Inte att jag skulle få höra det från andra. 
  </s>
  <s id="566">
Men jag tog alltså miste.
    <time id="T379E" value="00:42:52,753" />
  </s>
  <s id="567">
    <time id="T380S" value="00:42:52,920" />
Vi vet ju inte om det är nåt problem!
    <time id="T380E" value="00:42:55,753" />
  </s>
  <s id="568">
    <time id="T381S" value="00:42:55,920" />
Fischers rapport skulle få avgöra om jag skulle kontakta dig.
    <time id="T381E" value="00:43:00,436" />
  </s>
  <s id="569">
    <time id="T382S" value="00:43:00,600" />
-Och var är rapporten?
  </s>
  <s id="570">
-Den är inte färdig.
    <time id="T382E" value="00:43:05,390" />
  </s>
  <s id="571">
    <time id="T383S" value="00:43:05,560" />
Förstår du inte vad det handlar om?
    <time id="T383E" value="00:43:08,552" />
  </s>
  <s id="572">
    <time id="T384S" value="00:43:08,720" />
Det är vår uppgift att utreda polisens felsteg.
    <time id="T384E" value="00:43:12,918" />
  </s>
  <s id="573">
    <time id="T385S" value="00:43:13,080" />
Men vem är det som utreder våra egna?
    <time id="T385E" value="00:43:16,470" />
  </s>
  <s id="574">
    <time id="T386S" value="00:43:16,640" />
Ingen!
    <time id="T386E" value="00:43:18,870" />
  </s>
  <s id="575">
    <time id="T387S" value="00:43:19,040" />
Därför får det inte finnas minsta misstanke!
    <time id="T387E" value="00:43:22,919" />
  </s>
  <s id="576">
    <time id="T388S" value="00:43:23,080" />
-Har ni skickat efter Flemming?
  </s>
  <s id="577">
-Ja, det har jag gjort.
    <time id="T388E" value="00:43:28,074" />
  </s>
  <s id="578">
    <time id="T389S" value="00:43:28,240" />
-Är han kvar på sjukhuset?
  </s>
  <s id="579">
-Nej, han fördes till häktet i morse.
    <time id="T389E" value="00:43:34,349" />
  </s>
  <s id="580">
    <time id="T390S" value="00:43:43,520" />
-Hej, Ulf.
  </s>
  <s id="581">
-Sätt dig.
    <time id="T390E" value="00:43:46,796" />
  </s>
  <s id="582">
    <time id="T391S" value="00:43:47,840" />
Jag sa att du skulle sätta dig.
    <time id="T391E" value="00:43:50,593" />
  </s>
  <s id="583">
    <time id="T392S" value="00:43:55,320" />
Idiot...
    <time id="T392E" value="00:43:57,515" />
  </s>
  <s id="584">
    <time id="T393S" value="00:44:04,800" />
-Ska jag sätta på den där?
  </s>
  <s id="585">
-Jag var också lite vild i din ålder.
    <time id="T393E" value="00:44:08,793" />
  </s>
  <s id="586">
    <time id="T394S" value="00:44:08,960" />
Jag tänkte bara på att få fast buset.
    <time id="T394E" value="00:44:12,191" />
  </s>
  <s id="587">
    <time id="T395S" value="00:44:12,360" />
Jag brydde mig inte om ifall de haft taskig barndom.
    <time id="T395E" value="00:44:17,673" />
  </s>
  <s id="588">
    <time id="T396S" value="00:44:17,840" />
-Det här är en annan situation...
  </s>
  <s id="589">
-Nu ska du lyssna på mig.
    <time id="T396E" value="00:44:22,277" />
  </s>
  <s id="590">
    <time id="T397S" value="00:44:22,440" />
Jag har funderat på att du skulle efterträda mig, men det går inte nu.
    <time id="T397E" value="00:44:28,549" />
  </s>
  <s id="591">
    <time id="T398S" value="00:44:28,720" />
-Jag säger upp mig.
  </s>
  <s id="592">
-Du stannar. 
  </s>
  <s id="593">
Det finns större saker.
    <time id="T398E" value="00:44:35,671" />
  </s>
  <s id="594">
    <time id="T399S" value="00:44:35,840" />
Vi är rikspolischefens ambassadörer.
    <time id="T399E" value="00:44:40,789" />
  </s>
  <s id="595">
    <time id="T400S" value="00:44:40,960" />
Jag har talat med din fru.
  </s>
  <s id="596">
Hon berättade att psykopaten...
    <time id="T400E" value="00:44:46,114" />
  </s>
  <s id="597">
    <time id="T401S" value="00:44:46,280" />
-Vad fan är det nu han heter?
  </s>
  <s id="598">
-Flemming.
    <time id="T401E" value="00:44:49,716" />
  </s>
  <s id="599">
    <time id="T402S" value="00:44:49,880" />
Han fick sparkarna när du avväpnade honom.
    <time id="T402E" value="00:44:54,237" />
  </s>
  <s id="600">
    <time id="T403S" value="00:44:54,400" />
Det bör också framgå i din rapport.
  </s>
  <s id="601">
Har jag rätt?
    <time id="T403E" value="00:44:59,110" />
  </s>
  <s id="602">
    <time id="T404S" value="00:44:59,280" />
-Har jag rätt?
  </s>
  <s id="603">
-Ja.
    <time id="T404E" value="00:45:03,512" />
  </s>
  <s id="604">
    <time id="T405S" value="00:45:03,680" />
Om advokaten är dum nog att gå vidare med det, krossar vi honom.
    <time id="T405E" value="00:45:08,390" />
  </s>
  <s id="605">
    <time id="T406S" value="00:45:08,560" />
Okej...?
    <time id="T406E" value="00:45:10,949" />
  </s>
  <s id="606">
    <time id="T407S" value="00:45:14,720" />
Jag informerar Krøgholt.
  </s>
  <s id="607">
Jag ska vidare till Århus.
    <time id="T407E" value="00:45:19,874" />
  </s>
  <s id="608">
    <time id="T408S" value="00:45:20,040" />
Hälsa de andra.
    <time id="T408E" value="00:45:22,634" />
  </s>
  <s id="609">
    <time id="T409S" value="00:45:23,640" />
Jag tar den här vägen.
    <time id="T409E" value="00:45:26,234" />
  </s>
  <s id="610">
    <time id="T410S" value="00:45:27,240" />
Lycka till med utredningen. 
  </s>
  <s id="611">
Den där FBl-kursen är naturligtvis inställd.
    <time id="T410E" value="00:45:33,156" />
  </s>
  <s id="612">
    <time id="T411S" value="00:45:49,040" />
-Så du har inte åkt än?
  </s>
  <s id="613">
-Nej, jag ändrade mig.
    <time id="T411E" value="00:45:54,068" />
  </s>
  <s id="614">
    <time id="T412S" value="00:45:54,240" />
Är det Susie Sug som drar?
    <time id="T412E" value="00:45:58,950" />
  </s>
  <s id="615">
    <time id="T413S" value="00:45:59,120" />
Du tror väl inte att det hände nåt?
    <time id="T413E" value="00:46:01,839" />
  </s>
  <s id="616">
    <time id="T414S" value="00:46:02,000" />
-Gjorde det det?
  </s>
  <s id="617">
-Nej.
    <time id="T414E" value="00:46:05,834" />
  </s>
  <s id="618">
    <time id="T415S" value="00:46:08,320" />
-Men vi är väl inget par heller?
  </s>
  <s id="619">
-Nej.
    <time id="T415E" value="00:46:12,472" />
  </s>
  <s id="620">
    <time id="T416S" value="00:46:12,640" />
Men man kan väl äta middag ihop ändå?
    <time id="T416E" value="00:46:16,155" />
  </s>
  <s id="621">
    <time id="T417S" value="00:46:16,320" />
Men då ska det vara på Josef och du ska betala.
    <time id="T417E" value="00:46:21,997" />
  </s>
  <s id="622">
    <time id="T418S" value="00:46:22,160" />
Och jag ska ha allt. 
  </s>
  <s id="623">
Förrätt, dessert kaffe med konjak och en stor cigarr.
    <time id="T418E" value="00:46:27,029" />
  </s>
  <s id="624">
    <time id="T419S" value="00:46:27,200" />
Det går bra, bara du betalar cigarren.
    <time id="T419E" value="00:46:31,318" />
  </s>
  <s id="625">
    <time id="T420S" value="00:46:38,440" />
Kom nu, Flemming.
    <time id="T420E" value="00:46:41,034" />
  </s>
  <s id="626">
    <time id="T421S" value="00:46:59,840" />
Vad i hel...? 
  </s>
  <s id="627">
Stoppa honom!
    <time id="T421E" value="00:47:02,718" />
  </s>
  <s id="628">
    <time id="T422S" value="00:47:11,800" />
Han är farlig och vi har kallat in all tillgänglig personal.
    <time id="T422E" value="00:47:16,715" />
  </s>
  <s id="629">
    <time id="T423S" value="00:47:16,880" />
-Är den misstänkte beväpnad?
  </s>
  <s id="630">
-Högst sannolikt.
    <time id="T423E" value="00:47:20,873" />
  </s>
  <s id="631">
    <time id="T424S" value="00:47:21,040" />
Jag ber alla kontakta oss om ni ser honom.
    <time id="T424E" value="00:47:24,396" />
  </s>
  <s id="632">
    <time id="T425S" value="00:47:24,560" />
-Tror ni att han kan slå till igen?
  </s>
  <s id="633">
-Flemming Hansen är oförutsägbar.
    <time id="T425E" value="00:47:28,997" />
  </s>
  <s id="634">
    <time id="T426S" value="00:47:29,160" />
Man bör undvika direkt konfrontation.
    <time id="T426E" value="00:47:32,914" />
  </s>
  <s id="635">
    <time id="T427S" value="00:47:46,040" />
Det är bra. 
  </s>
  <s id="636">
- Nu har vi honom.
    <time id="T427E" value="00:47:49,157" />
  </s>
  <s id="637">
    <time id="T428S" value="00:47:49,320" />
Han har rånat en mack ute i Tarp.
  </s>
  <s id="638">
Han tog lite godis.
    <time id="T428E" value="00:47:53,393" />
  </s>
  <s id="639">
    <time id="T429S" value="00:47:53,560" />
-Bara godis?
  </s>
  <s id="640">
-Jag åker ut. 
  </s>
  <s id="641">
Fischer stannar här.
    <time id="T429E" value="00:47:57,394" />
  </s>
  <s id="642">
    <time id="T430S" value="00:48:01,720" />
Godis...?
    <time id="T430E" value="00:48:04,154" />
  </s>
  <s id="643">
    <time id="T431S" value="00:48:10,240" />
-Lite choklad kanske...?
  </s>
  <s id="644">
-Så dum kan han inte vara.
    <time id="T431E" value="00:48:14,791" />
  </s>
  <s id="645">
    <time id="T432S" value="00:48:24,880" />
Agnes Andersens bostad
    <time id="T432E" value="00:48:28,350" />
  </s>
  <s id="646">
    <time id="T433S" value="00:48:31,560" />
-Andra våningen.
  </s>
  <s id="647">
-Till vänster.
    <time id="T433E" value="00:48:36,076" />
  </s>
  <s id="648">
    <time id="T434S" value="00:48:38,640" />
Där är han!
    <time id="T434E" value="00:48:40,471" />
  </s>
  <s id="649">
    <time id="T435S" value="00:48:40,640" />
Det är la Cour. 
  </s>
  <s id="650">
Han är hos mormor.
    <time id="T435E" value="00:48:44,713" />
  </s>
  <s id="651">
    <time id="T436S" value="00:48:44,880" />
Vi är här nu.
    <time id="T436E" value="00:48:47,269" />
  </s>
  <s id="652">
    <time id="T437S" value="00:48:47,440" />
De kommer om fem minuter.
  </s>
  <s id="653">
Vi ska bara vänta.
    <time id="T437E" value="00:48:51,433" />
  </s>
  <s id="654">
    <time id="T438S" value="00:48:57,040" />
Du ska ha en chokladbit.
  </s>
  <s id="655">
Jag har choklad med mig.
    <time id="T438E" value="00:49:01,670" />
  </s>
  <s id="656">
    <time id="T439S" value="00:49:01,840" />
-Du ska ha choklad och kaffe.
  </s>
  <s id="657">
-Nej, tack...
    <time id="T439E" value="00:49:06,436" />
  </s>
  <s id="658">
    <time id="T440S" value="00:49:07,520" />
Sitt ner!
    <time id="T440E" value="00:49:08,953" />
  </s>
  <s id="659">
    <time id="T441S" value="00:49:13,440" />
-Vart ska du?
  </s>
  <s id="660">
-Jag går upp.
    <time id="T441E" value="00:49:16,034" />
  </s>
  <s id="661">
    <time id="T442S" value="00:49:16,200" />
-Vad vill du bevisa?
  </s>
  <s id="662">
-Jag går upp!
    <time id="T442E" value="00:49:19,988" />
  </s>
  <s id="663">
    <time id="T443S" value="00:49:20,160" />
Om fem minuter kommer det tio man som kan det här bättre än du!
    <time id="T443E" value="00:49:25,280" />
  </s>
  <s id="664">
    <time id="T444S" value="00:49:30,680" />
Kan du förlåta mig?
    <time id="T444E" value="00:49:33,513" />
  </s>
  <s id="665">
    <time id="T445S" value="00:49:33,680" />
För vadå?
    <time id="T445E" value="00:49:36,148" />
  </s>
  <s id="666">
    <time id="T446S" value="00:49:37,840" />
För det där...ute i sommarstugan.
    <time id="T446E" value="00:49:41,992" />
  </s>
  <s id="667">
    <time id="T447S" value="00:49:44,720" />
Vad menar du?
    <time id="T447E" value="00:49:46,870" />
  </s>
  <s id="668">
    <time id="T448S" value="00:49:52,240" />
-I tisdags.
  </s>
  <s id="669">
-I tisdags...?
    <time id="T448E" value="00:49:55,357" />
  </s>
  <s id="670">
    <time id="T449S" value="00:49:55,520" />
Men då var du ju här och lagade köksskåpen.
    <time id="T449E" value="00:49:59,638" />
  </s>
  <s id="671">
    <time id="T450S" value="00:49:59,800" />
-Nej, det var i måndags.
  </s>
  <s id="672">
-Var det det?
    <time id="T450E" value="00:50:03,873" />
  </s>
  <s id="673">
    <time id="T451S" value="00:50:15,880" />
Hon sa att hon skulle vänta på mig.
    <time id="T451E" value="00:50:19,236" />
  </s>
  <s id="674">
    <time id="T452S" value="00:50:19,400" />
Men jag såg på henne att hon inte skulle vänta.
    <time id="T452E" value="00:50:23,837" />
  </s>
  <s id="675">
    <time id="T453S" value="00:50:24,840" />
Var det du som slog ihjäl henne, Flemming?
    <time id="T453E" value="00:50:30,437" />
  </s>
  <s id="676">
    <time id="T454S" value="00:50:32,440" />
Det blev alldeles...
    <time id="T454E" value="00:50:34,715" />
  </s>
  <s id="677">
    <time id="T455S" value="00:50:34,880" />
Det blev alldeles svart i huvudet på mig.
    <time id="T455E" value="00:50:40,876" />
  </s>
  <s id="678">
    <time id="T456S" value="00:50:41,040" />
Hur kunde du göra så?
  </s>
  <s id="679">
Jag som skulle bli gamlamormor.
    <time id="T456E" value="00:50:45,033" />
  </s>
  <s id="680">
    <time id="T457S" value="00:50:45,200" />
Håll käften! 
  </s>
  <s id="681">
Har du några pengar?
    <time id="T457E" value="00:50:49,876" />
  </s>
  <s id="682">
    <time id="T458S" value="00:51:00,760" />
Var är Fischer och la Cour?
    <time id="T458E" value="00:51:03,991" />
  </s>
  <s id="683">
    <time id="T459S" value="00:51:05,480" />
Är de alldeles från vettet?
  </s>
  <s id="684">
De får två minuter, sen går vi ni.
    <time id="T459E" value="00:51:10,759" />
  </s>
  <s id="685">
    <time id="T460S" value="00:51:24,360" />
Hör du nåt?
    <time id="T460E" value="00:51:26,874" />
  </s>
  <s id="686">
    <time id="T461S" value="00:51:56,080" />
Låt den vara!
    <time id="T461E" value="00:51:58,719" />
  </s>
  <s id="687">
    <time id="T462S" value="00:52:19,600" />
Svin!
    <time id="T462E" value="00:52:21,795" />
  </s>
  <s id="688">
    <time id="T463S" value="00:52:27,360" />
Släpp den!
    <time id="T463E" value="00:52:30,158" />
  </s>
  <s id="689">
    <time id="T464S" value="00:52:30,320" />
Lägg dig ner!
    <time id="T464E" value="00:52:32,311" />
  </s>
  <s id="690">
    <time id="T465S" value="00:52:41,480" />
-Krøgholt, tar du den här?
  </s>
  <s id="691">
-Fischer, vad fan tänker ni på?
    <time id="T465E" value="00:52:46,474" />
  </s>
  <s id="692">
    <time id="T466S" value="00:52:54,720" />
Vad handlade det där om?
    <time id="T466E" value="00:52:58,030" />
  </s>
  <s id="693">
    <time id="T467S" value="00:53:00,320" />
Ville du visa att du trots allt är en bra polis?
    <time id="T467E" value="00:53:04,233" />
  </s>
  <s id="694">
    <time id="T468S" value="00:53:04,400" />
-Det vet jag inte.
  </s>
  <s id="695">
-Ville du visa att du duger?
    <time id="T468E" value="00:53:09,838" />
  </s>
  <s id="696">
    <time id="T469S" value="00:53:13,840" />
Jag ville väl det.
    <time id="T469E" value="00:53:16,798" />
  </s>
  <s id="697">
    <time id="T470S" value="00:53:16,960" />
-God natt.
  </s>
  <s id="698">
-God natt.
    <time id="T470E" value="00:53:20,157" />
  </s>
  <s id="699">
    <time id="T471S" value="00:53:21,920" />
Flemming Bagge Hansen dömdes enligt paragraf 69, första stycket till sluten psykiatrisk vård på obestämd tid.
    <time id="T472E" value="00:53:30,871" />
  </s>
  <s id="700">
    <time id="T473S" value="00:53:31,040" />
Översättning: 
  </s>
  <s id="701">
Jim Wahlgren SDl Media
    <time id="T473E" value="00:53:35,477" />
  </s>
  <s id="702">
    <time id="T474S" value="00:53:35,640" />
Ansvarig utgivare:
  </s>
  <s id="703">
Pia Grünler
    <time id="T474E" value="00:53:38,393" />
  </s>
  <meta>
    <subtitle>
      <rating>0.0</rating>
      <language>Swedish</language>
      <version>0</version>
      <confidence>1.0</confidence>
      <machine_translated>0</machine_translated>
      <date>2012-05-13</date>
      <blocks>474</blocks>
      <duration>00:53:38,393</duration>
    </subtitle>
    <conversion>
      <tokens>4721</tokens>
      <encoding>windows-1252</encoding>
      <unknown_words>15</unknown_words>
      <ignored_blocks>0</ignored_blocks>
      <sentences>703</sentences>
      <truecased_words>0</truecased_words>
      <corrected_words>3</corrected_words>
    </conversion>
    <source>
      <HD>0</HD>
      <cds>1/1</cds>
      <country>Denmark, Sweden</country>
      <original>Danish, English</original>
      <year>2000</year>
      <genre>Action,Crime,Drama</genre>
      <duration>75</duration>
    </source>
  </meta>
</document>
