<?xml version="1.0" encoding="utf-8"?>
<document id="4985088">
  <s id="1">
    <time id="T1S" value="00:01:32,080" />
God Jul!
    <time id="T1E" value="00:01:33,630" />
  </s>
  <s id="2">
    <time id="T2S" value="00:02:02,720" />
Du gjorde oss lite oroliga.
    <time id="T2E" value="00:02:05,100" />
  </s>
  <s id="3">
    <time id="T3S" value="00:02:08,480" />
Ursäkta.
    <time id="T3E" value="00:02:10,590" />
  </s>
  <s id="4">
    <time id="T4S" value="00:02:10,840" />
Jag var upptagen.
    <time id="T4E" value="00:02:12,630" />
  </s>
  <s id="5">
    <time id="T5S" value="00:02:12,880" />
Det var i slutet på semestern och laget var i final.
    <time id="T5E" value="00:02:16,630" />
  </s>
  <s id="6">
    <time id="T6S" value="00:02:16,960" />
Det tar väl inte så lång tid... att lyfta på telefonen eller hur?
    <time id="T7E" value="00:02:23,110" />
  </s>
  <s id="7">
    <time id="T8S" value="00:02:25,160" />
Nej, sir.
    <time id="T8E" value="00:02:26,630" />
  </s>
  <s id="8">
    <time id="T9S" value="00:02:37,560" />
Du måste vara trött.
    <time id="T9E" value="00:02:39,750" />
  </s>
  <s id="9">
    <time id="T10S" value="00:02:41,680" />
Jag hämtar några filtar och lakan.
    <time id="T10E" value="00:02:44,270" />
  </s>
  <s id="10">
    <time id="T11S" value="00:02:57,600" />
God natt, pappa.
    <time id="T11E" value="00:02:58,990" />
  </s>
  <s id="11">
    <time id="T12S" value="00:03:25,280" />
- Det är skönt att ha dig hemma, raring.
  </s>
  <s id="12">
- Tack, mamma.
    <time id="T12E" value="00:03:28,710" />
  </s>
  <s id="13">
    <time id="T13S" value="00:03:32,120" />
- Jag ser i morgon.
  </s>
  <s id="14">
- God natt.
    <time id="T13E" value="00:03:34,150" />
  </s>
  <s id="15">
    <time id="T14S" value="00:03:34,400" />
- God natt.
    <time id="T14E" value="00:03:35,620" />
  </s>
  <s id="16">
    <time id="T15S" value="00:05:24,760" />
Den är bra.
    <time id="T15E" value="00:05:25,950" />
  </s>
  <s id="17">
    <time id="T16S" value="00:06:01,680" />
Var det allt?
    <time id="T16E" value="00:06:02,490" />
  </s>
  <s id="18">
    <time id="T17S" value="00:06:02,640" />
Det blir 8 dollar.
    <time id="T17E" value="00:06:03,780" />
  </s>
  <s id="19">
    <time id="T18S" value="00:06:05,240" />
Och 10.
    <time id="T18E" value="00:06:06,510" />
  </s>
  <s id="20">
    <time id="T19S" value="00:06:49,160" />
- Hej.
  </s>
  <s id="21">
- Vad kan jag hjälpa dig med?
    <time id="T19E" value="00:06:51,330" />
  </s>
  <s id="22">
    <time id="T20S" value="00:06:51,480" />
- Jag skulle vilja ha en kopp te.
  </s>
  <s id="23">
- En stor kopp, blir det bra?
    <time id="T20E" value="00:06:54,510" />
  </s>
  <s id="24">
    <time id="T21S" value="00:06:54,560" />
- Det blir bra.
    <time id="T21E" value="00:06:55,620" />
  </s>
  <s id="25">
    <time id="T22S" value="00:07:00,120" />
Lite mjölk?
    <time id="T22E" value="00:07:01,390" />
  </s>
  <s id="26">
    <time id="T23S" value="00:07:03,040" />
Ja tack.
    <time id="T23E" value="00:07:04,100" />
  </s>
  <s id="27">
    <time id="T24S" value="00:07:11,000" />
Varsågod.
    <time id="T24E" value="00:07:12,220" />
  </s>
  <s id="28">
    <time id="T25S" value="00:07:12,480" />
- Tack.
  </s>
  <s id="29">
- Varsågod.
    <time id="T25E" value="00:07:13,750" />
  </s>
  <s id="30">
    <time id="T26S" value="00:07:16,160" />
- Får jag sitta här?
    <time id="T26E" value="00:07:17,750" />
  </s>
  <s id="31">
    <time id="T27S" value="00:07:26,160" />
- Är det hemläxa?
  </s>
  <s id="32">
- Nej.
    <time id="T27E" value="00:07:28,590" />
  </s>
  <s id="33">
    <time id="T28S" value="00:07:31,400" />
Det är riktigt bra.
    <time id="T28E" value="00:07:32,620" />
  </s>
  <s id="34">
    <time id="T29S" value="00:07:33,280" />
Tack.
    <time id="T29E" value="00:07:34,340" />
  </s>
  <s id="35">
    <time id="T30S" value="00:07:48,760" />
- Är det dina?
  </s>
  <s id="36">
- Ja, vill ha en?
    <time id="T30E" value="00:07:51,320" />
  </s>
  <s id="37">
    <time id="T31S" value="00:07:53,080" />
- Nej, tack.
    <time id="T31E" value="00:07:54,140" />
  </s>
  <s id="38">
    <time id="T32S" value="00:08:09,800" />
Vi ses.
    <time id="T32E" value="00:08:10,590" />
  </s>
  <s id="39">
    <time id="T33S" value="00:08:11,440" />
Hej då.
    <time id="T33E" value="00:08:12,230" />
  </s>
  <s id="40">
    <time id="T34S" value="00:09:26,480" />
Kommer du ihåg mig?
    <time id="T34E" value="00:09:28,350" />
  </s>
  <s id="41">
    <time id="T35S" value="00:09:29,600" />
På cafét igår?
    <time id="T35E" value="00:09:31,750" />
  </s>
  <s id="42">
    <time id="T36S" value="00:09:32,000" />
Ja, jag kommer ihåg dig.
    <time id="T36E" value="00:09:34,300" />
  </s>
  <s id="43">
    <time id="T37S" value="00:09:35,520" />
Jag ville prata med dig.
    <time id="T37E" value="00:09:37,870" />
  </s>
  <s id="44">
    <time id="T38S" value="00:09:38,880" />
Om vadå?
    <time id="T38E" value="00:09:40,310" />
  </s>
  <s id="45">
    <time id="T39S" value="00:09:41,720" />
För vi båda har något gemensamt.
    <time id="T39E" value="00:09:45,030" />
  </s>
  <s id="46">
    <time id="T40S" value="00:09:46,680" />
Och även nåt annat.
  </s>
  <s id="47">
Vi spelar gitarr.
    <time id="T40E" value="00:09:50,430" />
  </s>
  <s id="48">
    <time id="T41S" value="00:09:51,440" />
Varför kan du teckenspråk?
    <time id="T41E" value="00:09:53,190" />
  </s>
  <s id="49">
    <time id="T42S" value="00:09:55,000" />
Jag undervisar på gymnastik i Seattle, för döva barn.
    <time id="T42E" value="00:09:58,150" />
  </s>
  <s id="50">
    <time id="T43S" value="00:09:58,200" />
Nej, du är inte så gammal att du kan vara lärare.
    <time id="T43E" value="00:10:01,740" />
  </s>
  <s id="51">
    <time id="T44S" value="00:10:03,400" />
Det är jag.
    <time id="T44E" value="00:10:04,620" />
  </s>
  <s id="52">
    <time id="T45S" value="00:10:05,480" />
Jag är 29 år.
    <time id="T45E" value="00:10:07,230" />
  </s>
  <s id="53">
    <time id="T46S" value="00:10:09,280" />
Jag heter Eban.
    <time id="T46E" value="00:10:10,790" />
  </s>
  <s id="54">
    <time id="T47S" value="00:10:13,520" />
Charley.
    <time id="T47E" value="00:10:14,710" />
  </s>
  <s id="55">
    <time id="T48S" value="00:10:19,080" />
Vad gör du i Seaside?
    <time id="T48E" value="00:10:20,710" />
  </s>
  <s id="56">
    <time id="T49S" value="00:10:22,320" />
Det var här jag växte upp.
    <time id="T49E" value="00:10:23,950" />
  </s>
  <s id="57">
    <time id="T50S" value="00:10:24,000" />
Mina föräldrar bor här.
    <time id="T50E" value="00:10:26,190" />
  </s>
  <s id="58">
    <time id="T51S" value="00:10:36,160" />
Du måste trycka riktigt hårt för att det ska låta bra.
    <time id="T51E" value="00:10:39,510" />
  </s>
  <s id="59">
    <time id="T52S" value="00:10:46,880" />
- Så här?
  </s>
  <s id="60">
- Ja, så där.
    <time id="T52E" value="00:10:48,630" />
  </s>
  <s id="61">
    <time id="T53S" value="00:10:50,400" />
- Spela en låt.
  </s>
  <s id="62">
- En låt?
    <time id="T53E" value="00:10:52,910" />
  </s>
  <s id="63">
    <time id="T54S" value="00:10:53,520" />
Jag kan bara spela ackord.
    <time id="T54E" value="00:10:55,310" />
  </s>
  <s id="64">
    <time id="T55S" value="00:10:56,160" />
Du spelade något när jag kom.
    <time id="T55E" value="00:10:58,430" />
  </s>
  <s id="65">
    <time id="T56S" value="00:10:58,680" />
Nej, det var bara några enkla ackord.
    <time id="T56E" value="00:11:01,750" />
  </s>
  <s id="66">
    <time id="T57S" value="00:11:02,160" />
Det betyder inte att den har några ord än.
    <time id="T57E" value="00:11:04,730" />
  </s>
  <s id="67">
    <time id="T58S" value="00:11:05,880" />
Varför skriver du inte några?
    <time id="T58E" value="00:11:07,830" />
  </s>
  <s id="68">
    <time id="T59S" value="00:11:09,120" />
Jag är inte redo att skriva ord.
    <time id="T59E" value="00:11:11,390" />
  </s>
  <s id="69">
    <time id="T60S" value="00:11:12,000" />
Jag vill gör saker när jag är redo.
    <time id="T60E" value="00:11:14,670" />
  </s>
  <s id="70">
    <time id="T61S" value="00:11:16,760" />
Vad tror du att du ska skriva om?
    <time id="T61E" value="00:11:19,750" />
  </s>
  <s id="71">
    <time id="T62S" value="00:11:21,080" />
Jag vet inte.
    <time id="T62E" value="00:11:22,590" />
  </s>
  <s id="72">
    <time id="T63S" value="00:11:24,920" />
Antagligen om någon som behöver kärlek?
    <time id="T63E" value="00:11:27,190" />
  </s>
  <s id="73">
    <time id="T64S" value="00:11:29,800" />
Någon som behöver kärlek?
    <time id="T64E" value="00:11:31,590" />
  </s>
  <s id="74">
    <time id="T65S" value="00:11:37,040" />
Vill du spela något?
    <time id="T65E" value="00:11:38,470" />
  </s>
  <s id="75">
    <time id="T66S" value="00:11:39,840" />
Nej, jag måste gå.
  </s>
  <s id="76">
Min mamma väntar mig snart.
    <time id="T66E" value="00:11:43,430" />
  </s>
  <s id="77">
    <time id="T67S" value="00:11:45,080" />
Jag såg dig här och ville bara säga hej.
    <time id="T67E" value="00:11:47,610" />
  </s>
  <s id="78">
    <time id="T68S" value="00:11:49,280" />
Jag har inte många vänner här.
    <time id="T68E" value="00:11:51,740" />
  </s>
  <s id="79">
    <time id="T69S" value="00:11:52,160" />
Vi kanske kan gå ut tillsammans nån gång.
    <time id="T69E" value="00:11:54,710" />
  </s>
  <s id="80">
    <time id="T70S" value="00:11:54,920" />
Ja visst.
    <time id="T70E" value="00:11:56,270" />
  </s>
  <s id="81">
    <time id="T71S" value="00:11:57,160" />
Jag tar med min gitarr.
    <time id="T71E" value="00:11:58,610" />
  </s>
  <s id="82">
    <time id="T72S" value="00:12:02,040" />
Jag ska ge dig mitt nummer.
    <time id="T72E" value="00:12:04,030" />
  </s>
  <s id="83">
    <time id="T73S" value="00:12:14,520" />
Jag ska ge dig mitt.
    <time id="T73E" value="00:12:16,350" />
  </s>
  <s id="84">
    <time id="T74S" value="00:12:21,720" />
Har du några planer för helgen?
    <time id="T74E" value="00:12:23,870" />
  </s>
  <s id="85">
    <time id="T75S" value="00:12:24,320" />
Nej, egentligen inte.
    <time id="T75E" value="00:12:25,690" />
  </s>
  <s id="86">
    <time id="T76S" value="00:12:25,920" />
Okej, nu har du det.
    <time id="T76E" value="00:12:27,710" />
  </s>
  <s id="87">
    <time id="T77S" value="00:12:29,840" />
Vi ses senare.
    <time id="T77E" value="00:12:31,060" />
  </s>
  <s id="88">
    <time id="T78S" value="00:13:21,680" />
Vill du komma in?
    <time id="T78E" value="00:13:23,150" />
  </s>
  <s id="89">
    <time id="T79S" value="00:13:23,400" />
Ja, ursäkta.
    <time id="T79E" value="00:13:24,750" />
  </s>
  <s id="90">
    <time id="T80S" value="00:13:57,800" />
Det här är mitt rum.
    <time id="T80E" value="00:13:59,510" />
  </s>
  <s id="91">
    <time id="T81S" value="00:14:00,360" />
- Det är fint.
  </s>
  <s id="92">
- Tack.
    <time id="T81E" value="00:14:02,710" />
  </s>
  <s id="93">
    <time id="T82S" value="00:14:12,400" />
Det här är några bilder som jag har ritat.
    <time id="T82E" value="00:14:14,860" />
  </s>
  <s id="94">
    <time id="T83S" value="00:14:17,320" />
Och... det där mina dockhuvuden.
    <time id="T84E" value="00:14:22,510" />
  </s>
  <s id="95">
    <time id="T85S" value="00:14:24,240" />
Fastnat det är mina teckningar av människor utan huvuden.
    <time id="T85E" value="00:14:27,860" />
  </s>
  <s id="96">
    <time id="T86S" value="00:14:30,040" />
- Har du gjort det här?
  </s>
  <s id="97">
- Ja.
    <time id="T86E" value="00:14:31,830" />
  </s>
  <s id="98">
    <time id="T87S" value="00:14:32,600" />
Mina vänner har hjälpt mig lite.
    <time id="T87E" value="00:14:34,830" />
  </s>
  <s id="99">
    <time id="T88S" value="00:14:36,240" />
Vad häftigt.
    <time id="T88E" value="00:14:37,630" />
  </s>
  <s id="100">
    <time id="T89S" value="00:14:39,840" />
Ja, så här är det.
    <time id="T89E" value="00:14:41,790" />
  </s>
  <s id="101">
    <time id="T90S" value="00:14:44,440" />
Har du tagit de här fotona?
    <time id="T90E" value="00:14:46,710" />
  </s>
  <s id="102">
    <time id="T91S" value="00:14:47,440" />
Nej...
    <time id="T91E" value="00:14:48,340" />
  </s>
  <s id="103">
    <time id="T92S" value="00:14:49,640" />
Det har min mamma.
    <time id="T92E" value="00:14:51,230" />
  </s>
  <s id="104">
    <time id="T93S" value="00:14:52,640" />
Hon var fotograf när vi bodde i Holland.
    <time id="T93E" value="00:14:56,230" />
  </s>
  <s id="105">
    <time id="T94S" value="00:14:58,280" />
När bodde du där?
    <time id="T94E" value="00:15:00,150" />
  </s>
  <s id="106">
    <time id="T95S" value="00:15:01,680" />
När jag var liten.
    <time id="T95E" value="00:15:03,270" />
  </s>
  <s id="107">
    <time id="T96S" value="00:15:04,920" />
Vi flyttade dit när min mamma och pappa skiljdes.
    <time id="T96E" value="00:15:08,990" />
  </s>
  <s id="108">
    <time id="T97S" value="00:15:11,000" />
Jag växte upp i Charleston.
    <time id="T97E" value="00:15:13,950" />
  </s>
  <s id="109">
    <time id="T98S" value="00:15:15,240" />
I South Carolina.
    <time id="T98E" value="00:15:17,070" />
  </s>
  <s id="110">
    <time id="T99S" value="00:15:18,440" />
Jag bodde där tills förra året.
    <time id="T99E" value="00:15:20,410" />
  </s>
  <s id="111">
    <time id="T100S" value="00:15:20,560" />
Och, min mamma dog i en olycka.
    <time id="T100E" value="00:15:24,430" />
  </s>
  <s id="112">
    <time id="T101S" value="00:15:25,720" />
Så jag fick flytta till min pappa.
    <time id="T101E" value="00:15:28,430" />
  </s>
  <s id="113">
    <time id="T102S" value="00:15:29,200" />
Vad hände?
    <time id="T102E" value="00:15:30,830" />
  </s>
  <s id="114">
    <time id="T103S" value="00:15:35,560" />
Hon gick på ett övergångsställe och blev påkörd av en rattfyllerist.
    <time id="T103E" value="00:15:39,870" />
  </s>
  <s id="115">
    <time id="T104S" value="00:15:41,520" />
Hon var döv, så hon hörde inte att han kom.
    <time id="T104E" value="00:15:44,470" />
  </s>
  <s id="116">
    <time id="T105S" value="00:15:48,080" />
Jag stod på andra sidan gatan.
    <time id="T105E" value="00:15:50,460" />
  </s>
  <s id="117">
    <time id="T106S" value="00:15:50,960" />
Och jag såg allihopa.
    <time id="T106E" value="00:15:53,190" />
  </s>
  <s id="118">
    <time id="T107S" value="00:16:00,040" />
Jag är verkligen ledsen.
    <time id="T107E" value="00:16:02,070" />
  </s>
  <s id="119">
    <time id="T108S" value="00:16:13,320" />
Din låt låter bättre.
  </s>
  <s id="120">
Så vi tar den.
    <time id="T108E" value="00:16:16,350" />
  </s>
  <s id="121">
    <time id="T109S" value="00:16:20,480" />
Det gör mig ledsen för din mamma.
    <time id="T109E" value="00:16:22,630" />
  </s>
  <s id="122">
    <time id="T110S" value="00:16:23,280" />
Ja, men alla dör.
    <time id="T110E" value="00:16:25,840" />
  </s>
  <s id="123">
    <time id="T111S" value="00:16:28,380" />
Får jag öppna den?
    <time id="T111E" value="00:16:29,550" />
  </s>
  <s id="124">
    <time id="T112S" value="00:16:31,170" />
Ja.
    <time id="T112E" value="00:16:31,870" />
  </s>
  <s id="125">
    <time id="T113S" value="00:16:40,400" />
Jag har aldrig sett en sån gitarr.
    <time id="T113E" value="00:16:43,230" />
  </s>
  <s id="126">
    <time id="T114S" value="00:16:46,240" />
Jag köpte den i en affär för begagnat, i Seattle.
    <time id="T114E" value="00:16:48,910" />
  </s>
  <s id="127">
    <time id="T115S" value="00:16:49,160" />
Den är häftig.
    <time id="T115E" value="00:16:50,590" />
  </s>
  <s id="128">
    <time id="T116S" value="00:16:52,000" />
Tack.
    <time id="T116E" value="00:16:52,910" />
  </s>
  <s id="129">
    <time id="T117S" value="00:17:07,560" />
Vill du spela en låt?
    <time id="T117E" value="00:17:09,860" />
  </s>
  <s id="130">
    <time id="T118S" value="00:17:13,520" />
Ja, jag måste tänka.
    <time id="T118E" value="00:17:15,030" />
  </s>
  <s id="131">
    <time id="T119S" value="00:17:35,320" />
Det är svårt nog att gå till någon du vet inte om du ska vara rädd för att du är annorlunda
    <time id="T121E" value="00:17:46,510" />
  </s>
  <s id="132">
    <time id="T122S" value="00:17:46,840" />
Så outhärdligt du kan säga nej
    <time id="T123E" value="00:17:53,190" />
  </s>
  <s id="133">
    <time id="T124S" value="00:17:55,440" />
och jag vill prata med dig men jag stannade kvar, jag ville prata med dig, men jag var för rädd
    <time id="T126E" value="00:18:06,930" />
  </s>
  <s id="134">
    <time id="T127S" value="00:18:19,520" />
Det dumma bara kommer och du kan inte tänka
    <time id="T127E" value="00:18:24,010" />
  </s>
  <s id="135">
    <time id="T128S" value="00:18:24,400" />
Och jag kunde inte tänka
    <time id="T128E" value="00:18:27,870" />
  </s>
  <s id="136">
    <time id="T129S" value="00:18:33,560" />
och om jag plötsligt inte är så modig går du inte iväg
    <time id="T130E" value="00:18:44,070" />
  </s>
  <s id="137">
    <time id="T131S" value="00:18:46,040" />
Kanske om du kommer till mig
    <time id="T131E" value="00:18:48,830" />
  </s>
  <s id="138">
    <time id="T132S" value="00:18:49,280" />
Kanske om du pratar med mig, ska du se att du behöver mig
    <time id="T133E" value="00:18:57,950" />
  </s>
  <s id="139">
    <time id="T134S" value="00:18:59,440" />
Kanske om du förstår mig står du vid min sida...
    <time id="T135E" value="00:19:09,150" />
  </s>
  <s id="140">
    <time id="T136S" value="00:19:17,960" />
Vems låt var det?
    <time id="T136E" value="00:19:20,070" />
  </s>
  <s id="141">
    <time id="T137S" value="00:19:20,680" />
Det är min.
    <time id="T137E" value="00:19:21,510" />
  </s>
  <s id="142">
    <time id="T138S" value="00:19:22,120" />
Det var riktigt bra.
    <time id="T138E" value="00:19:23,630" />
  </s>
  <s id="143">
    <time id="T139S" value="00:19:25,520" />
Tack.
    <time id="T139E" value="00:19:26,580" />
  </s>
  <s id="144">
    <time id="T140S" value="00:19:28,120" />
Det är enkelt.
    <time id="T140E" value="00:19:29,590" />
  </s>
  <s id="145">
    <time id="T141S" value="00:19:29,880" />
Ta din gitarr.
    <time id="T141E" value="00:19:31,470" />
  </s>
  <s id="146">
    <time id="T142S" value="00:19:39,080" />
Det är bara G.
    <time id="T142E" value="00:19:41,110" />
  </s>
  <s id="147">
    <time id="T143S" value="00:19:49,280" />
Och sen D.
    <time id="T143E" value="00:19:50,790" />
  </s>
  <s id="148">
    <time id="T144S" value="00:19:59,760" />
Och sen C.
    <time id="T144E" value="00:20:01,390" />
  </s>
  <s id="149">
    <time id="T145S" value="00:20:14,120" />
Det är allt.
    <time id="T145E" value="00:20:15,510" />
  </s>
  <s id="150">
    <time id="T146S" value="00:20:23,400" />
Vill du gå på en promenad på stranden?
    <time id="T146E" value="00:20:25,990" />
  </s>
  <s id="151">
    <time id="T147S" value="00:20:27,320" />
Ja visst.
    <time id="T147E" value="00:20:28,540" />
  </s>
  <s id="152">
    <time id="T148S" value="00:21:17,920" />
Måste du åka tillbaka till Seattle?
    <time id="T148E" value="00:21:20,630" />
  </s>
  <s id="153">
    <time id="T149S" value="00:21:22,480" />
Nej, det ska jag inte.
    <time id="T149E" value="00:21:25,230" />
  </s>
  <s id="154">
    <time id="T150S" value="00:21:27,440" />
Det blev så mycket tokigt där, så jag var tvungen att åka.
    <time id="T151E" value="00:21:33,750" />
  </s>
  <s id="155">
    <time id="T152S" value="00:21:34,000" />
Jag behövde lite vila.
    <time id="T152E" value="00:21:36,710" />
  </s>
  <s id="156">
    <time id="T153S" value="00:21:41,040" />
Jag ville hitta skönheten i världen.
    <time id="T153E" value="00:21:43,790" />
  </s>
  <s id="157">
    <time id="T154S" value="00:21:44,760" />
Som här.
    <time id="T154E" value="00:21:46,630" />
  </s>
  <s id="158">
    <time id="T155S" value="00:21:47,520" />
Havet, molnen...
    <time id="T156E" value="00:21:51,750" />
  </s>
  <s id="159">
    <time id="T157S" value="00:22:05,000" />
Vill du gå tillbaka?
    <time id="T157E" value="00:22:06,710" />
  </s>
  <s id="160">
    <time id="T158S" value="00:22:07,740" />
Ja.
    <time id="T158E" value="00:22:08,430" />
  </s>
  <s id="161">
    <time id="T159S" value="00:22:08,640" />
Då går vi.
    <time id="T159E" value="00:22:09,720" />
  </s>
  <s id="162">
    <time id="T160S" value="00:24:26,800" />
Jag har skrivit en del ibland.
    <time id="T160E" value="00:24:29,550" />
  </s>
  <s id="163">
    <time id="T161S" value="00:24:31,560" />
Du borde skriva poesi.
    <time id="T161E" value="00:24:33,310" />
  </s>
  <s id="164">
    <time id="T162S" value="00:24:34,560" />
Jag är säker på att du kan skriva vackra dikter.
    <time id="T162E" value="00:24:37,530" />
  </s>
  <s id="165">
    <time id="T163S" value="00:24:38,080" />
Jag skrev en del, i skolan.
    <time id="T163E" value="00:24:41,310" />
  </s>
  <s id="166">
    <time id="T164S" value="00:24:42,000" />
Men min lärare sa att det var dåligt.
    <time id="T164E" value="00:24:44,910" />
  </s>
  <s id="167">
    <time id="T165S" value="00:24:48,800" />
Han sa att det var för mycket prat.
    <time id="T165E" value="00:24:51,910" />
  </s>
  <s id="168">
    <time id="T166S" value="00:24:54,840" />
Jag tror inte att det är dåligt.
    <time id="T166E" value="00:24:56,910" />
  </s>
  <s id="169">
    <time id="T167S" value="00:24:57,160" />
Det är bara din stil.
    <time id="T167E" value="00:24:59,390" />
  </s>
  <s id="170">
    <time id="T168S" value="00:25:00,800" />
Minns du någon?
    <time id="T168E" value="00:25:02,670" />
  </s>
  <s id="171">
    <time id="T169S" value="00:25:03,000" />
Nej.
    <time id="T169E" value="00:25:03,900" />
  </s>
  <s id="172">
    <time id="T170S" value="00:25:05,440" />
Egentligen inte.
    <time id="T170E" value="00:25:07,030" />
  </s>
  <s id="173">
    <time id="T171S" value="00:25:18,520" />
Är du trött?
    <time id="T171E" value="00:25:20,550" />
  </s>
  <s id="174">
    <time id="T172S" value="00:25:21,880" />
Ja.
    <time id="T172E" value="00:25:22,480" />
  </s>
  <s id="175">
    <time id="T173S" value="00:25:24,040" />
Du borde antagligen lägga dig.
    <time id="T173E" value="00:25:26,470" />
  </s>
  <s id="176">
    <time id="T174S" value="00:26:11,120" />
Tack för idag.
    <time id="T174E" value="00:26:12,910" />
  </s>
  <s id="177">
    <time id="T175S" value="00:26:13,960" />
Jag har haft mycket trevligt.
    <time id="T175E" value="00:26:16,520" />
  </s>
  <s id="178">
    <time id="T176S" value="00:26:21,520" />
Du behöver inte gå om du inte vill.
    <time id="T176E" value="00:26:23,870" />
  </s>
  <s id="179">
    <time id="T177S" value="00:26:30,360" />
Jag stannar ett litet tag.
    <time id="T177E" value="00:26:31,990" />
  </s>
  <s id="180">
    <time id="T178S" value="00:29:01,080" />
Har Sunshine berättat?
    <time id="T178E" value="00:29:02,790" />
  </s>
  <s id="181">
    <time id="T179S" value="00:29:04,480" />
Jag sa att hon inte skulle säga nåt till dig.
    <time id="T179E" value="00:29:07,240" />
  </s>
  <s id="182">
    <time id="T180S" value="00:29:07,920" />
Jag hatar födelsedagar.
    <time id="T180E" value="00:29:10,480" />
  </s>
  <s id="183">
    <time id="T181S" value="00:29:17,360" />
Grattis på 15-årsdagen.
    <time id="T181E" value="00:29:19,150" />
  </s>
  <s id="184">
    <time id="T182S" value="00:29:30,960" />
Tack Kev.
    <time id="T182E" value="00:29:32,550" />
  </s>
  <s id="185">
    <time id="T183S" value="00:29:33,280" />
Vad häftigt.
    <time id="T183E" value="00:29:34,070" />
  </s>
  <s id="186">
    <time id="T184S" value="00:29:39,800" />
Jag ska spela på det när jag blir ledsen.
    <time id="T184E" value="00:29:42,950" />
  </s>
  <s id="187">
    <time id="T185S" value="00:30:02,120" />
Hej grabbar.
    <time id="T185E" value="00:30:03,030" />
  </s>
  <s id="188">
    <time id="T186S" value="00:30:03,760" />
Hej, Sun.
    <time id="T186E" value="00:30:04,820" />
  </s>
  <s id="189">
    <time id="T187S" value="00:30:10,680" />
Vem vinner?
    <time id="T187E" value="00:30:11,470" />
  </s>
  <s id="190">
    <time id="T188S" value="00:30:12,680" />
- Gör du det?
  </s>
  <s id="191">
- Nej.
    <time id="T188E" value="00:30:13,940" />
  </s>
  <s id="192">
    <time id="T189S" value="00:30:14,080" />
Det gör jag.
    <time id="T189E" value="00:30:14,890" />
  </s>
  <s id="193">
    <time id="T190S" value="00:30:15,120" />
Verkligen?
    <time id="T190E" value="00:30:15,870" />
  </s>
  <s id="194">
    <time id="T191S" value="00:30:17,800" />
Titta vad som har hänt.
  </s>
  <s id="195">
Mina stövlar blev stulna.
    <time id="T191E" value="00:30:20,630" />
  </s>
  <s id="196">
    <time id="T192S" value="00:30:20,720" />
- När hände det?
  </s>
  <s id="197">
- Idag, jag var ute och gick, och två ungar kom fram till mig, rundade mig och tog mina skor.
    <time id="T194E" value="00:30:29,590" />
  </s>
  <s id="198">
    <time id="T195S" value="00:30:29,720" />
Det är förskräckligt.
    <time id="T195E" value="00:30:31,110" />
  </s>
  <s id="199">
    <time id="T196S" value="00:30:32,080" />
Jag är glad att de inte tog mina pengar.
    <time id="T196E" value="00:30:34,270" />
  </s>
  <s id="200">
    <time id="T197S" value="00:30:34,280" />
Du är en lyckost att inte det hände.
    <time id="T197E" value="00:30:36,510" />
  </s>
  <s id="201">
    <time id="T198S" value="00:30:36,880" />
Jag hörde idag på nyheterna att en unge i Seattle blev mördad av två andra barn.
    <time id="T199E" value="00:30:42,350" />
  </s>
  <s id="202">
    <time id="T200S" value="00:30:42,760" />
För att han var en bögunge.
    <time id="T200E" value="00:30:45,010" />
  </s>
  <s id="203">
    <time id="T201S" value="00:30:46,800" />
På riktigt.
    <time id="T201E" value="00:30:47,510" />
  </s>
  <s id="204">
    <time id="T202S" value="00:30:52,840" />
Var det för han var bög?
    <time id="T202E" value="00:30:53,900" />
  </s>
  <s id="205">
    <time id="T203S" value="00:30:54,760" />
Ja.
    <time id="T203E" value="00:30:55,510" />
  </s>
  <s id="206">
    <time id="T204S" value="00:31:33,320" />
Har jag berättat, att Kev och jag tänker rymma.
    <time id="T204E" value="00:31:36,170" />
  </s>
  <s id="207">
    <time id="T205S" value="00:31:39,040" />
Varför?
    <time id="T205E" value="00:31:39,750" />
  </s>
  <s id="208">
    <time id="T206S" value="00:31:42,920" />
För dina föräldrar?
    <time id="T206E" value="00:31:44,670" />
  </s>
  <s id="209">
    <time id="T207S" value="00:31:45,200" />
Ja.
    <time id="T207E" value="00:31:45,910" />
  </s>
  <s id="210">
    <time id="T208S" value="00:31:46,560" />
De tycker inte att Kevin är bra för mig.
    <time id="T208E" value="00:31:48,750" />
  </s>
  <s id="211">
    <time id="T209S" value="00:31:48,920" />
Det beror främst på att Kev är döv och inte vit.
    <time id="T209E" value="00:31:53,230" />
  </s>
  <s id="212">
    <time id="T210S" value="00:31:53,880" />
Mina föräldrar kan vara fulla av fördomar ibland.
    <time id="T210E" value="00:31:56,640" />
  </s>
  <s id="213">
    <time id="T211S" value="00:31:57,200" />
Men det spelar ingen roll.
    <time id="T211E" value="00:31:59,230" />
  </s>
  <s id="214">
    <time id="T212S" value="00:31:59,720" />
För jag älskar honom.
    <time id="T212E" value="00:32:01,080" />
  </s>
  <s id="215">
    <time id="T213S" value="00:32:01,920" />
Jag vill inte att du ska åka.
    <time id="T213E" value="00:32:03,230" />
  </s>
  <s id="216">
    <time id="T214S" value="00:32:05,480" />
Jag vill inte åka heller, Charley.
    <time id="T214E" value="00:32:07,750" />
  </s>
  <s id="217">
    <time id="T215S" value="00:32:08,600" />
Men jag tror på kärleken händer en gång i livet.
    <time id="T215E" value="00:32:11,510" />
  </s>
  <s id="218">
    <time id="T216S" value="00:32:12,280" />
Om det här är min chans, så måste jag åka.
    <time id="T217E" value="00:32:16,580" />
  </s>
  <s id="219">
    <time id="T218S" value="00:32:51,240" />
Pappa, kan jag få lite pengar för att julhandla?
    <time id="T219E" value="00:32:57,190" />
  </s>
  <s id="220">
    <time id="T220S" value="00:32:59,240" />
Jag behöver en salva mot akne och ett par skor.
    <time id="T220E" value="00:33:02,110" />
  </s>
  <s id="221">
    <time id="T221S" value="00:33:02,720" />
Skor?
    <time id="T221E" value="00:33:03,430" />
  </s>
  <s id="222">
    <time id="T222S" value="00:33:04,240" />
Vad har hänt med dina stövlar?
    <time id="T222E" value="00:33:05,870" />
  </s>
  <s id="223">
    <time id="T223S" value="00:33:09,800" />
De har stulits på skolan.
    <time id="T223E" value="00:33:11,150" />
  </s>
  <s id="224">
    <time id="T224S" value="00:33:11,520" />
I gymnastiken.
    <time id="T224E" value="00:33:12,660" />
  </s>
  <s id="225">
    <time id="T225S" value="00:33:15,960" />
Då kan skolan köpa dig ett nytt par.
    <time id="T225E" value="00:33:18,410" />
  </s>
  <s id="226">
    <time id="T226S" value="00:33:19,840" />
Vad har du på händerna?
    <time id="T226E" value="00:33:21,330" />
  </s>
  <s id="227">
    <time id="T227S" value="00:33:25,880" />
Ursäkta mig.
    <time id="T227E" value="00:33:26,590" />
  </s>
  <s id="228">
    <time id="T228S" value="00:33:32,480" />
Vill du ta bort den där skiten från naglarna, det äcklar mig.
    <time id="T228E" value="00:33:35,550" />
  </s>
  <s id="229">
    <time id="T229S" value="00:33:37,240" />
Får jag några kronor till mina julklappar?
    <time id="T229E" value="00:33:39,620" />
  </s>
  <s id="230">
    <time id="T230S" value="00:33:40,280" />
Jag har inga, Charley.
    <time id="T230E" value="00:33:41,790" />
  </s>
  <s id="231">
    <time id="T231S" value="00:33:42,680" />
Det är Kristi födelse, inte jul.
    <time id="T231E" value="00:33:44,980" />
  </s>
  <s id="232">
    <time id="T232S" value="00:33:45,840" />
Jag har fått nog, jag har en gäst här.
    <time id="T232E" value="00:33:47,750" />
  </s>
  <s id="233">
    <time id="T233S" value="00:33:48,400" />
och du är så respektlös.
  </s>
  <s id="234">
Gå och tvätta händerna.
    <time id="T233E" value="00:33:51,370" />
  </s>
  <s id="235">
    <time id="T234S" value="00:33:52,440" />
Mammas pengarna då?
    <time id="T234E" value="00:33:54,150" />
  </s>
  <s id="236">
    <time id="T235S" value="00:33:54,960" />
Det är mina pengar.
    <time id="T235E" value="00:33:56,230" />
  </s>
  <s id="237">
    <time id="T236S" value="00:33:59,040" />
Räkningar, Charley?
    <time id="T236E" value="00:34:00,210" />
  </s>
  <s id="238">
    <time id="T237S" value="00:34:01,920" />
Jag är för trött för att diskutera med dig, gå härifrån.
    <time id="T237E" value="00:34:05,090" />
  </s>
  <s id="239">
    <time id="T238S" value="00:34:05,440" />
Fan också! 
  </s>
  <s id="240">
Det är mina pengar.
  </s>
  <s id="241">
De som mamma lämnade till mig.
    <time id="T238E" value="00:34:09,230" />
  </s>
  <s id="242">
    <time id="T239S" value="00:34:10,160" />
Gå för fan härifrån.
    <time id="T239E" value="00:34:11,440" />
  </s>
  <s id="243">
    <time id="T240S" value="00:34:15,560" />
Det är kallt och jag har inga skor.
    <time id="T240E" value="00:34:17,710" />
  </s>
  <s id="244">
    <time id="T241S" value="00:34:17,800" />
Vet du vad, var tuff.
    <time id="T241E" value="00:34:19,590" />
  </s>
  <s id="245">
    <time id="T242S" value="00:34:50,200" />
- Hej, Charley.
  </s>
  <s id="246">
- Hej.
    <time id="T242E" value="00:34:51,590" />
  </s>
  <s id="247">
    <time id="T243S" value="00:34:52,200" />
Ska vi åka på en cykeltur?
    <time id="T243E" value="00:34:53,790" />
  </s>
  <s id="248">
    <time id="T244S" value="00:34:54,400" />
Ja visst, vänta.
    <time id="T244E" value="00:34:55,620" />
  </s>
  <s id="249">
    <time id="T245S" value="00:34:57,080" />
Kan jag få låna några skor?
    <time id="T245E" value="00:34:58,430" />
  </s>
  <s id="250">
    <time id="T246S" value="00:34:59,600" />
Ja visst, vad har hänt?
    <time id="T246E" value="00:35:01,010" />
  </s>
  <s id="251">
    <time id="T247S" value="00:35:01,080" />
Det är en lång historia.
    <time id="T247E" value="00:35:02,350" />
  </s>
  <s id="252">
    <time id="T248S" value="00:35:03,080" />
Jag ska se.
    <time id="T248E" value="00:35:04,060" />
  </s>
  <s id="253">
    <time id="T249S" value="00:35:10,280" />
Titta om de här passar.
    <time id="T249E" value="00:35:12,110" />
  </s>
  <s id="254">
    <time id="T250S" value="00:35:13,520" />
Ja, de passar.
    <time id="T250E" value="00:35:14,580" />
  </s>
  <s id="255">
    <time id="T251S" value="00:35:19,120" />
- Jag möter dig på baksidan.
  </s>
  <s id="256">
- Okej, tack.
    <time id="T251E" value="00:35:21,150" />
  </s>
  <s id="257">
    <time id="T252S" value="00:35:41,960" />
Hej, pappa.
    <time id="T252E" value="00:35:43,070" />
  </s>
  <s id="258">
    <time id="T253S" value="00:35:46,480" />
Eban, vart ska du?
    <time id="T253E" value="00:35:48,030" />
  </s>
  <s id="259">
    <time id="T254S" value="00:35:48,400" />
Min vän Charley kom förbi.
    <time id="T254E" value="00:35:50,110" />
  </s>
  <s id="260">
    <time id="T255S" value="00:35:50,160" />
Vi ska åka på en cykeltur.
    <time id="T255E" value="00:35:51,830" />
  </s>
  <s id="261">
    <time id="T256S" value="00:35:52,160" />
Kommer du hem till middag?
    <time id="T256E" value="00:35:53,830" />
  </s>
  <s id="262">
    <time id="T257S" value="00:35:54,360" />
Vi får se. 
  </s>
  <s id="263">
Vänta inte på mig.
    <time id="T257E" value="00:35:56,710" />
  </s>
  <s id="264">
    <time id="T258S" value="00:35:57,160" />
Du kom hem sent igår kväll.
    <time id="T258E" value="00:35:58,850" />
  </s>
  <s id="265">
    <time id="T259S" value="00:35:59,480" />
Vad säger du om att vi lägger oss tidigt ikväll?
    <time id="T259E" value="00:36:01,970" />
  </s>
  <s id="266">
    <time id="T260S" value="00:36:02,000" />
Okej.
    <time id="T260E" value="00:36:02,710" />
  </s>
  <s id="267">
    <time id="T261S" value="00:38:15,040" />
Det var kul.
    <time id="T261E" value="00:38:16,150" />
  </s>
  <s id="268">
    <time id="T262S" value="00:38:36,440" />
Mina kalsonger är våta, har du några extra?
    <time id="T262E" value="00:38:39,190" />
  </s>
  <s id="269">
    <time id="T263S" value="00:38:43,160" />
Nej, men min pappa har, vänta.
    <time id="T263E" value="00:38:46,350" />
  </s>
  <s id="270">
    <time id="T264S" value="00:39:25,680" />
- Här.
  </s>
  <s id="271">
- Tack.
    <time id="T264E" value="00:39:27,240" />
  </s>
  <s id="272">
    <time id="T265S" value="00:39:44,040" />
Mår du bra?
    <time id="T265E" value="00:39:44,950" />
  </s>
  <s id="273">
    <time id="T266S" value="00:39:47,400" />
Ja.
    <time id="T266E" value="00:39:48,150" />
  </s>
  <s id="274">
    <time id="T267S" value="00:39:57,200" />
Vill du sova över?
    <time id="T267E" value="00:39:58,390" />
  </s>
  <s id="275">
    <time id="T268S" value="00:40:01,360" />
Jag tror inte att jag ska det.
    <time id="T268E" value="00:40:03,250" />
  </s>
  <s id="276">
    <time id="T269S" value="00:40:05,040" />
Kan du vara kvar en liten stund?
    <time id="T269E" value="00:40:07,070" />
  </s>
  <s id="277">
    <time id="T270S" value="00:40:09,880" />
Ja, jag stannar en stund.
    <time id="T270E" value="00:40:12,830" />
  </s>
  <s id="278">
    <time id="T271S" value="00:41:47,520" />
Sätt dig.
    <time id="T271E" value="00:41:48,550" />
  </s>
  <s id="279">
    <time id="T272S" value="00:42:07,480" />
Vad är det?
    <time id="T272E" value="00:42:08,540" />
  </s>
  <s id="280">
    <time id="T273S" value="00:42:09,240" />
Vadå?
    <time id="T273E" value="00:42:09,950" />
  </s>
  <s id="281">
    <time id="T274S" value="00:43:02,200" />
- Är du fortfarande litet försiktig?
  </s>
  <s id="282">
- Ja.
    <time id="T274E" value="00:43:04,430" />
  </s>
  <s id="283">
    <time id="T275S" value="00:43:20,760" />
Om något händer.
    <time id="T275E" value="00:43:22,630" />
  </s>
  <s id="284">
    <time id="T276S" value="00:43:24,160" />
Det är okej.
    <time id="T276E" value="00:43:25,220" />
  </s>
  <s id="285">
    <time id="T277S" value="00:43:27,000" />
Du får göra vad du vill.
    <time id="T277E" value="00:43:28,670" />
  </s>
  <s id="286">
    <time id="T278S" value="00:44:00,360" />
Mår du bra?
    <time id="T278E" value="00:44:01,500" />
  </s>
  <s id="287">
    <time id="T279S" value="00:44:07,720" />
Ja.
    <time id="T279E" value="00:44:08,510" />
  </s>
  <s id="288">
    <time id="T280S" value="00:44:11,720" />
Jag ber om ursäkt.
    <time id="T280E" value="00:44:12,860" />
  </s>
  <s id="289">
    <time id="T281S" value="00:44:14,840" />
Det finns inget att be om ursäkt för.
    <time id="T281E" value="00:44:17,170" />
  </s>
  <s id="290">
    <time id="T282S" value="00:45:40,600" />
- Hej mamma.
  </s>
  <s id="291">
- Hej.
    <time id="T282E" value="00:45:41,870" />
  </s>
  <s id="292">
    <time id="T283S" value="00:45:42,240" />
Var har du varit?
    <time id="T283E" value="00:45:43,350" />
  </s>
  <s id="293">
    <time id="T284S" value="00:45:43,480" />
Jag har varit ute med en vän och spelat fotboll.
    <time id="T284E" value="00:45:46,110" />
  </s>
  <s id="294">
    <time id="T285S" value="00:45:47,080" />
Vem är din vän?
  </s>
  <s id="295">
Var det den lilla pojken?
    <time id="T285E" value="00:45:49,840" />
  </s>
  <s id="296">
    <time id="T286S" value="00:45:50,560" />
Ja, Charley.
    <time id="T286E" value="00:45:52,190" />
  </s>
  <s id="297">
    <time id="T287S" value="00:45:55,760" />
Hur gammal är han?
    <time id="T287E" value="00:45:56,940" />
  </s>
  <s id="298">
    <time id="T288S" value="00:45:59,320" />
Jag vet inte. 
  </s>
  <s id="299">
I samma ålder som mina elever.
    <time id="T288E" value="00:46:03,430" />
  </s>
  <s id="300">
    <time id="T289S" value="00:46:05,440" />
Han är en bra grabb.
    <time id="T289E" value="00:46:06,830" />
  </s>
  <s id="301">
    <time id="T290S" value="00:46:08,400" />
Var träffade du honom?
    <time id="T290E" value="00:46:09,830" />
  </s>
  <s id="302">
    <time id="T291S" value="00:46:13,160" />
I stan.
    <time id="T291E" value="00:46:14,550" />
  </s>
  <s id="303">
    <time id="T292S" value="00:46:20,140" />
Du borde ha vänner i din egen ålder.
    <time id="T292E" value="00:46:22,410" />
  </s>
  <s id="304">
    <time id="T293S" value="00:46:27,440" />
Ja.
    <time id="T293E" value="00:46:28,340" />
  </s>
  <s id="305">
    <time id="T294S" value="00:47:49,120" />
Jag har något till dig.
    <time id="T294E" value="00:47:50,750" />
  </s>
  <s id="306">
    <time id="T295S" value="00:48:02,600" />
Här.
    <time id="T295E" value="00:48:03,740" />
  </s>
  <s id="307">
    <time id="T296S" value="00:48:04,080" />
Jag hoppas du tycker om den.
    <time id="T296E" value="00:48:05,630" />
  </s>
  <s id="308">
    <time id="T297S" value="00:48:05,680" />
Tack.
    <time id="T297E" value="00:48:06,470" />
  </s>
  <s id="309">
    <time id="T298S" value="00:48:06,720" />
Det är en julklapp i förskott.
    <time id="T298E" value="00:48:08,650" />
  </s>
  <s id="310">
    <time id="T299S" value="00:48:47,840" />
"Där det steniga höglandet sluttar och sjunker ner i sjön
    <time id="T300E" value="00:48:53,170" />
  </s>
  <s id="311">
    <time id="T301S" value="00:48:54,480" />
där ligger den gröna ön där flaxande hägrar vakar.
    <time id="T302E" value="00:49:00,030" />
  </s>
  <s id="312">
    <time id="T303S" value="00:49:03,720" />
Det kurviga vattnet skvalpar dit forslar vi våra satsningar
    <time id="T304E" value="00:49:09,310" />
  </s>
  <s id="313">
    <time id="T305S" value="00:49:10,880" />
Fullt av bär men du stjäl inga körsbär
    <time id="T306E" value="00:49:15,290" />
  </s>
  <s id="314">
    <time id="T307S" value="00:49:16,600" />
Fly undan, du människobarn till vattnet och det vilda
    <time id="T308E" value="00:49:21,870" />
  </s>
  <s id="315">
    <time id="T309S" value="00:49:23,360" />
Med bären hand i hand för en värd så full av tårar
    <time id="T310E" value="00:49:28,630" />
  </s>
  <s id="316">
    <time id="T311S" value="00:49:29,760" />
och du kan förstå
    <time id="T311E" value="00:49:31,550" />
  </s>
  <s id="317">
    <time id="T312S" value="00:49:34,440" />
Där månskenet träffar den mörkgrå sanden med ljus
    <time id="T313E" value="00:49:40,910" />
  </s>
  <s id="318">
    <time id="T314S" value="00:49:42,760" />
på avstånd med lätta vingslag vi flyger hela natten.
    <time id="T315E" value="00:49:48,710" />
  </s>
  <s id="319">
    <time id="T316S" value="00:49:50,240" />
Vi lämnar gamla danser irrande händer och irrande blickar
    <time id="T317E" value="00:49:56,030" />
  </s>
  <s id="320">
    <time id="T318S" value="00:49:57,200" />
tills månen slutar skina
    <time id="T318E" value="00:49:58,990" />
  </s>
  <s id="321">
    <time id="T319S" value="00:50:00,440" />
Två och två vi går och förvandlas till grodor som blåser bubblor medan världen är full av problem och med sin oro sover."
    <time id="T322E" value="00:50:10,670" />
  </s>
  <s id="322">
    <time id="T323S" value="00:50:43,480" />
Jag önskar att min mamma kunde se mig nu.
    <time id="T323E" value="00:50:46,070" />
  </s>
  <s id="323">
    <time id="T324S" value="00:50:46,720" />
Jag skulle le för att jag är så glad, i dig.
    <time id="T325E" value="00:50:53,220" />
  </s>
  <s id="324">
    <time id="T326S" value="00:52:10,000" />
Hej, är ni här så tidigt?
    <time id="T326E" value="00:52:13,030" />
  </s>
  <s id="325">
    <time id="T327S" value="00:52:19,080" />
Vad är det?
    <time id="T327E" value="00:52:20,350" />
  </s>
  <s id="326">
    <time id="T328S" value="00:52:21,000" />
Vi var tillsammans i morse.
    <time id="T328E" value="00:52:22,510" />
  </s>
  <s id="327">
    <time id="T329S" value="00:52:22,760" />
Men det är inte därför, vi sticker för min pappa sparka ut mig.
    <time id="T329E" value="00:52:26,690" />
  </s>
  <s id="328">
    <time id="T330S" value="00:52:28,640" />
Ni kan stanna hos mig.
    <time id="T330E" value="00:52:30,190" />
  </s>
  <s id="329">
    <time id="T331S" value="00:52:31,600" />
Nej, det är okej, vi har ett annat ställe.
    <time id="T331E" value="00:52:34,050" />
  </s>
  <s id="330">
    <time id="T332S" value="00:52:34,120" />
Hos vem?
    <time id="T332E" value="00:52:35,070" />
  </s>
  <s id="331">
    <time id="T333S" value="00:52:36,160" />
Kevins kusin som bor i Florida.
    <time id="T333E" value="00:52:39,190" />
  </s>
  <s id="332">
    <time id="T334S" value="00:52:39,600" />
I Florida?
    <time id="T334E" value="00:52:40,580" />
  </s>
  <s id="333">
    <time id="T335S" value="00:52:41,880" />
Varför så långt bort?
    <time id="T335E" value="00:52:43,510" />
  </s>
  <s id="334">
    <time id="T336S" value="00:52:44,200" />
För han ska hjälpa oss.
  </s>
  <s id="335">
Vi ska bli frigjorda.
    <time id="T336E" value="00:52:47,150" />
  </s>
  <s id="336">
    <time id="T337S" value="00:52:47,600" />
Ska ni gifta er?
    <time id="T337E" value="00:52:50,390" />
  </s>
  <s id="337">
    <time id="T338S" value="00:52:54,480" />
Här har du vårt telefonnummer och adress.
    <time id="T338E" value="00:52:57,950" />
  </s>
  <s id="338">
    <time id="T339S" value="00:53:00,600" />
Du måste ringa oss, annars ringer jag dig.
    <time id="T339E" value="00:53:03,950" />
  </s>
  <s id="339">
    <time id="T340S" value="00:53:07,440" />
Jag vill tillbringa julen med er.
    <time id="T340E" value="00:53:09,950" />
  </s>
  <s id="340">
    <time id="T341S" value="00:53:10,640" />
Och jag vill tillbringa julen med dig.
    <time id="T341E" value="00:53:13,010" />
  </s>
  <s id="341">
    <time id="T342S" value="00:53:13,160" />
Jag kommer att sakna dig.
    <time id="T342E" value="00:53:14,950" />
  </s>
  <s id="342">
    <time id="T343S" value="00:53:15,280" />
Jag kommer att sakna er också.
    <time id="T343E" value="00:53:17,250" />
  </s>
  <s id="343">
    <time id="T344S" value="00:53:27,720" />
När du blir ledsen?
    <time id="T344E" value="00:53:29,150" />
  </s>
  <s id="344">
    <time id="T345S" value="00:53:35,160" />
Vänta här.
    <time id="T345E" value="00:53:36,670" />
  </s>
  <s id="345">
    <time id="T346S" value="00:53:57,000" />
Här! 
  </s>
  <s id="346">
Jag vill att ni ska ta det här.
    <time id="T346E" value="00:53:58,650" />
  </s>
  <s id="347">
    <time id="T347S" value="00:53:58,720" />
Nej, vad mycket pengar.
    <time id="T347E" value="00:54:00,870" />
  </s>
  <s id="348">
    <time id="T348S" value="00:54:02,680" />
- Var fick du dem ifrån?
  </s>
  <s id="349">
- Det är från min mamma.
    <time id="T348E" value="00:54:05,950" />
  </s>
  <s id="350">
    <time id="T349S" value="00:54:06,000" />
Vi kan inte ta allt det här.
    <time id="T349E" value="00:54:07,550" />
  </s>
  <s id="351">
    <time id="T350S" value="00:54:07,600" />
Jo det kan ni.
  </s>
  <s id="352">
Ni kommer att behöva det.
    <time id="T350E" value="00:54:10,100" />
  </s>
  <s id="353">
    <time id="T351S" value="00:54:12,520" />
Lita på mig
    <time id="T351E" value="00:54:13,990" />
  </s>
  <s id="354">
    <time id="T352S" value="00:54:14,960" />
Tack så mycket.
    <time id="T352E" value="00:54:16,510" />
  </s>
  <s id="355">
    <time id="T353S" value="00:54:18,440" />
Vi måste gå, för att hinna med tåget.
    <time id="T353E" value="00:54:20,630" />
  </s>
  <s id="356">
    <time id="T354S" value="00:54:21,000" />
Jag förstår.
    <time id="T354E" value="00:54:21,980" />
  </s>
  <s id="357">
    <time id="T355S" value="00:54:24,800" />
- Jag kommer att sakna dig.
  </s>
  <s id="358">
- Jag kommer att sakna er också.
    <time id="T355E" value="00:54:28,550" />
  </s>
  <s id="359">
    <time id="T356S" value="00:54:32,480" />
Ta det lugnt.
    <time id="T356E" value="00:54:33,430" />
  </s>
  <s id="360">
    <time id="T357S" value="00:55:18,320" />
Jag önskar att ingen hade bilar.
    <time id="T357E" value="00:55:20,620" />
  </s>
  <s id="361">
    <time id="T358S" value="00:55:22,280" />
Att vi hade fina tåg överallt.
    <time id="T358E" value="00:55:24,190" />
  </s>
  <s id="362">
    <time id="T359S" value="00:55:29,640" />
Så är det säkert i Danmark.
    <time id="T359E" value="00:55:31,750" />
  </s>
  <s id="363">
    <time id="T360S" value="00:55:32,440" />
Där är det så mycket bättre än här.
    <time id="T360E" value="00:55:34,650" />
  </s>
  <s id="364">
    <time id="T361S" value="00:55:38,640" />
Vi ska åka dit en dag, ska du se.
    <time id="T361E" value="00:55:41,670" />
  </s>
  <s id="365">
    <time id="T362S" value="00:55:42,880" />
Det vill jag gärna.
    <time id="T362E" value="00:55:44,390" />
  </s>
  <s id="366">
    <time id="T363S" value="00:55:50,680" />
Vi kan vara tillsammans.
    <time id="T363E" value="00:55:52,470" />
  </s>
  <s id="367">
    <time id="T364S" value="00:55:53,040" />
Och ingen som bryr sig.
    <time id="T364E" value="00:55:55,030" />
  </s>
  <s id="368">
    <time id="T365S" value="00:55:57,120" />
Ingen ska behöva leva i fruktan.
    <time id="T365E" value="00:55:59,190" />
  </s>
  <s id="369">
    <time id="T366S" value="00:56:01,680" />
Varför, för att du är bög?
    <time id="T366E" value="00:56:03,510" />
  </s>
  <s id="370">
    <time id="T367S" value="00:56:09,920" />
För jag har redan gjort det.
    <time id="T367E" value="00:56:12,750" />
  </s>
  <s id="371">
    <time id="T368S" value="00:56:13,080" />
Gjort vadå?
    <time id="T368E" value="00:56:14,220" />
  </s>
  <s id="372">
    <time id="T369S" value="00:56:19,280" />
Blivit kär i en yngre person.
    <time id="T369E" value="00:56:21,580" />
  </s>
  <s id="373">
    <time id="T370S" value="00:56:26,120" />
Min förra pojkvän i Seattle.
    <time id="T371E" value="00:56:30,550" />
  </s>
  <s id="374">
    <time id="T372S" value="00:56:32,520" />
Det var en av grabbarna i mitt lag.
    <time id="T372E" value="00:56:35,080" />
  </s>
  <s id="375">
    <time id="T373S" value="00:56:40,680" />
Jag älskade honom, men vi åkte fast.
    <time id="T374E" value="00:56:45,230" />
  </s>
  <s id="376">
    <time id="T375S" value="00:56:49,720" />
Människorna där skyddade mig på ett villkor att jag åkte därifrån.
    <time id="T376E" value="00:56:54,790" />
  </s>
  <s id="377">
    <time id="T377S" value="00:56:58,240" />
Jag fick lova att jag inte skulle träffa honom igen.
    <time id="T377E" value="00:57:01,470" />
  </s>
  <s id="378">
    <time id="T378S" value="00:57:08,400" />
Jag tror inte att ålder spelar nån roll om man älskar nån.
    <time id="T378E" value="00:57:12,050" />
  </s>
  <s id="379">
    <time id="T379S" value="00:57:14,200" />
Så tänk på det.
    <time id="T379E" value="00:57:15,750" />
  </s>
  <s id="380">
    <time id="T380S" value="00:57:17,840" />
När du är 74 år... kommer jag att vara 60.
    <time id="T381E" value="00:57:22,910" />
  </s>
  <s id="381">
    <time id="T382S" value="00:57:24,480" />
Då är vi gamla män båda två.
    <time id="T382E" value="00:57:26,590" />
  </s>
  <s id="382">
    <time id="T383S" value="00:57:43,280" />
Min pappa kommer hem ikväll, och jag vill inte gå hem.
    <time id="T384E" value="00:57:47,950" />
  </s>
  <s id="383">
    <time id="T385S" value="00:57:49,480" />
Får jag sova över?
    <time id="T385E" value="00:57:51,270" />
  </s>
  <s id="384">
    <time id="T386S" value="00:57:56,320" />
Ja visst.
    <time id="T386E" value="00:57:57,270" />
  </s>
  <s id="385">
    <time id="T387S" value="00:59:01,080" />
Säg till Charley att gå härifrån.
    <time id="T387E" value="00:59:03,230" />
  </s>
  <s id="386">
    <time id="T388S" value="00:59:03,680" />
Ja, sir.
    <time id="T388E" value="00:59:04,590" />
  </s>
  <s id="387">
    <time id="T389S" value="00:59:10,120" />
Charley.
    <time id="T389E" value="00:59:11,100" />
  </s>
  <s id="388">
    <time id="T390S" value="00:59:11,760" />
Vakna.
    <time id="T390E" value="00:59:13,350" />
  </s>
  <s id="389">
    <time id="T391S" value="00:59:15,600" />
Din pappa är här.
    <time id="T391E" value="00:59:16,990" />
  </s>
  <s id="390">
    <time id="T392S" value="00:59:17,560" />
Fan.
    <time id="T392E" value="00:59:18,390" />
  </s>
  <s id="391">
    <time id="T393S" value="00:59:36,040" />
Hur visste han att du var här?
    <time id="T393E" value="00:59:38,010" />
  </s>
  <s id="392">
    <time id="T394S" value="00:59:38,520" />
Jag vet inte.
    <time id="T394E" value="00:59:39,990" />
  </s>
  <s id="393">
    <time id="T395S" value="00:59:48,320" />
Jag ringer dig sen.
    <time id="T395E" value="00:59:49,790" />
  </s>
  <s id="394">
    <time id="T396S" value="01:00:41,920" />
Eban, vad fan gör du?
    <time id="T396E" value="01:00:43,750" />
  </s>
  <s id="395">
    <time id="T397S" value="01:00:44,800" />
Ingenting.
    <time id="T397E" value="01:00:45,910" />
  </s>
  <s id="396">
    <time id="T398S" value="01:00:51,480" />
Vad sa Charleys pappa?
    <time id="T398E" value="01:00:53,350" />
  </s>
  <s id="397">
    <time id="T399S" value="01:01:00,800" />
Han sa en massa.
    <time id="T399E" value="01:01:01,990" />
  </s>
  <s id="398">
    <time id="T400S" value="01:01:07,080" />
Du har gjort det igen, eller hur?
    <time id="T400E" value="01:01:09,190" />
  </s>
  <s id="399">
    <time id="T401S" value="01:01:12,720" />
Vad menar du?
    <time id="T401E" value="01:01:13,860" />
  </s>
  <s id="400">
    <time id="T402S" value="01:01:15,200" />
Gjort vadå?
    <time id="T402E" value="01:01:16,150" />
  </s>
  <s id="401">
    <time id="T403S" value="01:01:20,480" />
Jag menar att din rektor ringde.
    <time id="T403E" value="01:01:22,530" />
  </s>
  <s id="402">
    <time id="T404S" value="01:01:23,280" />
Jag känner till allt om pojken.
    <time id="T404E" value="01:01:25,270" />
  </s>
  <s id="403">
    <time id="T405S" value="01:01:25,280" />
och vet vad som hände i Seattle.
    <time id="T405E" value="01:01:27,370" />
  </s>
  <s id="404">
    <time id="T406S" value="01:01:34,240" />
När ringde han?
    <time id="T406E" value="01:01:35,670" />
  </s>
  <s id="405">
    <time id="T407S" value="01:01:37,160" />
Innan du kom hit.
    <time id="T407E" value="01:01:38,750" />
  </s>
  <s id="406">
    <time id="T408S" value="01:01:43,840" />
Jag vet inte vad jag ska göra med dig.
    <time id="T408E" value="01:01:46,950" />
  </s>
  <s id="407">
    <time id="T409S" value="01:01:47,480" />
Jag vet inte vad som har gått fel.
    <time id="T409E" value="01:01:49,450" />
  </s>
  <s id="408">
    <time id="T410S" value="01:01:53,680" />
Ingenting har gått fel.
    <time id="T410E" value="01:01:55,470" />
  </s>
  <s id="409">
    <time id="T411S" value="01:01:57,000" />
Charley är bara en vän.
    <time id="T411E" value="01:01:58,550" />
  </s>
  <s id="410">
    <time id="T412S" value="01:02:00,280" />
Eban.
    <time id="T412E" value="01:02:00,870" />
  </s>
  <s id="411">
    <time id="T413S" value="01:02:02,560" />
Den pojken är 15 år.
    <time id="T413E" value="01:02:05,590" />
  </s>
  <s id="412">
    <time id="T414S" value="01:02:07,800" />
Vill du hamna i fängelse?
    <time id="T414E" value="01:02:09,430" />
  </s>
  <s id="413">
    <time id="T415S" value="01:02:11,800" />
Tänker Charleys pappa gå till polisen?
    <time id="T415E" value="01:02:14,170" />
  </s>
  <s id="414">
    <time id="T416S" value="01:02:15,920" />
Jag vet inte.
    <time id="T416E" value="01:02:16,870" />
  </s>
  <s id="415">
    <time id="T417S" value="01:02:27,000" />
Jag tycker om yngre människor.
    <time id="T417E" value="01:02:28,870" />
  </s>
  <s id="416">
    <time id="T418S" value="01:02:30,840" />
Du är en pedofil, Eban.
    <time id="T418E" value="01:02:32,430" />
  </s>
  <s id="417">
    <time id="T419S" value="01:02:34,480" />
Vet du vad det är?
    <time id="T419E" value="01:02:36,350" />
  </s>
  <s id="418">
    <time id="T420S" value="01:02:57,440" />
Veta mamma vad som hände i skolan?
    <time id="T420E" value="01:02:59,740" />
  </s>
  <s id="419">
    <time id="T421S" value="01:03:02,120" />
Naturligtvis inte.
    <time id="T421E" value="01:03:03,590" />
  </s>
  <s id="420">
    <time id="T422S" value="01:03:06,120" />
Du vet att det skulle krossa hennes hjärta.
    <time id="T422E" value="01:03:08,770" />
  </s>
  <s id="421">
    <time id="T423S" value="01:03:15,080" />
Jag älskade den pojken.
    <time id="T423E" value="01:03:16,550" />
  </s>
  <s id="422">
    <time id="T424S" value="01:03:18,640" />
Och Charley ännu mera.
    <time id="T424E" value="01:03:20,710" />
  </s>
  <s id="423">
    <time id="T425S" value="01:03:26,400" />
Eban...
    <time id="T425E" value="01:03:27,270" />
  </s>
  <s id="424">
    <time id="T426S" value="01:03:29,040" />
Du fick åka från Seattle.
    <time id="T426E" value="01:03:30,750" />
  </s>
  <s id="425">
    <time id="T427S" value="01:03:33,600" />
Du umgås med fel människor.
    <time id="T427E" value="01:03:36,950" />
  </s>
  <s id="426">
    <time id="T428S" value="01:03:42,920" />
Jag vet inte om pojkens pappa vet vad som pågår.
    <time id="T428E" value="01:03:47,190" />
  </s>
  <s id="427">
    <time id="T429S" value="01:03:49,520" />
Men om du inte avslutar det här förhållandet, går jag till polisen.
    <time id="T430E" value="01:03:56,230" />
  </s>
  <s id="428">
    <time id="T431S" value="01:04:03,880" />
Men pappa, varför vill du göra mig illa?
    <time id="T432E" value="01:04:09,050" />
  </s>
  <s id="429">
    <time id="T433S" value="01:04:12,360" />
För att skydda den pojken, och dig.
    <time id="T434E" value="01:04:16,580" />
  </s>
  <s id="430">
    <time id="T435S" value="01:04:19,360" />
Men om inte är nåt fel på mig.
    <time id="T435E" value="01:04:21,660" />
  </s>
  <s id="431">
    <time id="T436S" value="01:04:23,680" />
Eban, du håller på att förstöra hela ditt liv förstår du inte det?
    <time id="T437E" value="01:04:29,550" />
  </s>
  <s id="432">
    <time id="T438S" value="01:04:30,640" />
Du måste förändra dig.
    <time id="T438E" value="01:04:32,750" />
  </s>
  <s id="433">
    <time id="T439S" value="01:04:38,360" />
Jag har försökt.
    <time id="T439E" value="01:04:39,670" />
  </s>
  <s id="434">
    <time id="T440S" value="01:04:40,800" />
Men jag vet inte hur...
    <time id="T440E" value="01:04:42,310" />
  </s>
  <s id="435">
    <time id="T441S" value="01:04:44,440" />
Håll dig bara borta från honom.
    <time id="T441E" value="01:04:46,900" />
  </s>
  <s id="436">
    <time id="T442S" value="01:05:03,280" />
Jag ska försöka.
    <time id="T442E" value="01:05:04,330" />
  </s>
  <s id="437">
    <time id="T443S" value="01:05:05,680" />
Det ska jag.
    <time id="T443E" value="01:05:06,990" />
  </s>
  <s id="438">
    <time id="T444S" value="01:05:44,080" />
Charley, du borde inte ha kommit.
    <time id="T444E" value="01:05:46,310" />
  </s>
  <s id="439">
    <time id="T445S" value="01:05:47,560" />
Jag vill inte få problem.
    <time id="T445E" value="01:05:49,510" />
  </s>
  <s id="440">
    <time id="T446S" value="01:05:51,200" />
Jag måste prata med dig.
    <time id="T446E" value="01:05:52,910" />
  </s>
  <s id="441">
    <time id="T447S" value="01:05:56,960" />
Vi får prata senare, min pappa kan vakna.
    <time id="T447E" value="01:06:00,350" />
  </s>
  <s id="442">
    <time id="T448S" value="01:06:01,360" />
Men det är viktigt.
    <time id="T448E" value="01:06:02,870" />
  </s>
  <s id="443">
    <time id="T449S" value="01:06:04,320" />
Får jag komma in?
    <time id="T449E" value="01:06:05,750" />
  </s>
  <s id="444">
    <time id="T450S" value="01:06:11,160" />
Men var riktigt tyst.
    <time id="T450E" value="01:06:12,670" />
  </s>
  <s id="445">
    <time id="T451S" value="01:06:40,680" />
Han vände uppochner på mitt rum.
    <time id="T451E" value="01:06:42,710" />
  </s>
  <s id="446">
    <time id="T452S" value="01:06:42,960" />
Han hittade din adress.
    <time id="T452E" value="01:06:44,750" />
  </s>
  <s id="447">
    <time id="T453S" value="01:06:46,000" />
Vet han?
    <time id="T453E" value="01:06:47,350" />
  </s>
  <s id="448">
    <time id="T454S" value="01:06:49,470" />
Nej.
    <time id="T454E" value="01:06:50,470" />
  </s>
  <s id="449">
    <time id="T455S" value="01:06:51,200" />
Han är bara förbannad för jag tog lite pengar från honom.
    <time id="T455E" value="01:06:54,710" />
  </s>
  <s id="450">
    <time id="T456S" value="01:06:55,240" />
Det var mina i alla fall.
    <time id="T456E" value="01:06:57,350" />
  </s>
  <s id="451">
    <time id="T457S" value="01:06:59,680" />
Jag tänkte att vi skulle sticka iväg.
    <time id="T457E" value="01:07:02,080" />
  </s>
  <s id="452">
    <time id="T458S" value="01:07:04,840" />
Vi kan åka till Holland eller Danmark.
    <time id="T459E" value="01:07:09,590" />
  </s>
  <s id="453">
    <time id="T460S" value="01:07:17,960" />
Charley, det är en massa som pågår.
    <time id="T460E" value="01:07:20,090" />
  </s>
  <s id="454">
    <time id="T461S" value="01:07:23,080" />
Min pappa är sjuk.
    <time id="T461E" value="01:07:24,140" />
  </s>
  <s id="455">
    <time id="T462S" value="01:07:26,240" />
Jag tror inte jag kan åka nu.
    <time id="T462E" value="01:07:27,870" />
  </s>
  <s id="456">
    <time id="T463S" value="01:07:28,400" />
Det är rätt tillfälle.
    <time id="T463E" value="01:07:30,700" />
  </s>
  <s id="457">
    <time id="T464S" value="01:07:32,320" />
Annars kanske du inte får se mig igen.
    <time id="T464E" value="01:07:34,990" />
  </s>
  <s id="458">
    <time id="T465S" value="01:07:39,720" />
Vi kanske borde ta en paus ett tag, tills allt lugnar ner sig.
    <time id="T466E" value="01:07:45,310" />
  </s>
  <s id="459">
    <time id="T467S" value="01:07:47,040" />
Jag vill vara med dig nu och för evigt.
    <time id="T468E" value="01:07:51,630" />
  </s>
  <s id="460">
    <time id="T469S" value="01:07:52,760" />
precis som du sa.
    <time id="T469E" value="01:07:54,270" />
  </s>
  <s id="461">
    <time id="T470S" value="01:08:05,440" />
Charley, du är så ung.
    <time id="T470E" value="01:08:08,850" />
  </s>
  <s id="462">
    <time id="T471S" value="01:08:15,000" />
Folk förstår inte ett sånt här förhållande.
    <time id="T471E" value="01:08:18,250" />
  </s>
  <s id="463">
    <time id="T472S" value="01:08:20,640" />
Det är så svårt.
    <time id="T472E" value="01:08:22,150" />
  </s>
  <s id="464">
    <time id="T473S" value="01:08:24,680" />
Det har de inte med att göra.
    <time id="T473E" value="01:08:26,670" />
  </s>
  <s id="465">
    <time id="T474S" value="01:08:29,080" />
Jag älskar dig.
    <time id="T474E" value="01:08:30,430" />
  </s>
  <s id="466">
    <time id="T475S" value="01:08:33,880" />
Vad ska jag göra nu?
    <time id="T475E" value="01:08:36,070" />
  </s>
  <s id="467">
    <time id="T476S" value="01:08:37,480" />
Jag bryr mig inte om vad de tror.
    <time id="T476E" value="01:08:40,150" />
  </s>
  <s id="468">
    <time id="T477S" value="01:08:41,520" />
Det är mellan dig och mig...
    <time id="T477E" value="01:08:43,630" />
  </s>
  <s id="469">
    <time id="T478S" value="01:08:49,960" />
Jag tror...
    <time id="T478E" value="01:08:50,910" />
  </s>
  <s id="470">
    <time id="T479S" value="01:08:51,720" />
Jag tror att det vore bättre om du hittar någon i din ålder.
    <time id="T480E" value="01:08:56,830" />
  </s>
  <s id="471">
    <time id="T481S" value="01:09:01,000" />
Jag vill inte ha någon annan.
    <time id="T481E" value="01:09:02,990" />
  </s>
  <s id="472">
    <time id="T482S" value="01:09:05,160" />
Jag vill bara ha dig.
    <time id="T482E" value="01:09:06,830" />
  </s>
  <s id="473">
    <time id="T483S" value="01:09:11,400" />
Charley, min pappa tänker skicka mig i fängelse, om vi sticker.
    <time id="T483E" value="01:09:15,430" />
  </s>
  <s id="474">
    <time id="T484S" value="01:09:16,120" />
Han hittar oss inte.
    <time id="T484E" value="01:09:18,070" />
  </s>
  <s id="475">
    <time id="T485S" value="01:09:20,120" />
Lagar är så dumma.
    <time id="T485E" value="01:09:22,030" />
  </s>
  <s id="476">
    <time id="T486S" value="01:09:23,960" />
Varför ska de kunna tala om för mig vem jag älskar?
    <time id="T486E" value="01:09:26,970" />
  </s>
  <s id="477">
    <time id="T487S" value="01:09:31,360" />
Hur är det med mina rättigheter.
    <time id="T487E" value="01:09:33,430" />
  </s>
  <s id="478">
    <time id="T488S" value="01:09:43,800" />
Ge mig bara några dagar att tänka på det.
    <time id="T488E" value="01:09:46,430" />
  </s>
  <s id="479">
    <time id="T489S" value="01:09:51,640" />
Jag skrev en dikt till dig.
    <time id="T489E" value="01:09:53,590" />
  </s>
  <s id="480">
    <time id="T490S" value="01:09:54,280" />
Den heter Eban och Charley.
    <time id="T490E" value="01:09:56,470" />
  </s>
  <s id="481">
    <time id="T491S" value="01:09:59,920" />
Sluta. 
  </s>
  <s id="482">
Charley.
    <time id="T491E" value="01:10:01,590" />
  </s>
  <s id="483">
    <time id="T492S" value="01:10:03,120" />
Du borde inte ha gjort det.
    <time id="T492E" value="01:10:04,750" />
  </s>
  <s id="484">
    <time id="T493S" value="01:10:07,320" />
Varför?
    <time id="T493E" value="01:10:08,300" />
  </s>
  <s id="485">
    <time id="T494S" value="01:10:10,480" />
För de kan använda den mot mig.
    <time id="T494E" value="01:10:12,590" />
  </s>
  <s id="486">
    <time id="T495S" value="01:10:13,000" />
Du borde tänka på mig.
    <time id="T495E" value="01:10:15,230" />
  </s>
  <s id="487">
    <time id="T496S" value="01:10:28,520" />
Du... jag tror du måste gå.
    <time id="T497E" value="01:10:32,910" />
  </s>
  <s id="488">
    <time id="T498S" value="01:10:35,880" />
Jag trodde inte att du var rädd för kärleken.
    <time id="T498E" value="01:10:38,750" />
  </s>
  <s id="489">
    <time id="T499S" value="01:10:50,080" />
Du kommer väl bara att glömma mig, eller hur?
    <time id="T499E" value="01:10:53,270" />
  </s>
  <s id="490">
    <time id="T500S" value="01:10:59,750" />
Nej...
    <time id="T500E" value="01:11:01,750" />
  </s>
  <s id="491">
    <time id="T501S" value="01:11:02,880" />
Det gör jag inte.
    <time id="T501E" value="01:11:03,940" />
  </s>
  <s id="492">
    <time id="T502S" value="01:12:23,480" />
Eban, du vet inte ens... hur mycket jag vill vara med dig.
    <time id="T503E" value="01:12:29,380" />
  </s>
  <s id="493">
    <time id="T504S" value="01:12:30,560" />
Och min kärlek kommer inte att vara enkel, men den är värd det att få vara med dig.
    <time id="T505E" value="01:12:36,340" />
  </s>
  <s id="494">
    <time id="T506S" value="01:12:37,880" />
Och jag vet att det inte blir lätt, och jag hoppas att du känner det också.
    <time id="T507E" value="01:12:43,790" />
  </s>
  <s id="495">
    <time id="T508S" value="01:12:46,760" />
Jag sluter mina ögon
    <time id="T508E" value="01:12:48,350" />
  </s>
  <s id="496">
    <time id="T509S" value="01:12:49,320" />
Jag ser himlen trogen i dina drömmar
    <time id="T510E" value="01:12:55,270" />
  </s>
  <s id="497">
    <time id="T511S" value="01:12:56,320" />
Och jag vet att det ska vara så för evigt.
    <time id="T511E" value="01:12:59,750" />
  </s>
  <s id="498">
    <time id="T512S" value="01:13:01,720" />
Jag vill se dig varje dag.
    <time id="T512E" value="01:13:03,950" />
  </s>
  <s id="499">
    <time id="T513S" value="01:13:15,840" />
Du får tala om vad som pågår?
    <time id="T513E" value="01:13:17,710" />
  </s>
  <s id="500">
    <time id="T514S" value="01:13:20,360" />
Vadå?
    <time id="T514E" value="01:13:21,190" />
  </s>
  <s id="501">
    <time id="T515S" value="01:13:22,520" />
Allt det där tillsammans för evigt, skitsnacket.
    <time id="T515E" value="01:13:25,950" />
  </s>
  <s id="502">
    <time id="T516S" value="01:13:27,960" />
Berätta det för mig, jag vill höra det med dina egna ord.
    <time id="T516E" value="01:13:31,740" />
  </s>
  <s id="503">
    <time id="T517S" value="01:13:36,880" />
Tala ut.
    <time id="T517E" value="01:13:37,790" />
  </s>
  <s id="504">
    <time id="T518S" value="01:13:45,440" />
Jag lyssnar.
    <time id="T518E" value="01:13:46,630" />
  </s>
  <s id="505">
    <time id="T519S" value="01:13:49,240" />
Han är min pojkvän.
    <time id="T519E" value="01:13:51,270" />
  </s>
  <s id="506">
    <time id="T520S" value="01:13:54,360" />
Och det är inget som du kan göra något åt.
    <time id="T520E" value="01:13:56,550" />
  </s>
  <s id="507">
    <time id="T521S" value="01:13:57,680" />
I helvete heller.
    <time id="T521E" value="01:13:59,030" />
  </s>
  <s id="508">
    <time id="T522S" value="01:13:59,520" />
Så länge som du bor i mitt hus så gör du som jag säger.
    <time id="T522E" value="01:14:03,830" />
  </s>
  <s id="509">
    <time id="T523S" value="01:14:04,680" />
Du kan inte tvinga mig till någonting.
    <time id="T523E" value="01:14:06,910" />
  </s>
  <s id="510">
    <time id="T524S" value="01:14:10,280" />
Du har blivit hjärntvättad.
    <time id="T524E" value="01:14:12,150" />
  </s>
  <s id="511">
    <time id="T525S" value="01:14:12,960" />
Jag hade inte väntat mig att du skulle bli en fikus.
    <time id="T525E" value="01:14:15,630" />
  </s>
  <s id="512">
    <time id="T526S" value="01:14:18,160" />
Jag ska skaffa dig en psykiater.
    <time id="T526E" value="01:14:20,230" />
  </s>
  <s id="513">
    <time id="T527S" value="01:14:21,640" />
Jag ska skicka tillbaka dig till Charleston, så din morföräldrar får ta itu med det.
    <time id="T527E" value="01:14:26,540" />
  </s>
  <s id="514">
    <time id="T528S" value="01:14:26,640" />
Jag behöver ingen psykiater.
    <time id="T528E" value="01:14:28,940" />
  </s>
  <s id="515">
    <time id="T529S" value="01:14:29,600" />
Jag behöver bara få vara med Eban.
    <time id="T529E" value="01:14:32,230" />
  </s>
  <s id="516">
    <time id="T530S" value="01:14:37,760" />
Han kommer att åka i fängelse.
    <time id="T530E" value="01:14:39,510" />
  </s>
  <s id="517">
    <time id="T531S" value="01:14:44,520" />
Fan ta dig!
    <time id="T531E" value="01:14:45,390" />
  </s>
  <s id="518">
    <time id="T532S" value="01:14:47,080" />
Lugna dig.
    <time id="T532E" value="01:14:48,550" />
  </s>
  <s id="519">
    <time id="T533S" value="01:14:50,080" />
Nu lugnar du dig.
    <time id="T533E" value="01:14:51,390" />
  </s>
  <s id="520">
    <time id="T534S" value="01:14:57,720" />
Lugna dig.
    <time id="T534E" value="01:14:59,590" />
  </s>
  <s id="521">
    <time id="T535S" value="01:15:04,040" />
Börja packa.
    <time id="T535E" value="01:15:05,510" />
  </s>
  <s id="522">
    <time id="T536S" value="01:17:51,320" />
"Jag vill se dig varje dag.
    <time id="T536E" value="01:17:53,780" />
  </s>
  <s id="523">
    <time id="T537S" value="01:17:54,960" />
för jag älskar dig på alla sätt för du får mig att känna mig speciell
    <time id="T538E" value="01:18:00,870" />
  </s>
  <s id="524">
    <time id="T539S" value="01:18:01,880" />
för du är speciellt gjord för mig
    <time id="T539E" value="01:18:04,070" />
  </s>
  <s id="525">
    <time id="T540S" value="01:18:05,360" />
Jag hoppas att du håller med jag hoppas du ser hur mycket du betyder för mig."
    <time id="T542E" value="01:18:11,990" />
  </s>
  <s id="526">
    <time id="T543S" value="01:21:22,200" />
Jag ber verkligen om ursäkt...
    <time id="T543E" value="01:21:23,750" />
  </s>
  <s id="527">
    <time id="T544S" value="01:21:32,040" />
Jag var rädd.
    <time id="T544E" value="01:21:33,550" />
  </s>
  <s id="528">
    <time id="T545S" value="01:21:35,560" />
Jag visste inte vad jag skulle göra.
    <time id="T545E" value="01:21:37,670" />
  </s>
  <s id="529">
    <time id="T546S" value="01:21:46,920" />
Vill du fortfarande åka?
    <time id="T546E" value="01:21:48,470" />
  </s>
  <s id="530">
    <time id="T547S" value="01:21:51,520" />
Vart?
    <time id="T547E" value="01:21:52,630" />
  </s>
  <s id="531">
    <time id="T548S" value="01:21:56,560" />
Jag bryr mig inte.
    <time id="T548E" value="01:21:58,270" />
  </s>
  <s id="532">
    <time id="T549S" value="01:22:01,080" />
Danmark, Amsterdam.
    <time id="T549E" value="01:22:04,620" />
  </s>
  <s id="533">
    <time id="T550S" value="01:22:11,040" />
Känner du dig så usel för vad du gjorde mot din förra pojkvän?
    <time id="T550E" value="01:22:14,870" />
  </s>
  <s id="534">
    <time id="T551S" value="01:22:16,160" />
Mådde dåligt för att du älskade honom. 
  </s>
  <s id="535">
Att vara rädd?
    <time id="T551E" value="01:22:20,470" />
  </s>
  <s id="536">
    <time id="T552S" value="01:22:22,680" />
Jag vill inte ha det så.
    <time id="T552E" value="01:22:24,230" />
  </s>
  <s id="537">
    <time id="T553S" value="01:22:26,440" />
Du måste bestämma dig.
    <time id="T553E" value="01:22:28,590" />
  </s>
  <s id="538">
    <time id="T554S" value="01:22:32,600" />
Det har jag.
    <time id="T554E" value="01:22:33,710" />
  </s>
  <s id="539">
    <time id="T555S" value="01:22:35,960" />
Jag älskar dig.
    <time id="T555E" value="01:22:37,510" />
  </s>
  <s id="540">
    <time id="T556S" value="01:22:39,360" />
Jag vill vara med dig.
    <time id="T556E" value="01:22:40,990" />
  </s>
  <s id="541">
    <time id="T557S" value="01:22:47,080" />
Det lovar jag.
    <time id="T557E" value="01:22:48,630" />
  </s>
  <s id="542">
    <time id="T558S" value="01:22:50,240" />
Jag ska göra mitt bästa för att aldrig göra dig illa igen.
    <time id="T558E" value="01:22:53,780" />
  </s>
  <s id="543">
    <time id="T559S" value="01:24:47,640" />
Du kanske borde lägga undan dem, du vill väl inte förlora dem.
    <time id="T560E" value="01:24:51,750" />
  </s>
  <s id="544">
    <time id="T561S" value="01:26:19,800" />
Vi kan aldrig komma tillbaka, det vet du?
    <time id="T561E" value="01:26:22,390" />
  </s>
  <s id="545">
    <time id="T562S" value="01:26:22,680" />
Det vet jag.
  </s>
  <s id="546">
Det vill jag inte heller. 
  </s>
  <s id="547">
Gör du?
    <time id="T562E" value="01:26:26,790" />
  </s>
  <s id="548">
    <time id="T563S" value="01:27:02,560" />
Översättning: 
  </s>
  <s id="549">
Din Martin
    <time id="T563E" value="01:27:08,650" />
  </s>
  <meta>
    <subtitle>
      <rating>1.0</rating>
      <language>Swedish</language>
      <version>1</version>
      <confidence>1.0</confidence>
      <machine_translated>0</machine_translated>
      <date>2013-05-12</date>
      <blocks>563</blocks>
      <duration>01:27:08,650</duration>
    </subtitle>
    <conversion>
      <tokens>3576</tokens>
      <encoding>windows-1252</encoding>
      <unknown_words>0</unknown_words>
      <ignored_blocks>0</ignored_blocks>
      <sentences>549</sentences>
      <truecased_words>0</truecased_words>
      <corrected_words>0</corrected_words>
    </conversion>
    <source>
      <HD>0</HD>
      <cds>1/1</cds>
      <country>UK, USA</country>
      <original>English</original>
      <year>2000</year>
      <genre>Drama,Romance</genre>
      <duration>86</duration>
    </source>
  </meta>
</document>
