<?xml version="1.0" encoding="utf-8"?>
<document id="89164">
  <s id="1">
    <time id="T1S" value="00:00:10,000" />
LABAUDIEU-KLOSTERET I LORRAINE
    <time id="T1E" value="00:00:13,470" />
  </s>
  <s id="2">
    <time id="T2S" value="00:01:29,600" />
Nej! 
  </s>
  <s id="3">
Inte den cellen.
    <time id="T2E" value="00:01:32,512" />
  </s>
  <s id="4">
    <time id="T3S" value="00:01:32,720" />
Det är nr. 13. 
  </s>
  <s id="5">
Det ger otur.
  </s>
  <s id="6">
Den ger vi inte till nån.
    <time id="T3E" value="00:01:35,917" />
  </s>
  <s id="7">
    <time id="T4S" value="00:01:37,000" />
Jag är inte vidskeplig, fader.
    <time id="T4E" value="00:01:40,390" />
  </s>
  <s id="8">
    <time id="T5S" value="00:01:44,000" />
Fader Vincent!
    <time id="T5E" value="00:01:46,389" />
  </s>
  <s id="9">
    <time id="T6S" value="00:01:46,600" />
Fader Vincent!
    <time id="T6E" value="00:01:49,353" />
  </s>
  <s id="10">
    <time id="T7S" value="00:01:52,480" />
Fader Vincent! 
  </s>
  <s id="11">
Fader Vincent...
    <time id="T7E" value="00:01:56,189" />
  </s>
  <s id="12">
    <time id="T8S" value="00:01:56,400" />
En av de nya tog en cell som han inte skulle ha.
    <time id="T8E" value="00:01:59,995" />
  </s>
  <s id="13">
    <time id="T9S" value="00:03:25,760" />
DE BLODRÖDA FLODERNA II
    <time id="T9E" value="00:03:30,880" />
  </s>
  <s id="14">
    <time id="T10S" value="00:04:31,720" />
God dag, fader.
  </s>
  <s id="15">
Kommissarie Niemans från Paris.
    <time id="T10E" value="00:04:35,474" />
  </s>
  <s id="16">
    <time id="T11S" value="00:04:35,680" />
- Vad gäller det?
  </s>
  <s id="17">
- Julgratifikation. 
  </s>
  <s id="18">
Vi är tidiga.
    <time id="T11E" value="00:04:40,196" />
  </s>
  <s id="19">
    <time id="T12S" value="00:04:40,400" />
Jag tar det.
    <time id="T12E" value="00:04:43,073" />
  </s>
  <s id="20">
    <time id="T13S" value="00:04:51,880" />
Vi är fortfarande chockade.
    <time id="T13E" value="00:04:54,519" />
  </s>
  <s id="21">
    <time id="T14S" value="00:04:54,720" />
- Vi vill inte ha dålig publicitet.
  </s>
  <s id="22">
- Inte jag heller.
    <time id="T14E" value="00:04:58,599" />
  </s>
  <s id="23">
    <time id="T15S" value="00:05:09,880" />
- Måste de gå med?
  </s>
  <s id="24">
- Var är det?
    <time id="T15E" value="00:05:14,431" />
  </s>
  <s id="25">
    <time id="T16S" value="00:05:14,640" />
Följ mig.
    <time id="T16E" value="00:05:17,359" />
  </s>
  <s id="26">
    <time id="T17S" value="00:05:58,120" />
Varsågod, mina herrar.
    <time id="T17E" value="00:06:00,111" />
  </s>
  <s id="27">
    <time id="T18S" value="00:06:40,960" />
Ta ett DNA-prov så vi får veta vem det är.
    <time id="T18E" value="00:06:45,078" />
  </s>
  <s id="28">
    <time id="T19S" value="00:07:04,760" />
Vet ni var jag kan tvätta händerna?
    <time id="T19E" value="00:07:07,558" />
  </s>
  <s id="29">
    <time id="T20S" value="00:07:14,800" />
Ingen svarar er.
    <time id="T20E" value="00:07:17,519" />
  </s>
  <s id="30">
    <time id="T21S" value="00:07:18,560" />
De har avlagt tysthetslöfte.
    <time id="T21E" value="00:07:21,518" />
  </s>
  <s id="31">
    <time id="T22S" value="00:07:21,720" />
Det här är ett montanistkloster, men det säger väl inte er nånting.
    <time id="T22E" value="00:07:26,316" />
  </s>
  <s id="32">
    <time id="T23S" value="00:07:26,520" />
Montanus, predikant, 100-200 talet e. 
  </s>
  <s id="33">
Kr.
    <time id="T23E" value="00:07:31,071" />
  </s>
  <s id="34">
    <time id="T24S" value="00:07:31,280" />
Bravo.
    <time id="T24E" value="00:07:33,589" />
  </s>
  <s id="35">
    <time id="T25S" value="00:07:33,800" />
Jag trodde att er orden var utdöd.
    <time id="T25E" value="00:07:36,758" />
  </s>
  <s id="36">
    <time id="T26S" value="00:07:36,960" />
Vi överlevde på gott och ont fram till 800-talet i Lombardiet.
    <time id="T26E" value="00:07:41,033" />
  </s>
  <s id="37">
    <time id="T27S" value="00:07:42,200" />
Då lät Lothar II, Karl den Stores barnbarn, bygga detta kloster.
    <time id="T27E" value="00:07:47,274" />
  </s>
  <s id="38">
    <time id="T28S" value="00:07:49,200" />
- Hur många är ni?
  </s>
  <s id="39">
- 32.
    <time id="T28E" value="00:07:53,034" />
  </s>
  <s id="40">
    <time id="T29S" value="00:07:53,240" />
- Ingen saknades vid uppropet?
  </s>
  <s id="41">
- Ingen.
    <time id="T29E" value="00:07:57,552" />
  </s>
  <s id="42">
    <time id="T30S" value="00:08:00,320" />
När lagades väggen?
    <time id="T30E" value="00:08:03,630" />
  </s>
  <s id="43">
    <time id="T31S" value="00:08:04,560" />
För en vecka sen av två murare från en liten firma i trakten.
    <time id="T31E" value="00:08:08,109" />
  </s>
  <s id="44">
    <time id="T32S" value="00:08:09,200" />
- Har ni en faktura?
  </s>
  <s id="45">
- Nej, vi arkiverar ingenting.
    <time id="T32E" value="00:08:14,149" />
  </s>
  <s id="46">
    <time id="T33S" value="00:08:20,120" />
Säg mig... 
  </s>
  <s id="47">
Varför har prästerna jord under naglarna?
    <time id="T33E" value="00:08:25,069" />
  </s>
  <s id="48">
    <time id="T34S" value="00:08:26,360" />
Örtagården kräver mycket arbete med det ostadiga väder vi har.
    <time id="T34E" value="00:08:31,832" />
  </s>
  <s id="49">
    <time id="T35S" value="00:08:40,960" />
Kevin? 
  </s>
  <s id="50">
Kevin! 
  </s>
  <s id="51">
- Har ni sett en liten mörkhårig pojke?
    <time id="T35E" value="00:08:46,796" />
  </s>
  <s id="52">
    <time id="T36S" value="00:09:14,880" />
Vad gör du här, lille vän?
    <time id="T36E" value="00:09:17,553" />
  </s>
  <s id="53">
    <time id="T37S" value="00:09:17,760" />
Vad gör du där? 
  </s>
  <s id="54">
- Tack, monsieur.
  </s>
  <s id="55">
- Jag blev livrädd!
    <time id="T37E" value="00:09:21,469" />
  </s>
  <s id="56">
    <time id="T38S" value="00:09:21,680" />
- Det är telefon.
  </s>
  <s id="57">
- Tack.
    <time id="T38E" value="00:09:24,717" />
  </s>
  <s id="58">
    <time id="T39S" value="00:09:45,960" />
Hallå?
    <time id="T39E" value="00:09:48,110" />
  </s>
  <s id="59">
    <time id="T40S" value="00:09:48,320" />
Hallå...? 
  </s>
  <s id="60">
Hallå?
    <time id="T40E" value="00:09:51,517" />
  </s>
  <s id="61">
    <time id="T41S" value="00:10:27,600" />
Ja?
  </s>
  <s id="62">
Skicka hit en teolog fortast möjligt.
    <time id="T41E" value="00:10:33,914" />
  </s>
  <s id="63">
    <time id="T42S" value="00:10:34,120" />
- Okej. 
  </s>
  <s id="64">
Tack.
  </s>
  <s id="65">
- Niemans. 
  </s>
  <s id="66">
DNA-svaret har kommit.
    <time id="T42E" value="00:10:38,033" />
  </s>
  <s id="67">
    <time id="T43S" value="00:10:38,240" />
Han levde när han murades in.
    <time id="T43E" value="00:10:41,038" />
  </s>
  <s id="68">
    <time id="T44S" value="00:10:41,240" />
Kommissarien, det är ert kontor.
    <time id="T44E" value="00:10:44,357" />
  </s>
  <s id="69">
    <time id="T45S" value="00:10:54,720" />
Vi har inte hans namn.
    <time id="T45E" value="00:10:57,075" />
  </s>
  <s id="70">
    <time id="T46S" value="00:11:27,760" />
Philippe Esaquidar. 
  </s>
  <s id="71">
Är det han?
    <time id="T46E" value="00:11:30,513" />
  </s>
  <s id="72">
    <time id="T47S" value="00:11:30,720" />
Det var han. 
  </s>
  <s id="73">
Skriv ut det.
    <time id="T47E" value="00:11:34,030" />
  </s>
  <s id="74">
    <time id="T48S" value="00:11:36,600" />
Ytenhet på tre bokstäver.
    <time id="T48E" value="00:11:39,876" />
  </s>
  <s id="75">
    <time id="T49S" value="00:11:40,080" />
- Hektometer.
  </s>
  <s id="76">
- Tre bokstäver.
    <time id="T49E" value="00:11:43,117" />
  </s>
  <s id="77">
    <time id="T50S" value="00:11:49,720" />
Sluta, sluta, sluta!
    <time id="T50E" value="00:11:51,836" />
  </s>
  <s id="78">
    <time id="T51S" value="00:11:52,880" />
- Kan du inte låta mig sova?
  </s>
  <s id="79">
- Jo, jo.
    <time id="T51E" value="00:11:55,792" />
  </s>
  <s id="80">
    <time id="T52S" value="00:11:56,880" />
Efter 19 timmar skulle jag skoja till det lite och du krossar min hand.
    <time id="T52E" value="00:12:01,749" />
  </s>
  <s id="81">
    <time id="T53S" value="00:12:01,960" />
Antingen har han ett problem eller så har han flyttat.
    <time id="T53E" value="00:12:05,077" />
  </s>
  <s id="82">
    <time id="T54S" value="00:12:05,280" />
Det är hans brud som bor där.
    <time id="T54E" value="00:12:08,352" />
  </s>
  <s id="83">
    <time id="T55S" value="00:12:13,000" />
Den är kass.
    <time id="T55E" value="00:12:15,468" />
  </s>
  <s id="84">
    <time id="T56S" value="00:12:15,680" />
- Vad gör du?
  </s>
  <s id="85">
- Tre veckor i den här hålan.
    <time id="T56E" value="00:12:18,956" />
  </s>
  <s id="86">
    <time id="T57S" value="00:12:19,160" />
- Nu ska vi hem till Paris.
  </s>
  <s id="87">
- Lägg av nu.
    <time id="T57E" value="00:12:22,197" />
  </s>
  <s id="88">
    <time id="T58S" value="00:12:23,680" />
- Vi har skuggat honom i ett halvår.
  </s>
  <s id="89">
- Det är för länge.
    <time id="T58E" value="00:12:28,071" />
  </s>
  <s id="90">
    <time id="T59S" value="00:12:50,160" />
PénéIope, va? 
  </s>
  <s id="91">
Förlåt att jag stör, men jag fick adressen av Emilio.
    <time id="T59E" value="00:12:55,439" />
  </s>
  <s id="92">
    <time id="T60S" value="00:12:55,640" />
Det är iskallt att stå där nere och vänta.
    <time id="T60E" value="00:12:58,518" />
  </s>
  <s id="93">
    <time id="T61S" value="00:12:58,720" />
Jag tänkte att snälla PénéIope kanske bjöd på en kopp kaffe.
    <time id="T61E" value="00:13:04,556" />
  </s>
  <s id="94">
    <time id="T62S" value="00:13:04,760" />
- För att bli varm.
  </s>
  <s id="95">
- Jag har inget kaffe, bara te.
    <time id="T62E" value="00:13:09,151" />
  </s>
  <s id="96">
    <time id="T63S" value="00:13:09,360" />
Te går bra.
    <time id="T63E" value="00:13:11,237" />
  </s>
  <s id="97">
    <time id="T64S" value="00:13:21,160" />
Sätt dig.
    <time id="T64E" value="00:13:23,276" />
  </s>
  <s id="98">
    <time id="T65S" value="00:13:36,760" />
- Har du känt Emilio länge?
  </s>
  <s id="99">
- Nja... i sju år.
    <time id="T65E" value="00:13:40,799" />
  </s>
  <s id="100">
    <time id="T66S" value="00:13:42,840" />
- Jag har inget socker.
  </s>
  <s id="101">
- Det är lugnt.
    <time id="T66E" value="00:13:46,469" />
  </s>
  <s id="102">
    <time id="T67S" value="00:13:50,040" />
Tack.
    <time id="T67E" value="00:13:52,395" />
  </s>
  <s id="103">
    <time id="T68S" value="00:13:54,720" />
Emilio förbjöd mig att släppa in nån.
    <time id="T68E" value="00:13:58,315" />
  </s>
  <s id="104">
    <time id="T69S" value="00:13:59,360" />
Han är alltid lika paranoid.
    <time id="T69E" value="00:14:02,511" />
  </s>
  <s id="105">
    <time id="T70S" value="00:14:02,720" />
Har du känt honom länge?
    <time id="T70E" value="00:14:05,109" />
  </s>
  <s id="106">
    <time id="T71S" value="00:14:05,320" />
Vi har gjort lite affärer ihop.
    <time id="T71E" value="00:14:09,029" />
  </s>
  <s id="107">
    <time id="T72S" value="00:14:26,840" />
Om Emilio inte var så svartsjuk  hade jag hoppat på dig.
    <time id="T73E" value="00:14:32,352" />
  </s>
  <s id="108">
    <time id="T74S" value="00:14:34,120" />
Du är snäll.
    <time id="T74E" value="00:14:36,588" />
  </s>
  <s id="109">
    <time id="T75S" value="00:14:39,280" />
- Du måste vara ett bra ligg.
  </s>
  <s id="110">
- Han gör det inte!
    <time id="T75E" value="00:14:42,511" />
  </s>
  <s id="111">
    <time id="T76S" value="00:14:42,720" />
- Gud, vad du är dum.
  </s>
  <s id="112">
- Det är inte sant.
    <time id="T76E" value="00:14:47,316" />
  </s>
  <s id="113">
    <time id="T77S" value="00:14:51,920" />
Nå... 
  </s>
  <s id="114">
Tror du det dröjer länge?
    <time id="T77E" value="00:14:54,673" />
  </s>
  <s id="115">
    <time id="T78S" value="00:14:55,640" />
Han kommer. 
  </s>
  <s id="116">
Och då sticker du och jag blir knullad.
    <time id="T78E" value="00:15:01,795" />
  </s>
  <s id="117">
    <time id="T79S" value="00:15:08,360" />
Vad fan gör du? 
  </s>
  <s id="118">
Öppna!
    <time id="T79E" value="00:15:10,510" />
  </s>
  <s id="119">
    <time id="T80S" value="00:15:10,720" />
- Har ni sett nån gå in?
  </s>
  <s id="120">
- Nej. 
  </s>
  <s id="121">
Det är ingen här.
    <time id="T80E" value="00:15:16,556" />
  </s>
  <s id="122">
    <time id="T81S" value="00:15:23,920" />
Vad gör du här, ditt as?
  </s>
  <s id="123">
!
    <time id="T81E" value="00:15:25,956" />
  </s>
  <s id="124">
    <time id="T82S" value="00:15:27,360" />
Jag sa åt dig att inte släppa in nån.
  </s>
  <s id="125">
Hora!
    <time id="T82E" value="00:15:30,670" />
  </s>
  <s id="126">
    <time id="T83S" value="00:15:30,880" />
Om det händer igen dödar jag dig!
    <time id="T83E" value="00:15:34,668" />
  </s>
  <s id="127">
    <time id="T84S" value="00:15:37,000" />
Vem är du, svin? 
  </s>
  <s id="128">
Är du snut?
  </s>
  <s id="129">
!
    <time id="T84E" value="00:15:39,992" />
  </s>
  <s id="130">
    <time id="T85S" value="00:16:55,000" />
Stanna där! 
  </s>
  <s id="131">
Ligg stilla!
    <time id="T85E" value="00:16:57,560" />
  </s>
  <s id="132">
    <time id="T86S" value="00:17:00,440" />
Visa händerna!
  </s>
  <s id="133">
Handlederna! 
  </s>
  <s id="134">
Ligg stilla, ditt as!
    <time id="T86E" value="00:17:04,399" />
  </s>
  <s id="135">
    <time id="T87S" value="00:17:10,760" />
Upp! 
  </s>
  <s id="136">
Upp, för helvete!
  </s>
  <s id="137">
Upp på fötter!
    <time id="T87E" value="00:17:14,753" />
  </s>
  <s id="138">
    <time id="T88S" value="00:18:01,080" />
Ja, vad är det?
    <time id="T88E" value="00:18:03,799" />
  </s>
  <s id="139">
    <time id="T89S" value="00:18:12,200" />
Säg om det du sa, men där inne och på franska.
    <time id="T89E" value="00:18:16,079" />
  </s>
  <s id="140">
    <time id="T90S" value="00:18:20,600" />
Philippe var min storebror.
    <time id="T90E" value="00:18:23,160" />
  </s>
  <s id="141">
    <time id="T91S" value="00:18:23,360" />
Han var inte typen som drack och gick ut.
    <time id="T91E" value="00:18:28,229" />
  </s>
  <s id="142">
    <time id="T92S" value="00:18:28,440" />
Han var underbarnet tills han flippade ut.
    <time id="T93E" value="00:18:36,917" />
  </s>
  <s id="143">
    <time id="T94S" value="00:18:37,440" />
Han blev inmurad precis som Nostradamus.
    <time id="T94E" value="00:18:41,592" />
  </s>
  <s id="144">
    <time id="T95S" value="00:18:41,800" />
Vet du varför Nostradamus lät mura in sig?
    <time id="T95E" value="00:18:44,872" />
  </s>
  <s id="145">
    <time id="T96S" value="00:18:45,080" />
Nej.
    <time id="T96E" value="00:18:47,275" />
  </s>
  <s id="146">
    <time id="T97S" value="00:18:47,480" />
För att ingen skulle gå på hans grav.
    <time id="T97E" value="00:18:50,950" />
  </s>
  <s id="147">
    <time id="T98S" value="00:18:53,680" />
Tror du att din bror...
  </s>
  <s id="148">
Kan han ha bett om att få bli...
    <time id="T98E" value="00:18:58,037" />
  </s>
  <s id="149">
    <time id="T99S" value="00:18:58,240" />
Han var galen, men inte så galen.
    <time id="T99E" value="00:19:01,152" />
  </s>
  <s id="150">
    <time id="T100S" value="00:19:01,360" />
Han ville lida som Kristus.
  </s>
  <s id="151">
Det ska jag lova dig att han fick.
    <time id="T100E" value="00:19:06,957" />
  </s>
  <s id="152">
    <time id="T101S" value="00:19:09,600" />
- Varför talade du tyska med mig?
  </s>
  <s id="153">
- Det var inget.
    <time id="T101E" value="00:19:14,799" />
  </s>
  <s id="154">
    <time id="T102S" value="00:19:15,000" />
De köper upp allt och driver ut mig för att köpa stugan här.
    <time id="T102E" value="00:19:20,518" />
  </s>
  <s id="155">
    <time id="T103S" value="00:19:21,360" />
Kanske en fin lägenhet för att börja om nån annanstans.
    <time id="T103E" value="00:19:24,955" />
  </s>
  <s id="156">
    <time id="T104S" value="00:19:27,920" />
Vad skulle det tjäna till?
  </s>
  <s id="157">
Domedagen är ändå nära.
    <time id="T104E" value="00:19:31,913" />
  </s>
  <s id="158">
    <time id="T105S" value="00:19:32,120" />
Det sa min bror i alla fall.
    <time id="T105E" value="00:19:35,430" />
  </s>
  <s id="159">
    <time id="T106S" value="00:19:42,080" />
När började din bror säga...
  </s>
  <s id="160">
konstiga saker?
    <time id="T106E" value="00:19:47,632" />
  </s>
  <s id="161">
    <time id="T107S" value="00:19:47,840" />
Sen han mötte sin herre.
  </s>
  <s id="162">
Sitt ljus.
    <time id="T107E" value="00:19:52,152" />
  </s>
  <s id="163">
    <time id="T108S" value="00:19:52,360" />
Har ljuset ett namn?
    <time id="T108E" value="00:19:54,749" />
  </s>
  <s id="164">
    <time id="T109S" value="00:19:57,800" />
Jesus.
    <time id="T109E" value="00:20:00,439" />
  </s>
  <s id="165">
    <time id="T110S" value="00:20:01,560" />
Två biffar har gått vilse i skogen.
    <time id="T110E" value="00:20:03,516" />
  </s>
  <s id="166">
    <time id="T111S" value="00:20:03,720" />
Det är mörkt och när den första vänder sig om är den andra borta.
    <time id="T111E" value="00:20:07,269" />
  </s>
  <s id="167">
    <time id="T112S" value="00:20:07,480" />
Då dyker den andra upp igen.
  </s>
  <s id="168">
"Var fan var du nånstans?"
    <time id="T112E" value="00:20:11,792" />
  </s>
  <s id="169">
    <time id="T113S" value="00:20:12,000" />
- "Jag lekte bara seg." 
  </s>
  <s id="170">
- Den förstod jag inte.
    <time id="T113E" value="00:20:16,198" />
  </s>
  <s id="171">
    <time id="T114S" value="00:20:16,960" />
Fan!
    <time id="T114E" value="00:20:19,315" />
  </s>
  <s id="172">
    <time id="T115S" value="00:20:20,200" />
Var fan kom den idioten ifrån?
    <time id="T115E" value="00:20:22,839" />
  </s>
  <s id="173">
    <time id="T116S" value="00:20:23,960" />
Är du okej?
  </s>
  <s id="174">
Hör du vad jag säger?
    <time id="T116E" value="00:20:27,430" />
  </s>
  <s id="175">
    <time id="T117S" value="00:20:27,640" />
- Jag såg honom inte.
  </s>
  <s id="176">
- Det ser ut som Jesus.
    <time id="T117E" value="00:20:30,359" />
  </s>
  <s id="177">
    <time id="T118S" value="00:20:30,560" />
- Du skulle ha stannat på korset.
  </s>
  <s id="178">
- Tycker du att det är roligt?
    <time id="T118E" value="00:20:34,314" />
  </s>
  <s id="179">
    <time id="T119S" value="00:20:34,520" />
Vi kör dig till sjukhuset.
  </s>
  <s id="180">
Parkera din bil.
    <time id="T119E" value="00:20:37,876" />
  </s>
  <s id="181">
    <time id="T120S" value="00:20:38,080" />
- Nåd!
  </s>
  <s id="182">
- Reda...
    <time id="T120E" value="00:20:40,275" />
  </s>
  <s id="183">
    <time id="T121S" value="00:20:40,480" />
Vart ska du?
    <time id="T121E" value="00:20:43,870" />
  </s>
  <s id="184">
    <time id="T122S" value="00:20:44,080" />
Hör du mig?
  </s>
  <s id="185">
Förstår du vad jag säger?
    <time id="T122E" value="00:20:47,629" />
  </s>
  <s id="186">
    <time id="T123S" value="00:20:47,840" />
Har nån gjort dig illa?
  </s>
  <s id="187">
Försök lugna ner dig lite.
    <time id="T123E" value="00:20:51,833" />
  </s>
  <s id="188">
    <time id="T124S" value="00:20:52,040" />
Ska jag inte köra dig till sjukhuset?
    <time id="T124E" value="00:20:54,600" />
  </s>
  <s id="189">
    <time id="T125S" value="00:20:58,640" />
Jag kan hjälpa dig.
  </s>
  <s id="190">
Jag kommer från polisen.
    <time id="T125E" value="00:21:03,031" />
  </s>
  <s id="191">
    <time id="T126S" value="00:21:03,240" />
- Nåd!
  </s>
  <s id="192">
- Lugna ner dig.
    <time id="T126E" value="00:21:06,437" />
  </s>
  <s id="193">
    <time id="T127S" value="00:21:07,760" />
Få hit en ambulans!
    <time id="T127E" value="00:21:10,115" />
  </s>
  <s id="194">
    <time id="T128S" value="00:21:10,320" />
Låt mig få hjälpa dig.
    <time id="T128E" value="00:21:12,550" />
  </s>
  <s id="195">
    <time id="T129S" value="00:21:13,160" />
- Herre!
  </s>
  <s id="196">
- Jag är polis. 
  </s>
  <s id="197">
Lugna ner dig.
    <time id="T129E" value="00:21:17,915" />
  </s>
  <s id="198">
    <time id="T130S" value="00:21:23,680" />
Fader! 
  </s>
  <s id="199">
Kom till mig!
    <time id="T130E" value="00:21:27,070" />
  </s>
  <s id="200">
    <time id="T131S" value="00:21:27,280" />
Herre!
    <time id="T131E" value="00:21:30,158" />
  </s>
  <s id="201">
    <time id="T132S" value="00:21:30,360" />
- Nu kommer de. 
  </s>
  <s id="202">
De är här nu.
  </s>
  <s id="203">
- Vilka?
    <time id="T132E" value="00:21:34,956" />
  </s>
  <s id="204">
    <time id="T133S" value="00:21:40,480" />
Vad gör vi, Reda?
    <time id="T133E" value="00:21:42,516" />
  </s>
  <s id="205">
    <time id="T134S" value="00:21:42,720" />
Det är ingen spik. 
  </s>
  <s id="206">
Det är en 9 mm- kula. 
  </s>
  <s id="207">
Kalla hit en ambulans.
    <time id="T134E" value="00:21:47,350" />
  </s>
  <s id="208">
    <time id="T135S" value="00:21:50,600" />
Vad är det här för vansinne?
    <time id="T135E" value="00:21:53,831" />
  </s>
  <s id="209">
    <time id="T136S" value="00:22:00,760" />
Lägg ner nu. 
  </s>
  <s id="210">
Han är på sjukhuset.
    <time id="T136E" value="00:22:04,230" />
  </s>
  <s id="211">
    <time id="T137S" value="00:22:04,440" />
Reda, ska du ha en öl?
    <time id="T137E" value="00:22:06,715" />
  </s>
  <s id="212">
    <time id="T138S" value="00:22:24,200" />
IDENTITET OKÄND
    <time id="T138E" value="00:22:26,350" />
  </s>
  <s id="213">
    <time id="T139S" value="00:22:30,080" />
God dag. 
  </s>
  <s id="214">
Kommissarie Niemans.
    <time id="T139E" value="00:22:32,913" />
  </s>
  <s id="215">
    <time id="T140S" value="00:22:38,680" />
- Vad vill du?
  </s>
  <s id="216">
- Tala med dig.
    <time id="T140E" value="00:22:41,797" />
  </s>
  <s id="217">
    <time id="T141S" value="00:22:47,360" />
Om du söker min man så har jag inte hört nåt på tre månader.
    <time id="T141E" value="00:22:51,956" />
  </s>
  <s id="218">
    <time id="T142S" value="00:22:52,160" />
Inte ett ljud, inget livstecken.
  </s>
  <s id="219">
Ingenting. 
  </s>
  <s id="220">
Ursäkta.
    <time id="T142E" value="00:22:56,631" />
  </s>
  <s id="221">
    <time id="T143S" value="00:23:02,360" />
Stäng av teven, Sébastien.
    <time id="T143E" value="00:23:04,715" />
  </s>
  <s id="222">
    <time id="T144S" value="00:23:12,800" />
Jag har talat med Michel Esaquidar, Philippes bror.
    <time id="T144E" value="00:23:15,837" />
  </s>
  <s id="223">
    <time id="T145S" value="00:23:16,040" />
- En god vän till din man, va?
  </s>
  <s id="224">
- Teven, Sébastien.
    <time id="T145E" value="00:23:20,591" />
  </s>
  <s id="225">
    <time id="T146S" value="00:23:20,800" />
Lyckligtvis är det länge sen som jag såg honom.
    <time id="T146E" value="00:23:23,917" />
  </s>
  <s id="226">
    <time id="T147S" value="00:23:24,120" />
Vi hittade Philippe Esaquidar död i går morse.
    <time id="T147E" value="00:23:27,317" />
  </s>
  <s id="227">
    <time id="T148S" value="00:23:27,520" />
Inmurad i ett kloster vid gränsen till Tyskland.
    <time id="T148E" value="00:23:31,798" />
  </s>
  <s id="228">
    <time id="T149S" value="00:23:40,320" />
Gå och lek i ditt rum, barn.
    <time id="T149E" value="00:23:43,756" />
  </s>
  <s id="229">
    <time id="T150S" value="00:23:49,160" />
Jag visste att det skulle sluta illa.
    <time id="T150E" value="00:23:52,118" />
  </s>
  <s id="230">
    <time id="T151S" value="00:23:52,320" />
En förbannelse vilar över klostret, men de lyssnade inte.
    <time id="T151E" value="00:23:56,108" />
  </s>
  <s id="231">
    <time id="T152S" value="00:23:58,200" />
Vilka är "de"?
    <time id="T152E" value="00:24:01,397" />
  </s>
  <s id="232">
    <time id="T153S" value="00:24:01,600" />
Om jag ska hitta din man innan nåt hemskt händer  måste du berätta allt du vet.
    <time id="T154E" value="00:24:09,355" />
  </s>
  <s id="233">
    <time id="T155S" value="00:24:09,560" />
- André fick med honom på det.
  </s>
  <s id="234">
- Vilken André?
    <time id="T155E" value="00:24:13,394" />
  </s>
  <s id="235">
    <time id="T156S" value="00:24:13,600" />
Jag vet inte. 
  </s>
  <s id="236">
Och Thomas Duret.
  </s>
  <s id="237">
Han jobbar på en lokal murarfirma.
    <time id="T156E" value="00:24:20,392" />
  </s>
  <s id="238">
    <time id="T157S" value="00:24:20,600" />
Men det är Andrés fel.
    <time id="T157E" value="00:24:22,795" />
  </s>
  <s id="239">
    <time id="T158S" value="00:24:23,000" />
Ända sen i skolan har han satt griller i huvudet på min man.
    <time id="T158E" value="00:24:27,357" />
  </s>
  <s id="240">
    <time id="T159S" value="00:24:27,560" />
Han har alltid sett Jesus i honom.
    <time id="T159E" value="00:24:29,755" />
  </s>
  <s id="241">
    <time id="T160S" value="00:24:29,960" />
- Min man har ett milt uttryck och...
  </s>
  <s id="242">
- Berätta mer.
    <time id="T160E" value="00:24:34,397" />
  </s>
  <s id="243">
    <time id="T161S" value="00:24:34,600" />
- André köpte klostret billigt.
  </s>
  <s id="244">
- Vad skulle han med det till?
    <time id="T161E" value="00:24:40,197" />
  </s>
  <s id="245">
    <time id="T162S" value="00:24:40,400" />
De förvirrade människorna i städerna.
  </s>
  <s id="246">
Han skulle erbjuda dem andlighet.
    <time id="T162E" value="00:24:45,076" />
  </s>
  <s id="247">
    <time id="T163S" value="00:24:46,760" />
Han var djupt troende.
  </s>
  <s id="248">
Som min man.
    <time id="T163E" value="00:24:50,309" />
  </s>
  <s id="249">
    <time id="T164S" value="00:24:50,520" />
Det låter kanske konstigt, men de älskade sina medmänniskor.
    <time id="T164E" value="00:24:54,832" />
  </s>
  <s id="250">
    <time id="T165S" value="00:24:55,040" />
Äkta kristna.
    <time id="T165E" value="00:24:57,349" />
  </s>
  <s id="251">
    <time id="T166S" value="00:24:57,560" />
De talade om att skydda människor.
    <time id="T166E" value="00:25:00,518" />
  </s>
  <s id="252">
    <time id="T167S" value="00:25:00,720" />
- Mot vad?
  </s>
  <s id="253">
- Faror.
    <time id="T167E" value="00:25:04,395" />
  </s>
  <s id="254">
    <time id="T168S" value="00:25:05,400" />
De var inte många, men trodde på det och folk märkte det.
    <time id="T168E" value="00:25:09,678" />
  </s>
  <s id="255">
    <time id="T169S" value="00:25:09,880" />
De hade anhängare.
    <time id="T169E" value="00:25:11,836" />
  </s>
  <s id="256">
    <time id="T170S" value="00:25:12,040" />
Sen en dag ville de förra ägarna ha tillbaka klostret.
    <time id="T170E" value="00:25:15,749" />
  </s>
  <s id="257">
    <time id="T171S" value="00:25:16,920" />
Känner du dessa... 
  </s>
  <s id="258">
lärjungar?
    <time id="T171E" value="00:25:19,354" />
  </s>
  <s id="259">
    <time id="T172S" value="00:25:19,560" />
Nej. 
  </s>
  <s id="260">
Bara André.
  </s>
  <s id="261">
De andra har jag aldrig träffat.
    <time id="T172E" value="00:25:24,350" />
  </s>
  <s id="262">
    <time id="T173S" value="00:25:24,560" />
Vet du hur många de är?
    <time id="T173E" value="00:25:26,869" />
  </s>
  <s id="263">
    <time id="T174S" value="00:25:27,080" />
Vänta.
    <time id="T174E" value="00:25:29,753" />
  </s>
  <s id="264">
    <time id="T175S" value="00:25:49,600" />
Tolv.
    <time id="T175E" value="00:25:52,273" />
  </s>
  <s id="265">
    <time id="T176S" value="00:25:56,720" />
- Hur är det med profeten i dag?
  </s>
  <s id="266">
- Bra. 
  </s>
  <s id="267">
Han har sjungit hela morgonen.
    <time id="T176E" value="00:26:02,636" />
  </s>
  <s id="268">
    <time id="T177S" value="00:26:02,840" />
- Vad då?
  </s>
  <s id="269">
- Nåt religiöst. 
  </s>
  <s id="270">
En klagosång.
    <time id="T177E" value="00:26:07,550" />
  </s>
  <s id="271">
    <time id="T178S" value="00:26:08,480" />
- Det går inte att dansa till.
  </s>
  <s id="272">
- Är det en invit?
    <time id="T178E" value="00:26:13,156" />
  </s>
  <s id="273">
    <time id="T179S" value="00:26:14,560" />
Jag går in till min kamrat.
  </s>
  <s id="274">
Han måste vara uttråkad.
    <time id="T179E" value="00:26:17,438" />
  </s>
  <s id="275">
    <time id="T180S" value="00:26:17,640" />
Det är en präst där inne också.
    <time id="T180E" value="00:26:20,996" />
  </s>
  <s id="276">
    <time id="T181S" value="00:26:21,200" />
En präst?
    <time id="T181E" value="00:26:23,077" />
  </s>
  <s id="277">
    <time id="T182S" value="00:26:30,280" />
Fader?
    <time id="T182E" value="00:26:32,191" />
  </s>
  <s id="278">
    <time id="T183S" value="00:26:32,760" />
Fader?
    <time id="T183E" value="00:26:34,955" />
  </s>
  <s id="279">
    <time id="T184S" value="00:26:39,840" />
Kom igen, andas. 
  </s>
  <s id="280">
Andas.
    <time id="T184E" value="00:26:43,628" />
  </s>
  <s id="281">
    <time id="T185S" value="00:26:51,480" />
Släpp inte ut honom! 
  </s>
  <s id="282">
Lås!
    <time id="T185E" value="00:26:53,755" />
  </s>
  <s id="283">
    <time id="T186S" value="00:26:53,960" />
- Larm på sal 22.
  </s>
  <s id="284">
- Släpp inte ut honom!
    <time id="T186E" value="00:26:57,555" />
  </s>
  <s id="285">
    <time id="T187S" value="00:27:03,040" />
Fader!
    <time id="T187E" value="00:27:04,996" />
  </s>
  <s id="286">
    <time id="T188S" value="00:27:06,160" />
Inga tricks nu. 
  </s>
  <s id="287">
Upp med händerna.
    <time id="T188E" value="00:27:09,232" />
  </s>
  <s id="288">
    <time id="T189S" value="00:27:41,680" />
Mamma!
    <time id="T189E" value="00:27:43,671" />
  </s>
  <s id="289">
    <time id="T190S" value="00:30:33,720" />
Stanna!
    <time id="T190E" value="00:30:36,314" />
  </s>
  <s id="290">
    <time id="T191S" value="00:30:36,520" />
Stanna!
    <time id="T191E" value="00:30:39,034" />
  </s>
  <s id="291">
    <time id="T192S" value="00:31:35,480" />
Men...
    <time id="T192E" value="00:31:37,755" />
  </s>
  <s id="292">
    <time id="T193S" value="00:31:59,440" />
Ingen kommer in.
    <time id="T193E" value="00:32:01,670" />
  </s>
  <s id="293">
    <time id="T194S" value="00:32:03,160" />
"Ingen kommer in." Det var mottot för 155. artilleriregementet.
    <time id="T194E" value="00:32:07,517" />
  </s>
  <s id="294">
    <time id="T195S" value="00:32:07,720" />
- Tjänstgjorde du i det förbandet?
  </s>
  <s id="295">
- Nej, men min pappa.
    <time id="T195E" value="00:32:12,111" />
  </s>
  <s id="296">
    <time id="T196S" value="00:32:13,800" />
- Har du gått i din fars fotspår?
  </s>
  <s id="297">
- På sätt och vis.
    <time id="T196E" value="00:32:16,678" />
  </s>
  <s id="298">
    <time id="T197S" value="00:32:16,880" />
- Jag skulle tala med en murare.
  </s>
  <s id="299">
- Jag ska visa dig runt.
    <time id="T197E" value="00:32:21,590" />
  </s>
  <s id="300">
    <time id="T198S" value="00:32:28,560" />
150 km tunnel, varav sex uteslutande ledde till Fort Fermont.
    <time id="T198E" value="00:32:34,396" />
  </s>
  <s id="301">
    <time id="T199S" value="00:32:34,600" />
Sex kasematter  och över 600 man  utspridda i Maginot-linjens tunnlar.
    <time id="T201E" value="00:32:45,759" />
  </s>
  <s id="302">
    <time id="T202S" value="00:32:50,600" />
- Det är där nere längst in.
  </s>
  <s id="303">
- Tack.
    <time id="T202E" value="00:32:55,469" />
  </s>
  <s id="304">
    <time id="T203S" value="00:33:06,720" />
Jag söker muraren Thomas Duret.
    <time id="T203E" value="00:33:09,632" />
  </s>
  <s id="305">
    <time id="T204S" value="00:33:09,840" />
Jag har inte sett honom på 14 dar.
  </s>
  <s id="306">
Han har inte ens tagit ut lönen.
    <time id="T204E" value="00:33:14,550" />
  </s>
  <s id="307">
    <time id="T205S" value="00:33:14,760" />
- När såg du honom senast?
  </s>
  <s id="308">
- Snälla ni!
    <time id="T205E" value="00:33:18,150" />
  </s>
  <s id="309">
    <time id="T206S" value="00:33:19,240" />
Det var en fredagkväll.
  </s>
  <s id="310">
Fredagen den 7.
    <time id="T206E" value="00:33:24,473" />
  </s>
  <s id="311">
    <time id="T207S" value="00:33:24,680" />
Han sa hej då och försvann?
    <time id="T207E" value="00:33:26,716" />
  </s>
  <s id="312">
    <time id="T208S" value="00:33:26,920" />
Nej, när vi gick vid sex var han borta. 
  </s>
  <s id="313">
Och hans saker låg här.
    <time id="T208E" value="00:33:31,277" />
  </s>
  <s id="314">
    <time id="T209S" value="00:33:31,480" />
- Såg nån en bil?
  </s>
  <s id="315">
- Nej.
    <time id="T209E" value="00:33:33,630" />
  </s>
  <s id="316">
    <time id="T210S" value="00:33:33,840" />
- Ingen såg honom gå härifrån?
  </s>
  <s id="317">
- Vi tillbringar inte helgen här.
    <time id="T210E" value="00:33:39,278" />
  </s>
  <s id="318">
    <time id="T211S" value="00:33:39,480" />
- Vart leder tunneln?
  </s>
  <s id="319">
- Till nästa bunker, men den är tom.
    <time id="T211E" value="00:33:44,315" />
  </s>
  <s id="320">
    <time id="T212S" value="00:33:55,320" />
- Finns det en utgång längst bort?
  </s>
  <s id="321">
- Vet inte. 
  </s>
  <s id="322">
Det är 15 km.
    <time id="T212E" value="00:33:59,154" />
  </s>
  <s id="323">
    <time id="T213S" value="00:33:59,360" />
Vi kan inte gå ända dit nu.
    <time id="T213E" value="00:34:02,989" />
  </s>
  <s id="324">
    <time id="T214S" value="00:34:03,720" />
Vad fan är det?
    <time id="T214E" value="00:34:06,917" />
  </s>
  <s id="325">
    <time id="T215S" value="00:34:07,920" />
- Brukar inte den dörren vara där?
  </s>
  <s id="326">
- Nej.
    <time id="T215E" value="00:34:11,196" />
  </s>
  <s id="327">
    <time id="T216S" value="00:34:11,400" />
Ring hit och säg att kommissarie Niemans behöver en grupp.
    <time id="T216E" value="00:34:16,190" />
  </s>
  <s id="328">
    <time id="T217S" value="00:34:55,800" />
- Fan! 
  </s>
  <s id="329">
Thomas.
  </s>
  <s id="330">
- Vad vill du?
    <time id="T217E" value="00:34:59,076" />
  </s>
  <s id="331">
    <time id="T218S" value="00:34:59,280" />
Det var telefon till dig.
  </s>
  <s id="332">
De har hittat Jesus.
    <time id="T218E" value="00:35:02,955" />
  </s>
  <s id="333">
    <time id="T219S" value="00:35:10,960" />
- Jag vet inte.
  </s>
  <s id="334">
- Ibland måste man bestämma sig.
    <time id="T219E" value="00:35:14,669" />
  </s>
  <s id="335">
    <time id="T220S" value="00:35:14,880" />
- Vad gör du här?
  </s>
  <s id="336">
- Vilket jidder i går, va?
    <time id="T220E" value="00:35:18,111" />
  </s>
  <s id="337">
    <time id="T221S" value="00:35:18,320" />
Varför håller du inte vakt där uppe?
    <time id="T221E" value="00:35:20,914" />
  </s>
  <s id="338">
    <time id="T222S" value="00:35:21,120" />
- Det finns en kommissarie där uppe.
  </s>
  <s id="339">
- En kommissarie?
    <time id="T222E" value="00:35:25,113" />
  </s>
  <s id="340">
    <time id="T223S" value="00:35:25,320" />
- Såg du hans leg?
  </s>
  <s id="341">
- Nej.
    <time id="T223E" value="00:35:28,312" />
  </s>
  <s id="342">
    <time id="T224S" value="00:35:28,520" />
- Kolla utgången.
  </s>
  <s id="343">
- Man borde ha läst medicin.
    <time id="T224E" value="00:35:32,195" />
  </s>
  <s id="344">
    <time id="T225S" value="00:36:00,880" />
Du, bluffkommissarien...
    <time id="T225E" value="00:36:02,996" />
  </s>
  <s id="345">
    <time id="T226S" value="00:36:03,200" />
Vänd dig om lugnt och fint.
    <time id="T226E" value="00:36:06,590" />
  </s>
  <s id="346">
    <time id="T227S" value="00:36:10,320" />
Niemans, vad gör du här?
    <time id="T227E" value="00:36:12,880" />
  </s>
  <s id="347">
    <time id="T228S" value="00:36:13,080" />
Vem brukar få de skumma fallen?
    <time id="T228E" value="00:36:15,878" />
  </s>
  <s id="348">
    <time id="T229S" value="00:36:16,080" />
- Går inte du i skolan?
  </s>
  <s id="349">
- Det var för åtta år sen.
    <time id="T229E" value="00:36:20,949" />
  </s>
  <s id="350">
    <time id="T230S" value="00:36:21,160" />
Du då? 
  </s>
  <s id="351">
Har du inte gått i pension?
    <time id="T230E" value="00:36:24,038" />
  </s>
  <s id="352">
    <time id="T231S" value="00:36:25,880" />
Ta bandspelaren i min innerficka.
    <time id="T231E" value="00:36:29,634" />
  </s>
  <s id="353">
    <time id="T232S" value="00:36:36,720" />
- Vad ger du honom?
  </s>
  <s id="354">
- C37.
    <time id="T232E" value="00:36:39,757" />
  </s>
  <s id="355">
    <time id="T233S" value="00:36:39,960" />
Det stimulerar hjärnbarksnerverna och ger tillbaka minnet.
    <time id="T233E" value="00:36:44,511" />
  </s>
  <s id="356">
    <time id="T234S" value="00:36:44,720" />
Polishandboken, band 4, kapitel 12:
    <time id="T234E" value="00:36:47,757" />
  </s>
  <s id="357">
    <time id="T235S" value="00:36:47,960" />
"Narkotiska preparats farmaceutiska verkan."
    <time id="T235E" value="00:36:50,952" />
  </s>
  <s id="358">
    <time id="T236S" value="00:36:54,200" />
Ja...
    <time id="T236E" value="00:36:56,760" />
  </s>
  <s id="359">
    <time id="T237S" value="00:37:12,240" />
Ryttarna...
  </s>
  <s id="360">
Fader, alla fyra är där.
    <time id="T237E" value="00:37:15,630" />
  </s>
  <s id="361">
    <time id="T238S" value="00:37:18,000" />
Inseglen.
    <time id="T238E" value="00:37:19,911" />
  </s>
  <s id="362">
    <time id="T239S" value="00:37:21,520" />
- De bryter inseglen.
  </s>
  <s id="363">
- Vad då, inseglen?
    <time id="T239E" value="00:37:24,637" />
  </s>
  <s id="364">
    <time id="T240S" value="00:37:31,320" />
De döda kommer tillbaka.
  </s>
  <s id="365">
Det femte inseglet är brutet.
    <time id="T240E" value="00:37:35,359" />
  </s>
  <s id="366">
    <time id="T241S" value="00:37:35,560" />
Det femte inseglet är brutet.
    <time id="T241E" value="00:37:38,358" />
  </s>
  <s id="367">
    <time id="T242S" value="00:37:38,560" />
De kommer med den yttersta domen.
    <time id="T242E" value="00:37:41,199" />
  </s>
  <s id="368">
    <time id="T243S" value="00:37:41,400" />
Gud!
    <time id="T243E" value="00:37:43,311" />
  </s>
  <s id="369">
    <time id="T244S" value="00:37:48,760" />
- Vad kan vi hjälpa dig med?
  </s>
  <s id="370">
- Ni ville ha hit en expert.
    <time id="T244E" value="00:37:53,595" />
  </s>
  <s id="371">
    <time id="T245S" value="00:37:55,480" />
Då så. 
  </s>
  <s id="372">
Jag är doktor i religionsvetenskap.
    <time id="T245E" value="00:37:59,917" />
  </s>
  <s id="373">
    <time id="T246S" value="00:38:00,120" />
"Västerländsk religion i vår tid."
    <time id="T246E" value="00:38:02,953" />
  </s>
  <s id="374">
    <time id="T247S" value="00:38:03,160" />
- Jag ser fram emot samarbetet.
  </s>
  <s id="375">
- Samma här.
    <time id="T247E" value="00:38:08,154" />
  </s>
  <s id="376">
    <time id="T248S" value="00:38:08,360" />
- Man måste nog vara kommissarie...
  </s>
  <s id="377">
- Ursäkta.
    <time id="T248E" value="00:38:12,956" />
  </s>
  <s id="378">
    <time id="T249S" value="00:38:14,040" />
- Kapten Reda.
  </s>
  <s id="379">
- Marie.
    <time id="T249E" value="00:38:17,157" />
  </s>
  <s id="380">
    <time id="T250S" value="00:38:17,360" />
Som Maria då, vad bra. 
  </s>
  <s id="381">
Jesus yrar om världens undergång.
    <time id="T250E" value="00:38:21,353" />
  </s>
  <s id="382">
    <time id="T251S" value="00:38:21,560" />
När han hör att du heter Marie...
    <time id="T251E" value="00:38:23,869" />
  </s>
  <s id="383">
    <time id="T252S" value="00:38:24,640" />
- Vi har gett honom lugnande.
  </s>
  <s id="384">
- En atombomb i droppform.
    <time id="T252E" value="00:38:28,792" />
  </s>
  <s id="385">
    <time id="T253S" value="00:38:29,000" />
Vi har spelat in allt.
    <time id="T253E" value="00:38:31,434" />
  </s>
  <s id="386">
    <time id="T254S" value="00:38:31,640" />
De har kommit.
    <time id="T254E" value="00:38:33,915" />
  </s>
  <s id="387">
    <time id="T255S" value="00:38:34,600" />
Apokalypsens änglar.
    <time id="T255E" value="00:38:38,991" />
  </s>
  <s id="388">
    <time id="T256S" value="00:38:59,520" />
- Här. 
  </s>
  <s id="389">
Utan socker, va?
  </s>
  <s id="390">
- Du har bra minne.
    <time id="T256E" value="00:39:03,638" />
  </s>
  <s id="391">
    <time id="T257S" value="00:39:03,840" />
- Är du fortfarande rädd för hundar?
  </s>
  <s id="392">
- Jag har faktiskt adopterat en hund.
    <time id="T257E" value="00:39:07,037" />
  </s>
  <s id="393">
    <time id="T258S" value="00:39:07,240" />
Vad bra. 
  </s>
  <s id="394">
Vilken modell?
  </s>
  <s id="395">
Dobermann? 
  </s>
  <s id="396">
Bullterrier?
    <time id="T258E" value="00:39:11,552" />
  </s>
  <s id="397">
    <time id="T259S" value="00:39:11,760" />
- Yorkshire.
  </s>
  <s id="398">
- Det är ju i stort sett ett marsvin.
    <time id="T259E" value="00:39:15,912" />
  </s>
  <s id="399">
    <time id="T260S" value="00:39:16,120" />
Ge den fågelfrö.
  </s>
  <s id="400">
Den tål inte hundmat.
    <time id="T260E" value="00:39:19,476" />
  </s>
  <s id="401">
    <time id="T261S" value="00:39:20,120" />
Vad heter kommissariens bästa vän?
    <time id="T261E" value="00:39:22,998" />
  </s>
  <s id="402">
    <time id="T262S" value="00:39:24,200" />
- Du skötte dig bra i Alperna.
  </s>
  <s id="403">
- Det kunde ha gått illa.
    <time id="T262E" value="00:39:26,919" />
  </s>
  <s id="404">
    <time id="T263S" value="00:39:27,120" />
Du följer min karriär, va?
    <time id="T263E" value="00:39:29,554" />
  </s>
  <s id="405">
    <time id="T264S" value="00:39:32,200" />
Polishögskolan kunde ha förlorat en bra lärare.
    <time id="T264E" value="00:39:34,839" />
  </s>
  <s id="406">
    <time id="T265S" value="00:39:35,040" />
- Inte sant, magister Niemans?
  </s>
  <s id="407">
- Det är för sent att smöra.
    <time id="T265E" value="00:39:37,793" />
  </s>
  <s id="408">
    <time id="T266S" value="00:39:53,000" />
Jag har skrivit komihåglappar åt er.
    <time id="T266E" value="00:39:55,309" />
  </s>
  <s id="409">
    <time id="T267S" value="00:39:55,520" />
Du läser om de tolv lärjungarna.
  </s>
  <s id="410">
Beskrivning, liv, etc.
    <time id="T267E" value="00:39:58,910" />
  </s>
  <s id="411">
    <time id="T268S" value="00:39:59,120" />
Du läser om Apokalypsen.
  </s>
  <s id="412">
Det kommer du att gilla.
    <time id="T268E" value="00:40:04,148" />
  </s>
  <s id="413">
    <time id="T269S" value="00:40:05,960" />
- Kan vi inte få en liten resumé?
  </s>
  <s id="414">
- En resumé?
    <time id="T269E" value="00:40:09,270" />
  </s>
  <s id="415">
    <time id="T270S" value="00:40:10,240" />
Apokalypsen består av sju insegel som innehåller den heliga boken.
    <time id="T270E" value="00:40:14,119" />
  </s>
  <s id="416">
    <time id="T271S" value="00:40:14,320" />
Varje del innehåller ett budskap som leder vidare till nästa insegel  de insegel som Jesus talade om:
  </s>
  <s id="417">
Först är det de fyra ryttarna.
    <time id="T272E" value="00:40:22,712" />
  </s>
  <s id="418">
    <time id="T273S" value="00:40:23,360" />
Det femte väcker de döda till liv  och de är alla vitklädda.
    <time id="T274E" value="00:40:28,554" />
  </s>
  <s id="419">
    <time id="T275S" value="00:40:33,320" />
Det sjätte inseglet är jorden som gör uppror och bullrar.
    <time id="T275E" value="00:40:37,677" />
  </s>
  <s id="420">
    <time id="T276S" value="00:40:39,160" />
Därpå följer en halvtimmes tystnad  och sen kommer de sju Apokalypsens änglar.
    <time id="T277E" value="00:40:45,910" />
  </s>
  <s id="421">
    <time id="T278S" value="00:40:49,800" />
Niemans.
  </s>
  <s id="422">
Han häromdan såg nästan ut så här.
    <time id="T278E" value="00:40:53,679" />
  </s>
  <s id="423">
    <time id="T279S" value="00:40:53,880" />
Var han ensam?
    <time id="T279E" value="00:40:56,474" />
  </s>
  <s id="424">
    <time id="T280S" value="00:40:56,680" />
Ja, jag tror det.
    <time id="T280E" value="00:40:59,240" />
  </s>
  <s id="425">
    <time id="T281S" value="00:40:59,440" />
Och till slut, boken, skriven av Guds hand.
    <time id="T281E" value="00:41:03,479" />
  </s>
  <s id="426">
    <time id="T282S" value="00:41:03,680" />
Den som bryter det sjunde inseglet kan läsa den och tala med honom.
    <time id="T282E" value="00:41:07,355" />
  </s>
  <s id="427">
    <time id="T283S" value="00:41:07,560" />
Så enkelt är det.
    <time id="T283E" value="00:41:10,677" />
  </s>
  <s id="428">
    <time id="T284S" value="00:41:15,680" />
Och vår Jesus vet allt det?
    <time id="T284E" value="00:41:17,796" />
  </s>
  <s id="429">
    <time id="T285S" value="00:41:18,000" />
Han tror att undergången är nära.
    <time id="T285E" value="00:41:21,470" />
  </s>
  <s id="430">
    <time id="T286S" value="00:41:21,680" />
Yttre omständigheter måste ha gett honom domedagssyner.
    <time id="T286E" value="00:41:26,231" />
  </s>
  <s id="431">
    <time id="T287S" value="00:41:26,440" />
- T. ex. hans lärjungars död?
  </s>
  <s id="432">
- Troligen.
    <time id="T287E" value="00:41:29,512" />
  </s>
  <s id="433">
    <time id="T288S" value="00:41:35,560" />
Har du hittat nåt?
    <time id="T288E" value="00:41:37,869" />
  </s>
  <s id="434">
    <time id="T289S" value="00:41:39,960" />
Tecknen var inristade vid offren.
  </s>
  <s id="435">
Tecken och namn stämmer överens.
    <time id="T289E" value="00:41:45,273" />
  </s>
  <s id="436">
    <time id="T290S" value="00:41:46,040" />
Korset och de två bröden för Filip.
  </s>
  <s id="437">
Vinkelhake och spjut för Thomas.
    <time id="T290E" value="00:41:48,952" />
  </s>
  <s id="438">
    <time id="T291S" value="00:41:50,120" />
Allt är genomtänkt.
    <time id="T291E" value="00:41:52,554" />
  </s>
  <s id="439">
    <time id="T292S" value="00:41:54,800" />
Ja?
    <time id="T292E" value="00:41:57,075" />
  </s>
  <s id="440">
    <time id="T293S" value="00:41:58,520" />
Rör ingenting!
    <time id="T293E" value="00:42:00,750" />
  </s>
  <s id="441">
    <time id="T294S" value="00:42:23,440" />
Herregud.
    <time id="T294E" value="00:42:25,715" />
  </s>
  <s id="442">
    <time id="T295S" value="00:42:28,760" />
- Handlar ni ofta här?
  </s>
  <s id="443">
- Det händer.
    <time id="T295E" value="00:42:31,832" />
  </s>
  <s id="444">
    <time id="T296S" value="00:42:34,720" />
Vi har inte rört nåt.
  </s>
  <s id="445">
Liken är där inne.
    <time id="T296E" value="00:42:37,996" />
  </s>
  <s id="446">
    <time id="T297S" value="00:42:38,880" />
- Kunden som hittade dem?
  </s>
  <s id="447">
- Hon är hörd.
    <time id="T297E" value="00:42:41,758" />
  </s>
  <s id="448">
    <time id="T298S" value="00:43:25,360" />
Kan jag få deras namn?
    <time id="T298E" value="00:43:27,828" />
  </s>
  <s id="449">
    <time id="T299S" value="00:43:30,520" />
Judas Marcherin och Simon Viarnet.
    <time id="T299E" value="00:43:33,512" />
  </s>
  <s id="450">
    <time id="T300S" value="00:43:33,720" />
- De var kompanjoner.
  </s>
  <s id="451">
- Niemans. 
  </s>
  <s id="452">
Jag får dina anteckningar.
    <time id="T300E" value="00:43:37,599" />
  </s>
  <s id="453">
    <time id="T301S" value="00:43:40,440" />
Här.
    <time id="T301E" value="00:43:42,431" />
  </s>
  <s id="454">
    <time id="T302S" value="00:43:47,480" />
Titta här. 
  </s>
  <s id="455">
Det är otroligt.
    <time id="T302E" value="00:43:52,110" />
  </s>
  <s id="456">
    <time id="T303S" value="00:43:52,320" />
Vad är otroligt?
    <time id="T303E" value="00:43:54,436" />
  </s>
  <s id="457">
    <time id="T304S" value="00:43:54,640" />
De har samma yrke som lärjungarna också.
    <time id="T304E" value="00:43:58,838" />
  </s>
  <s id="458">
    <time id="T305S" value="00:43:59,040" />
Filip hade en liten firma, som Philippe Esaquidar.
    <time id="T305E" value="00:44:02,430" />
  </s>
  <s id="459">
    <time id="T306S" value="00:44:02,640" />
Och Thomas var murare, som Thomas Duret.
    <time id="T306E" value="00:44:05,438" />
  </s>
  <s id="460">
    <time id="T307S" value="00:44:05,640" />
Judas och Simon Peter var handlare.
    <time id="T307E" value="00:44:09,189" />
  </s>
  <s id="461">
    <time id="T308S" value="00:44:10,520" />
Vet du vad de sju andra gjorde?
    <time id="T308E" value="00:44:12,954" />
  </s>
  <s id="462">
    <time id="T309S" value="00:44:13,160" />
Bartolomeus var förvaltare, Matteus var tullare.
    <time id="T309E" value="00:44:16,357" />
  </s>
  <s id="463">
    <time id="T310S" value="00:44:16,560" />
Simon Seloten var vanlig arbetare och de sista fyra var fiskare.
    <time id="T310E" value="00:44:20,917" />
  </s>
  <s id="464">
    <time id="T311S" value="00:44:22,880" />
Papegojan är fotoateljéns logo.
  </s>
  <s id="465">
- Ta reda på vem som har tagit den.
    <time id="T311E" value="00:44:28,193" />
  </s>
  <s id="466">
    <time id="T312S" value="00:44:28,400" />
Reda, kolla om en förvaltare eller en tullare har mördats nyligen.
    <time id="T312E" value="00:44:34,794" />
  </s>
  <s id="467">
    <time id="T313S" value="00:44:35,000" />
Fiskare, sa du?
    <time id="T313E" value="00:44:37,798" />
  </s>
  <s id="468">
    <time id="T314S" value="00:44:39,800" />
Varför iscensätts allt så här?
    <time id="T314E" value="00:44:42,473" />
  </s>
  <s id="469">
    <time id="T315S" value="00:44:42,680" />
Det ska skrämma de sista på bilden till tystnad.
    <time id="T315E" value="00:44:46,673" />
  </s>
  <s id="470">
    <time id="T316S" value="00:44:48,600" />
- God dag.
  </s>
  <s id="471">
- God dag, monsieur.
    <time id="T316E" value="00:44:51,558" />
  </s>
  <s id="472">
    <time id="T317S" value="00:44:51,760" />
- Ett glas torrt vittvin, tack.
  </s>
  <s id="473">
- Det här är inte Alcace.
    <time id="T317E" value="00:44:56,436" />
  </s>
  <s id="474">
    <time id="T318S" value="00:44:56,640" />
- Kan jag få ett litet glas mjölk då?
  </s>
  <s id="475">
- Sluta, Reda. 
  </s>
  <s id="476">
- Tre Lorraine, tack.
    <time id="T318E" value="00:45:04,035" />
  </s>
  <s id="477">
    <time id="T319S" value="00:45:04,240" />
- Känner du nån av de här?
  </s>
  <s id="478">
- Nej, ingen.
    <time id="T319E" value="00:45:08,791" />
  </s>
  <s id="479">
    <time id="T320S" value="00:45:09,000" />
- Är du säker?
  </s>
  <s id="480">
- Det sa jag ju.
    <time id="T320E" value="00:45:11,594" />
  </s>
  <s id="481">
    <time id="T321S" value="00:45:12,560" />
Om jag vänder upp och ner på din bar, tror du att du ser bättre då?
    <time id="T321E" value="00:45:17,315" />
  </s>
  <s id="482">
    <time id="T322S" value="00:45:24,840" />
De fyra till vänster.
    <time id="T322E" value="00:45:27,229" />
  </s>
  <s id="483">
    <time id="T323S" value="00:45:27,440" />
De har en liten vit kåk vid dammen bakom kullen.
    <time id="T323E" value="00:45:31,399" />
  </s>
  <s id="484">
    <time id="T324S" value="00:45:38,480" />
Det finns många konstgjorda sjöar som den här från 30-talet.
    <time id="T324E" value="00:45:42,996" />
  </s>
  <s id="485">
    <time id="T325S" value="00:45:43,200" />
De knyts ihop av Houillères-kanalen.
    <time id="T325E" value="00:45:46,590" />
  </s>
  <s id="486">
    <time id="T326S" value="00:45:46,800" />
Det är en vattnets Maginot-linje.
    <time id="T326E" value="00:45:50,395" />
  </s>
  <s id="487">
    <time id="T327S" value="00:46:45,120" />
- Såg du nåt?
  </s>
  <s id="488">
- Nej, jag är bara lite nervös.
    <time id="T327E" value="00:46:49,113" />
  </s>
  <s id="489">
    <time id="T328S" value="00:47:58,040" />
Ni roar er furstligt, ser jag.
  </s>
  <s id="490">
Jag tror att jag har hittat nåt.
    <time id="T328E" value="00:48:02,318" />
  </s>
  <s id="491">
    <time id="T329S" value="00:48:02,880" />
Niemans, jag tror att vi följer fel spår.
    <time id="T329E" value="00:48:06,589" />
  </s>
  <s id="492">
    <time id="T330S" value="00:48:06,800" />
Jag läste dina anteckningar, Marie.
    <time id="T330E" value="00:48:08,756" />
  </s>
  <s id="493">
    <time id="T331S" value="00:48:08,960" />
Lärjungarna Peter, Jakob, Matteus och Johannes, va?
    <time id="T331E" value="00:48:12,999" />
  </s>
  <s id="494">
    <time id="T332S" value="00:48:13,200" />
Det var inte fisk de fångade.
    <time id="T332E" value="00:48:15,760" />
  </s>
  <s id="495">
    <time id="T333S" value="00:48:16,960" />
Det var skaldjur.
    <time id="T333E" value="00:48:19,554" />
  </s>
  <s id="496">
    <time id="T334S" value="00:48:20,400" />
Och där finns bara fisknät.
  </s>
  <s id="497">
Inget för skaldjur.
    <time id="T334E" value="00:48:25,076" />
  </s>
  <s id="498">
    <time id="T335S" value="00:48:27,680" />
Vad är det där då?
  </s>
  <s id="499">
Få upp det.
    <time id="T335E" value="00:48:31,832" />
  </s>
  <s id="500">
    <time id="T336S" value="00:49:22,160" />
- Hur länge har de legat där?
  </s>
  <s id="501">
- I en halvtimme.
    <time id="T336E" value="00:49:26,073" />
  </s>
  <s id="502">
    <time id="T337S" value="00:50:18,680" />
Kalla hit de andra och hjälp Reda!
    <time id="T337E" value="00:50:21,513" />
  </s>
  <s id="503">
    <time id="T338S" value="00:50:22,760" />
Reda?
    <time id="T338E" value="00:50:24,796" />
  </s>
  <s id="504">
    <time id="T339S" value="00:51:44,080" />
- Är du inte skadad?
  </s>
  <s id="505">
- Jag är okej.
    <time id="T339E" value="00:51:46,913" />
  </s>
  <s id="506">
    <time id="T340S" value="00:51:47,120" />
Det måste finnas en hemlig ingång till kulsprutenästet.
    <time id="T340E" value="00:51:51,875" />
  </s>
  <s id="507">
    <time id="T341S" value="00:51:52,080" />
Det syns inget på originalkartan, men tyskarna var här 1940-45.
    <time id="T341E" value="00:51:57,279" />
  </s>
  <s id="508">
    <time id="T342S" value="00:51:57,480" />
Fråga i Paris vilka underjordiska förändringar som gjordes 1940.
    <time id="T342E" value="00:52:02,600" />
  </s>
  <s id="509">
    <time id="T343S" value="00:52:02,800" />
Fotografen är butiksföreståndare.
  </s>
  <s id="510">
Han heter Barthélémy Debernault.
    <time id="T343E" value="00:52:08,796" />
  </s>
  <s id="511">
    <time id="T344S" value="00:52:10,760" />
Och en tullare dödades för tre dar sen på en flygplats.
    <time id="T344E" value="00:52:15,356" />
  </s>
  <s id="512">
    <time id="T345S" value="00:52:15,560" />
Marie. 
  </s>
  <s id="513">
Hitta kyrkan där den här bilden är tagen.
    <time id="T345E" value="00:52:19,599" />
  </s>
  <s id="514">
    <time id="T346S" value="00:52:19,800" />
Reda, du följer med mig.
    <time id="T346E" value="00:52:22,519" />
  </s>
  <s id="515">
    <time id="T347S" value="00:52:56,400" />
Det är en ära att ta emot...
    <time id="T347E" value="00:52:58,834" />
  </s>
  <s id="516">
    <time id="T348S" value="00:52:59,040" />
- På franska, fader. 
  </s>
  <s id="517">
På franska.
  </s>
  <s id="518">
- Givetvis.
    <time id="T348E" value="00:53:03,511" />
  </s>
  <s id="519">
    <time id="T349S" value="00:53:03,720" />
Känslorna överväldigade mig.
    <time id="T349E" value="00:53:05,870" />
  </s>
  <s id="520">
    <time id="T350S" value="00:53:06,080" />
Dölj era känslor.
  </s>
  <s id="521">
Man ska inte vara så känslig.
    <time id="T350E" value="00:53:10,676" />
  </s>
  <s id="522">
    <time id="T351S" value="00:53:10,880" />
Absolut inte.
    <time id="T351E" value="00:53:13,678" />
  </s>
  <s id="523">
    <time id="T352S" value="00:53:13,880" />
Var inte för troende.
    <time id="T352E" value="00:53:16,553" />
  </s>
  <s id="524">
    <time id="T353S" value="00:53:20,880" />
Känner ni Barthélémy Debernault?
    <time id="T353E" value="00:53:23,633" />
  </s>
  <s id="525">
    <time id="T354S" value="00:53:23,840" />
Han är i butiken. 
  </s>
  <s id="526">
Vad har han gjort?
    <time id="T354E" value="00:53:26,752" />
  </s>
  <s id="527">
    <time id="T355S" value="00:53:26,960" />
- Kan jag få se honom?
  </s>
  <s id="528">
- Ja. 
  </s>
  <s id="529">
- Butiken, Michel.
    <time id="T355E" value="00:53:32,034" />
  </s>
  <s id="530">
    <time id="T356S" value="00:53:32,240" />
Nedre skärmen.
    <time id="T356E" value="00:53:34,754" />
  </s>
  <s id="531">
    <time id="T357S" value="00:53:44,360" />
- Barthélémy...
  </s>
  <s id="532">
- Han har sagt upp sig utan orsak.
    <time id="T357E" value="00:53:48,911" />
  </s>
  <s id="533">
    <time id="T358S" value="00:53:49,120" />
- Har han uppfört sig konstigt?
  </s>
  <s id="534">
- Han verkar lite nervös.
    <time id="T358E" value="00:53:53,477" />
  </s>
  <s id="535">
    <time id="T359S" value="00:53:53,680" />
Barthélémy var föreståndare.
  </s>
  <s id="536">
Vad har han gjort?
    <time id="T359E" value="00:53:58,276" />
  </s>
  <s id="537">
    <time id="T360S" value="00:54:09,480" />
- Spärra alla utgångarna.
  </s>
  <s id="538">
- Där!
    <time id="T360E" value="00:54:13,996" />
  </s>
  <s id="539">
    <time id="T361S" value="00:54:14,200" />
Jag såg en präst.
    <time id="T361E" value="00:54:16,919" />
  </s>
  <s id="540">
    <time id="T362S" value="00:54:17,120" />
Omöjligt. 
  </s>
  <s id="541">
Där var en präst.
  </s>
  <s id="542">
Funkar den?
    <time id="T362E" value="00:54:19,998" />
  </s>
  <s id="543">
    <time id="T363S" value="00:54:34,960" />
- Niemans, hör du mig?
  </s>
  <s id="544">
- Ja. 
  </s>
  <s id="545">
Ännu inget på skärmarna.
    <time id="T363E" value="00:54:39,795" />
  </s>
  <s id="546">
    <time id="T364S" value="00:54:40,000" />
Fortsätt leta.
  </s>
  <s id="547">
Han kan inte bara försvinna.
    <time id="T364E" value="00:54:44,118" />
  </s>
  <s id="548">
    <time id="T365S" value="00:55:09,000" />
Gång 12.
    <time id="T365E" value="00:55:10,956" />
  </s>
  <s id="549">
    <time id="T366S" value="00:55:11,160" />
Han går rakt mot Barthélémy.
  </s>
  <s id="550">
Till vänster, Reda.
    <time id="T366E" value="00:55:14,391" />
  </s>
  <s id="551">
    <time id="T367S" value="00:55:14,600" />
Sväng vänster.
    <time id="T367E" value="00:55:16,955" />
  </s>
  <s id="552">
    <time id="T368S" value="00:55:21,920" />
Sätt på mikrofonen.
    <time id="T368E" value="00:55:23,876" />
  </s>
  <s id="553">
    <time id="T369S" value="00:55:24,080" />
Barthélémy Debernault?
  </s>
  <s id="554">
Spring, Barthélémy.
    <time id="T369E" value="00:55:27,390" />
  </s>
  <s id="555">
    <time id="T370S" value="00:55:27,600" />
Spring!
    <time id="T370E" value="00:55:29,795" />
  </s>
  <s id="556">
    <time id="T371S" value="00:55:33,960" />
Där. 
  </s>
  <s id="557">
Följ honom.
    <time id="T371E" value="00:55:36,076" />
  </s>
  <s id="558">
    <time id="T372S" value="00:55:40,080" />
Jag ser honom.
    <time id="T372E" value="00:55:42,355" />
  </s>
  <s id="559">
    <time id="T373S" value="00:57:02,200" />
Analys och identifiering om två timmar.
    <time id="T373E" value="00:57:05,909" />
  </s>
  <s id="560">
    <time id="T374S" value="00:57:19,240" />
Vilket skitväder!
    <time id="T374E" value="00:57:21,037" />
  </s>
  <s id="561">
    <time id="T375S" value="00:57:29,360" />
Vi fick nyss svaret på blodet från affären.
    <time id="T375E" value="00:57:33,239" />
  </s>
  <s id="562">
    <time id="T376S" value="00:57:37,800" />
- Kvitterar du?
  </s>
  <s id="563">
- Vad är det?
    <time id="T376E" value="00:57:40,314" />
  </s>
  <s id="564">
    <time id="T377S" value="00:57:40,520" />
En rekvisition om en ny bil.
  </s>
  <s id="565">
Din sista är ju inget att ha.
    <time id="T377E" value="00:57:45,355" />
  </s>
  <s id="566">
    <time id="T378S" value="00:57:53,480" />
- Inget särskilt.
  </s>
  <s id="567">
- Inget skumt i blodet?
    <time id="T378E" value="00:57:56,756" />
  </s>
  <s id="568">
    <time id="T379S" value="00:57:56,960" />
Nej.
    <time id="T379E" value="00:57:59,269" />
  </s>
  <s id="569">
    <time id="T380S" value="00:58:03,440" />
Det är inte möjligt.
  </s>
  <s id="570">
Han kan inte vara clean.
    <time id="T380E" value="00:58:08,036" />
  </s>
  <s id="571">
    <time id="T381S" value="00:58:08,240" />
Då har han övernaturliga krafter.
    <time id="T381E" value="00:58:10,834" />
  </s>
  <s id="572">
    <time id="T382S" value="00:58:11,040" />
Vi klantade oss. 
  </s>
  <s id="573">
De är döda.
    <time id="T382E" value="00:58:13,679" />
  </s>
  <s id="574">
    <time id="T383S" value="00:58:15,840" />
Varför ringer du alltid när jag jobbar?
    <time id="T383E" value="00:58:19,071" />
  </s>
  <s id="575">
    <time id="T384S" value="00:58:19,280" />
Jag ringer om två timmar.
  </s>
  <s id="576">
Ring inte hit.
    <time id="T384E" value="00:58:23,717" />
  </s>
  <s id="577">
    <time id="T385S" value="00:58:23,920" />
- Niemans!
  </s>
  <s id="578">
- Vad händer?
    <time id="T385E" value="00:58:27,549" />
  </s>
  <s id="579">
    <time id="T386S" value="00:58:40,600" />
- Niemans, vad vill de?
  </s>
  <s id="580">
- Jag vet inte.
    <time id="T386E" value="00:58:44,354" />
  </s>
  <s id="581">
    <time id="T387S" value="00:58:56,040" />
Och akta er för de två poliserna som kretsar runt er.
    <time id="T387E" value="00:58:59,828" />
  </s>
  <s id="582">
    <time id="T388S" value="00:59:00,040" />
Vi blir inte överraskade igen.
    <time id="T388E" value="00:59:02,508" />
  </s>
  <s id="583">
    <time id="T389S" value="00:59:06,920" />
God dag, herrarna. 
  </s>
  <s id="584">
Det är polisen.
    <time id="T389E" value="00:59:08,956" />
  </s>
  <s id="585">
    <time id="T390S" value="00:59:09,160" />
Klockan är sex och det här är en order om husrannsakan.
    <time id="T390E" value="00:59:13,119" />
  </s>
  <s id="586">
    <time id="T391S" value="00:59:29,440" />
- Vart ska ni?
  </s>
  <s id="587">
- Ut.
    <time id="T391E" value="00:59:31,237" />
  </s>
  <s id="588">
    <time id="T392S" value="00:59:31,440" />
Ingen går nånstans.
    <time id="T392E" value="00:59:34,193" />
  </s>
  <s id="589">
    <time id="T393S" value="00:59:34,400" />
Heimerich von Garten, från ministeriet för kulturella  och religiösa frågor i Berlin.
    <time id="T394E" value="00:59:41,911" />
  </s>
  <s id="590">
    <time id="T395S" value="00:59:44,160" />
Stopp där. 
  </s>
  <s id="591">
Ingen, sa vi.
    <time id="T395E" value="00:59:47,357" />
  </s>
  <s id="592">
    <time id="T396S" value="00:59:47,560" />
- Ta bort handen.
  </s>
  <s id="593">
- Låt honom gå.
    <time id="T396E" value="00:59:51,155" />
  </s>
  <s id="594">
    <time id="T397S" value="00:59:54,120" />
- Jag kan få er suspenderad.
  </s>
  <s id="595">
- Vi ses snart igen.
    <time id="T397E" value="00:59:58,432" />
  </s>
  <s id="596">
    <time id="T398S" value="00:59:59,600" />
Vi börjar. 
  </s>
  <s id="597">
Sök igenom allt.
    <time id="T398E" value="01:00:02,478" />
  </s>
  <s id="598">
    <time id="T399S" value="01:00:29,000" />
- Vad gör vi?
  </s>
  <s id="599">
- Ingenting.
    <time id="T399E" value="01:00:31,594" />
  </s>
  <s id="600">
    <time id="T400S" value="01:00:40,440" />
- Har ni kollat deras signaltrafik?
  </s>
  <s id="601">
- De har inte ringt nån.
    <time id="T400E" value="01:00:44,991" />
  </s>
  <s id="602">
    <time id="T401S" value="01:00:45,200" />
Fortsätt. 
  </s>
  <s id="603">
Vi måste hitta nåt.
    <time id="T401E" value="01:00:47,634" />
  </s>
  <s id="604">
    <time id="T402S" value="01:01:38,160" />
- Vi har inte hittat nåt.
  </s>
  <s id="605">
- Omöjligt.
    <time id="T402E" value="01:01:41,072" />
  </s>
  <s id="606">
    <time id="T403S" value="01:01:41,280" />
Det måste finnas nånstans.
  </s>
  <s id="607">
Mitt framför näsan på oss.
    <time id="T403E" value="01:01:45,398" />
  </s>
  <s id="608">
    <time id="T404S" value="01:01:54,640" />
- Är det långt till kyrkan?
  </s>
  <s id="609">
- Vilken kyrka?
    <time id="T404E" value="01:01:57,916" />
  </s>
  <s id="610">
    <time id="T405S" value="01:01:58,120" />
Den på bilden med lärjungarna.
    <time id="T405E" value="01:02:00,395" />
  </s>
  <s id="611">
    <time id="T406S" value="01:02:00,600" />
- Fortfarande inget nytt om klostret?
  </s>
  <s id="612">
- Jag har hittat montanistemblemet.
    <time id="T406E" value="01:02:05,515" />
  </s>
  <s id="613">
    <time id="T407S" value="01:02:05,720" />
- Titta.
  </s>
  <s id="614">
- Vad betyder "JEO"?
    <time id="T407E" value="01:02:10,430" />
  </s>
  <s id="615">
    <time id="T408S" value="01:02:10,640" />
"JE" eller "IE" är det hebreiska namnet på Yahweh, dvs. "fadern".
    <time id="T408E" value="01:02:15,316" />
  </s>
  <s id="616">
    <time id="T409S" value="01:02:15,520" />
"EO" står för "sonen".
    <time id="T409E" value="01:02:17,511" />
  </s>
  <s id="617">
    <time id="T410S" value="01:02:17,720" />
IEO, IEO: 
  </s>
  <s id="618">
Fadern, Sonen och den Helige Ande, tre cirklar.
    <time id="T410E" value="01:02:21,599" />
  </s>
  <s id="619">
    <time id="T411S" value="01:02:21,800" />
Men jag är inte helt säker på grund av det felvända E: et där.
    <time id="T411E" value="01:02:26,590" />
  </s>
  <s id="620">
    <time id="T412S" value="01:02:26,800" />
Bernard, kung av Italien, Ludvig l: s nevö och farfar till Lothar Il  drevs ut från Italien 818 och tog med sig Vatikanens största skatt.
    <time id="T413E" value="01:02:36,590" />
  </s>
  <s id="621">
    <time id="T414S" value="01:02:36,800" />
- Vatikanen har aldrig bekräftat det.
  </s>
  <s id="622">
- Vet man var skatten finns?
    <time id="T414E" value="01:02:40,839" />
  </s>
  <s id="623">
    <time id="T415S" value="01:02:41,040" />
Hos den enda vän till familjen som han har: 
  </s>
  <s id="624">
Lothar I.
    <time id="T415E" value="01:02:44,316" />
  </s>
  <s id="625">
    <time id="T416S" value="01:02:44,520" />
Tvåans pappa.
    <time id="T416E" value="01:02:46,511" />
  </s>
  <s id="626">
    <time id="T417S" value="01:02:47,440" />
Konstigt nog blev Lothar Il: s sigill stulet i förra veckan.
    <time id="T417E" value="01:02:52,036" />
  </s>
  <s id="627">
    <time id="T418S" value="01:02:52,240" />
- Vad är det för sigill?
  </s>
  <s id="628">
- En slags nyckel.
    <time id="T418E" value="01:02:55,073" />
  </s>
  <s id="629">
    <time id="T419S" value="01:02:55,280" />
- Till vad?
  </s>
  <s id="630">
- Lothar Il: s grav och hans skatt.
    <time id="T419E" value="01:02:59,478" />
  </s>
  <s id="631">
    <time id="T420S" value="01:02:59,680" />
Jag har polisrapporten.
    <time id="T420E" value="01:03:01,750" />
  </s>
  <s id="632">
    <time id="T421S" value="01:03:01,960" />
- Vad var det för skatt?
  </s>
  <s id="633">
- Ingen vet det.
    <time id="T421E" value="01:03:05,999" />
  </s>
  <s id="634">
    <time id="T422S" value="01:03:06,200" />
Men den beskrivs som: "den finaste skatt en kristen kan äga".
    <time id="T422E" value="01:03:10,751" />
  </s>
  <s id="635">
    <time id="T423S" value="01:03:10,960" />
Där hat finns, låt mig få föra dit kärlek.
    <time id="T423E" value="01:03:13,394" />
  </s>
  <s id="636">
    <time id="T424S" value="01:03:13,840" />
Där ondska finns, låt mig få komma med förlåtelse.
    <time id="T424E" value="01:03:16,070" />
  </s>
  <s id="637">
    <time id="T425S" value="01:03:16,280" />
Där oenighet finns, låt mig få komma med enighet.
    <time id="T425E" value="01:03:18,748" />
  </s>
  <s id="638">
    <time id="T426S" value="01:03:18,960" />
Där lögner finns, låt mig få komma med sanning.
    <time id="T426E" value="01:03:21,554" />
  </s>
  <s id="639">
    <time id="T427S" value="01:03:21,760" />
Där tvivel finns, låt mig få komma med tro.
    <time id="T427E" value="01:03:24,274" />
  </s>
  <s id="640">
    <time id="T428S" value="01:03:24,480" />
- Där förtvivlan finns...
  </s>
  <s id="641">
- Ursäkta, fader.
    <time id="T428E" value="01:03:27,472" />
  </s>
  <s id="642">
    <time id="T429S" value="01:03:31,520" />
Jag hade inte gjort det, fader.
    <time id="T429E" value="01:03:34,592" />
  </s>
  <s id="643">
    <time id="T430S" value="01:03:36,600" />
- Vi måste prata.
  </s>
  <s id="644">
- Det går säkert. 
  </s>
  <s id="645">
Inte sant?
    <time id="T430E" value="01:03:40,912" />
  </s>
  <s id="646">
    <time id="T431S" value="01:03:42,200" />
- Vem är det?
  </s>
  <s id="647">
- En överlevande.
    <time id="T431E" value="01:03:45,158" />
  </s>
  <s id="648">
    <time id="T432S" value="01:03:45,360" />
Seloten.
    <time id="T432E" value="01:03:47,555" />
  </s>
  <s id="649">
    <time id="T433S" value="01:03:49,960" />
De andra... 
  </s>
  <s id="650">
Alla är döda.
    <time id="T433E" value="01:03:53,111" />
  </s>
  <s id="651">
    <time id="T434S" value="01:03:54,600" />
Jesus är på sjukhuset.
  </s>
  <s id="652">
Berätta det du vet.
    <time id="T434E" value="01:03:58,354" />
  </s>
  <s id="653">
    <time id="T435S" value="01:03:58,560" />
Det är redan för sent.
    <time id="T435E" value="01:04:00,755" />
  </s>
  <s id="654">
    <time id="T436S" value="01:04:00,960" />
Vi har väckt Guds vrede.
    <time id="T436E" value="01:04:03,872" />
  </s>
  <s id="655">
    <time id="T437S" value="01:04:04,080" />
- Apokalypsens änglar är här.
  </s>
  <s id="656">
- Nu börjar han också.
    <time id="T437E" value="01:04:07,231" />
  </s>
  <s id="657">
    <time id="T438S" value="01:04:07,440" />
De där änglarna finns inte.
    <time id="T438E" value="01:04:10,238" />
  </s>
  <s id="658">
    <time id="T439S" value="01:04:10,440" />
Vi kom för att hjälpa dig.
  </s>
  <s id="659">
Berätta det du vet.
    <time id="T439E" value="01:04:15,309" />
  </s>
  <s id="660">
    <time id="T440S" value="01:04:15,520" />
Det talas... det talas  om den Stora Boken, den som är skriven av Guds hand.
    <time id="T441E" value="01:04:25,153" />
  </s>
  <s id="661">
    <time id="T442S" value="01:04:25,360" />
När vi renoverade klostret  hittade vi ingången till Lothars gravkammare  och skatten han hade tagit med sig.
    <time id="T444E" value="01:04:36,072" />
  </s>
  <s id="662">
    <time id="T445S" value="01:04:37,160" />
Sigillet att öppna kryptan med då?
  </s>
  <s id="663">
Var det du som stal det?
    <time id="T445E" value="01:04:41,358" />
  </s>
  <s id="664">
    <time id="T446S" value="01:04:41,880" />
Jag stal det.
    <time id="T446E" value="01:04:44,314" />
  </s>
  <s id="665">
    <time id="T447S" value="01:04:45,600" />
Sen gömde jag mig här i min gamla församling.
    <time id="T447E" value="01:04:49,957" />
  </s>
  <s id="666">
    <time id="T448S" value="01:04:50,160" />
Vi var de enda vittnena.
    <time id="T448E" value="01:04:53,357" />
  </s>
  <s id="667">
    <time id="T449S" value="01:04:54,960" />
Skatten får inte falla i fel händer.
    <time id="T449E" value="01:04:59,636" />
  </s>
  <s id="668">
    <time id="T450S" value="01:04:59,840" />
Var är sigillet?
    <time id="T450E" value="01:05:02,229" />
  </s>
  <s id="669">
    <time id="T451S" value="01:05:07,360" />
Vänta lite bara.
    <time id="T451E" value="01:05:10,477" />
  </s>
  <s id="670">
    <time id="T452S" value="01:05:39,400" />
Skydd!
    <time id="T452E" value="01:05:41,630" />
  </s>
  <s id="671">
    <time id="T453S" value="01:05:41,840" />
Förlåt mig, Herre.
    <time id="T453E" value="01:05:44,035" />
  </s>
  <s id="672">
    <time id="T454S" value="01:05:50,120" />
- Är du okej?
  </s>
  <s id="673">
- Ja.
    <time id="T454E" value="01:05:52,156" />
  </s>
  <s id="674">
    <time id="T455S" value="01:06:10,520" />
Niemans!
    <time id="T455E" value="01:06:12,476" />
  </s>
  <s id="675">
    <time id="T456S" value="01:06:22,240" />
Är du okej?
    <time id="T456E" value="01:06:24,196" />
  </s>
  <s id="676">
    <time id="T457S" value="01:06:28,200" />
Hur visste du att det var en bomb?
    <time id="T457E" value="01:06:30,236" />
  </s>
  <s id="677">
    <time id="T458S" value="01:06:30,440" />
Du har alltid sagt att jag hade blivit en bra polis.
    <time id="T458E" value="01:06:33,477" />
  </s>
  <s id="678">
    <time id="T459S" value="01:07:13,720" />
Vart är du på väg?
    <time id="T459E" value="01:07:15,950" />
  </s>
  <s id="679">
    <time id="T460S" value="01:07:16,160" />
Jag vill studera dem närmare.
  </s>
  <s id="680">
Ni får tillbaka dem i morgon.
    <time id="T460E" value="01:07:21,029" />
  </s>
  <s id="681">
    <time id="T461S" value="01:07:21,240" />
Tror du du kan göra allt för att du är snut?
    <time id="T461E" value="01:07:24,357" />
  </s>
  <s id="682">
    <time id="T462S" value="01:07:24,560" />
Nej... 
  </s>
  <s id="683">
Nej.
    <time id="T462E" value="01:07:27,313" />
  </s>
  <s id="684">
    <time id="T463S" value="01:07:28,640" />
Tror du att du utan vidare kan ta med dig de gudomliga texterna?
    <time id="T463E" value="01:07:33,668" />
  </s>
  <s id="685">
    <time id="T464S" value="01:07:33,880" />
Är du ens värdig att läsa dem?
  </s>
  <s id="686">
!
    <time id="T464E" value="01:07:37,395" />
  </s>
  <s id="687">
    <time id="T465S" value="01:07:37,600" />
Vem är du i Guds ögon?
  </s>
  <s id="688">
!
    <time id="T465E" value="01:07:40,512" />
  </s>
  <s id="689">
    <time id="T466S" value="01:07:42,640" />
- Vem?
  </s>
  <s id="690">
!
  </s>
  <s id="691">
- Problem, fader?
    <time id="T466E" value="01:07:45,359" />
  </s>
  <s id="692">
    <time id="T467S" value="01:07:47,240" />
Det är heliga texter.
    <time id="T467E" value="01:07:49,390" />
  </s>
  <s id="693">
    <time id="T468S" value="01:07:49,600" />
Om hon vill studera dem får hon göra det på plats.
    <time id="T468E" value="01:07:54,276" />
  </s>
  <s id="694">
    <time id="T469S" value="01:07:54,480" />
Undrar om det inte är den heliga bok som Lothar hade som du talar om.
    <time id="T469E" value="01:07:59,429" />
  </s>
  <s id="695">
    <time id="T470S" value="01:07:59,640" />
- Jag vet inte vad du menar.
  </s>
  <s id="696">
- Inte det?
    <time id="T470E" value="01:08:04,111" />
  </s>
  <s id="697">
    <time id="T471S" value="01:08:05,000" />
För att komma åt boken måste man ha nyckeln.
    <time id="T471E" value="01:08:09,118" />
  </s>
  <s id="698">
    <time id="T472S" value="01:08:10,040" />
Och nyckeln har jag.
    <time id="T472E" value="01:08:12,110" />
  </s>
  <s id="699">
    <time id="T473S" value="01:08:13,120" />
Men... det kan inte vara sant.
  </s>
  <s id="700">
De har den. 
  </s>
  <s id="701">
De behöver den.
    <time id="T473E" value="01:08:18,148" />
  </s>
  <s id="702">
    <time id="T474S" value="01:08:18,360" />
- Dörren måste öppnas i morgon.
  </s>
  <s id="703">
- Dörren?
    <time id="T474E" value="01:08:21,318" />
  </s>
  <s id="704">
    <time id="T475S" value="01:08:21,520" />
Var är dörren, fader?
  </s>
  <s id="705">
Var är dörren?
  </s>
  <s id="706">
!
    <time id="T475E" value="01:08:25,513" />
  </s>
  <s id="707">
    <time id="T476S" value="01:08:33,400" />
Den är min.
    <time id="T476E" value="01:08:36,597" />
  </s>
  <s id="708">
    <time id="T477S" value="01:08:36,800" />
Min.
    <time id="T477E" value="01:08:39,519" />
  </s>
  <s id="709">
    <time id="T478S" value="01:08:44,640" />
Tvål.
    <time id="T478E" value="01:08:46,596" />
  </s>
  <s id="710">
    <time id="T479S" value="01:08:46,800" />
De har sålt bluffreliker i 2000 år.
  </s>
  <s id="711">
Nu vet du hur det känns.
    <time id="T479E" value="01:08:51,078" />
  </s>
  <s id="712">
    <time id="T480S" value="01:08:59,320" />
Ta det du behöver.
    <time id="T480E" value="01:09:02,392" />
  </s>
  <s id="713">
    <time id="T481S" value="01:09:08,040" />
Få hit en läkare.
    <time id="T481E" value="01:09:10,474" />
  </s>
  <s id="714">
    <time id="T482S" value="01:09:15,360" />
Skynda dig, Marie!
    <time id="T482E" value="01:09:17,715" />
  </s>
  <s id="715">
    <time id="T483S" value="01:09:30,680" />
Vi frågade om utbyggnaden av Maginot-linjen.
    <time id="T483E" value="01:09:33,990" />
  </s>
  <s id="716">
    <time id="T484S" value="01:09:34,200" />
De säger att den aldrig byggts ut.
    <time id="T484E" value="01:09:36,919" />
  </s>
  <s id="717">
    <time id="T485S" value="01:09:38,240" />
Ministeriet för kulturella och religiösa frågor.
    <time id="T485E" value="01:09:41,232" />
  </s>
  <s id="718">
    <time id="T486S" value="01:09:41,440" />
Det är ju vår vän Heimerich.
  </s>
  <s id="719">
Heimerich von nånting.
    <time id="T486E" value="01:09:46,833" />
  </s>
  <s id="720">
    <time id="T487S" value="01:09:49,080" />
Varför sa prästen att dörren skulle öppnas i morgon?
    <time id="T487E" value="01:09:53,915" />
  </s>
  <s id="721">
    <time id="T488S" value="01:10:05,960" />
Var finns dörrjäveln?
    <time id="T488E" value="01:10:08,633" />
  </s>
  <s id="722">
    <time id="T489S" value="01:10:10,680" />
Jag har kommit på nåt.
    <time id="T489E" value="01:10:13,319" />
  </s>
  <s id="723">
    <time id="T490S" value="01:10:15,600" />
Det jag undrade över var det felvända E: et.
    <time id="T490E" value="01:10:18,910" />
  </s>
  <s id="724">
    <time id="T491S" value="01:10:19,120" />
Det är inget E, utan en trea.
    <time id="T491E" value="01:10:21,156" />
  </s>
  <s id="725">
    <time id="T492S" value="01:10:21,360" />
J: et är en sjua och O: et en nolla.
    <time id="T492E" value="01:10:24,318" />
  </s>
  <s id="726">
    <time id="T493S" value="01:10:24,520" />
- Då står det 730730.
  </s>
  <s id="727">
- Vad betyder de siffrorna?
    <time id="T493E" value="01:10:30,231" />
  </s>
  <s id="728">
    <time id="T494S" value="01:10:30,440" />
Enligt montanisterna är det domedagens datum.
    <time id="T494E" value="01:10:33,750" />
  </s>
  <s id="729">
    <time id="T495S" value="01:10:33,960" />
Jesus dog den 7 april, sen räknar man fram 730730 dagar.
    <time id="T495E" value="01:10:38,476" />
  </s>
  <s id="730">
    <time id="T496S" value="01:10:38,680" />
Det är den 27 november i år.
    <time id="T496E" value="01:10:42,355" />
  </s>
  <s id="731">
    <time id="T497S" value="01:10:42,560" />
Alltså i dag.
    <time id="T497E" value="01:10:44,551" />
  </s>
  <s id="732">
    <time id="T498S" value="01:10:46,200" />
Ska vi byta om till evenemanget?
  </s>
  <s id="733">
Vi får ju platser på första parkett.
    <time id="T498E" value="01:10:50,716" />
  </s>
  <s id="734">
    <time id="T499S" value="01:10:50,920" />
- Hittade du inget om ingången?
  </s>
  <s id="735">
- Nej.
    <time id="T499E" value="01:10:55,391" />
  </s>
  <s id="736">
    <time id="T500S" value="01:10:56,360" />
I en text från den tiden står det  att skatten skyddas av en mekanism.
    <time id="T501E" value="01:11:02,194" />
  </s>
  <s id="737">
    <time id="T502S" value="01:11:02,400" />
Att den som vill läsa i boken drar ner Guds vrede över sig.
    <time id="T502E" value="01:11:06,359" />
  </s>
  <s id="738">
    <time id="T503S" value="01:11:06,560" />
Nåt annat hittade jag inte.
  </s>
  <s id="739">
Inget om ingången till den.
    <time id="T503E" value="01:11:11,395" />
  </s>
  <s id="740">
    <time id="T504S" value="01:11:19,200" />
Har ni hört dem ringa?
    <time id="T504E" value="01:11:21,430" />
  </s>
  <s id="741">
    <time id="T505S" value="01:11:24,400" />
Klockorna.
    <time id="T505E" value="01:11:26,436" />
  </s>
  <s id="742">
    <time id="T506S" value="01:11:28,520" />
De ringer aldrig.
    <time id="T506E" value="01:11:31,159" />
  </s>
  <s id="743">
    <time id="T507S" value="01:11:32,480" />
Där är ingången till underjorden.
    <time id="T507E" value="01:11:35,199" />
  </s>
  <s id="744">
    <time id="T508S" value="01:11:36,200" />
Genom tornet.
    <time id="T508E" value="01:11:38,794" />
  </s>
  <s id="745">
    <time id="T509S" value="01:11:55,360" />
Vem fan kommer så här dags?
    <time id="T509E" value="01:11:59,239" />
  </s>
  <s id="746">
    <time id="T510S" value="01:12:01,160" />
Var kommer de ifrån?
    <time id="T510E" value="01:12:03,469" />
  </s>
  <s id="747">
    <time id="T511S" value="01:12:16,080" />
Ett nytt Europa är på väg.
    <time id="T511E" value="01:12:18,389" />
  </s>
  <s id="748">
    <time id="T512S" value="01:12:18,600" />
Ett vitt och troende Europa, som det alltid skulle ha varit.
    <time id="T512E" value="01:12:22,798" />
  </s>
  <s id="749">
    <time id="T513S" value="01:12:23,000" />
Vårt Europa, bäste viceminister.
    <time id="T513E" value="01:12:25,468" />
  </s>
  <s id="750">
    <time id="T514S" value="01:12:25,680" />
Heimerich, era operationer har utförts mästerligt.
    <time id="T514E" value="01:12:29,798" />
  </s>
  <s id="751">
    <time id="T515S" value="01:12:30,000" />
Var är ni på väg?
  </s>
  <s id="752">
Ingen kommer in.
    <time id="T515E" value="01:12:33,993" />
  </s>
  <s id="753">
    <time id="T516S" value="01:12:34,200" />
Ta hand om honom.
    <time id="T516E" value="01:12:36,634" />
  </s>
  <s id="754">
    <time id="T517S" value="01:12:51,160" />
Om signalen försvinner ring armén.
    <time id="T517E" value="01:12:53,628" />
  </s>
  <s id="755">
    <time id="T518S" value="01:12:53,840" />
- Jag vill följa med.
  </s>
  <s id="756">
- Du förhör Jesus.
    <time id="T518E" value="01:12:56,434" />
  </s>
  <s id="757">
    <time id="T519S" value="01:12:56,640" />
Och lyssna. 
  </s>
  <s id="758">
Jag behöver dig.
    <time id="T519E" value="01:12:59,677" />
  </s>
  <s id="759">
    <time id="T520S" value="01:13:00,360" />
Reda, nu ska du få din domedag.
    <time id="T520E" value="01:13:04,114" />
  </s>
  <s id="760">
    <time id="T521S" value="01:13:39,360" />
Tror du att det är djupt?
    <time id="T521E" value="01:13:41,954" />
  </s>
  <s id="761">
    <time id="T522S" value="01:13:50,600" />
- Jag tror inte vi har nog med rep.
  </s>
  <s id="762">
- Så djupt är inte hålet.
    <time id="T522E" value="01:13:55,469" />
  </s>
  <s id="763">
    <time id="T523S" value="01:13:55,680" />
Det är ett trick för att hålla nyfikna borta.
    <time id="T523E" value="01:13:59,673" />
  </s>
  <s id="764">
    <time id="T524S" value="01:14:14,840" />
Varsågod och gå in.
  </s>
  <s id="765">
Jag tror att han sover.
    <time id="T524E" value="01:14:18,435" />
  </s>
  <s id="766">
    <time id="T525S" value="01:14:27,280" />
Lugnt och fint, Reda.
    <time id="T525E" value="01:14:29,396" />
  </s>
  <s id="767">
    <time id="T526S" value="01:14:45,200" />
Niemans!
  </s>
  <s id="768">
Vi har inte nog med rep.
    <time id="T526E" value="01:14:48,431" />
  </s>
  <s id="769">
    <time id="T527S" value="01:14:49,760" />
Om munkarna tar den här vägen måste det finnas en ingång nånstans.
    <time id="T527E" value="01:14:53,116" />
  </s>
  <s id="770">
    <time id="T528S" value="01:15:28,280" />
Niemans?
    <time id="T528E" value="01:15:30,396" />
  </s>
  <s id="771">
    <time id="T529S" value="01:15:30,600" />
Niemans!
    <time id="T529E" value="01:15:33,398" />
  </s>
  <s id="772">
    <time id="T530S" value="01:15:44,720" />
- Är du där, Marie?
  </s>
  <s id="773">
- Ja.
    <time id="T530E" value="01:15:48,508" />
  </s>
  <s id="774">
    <time id="T531S" value="01:15:48,720" />
- Han måste säga nåt.
  </s>
  <s id="775">
- Jag har syndat.
    <time id="T531E" value="01:15:51,917" />
  </s>
  <s id="776">
    <time id="T532S" value="01:15:52,120" />
Jag vet.
    <time id="T532E" value="01:15:54,918" />
  </s>
  <s id="777">
    <time id="T533S" value="01:16:06,840" />
Hör du mig, Marie?
  </s>
  <s id="778">
Vi är inne i Maginot-linjen.
    <time id="T533E" value="01:16:11,550" />
  </s>
  <s id="779">
    <time id="T534S" value="01:16:11,760" />
Det finns en väg in från klostret.
    <time id="T534E" value="01:16:14,149" />
  </s>
  <s id="780">
    <time id="T535S" value="01:16:15,080" />
- Signalen är dålig.
  </s>
  <s id="781">
- Det är normalt.
    <time id="T535E" value="01:16:20,029" />
  </s>
  <s id="782">
    <time id="T536S" value="01:16:20,240" />
Det är metall överallt.
  </s>
  <s id="783">
Marie, hör du mig?
    <time id="T536E" value="01:16:25,268" />
  </s>
  <s id="784">
    <time id="T537S" value="01:16:30,000" />
Förklaringen till din huvudlösa munk.
  </s>
  <s id="785">
En kåpa och svärta runt ögonen.
    <time id="T537E" value="01:16:34,710" />
  </s>
  <s id="786">
    <time id="T538S" value="01:16:34,920" />
Man ser det man vill se.
    <time id="T538E" value="01:16:37,753" />
  </s>
  <s id="787">
    <time id="T539S" value="01:16:40,640" />
Övernaturliga krafter: 
  </s>
  <s id="788">
Amfetamin, som varit förbjudet sen 1945.
    <time id="T539E" value="01:16:45,794" />
  </s>
  <s id="789">
    <time id="T540S" value="01:16:46,000" />
Man känner inte smärta, blir dubbelt så stark och lyder blint.
    <time id="T540E" value="01:16:50,596" />
  </s>
  <s id="790">
    <time id="T541S" value="01:16:50,800" />
Då förstår jag varför jag fick stryk.
    <time id="T541E" value="01:16:54,110" />
  </s>
  <s id="791">
    <time id="T542S" value="01:17:05,080" />
Täck mig!
    <time id="T542E" value="01:17:07,150" />
  </s>
  <s id="792">
    <time id="T543S" value="01:17:19,120" />
Marie! 
  </s>
  <s id="793">
Skicka hjälp!
    <time id="T543E" value="01:17:21,554" />
  </s>
  <s id="794">
    <time id="T544S" value="01:18:35,320" />
Ni sa att vi skulle ses igen.
    <time id="T544E" value="01:18:38,676" />
  </s>
  <s id="795">
    <time id="T545S" value="01:18:38,880" />
Välkommen till Lothar Il: s tempel.
    <time id="T545E" value="01:18:43,032" />
  </s>
  <s id="796">
    <time id="T546S" value="01:18:45,440" />
Jag var ung officer  när jag av en händelse stötte på en del av den här tunneln.
    <time id="T547E" value="01:18:53,554" />
  </s>
  <s id="797">
    <time id="T548S" value="01:18:53,760" />
Jag hann inte utforska den.
  </s>
  <s id="798">
Krigslyckan hade vänt.
    <time id="T548E" value="01:19:00,598" />
  </s>
  <s id="799">
    <time id="T549S" value="01:19:02,200" />
Sen efterforskade jag i böckerna vad det kunde vara för en tunnel.
    <time id="T549E" value="01:19:08,036" />
  </s>
  <s id="800">
    <time id="T550S" value="01:19:08,880" />
En vacker dag förstod jag.
    <time id="T550E" value="01:19:12,634" />
  </s>
  <s id="801">
    <time id="T551S" value="01:19:12,840" />
Vatikanens skatt som Lothar II tog med sig  måste ligga gömd nånstans i berget.
    <time id="T552E" value="01:19:22,076" />
  </s>
  <s id="802">
    <time id="T553S" value="01:19:23,000" />
Resten av historien kan ni väl?
    <time id="T553E" value="01:19:25,594" />
  </s>
  <s id="803">
    <time id="T554S" value="01:19:25,800" />
De tolv lärjungarna hittade en ingång. 
  </s>
  <s id="804">
Den riktiga, antagligen.
    <time id="T554E" value="01:19:30,316" />
  </s>
  <s id="805">
    <time id="T555S" value="01:19:30,520" />
Det hör ni och köper klostret...
  </s>
  <s id="806">
och utplånar de tolv vittnena.
    <time id="T555E" value="01:19:36,197" />
  </s>
  <s id="807">
    <time id="T556S" value="01:19:36,400" />
Vårt nya Europa struntar i detaljer.
    <time id="T556E" value="01:19:39,278" />
  </s>
  <s id="808">
    <time id="T557S" value="01:19:46,200" />
Reda? 
  </s>
  <s id="809">
Reda!
    <time id="T557E" value="01:19:48,839" />
  </s>
  <s id="810">
    <time id="T558S" value="01:19:49,040" />
Vakna.
    <time id="T558E" value="01:19:51,190" />
  </s>
  <s id="811">
    <time id="T559S" value="01:19:51,400" />
Marie, vi har problem. 
  </s>
  <s id="812">
Marie?
    <time id="T559E" value="01:19:54,472" />
  </s>
  <s id="813">
    <time id="T560S" value="01:19:58,240" />
Bergspredikan: 
  </s>
  <s id="814">
Du kan inte tillbedja både Gud och pengar.
    <time id="T560E" value="01:20:03,473" />
  </s>
  <s id="815">
    <time id="T561S" value="01:20:03,680" />
- De dödar oss alla.
  </s>
  <s id="816">
- Vad finns det i boken?
    <time id="T561E" value="01:20:06,877" />
  </s>
  <s id="817">
    <time id="T562S" value="01:20:10,600" />
Marie?
    <time id="T562E" value="01:20:12,511" />
  </s>
  <s id="818">
    <time id="T563S" value="01:20:30,920" />
- Hör du mig, Marie?
  </s>
  <s id="819">
- Dåligt.
    <time id="T563E" value="01:20:33,559" />
  </s>
  <s id="820">
    <time id="T564S" value="01:20:34,120" />
Dörren till kryptan öppnas.
    <time id="T564E" value="01:20:36,554" />
  </s>
  <s id="821">
    <time id="T565S" value="01:20:38,320" />
- Säg var boken är.
  </s>
  <s id="822">
- Den heliga boken...
    <time id="T565E" value="01:20:42,233" />
  </s>
  <s id="823">
    <time id="T566S" value="01:20:42,440" />
- Ingen får veta det.
  </s>
  <s id="824">
- Var är den?
    <time id="T566E" value="01:20:45,238" />
  </s>
  <s id="825">
    <time id="T567S" value="01:20:46,120" />
Gömd.
    <time id="T567E" value="01:20:48,429" />
  </s>
  <s id="826">
    <time id="T568S" value="01:20:59,680" />
Marie, stenen öppnas.
    <time id="T568E" value="01:21:01,910" />
  </s>
  <s id="827">
    <time id="T569S" value="01:21:26,400" />
Niemans, vad händer?
    <time id="T569E" value="01:21:28,470" />
  </s>
  <s id="828">
    <time id="T570S" value="01:21:39,400" />
Vad finns det i stenen?
    <time id="T570E" value="01:21:42,517" />
  </s>
  <s id="829">
    <time id="T571S" value="01:21:50,880" />
Stenen har öppnats.
    <time id="T571E" value="01:21:53,155" />
  </s>
  <s id="830">
    <time id="T572S" value="01:21:53,360" />
- Där finns en stor bok.
  </s>
  <s id="831">
- Jag måste tänka.
    <time id="T572E" value="01:21:56,272" />
  </s>
  <s id="832">
    <time id="T573S" value="01:21:57,760" />
- År 830, geometri...
  </s>
  <s id="833">
- Om ni rör boken dör ni.
    <time id="T573E" value="01:22:01,639" />
  </s>
  <s id="834">
    <time id="T574S" value="01:22:02,560" />
Säg inget om det ni inte vet nåt om.
  </s>
  <s id="835">
Det är ni som ska dö.
    <time id="T574E" value="01:22:07,793" />
  </s>
  <s id="836">
    <time id="T575S" value="01:22:08,400" />
Jag är i toppform.
  </s>
  <s id="837">
Jag har inte tänkt dö.
    <time id="T575E" value="01:22:13,235" />
  </s>
  <s id="838">
    <time id="T576S" value="01:22:13,440" />
- Lika säkert som solen går upp.
  </s>
  <s id="839">
- Du är ju en stor poet.
    <time id="T576E" value="01:22:16,591" />
  </s>
  <s id="840">
    <time id="T577S" value="01:22:16,800" />
- Tysta honom!
  </s>
  <s id="841">
- Vad säger han?
    <time id="T577E" value="01:22:20,031" />
  </s>
  <s id="842">
    <time id="T578S" value="01:22:23,320" />
Marie? 
  </s>
  <s id="843">
Har du kommit på nåt?
    <time id="T578E" value="01:22:26,198" />
  </s>
  <s id="844">
    <time id="T579S" value="01:22:26,400" />
Det måste utlösa en mekanism.
    <time id="T579E" value="01:22:28,834" />
  </s>
  <s id="845">
    <time id="T580S" value="01:22:29,040" />
Som ni ser är domedagen inte här.
    <time id="T580E" value="01:22:32,919" />
  </s>
  <s id="846">
    <time id="T581S" value="01:22:33,120" />
- Marie, boken ligger på en sockel.
  </s>
  <s id="847">
- Axlar, ljus, speglar, tyngder...
    <time id="T581E" value="01:22:37,318" />
  </s>
  <s id="848">
    <time id="T582S" value="01:22:38,840" />
Motvikt, Niemans! 
  </s>
  <s id="849">
Det är när man flyttar boken från sockeln.
    <time id="T582E" value="01:22:44,790" />
  </s>
  <s id="850">
    <time id="T583S" value="01:22:45,000" />
Nej! 
  </s>
  <s id="851">
Låt boken ligga.
  </s>
  <s id="852">
Det är en fälla!
    <time id="T583E" value="01:22:48,231" />
  </s>
  <s id="853">
    <time id="T584S" value="01:22:48,440" />
Säkert, kommissarien.
    <time id="T584E" value="01:22:50,351" />
  </s>
  <s id="854">
    <time id="T585S" value="01:23:22,360" />
Niemans? 
  </s>
  <s id="855">
Hör du mig?
    <time id="T585E" value="01:23:25,591" />
  </s>
  <s id="856">
    <time id="T586S" value="01:23:27,200" />
Vad händer?
    <time id="T586E" value="01:23:29,668" />
  </s>
  <s id="857">
    <time id="T587S" value="01:23:34,360" />
Nåt är galet.
  </s>
  <s id="858">
Skicka hjälp till Maginot-linjen.
    <time id="T587E" value="01:23:37,318" />
  </s>
  <s id="859">
    <time id="T588S" value="01:23:41,920" />
- Heimerich, vi måste ut!
  </s>
  <s id="860">
- Prova på tyska.
    <time id="T588E" value="01:23:45,959" />
  </s>
  <s id="861">
    <time id="T589S" value="01:24:13,800" />
Upp! 
  </s>
  <s id="862">
Upp!
    <time id="T589E" value="01:24:16,792" />
  </s>
  <s id="863">
    <time id="T590S" value="01:26:30,440" />
LIVSFARA
    <time id="T590E" value="01:26:32,351" />
  </s>
  <s id="864">
    <time id="T591S" value="01:26:37,200" />
Jävlar!
    <time id="T591E" value="01:26:39,509" />
  </s>
  <s id="865">
    <time id="T592S" value="01:27:07,880" />
Till höger!
    <time id="T592E" value="01:27:09,871" />
  </s>
  <s id="866">
    <time id="T593S" value="01:27:13,160" />
Skynda dig!
    <time id="T593E" value="01:27:15,230" />
  </s>
  <s id="867">
    <time id="T594S" value="01:27:19,360" />
Niemans! 
  </s>
  <s id="868">
Det är en skrubb!
    <time id="T594E" value="01:27:21,510" />
  </s>
  <s id="869">
    <time id="T595S" value="01:27:21,720" />
Nej, det är ett torn.
    <time id="T595E" value="01:27:25,110" />
  </s>
  <s id="870">
    <time id="T596S" value="01:27:26,320" />
- Det måste finnas en utgång.
  </s>
  <s id="871">
- Bara dörrjäveln.
    <time id="T596E" value="01:27:30,313" />
  </s>
  <s id="872">
    <time id="T597S" value="01:27:30,520" />
- Fan! 
  </s>
  <s id="873">
Fan!
  </s>
  <s id="874">
- Ventilen! 
  </s>
  <s id="875">
Öppna ventilen!
    <time id="T597E" value="01:27:34,832" />
  </s>
  <s id="876">
    <time id="T598S" value="01:27:35,600" />
Kom igen!
    <time id="T598E" value="01:27:37,795" />
  </s>
  <s id="877">
    <time id="T599S" value="01:27:41,360" />
Jag kan inte.
    <time id="T599E" value="01:27:43,271" />
  </s>
  <s id="878">
    <time id="T600S" value="01:27:51,440" />
Jag kan inte.
    <time id="T600E" value="01:27:53,715" />
  </s>
  <s id="879">
    <time id="T601S" value="01:27:57,280" />
Amfetaminet... 
  </s>
  <s id="880">
Amfetaminet!
    <time id="T601E" value="01:28:00,317" />
  </s>
  <s id="881">
    <time id="T602S" value="01:28:04,680" />
- Hur fort verkar det?
  </s>
  <s id="882">
- Jag vet inte. 
  </s>
  <s id="883">
Kom igen!
    <time id="T602E" value="01:28:09,913" />
  </s>
  <s id="884">
    <time id="T603S" value="01:28:13,280" />
Kom igen! 
  </s>
  <s id="885">
Kom igen.
    <time id="T603E" value="01:28:15,919" />
  </s>
  <s id="886">
    <time id="T604S" value="01:28:17,120" />
Så där!
    <time id="T604E" value="01:28:20,112" />
  </s>
  <s id="887">
    <time id="T605S" value="01:28:24,960" />
Fort.
    <time id="T605E" value="01:28:26,916" />
  </s>
  <s id="888">
    <time id="T606S" value="01:28:52,200" />
De lever.
    <time id="T606E" value="01:28:54,111" />
  </s>
  <s id="889">
    <time id="T607S" value="01:28:54,320" />
- Jag kunde inte springa till Paris.
  </s>
  <s id="890">
- Trivs du inte i Lorraine?
    <time id="T607E" value="01:28:58,472" />
  </s>
  <s id="891">
    <time id="T608S" value="01:29:07,640" />
Han kan flyttas nu.
  </s>
  <s id="892">
Han har haft tur.
    <time id="T608E" value="01:29:12,998" />
  </s>
  <s id="893">
    <time id="T609S" value="01:29:13,200" />
Det var en god nyhet.
  </s>
  <s id="894">
Jag behöver en veckas semester.
    <time id="T609E" value="01:29:17,990" />
  </s>
  <s id="895">
    <time id="T610S" value="01:29:29,800" />
Du har inte sagt vad din hund heter.
    <time id="T610E" value="01:29:33,679" />
  </s>
  <s id="896">
    <time id="T611S" value="01:29:33,880" />
Jag har kommit på ett bra namn på en farlig hund.
    <time id="T611E" value="01:29:38,032" />
  </s>
  <s id="897">
    <time id="T612S" value="01:29:38,240" />
- En yorkshire?
  </s>
  <s id="898">
- Ja, den heter... 
  </s>
  <s id="899">
Reda.
    <time id="T612E" value="01:29:43,109" />
  </s>
  <s id="900">
    <time id="T613S" value="01:29:44,160" />
- Du driver med mig.
  </s>
  <s id="901">
- Nej, ni har samma uttryck.
    <time id="T613E" value="01:29:47,994" />
  </s>
  <s id="902">
    <time id="T614S" value="01:29:50,120" />
Nej... 
  </s>
  <s id="903">
Jag skojade.
    <time id="T614E" value="01:29:54,113" />
  </s>
  <s id="904">
    <time id="T615S" value="01:29:55,640" />
- Vänta lite.
  </s>
  <s id="905">
- Jag tror dig inte.
    <time id="T615E" value="01:29:59,189" />
  </s>
  <s id="906">
    <time id="T616S" value="01:30:01,600" />
Ripp  Sync: kmclash
    <time id="T616E" value="01:30:06,797" />
  </s>
  <s id="907">
    <time id="T617S" value="01:30:10,600" />
Text: 
  </s>
  <s id="908">
SDI Media
    <time id="T617E" value="01:30:11,797" />
  </s>
  <s id="909">
    <time id="T618S" value="01:30:11,960" />
Ansvarig utgivare: 
  </s>
  <s id="910">
Mats Davidsson
    <time id="T618E" value="01:30:12,916" />
  </s>
  <meta>
    <conversion>
      <ignored_blocks>0</ignored_blocks>
      <corrected_words>1</corrected_words>
      <unknown_words>45</unknown_words>
      <encoding>windows-1252</encoding>
      <truecased_words>9</truecased_words>
      <tokens>5443</tokens>
      <sentences>910</sentences>
    </conversion>
    <subtitle>
      <rating>0.0</rating>
      <date>2005-02-05</date>
      <blocks>618</blocks>
      <confidence>1.0</confidence>
      <machine_translated>0</machine_translated>
      <language>Swedish</language>
      <version>0</version>
      <duration>01:30:12,916</duration>
    </subtitle>
    <source>
      <HD>0</HD>
      <genre>Crime,Mystery,Thriller</genre>
      <cds>1/1</cds>
      <year>2000</year>
      <country>France</country>
      <original>French</original>
      <duration>106</duration>
    </source>
  </meta>
</document>
