<?xml version="1.0" encoding="utf-8"?>
<document id="4546330">
  <s id="1">
    <time id="T1S" value="00:00:04,000" />
Begäran om assistans
    <time id="T1E" value="00:00:07,629" />
  </s>
  <s id="2">
    <time id="T2S" value="00:00:24,880" />
-Vad pågår här?
  </s>
  <s id="3">
-Hon har ett hål i bakhuvudet.
    <time id="T2E" value="00:00:29,635" />
  </s>
  <s id="4">
    <time id="T3S" value="00:00:30,440" />
-Vad har hänt?
  </s>
  <s id="5">
-Det var en man...
    <time id="T3E" value="00:00:34,433" />
  </s>
  <s id="6">
    <time id="T4S" value="00:00:34,600" />
Såg du honom?
    <time id="T4E" value="00:00:38,195" />
  </s>
  <s id="7">
    <time id="T5S" value="00:00:38,360" />
-Stanna här.
  </s>
  <s id="8">
-Hon måste till sjukhus.
    <time id="T5E" value="00:00:41,955" />
  </s>
  <s id="9">
    <time id="T6S" value="00:00:42,120" />
Hon är i goda händer.
    <time id="T6E" value="00:00:45,112" />
  </s>
  <s id="10">
    <time id="T7S" value="00:00:46,120" />
-Nu får du släppa fram mig.
  </s>
  <s id="11">
-Vad var det för man?
    <time id="T7E" value="00:00:50,875" />
  </s>
  <s id="12">
    <time id="T8S" value="00:00:52,000" />
Såg du honom?
    <time id="T8E" value="00:00:54,912" />
  </s>
  <s id="13">
    <time id="T9S" value="00:01:04,960" />
God morgon.
    <time id="T9E" value="00:01:07,633" />
  </s>
  <s id="14">
    <time id="T10S" value="00:01:10,280" />
-Han sa att jag inte fick åka med.
  </s>
  <s id="15">
-Vibe Nielsen - hon bor här.
    <time id="T10E" value="00:01:14,558" />
  </s>
  <s id="16">
    <time id="T11S" value="00:01:14,720" />
Gustavsen - kriminalinspektör.
  </s>
  <s id="17">
- Vad är problemet?
    <time id="T11E" value="00:01:19,510" />
  </s>
  <s id="18">
    <time id="T12S" value="00:01:19,680" />
-Jag vill ha morgonrocken.
  </s>
  <s id="19">
-Hon är ju helt ensam.
    <time id="T12E" value="00:01:23,229" />
  </s>
  <s id="20">
    <time id="T13S" value="00:01:23,400" />
Ta Vibe Nielsens vittnesmål.
  </s>
  <s id="21">
- Du vill säkert klä på dig.
    <time id="T13E" value="00:01:28,713" />
  </s>
  <s id="22">
    <time id="T14S" value="00:01:30,360" />
-Hon säger att hon såg en man.
  </s>
  <s id="23">
-Hör grannarna och sök med hundar.
    <time id="T14E" value="00:01:34,797" />
  </s>
  <s id="24">
    <time id="T15S" value="00:01:34,960" />
Spärra av området.
  </s>
  <s id="25">
Jag kontaktar mordkommissionen.
    <time id="T15E" value="00:01:38,350" />
  </s>
  <s id="26">
    <time id="T16S" value="00:01:38,520" />
-Du såg ju de blodiga kläderna.
  </s>
  <s id="27">
-Jag har inte folk till det här.
    <time id="T16E" value="00:01:42,593" />
  </s>
  <s id="28">
    <time id="T17S" value="00:01:44,320" />
Har du svårt för Fischer och den där kvinnan?
    <time id="T17E" value="00:01:47,835" />
  </s>
  <s id="29">
    <time id="T18S" value="00:03:00,080" />
Du liknar Viktor på morgonen med det där leendet.
    <time id="T18E" value="00:03:04,756" />
  </s>
  <s id="30">
    <time id="T19S" value="00:03:16,640" />
-Är du okej?
  </s>
  <s id="31">
-Nej, för fan!
    <time id="T19E" value="00:03:20,155" />
  </s>
  <s id="32">
    <time id="T20S" value="00:03:20,320" />
Är det axeln igen?
    <time id="T20E" value="00:03:23,278" />
  </s>
  <s id="33">
    <time id="T21S" value="00:03:24,880" />
Du är för lätt.
    <time id="T21E" value="00:03:27,553" />
  </s>
  <s id="34">
    <time id="T22S" value="00:03:35,440" />
-Har Mille börjat jobba igen?
  </s>
  <s id="35">
-Nej, hon kan inte samla sig.
    <time id="T22E" value="00:03:39,274" />
  </s>
  <s id="36">
    <time id="T23S" value="00:03:39,440" />
-Har hon problem?
  </s>
  <s id="37">
-Det tror jag inte hon tycker.
    <time id="T23E" value="00:03:43,353" />
  </s>
  <s id="38">
    <time id="T24S" value="00:03:47,560" />
la Cour. 
  </s>
  <s id="39">
Hej, Ingrid.
    <time id="T24E" value="00:03:51,599" />
  </s>
  <s id="40">
    <time id="T25S" value="00:03:59,520" />
Nakskov - äldre kvinna.
  </s>
  <s id="41">
Dog på väg till sjukhuset.
    <time id="T25E" value="00:04:04,958" />
  </s>
  <s id="42">
    <time id="T26S" value="00:04:05,120" />
Men du ska inte med.
    <time id="T26E" value="00:04:07,714" />
  </s>
  <s id="43">
    <time id="T27S" value="00:04:07,880" />
-Varför inte?
  </s>
  <s id="44">
-Graff har fallet.
    <time id="T27E" value="00:04:10,758" />
  </s>
  <s id="45">
    <time id="T28S" value="00:04:10,920" />
-Har Graff fallet?
  </s>
  <s id="46">
-Ja.
    <time id="T28E" value="00:04:13,753" />
  </s>
  <s id="47">
    <time id="T29S" value="00:04:18,360" />
Låna mig telefonen.
    <time id="T29E" value="00:04:21,158" />
  </s>
  <s id="48">
    <time id="T30S" value="00:04:27,000" />
Jag trodde att vi var ett team.
  </s>
  <s id="49">
Ligger Ulf bakom det här?
    <time id="T30E" value="00:04:31,391" />
  </s>
  <s id="50">
    <time id="T31S" value="00:04:31,560" />
-Det var mitt beslut.
  </s>
  <s id="51">
-Ulfs, alltså.
    <time id="T31E" value="00:04:36,350" />
  </s>
  <s id="52">
    <time id="T32S" value="00:04:36,520" />
-Ta det inte personligt.
  </s>
  <s id="53">
-Han borde fått kicken för längesen.
    <time id="T32E" value="00:04:41,196" />
  </s>
  <s id="54">
    <time id="T33S" value="00:04:41,360" />
Och nu säger du att jag inte kan arbeta med honom.
    <time id="T33E" value="00:04:44,989" />
  </s>
  <s id="55">
    <time id="T34S" value="00:04:45,160" />
Det är klart jag tar det personligt.
    <time id="T34E" value="00:04:48,755" />
  </s>
  <s id="56">
    <time id="T35S" value="00:04:48,920" />
-Okej, du är med.
  </s>
  <s id="57">
-Bra, det var det jag ville höra.
    <time id="T35E" value="00:04:52,310" />
  </s>
  <s id="58">
    <time id="T36S" value="00:04:52,480" />
Vi ses.
    <time id="T36E" value="00:04:55,358" />
  </s>
  <s id="59">
    <time id="T37S" value="00:04:55,520" />
Först fattar hon ett beslut men ändrar sig när Ulf ringer.
    <time id="T37E" value="00:04:59,479" />
  </s>
  <s id="60">
    <time id="T38S" value="00:04:59,640" />
Sen ringer Fischer och då går hon tillbaka till det första.
    <time id="T38E" value="00:05:03,030" />
  </s>
  <s id="61">
    <time id="T39S" value="00:05:03,200" />
Otaliga krig beror på att en man inte vågade ändra ett felaktigt beslut...
    <time id="T39E" value="00:05:07,398" />
  </s>
  <s id="62">
    <time id="T40S" value="00:05:07,560" />
Vet du vad du är?
    <time id="T40E" value="00:05:10,154" />
  </s>
  <s id="63">
    <time id="T41S" value="00:05:10,320" />
-Har du ont i huvudet?
  </s>
  <s id="64">
-Det är inte så farligt.
    <time id="T41E" value="00:05:13,790" />
  </s>
  <s id="65">
    <time id="T42S" value="00:05:13,960" />
Du låtsas bara för att jag ska kyssa dig.
    <time id="T42E" value="00:05:18,988" />
  </s>
  <s id="66">
    <time id="T43S" value="00:05:19,160" />
Var är hon nånstans?
  </s>
  <s id="67">
Din nya "undervisningsassistent"...?
    <time id="T43E" value="00:05:24,154" />
  </s>
  <s id="68">
    <time id="T44S" value="00:05:24,320" />
Du har anledning att oroa dig.
  </s>
  <s id="69">
Om du inte skyndar dig hem...
    <time id="T44E" value="00:05:29,474" />
  </s>
  <s id="70">
    <time id="T45S" value="00:05:29,640" />
Där rök den premiären!
  </s>
  <s id="71">
Vi skulle ha gått på opera ikväll.
    <time id="T45E" value="00:05:35,829" />
  </s>
  <s id="72">
    <time id="T46S" value="00:05:36,000" />
Jag får fortlöpande rapporter från Nakskov. 
  </s>
  <s id="73">
Är du ensam?
    <time id="T46E" value="00:05:39,993" />
  </s>
  <s id="74">
    <time id="T47S" value="00:05:40,160" />
-Kirsten är på radioteatern.
  </s>
  <s id="75">
-Bra att hon är igång igen.
    <time id="T47E" value="00:05:44,551" />
  </s>
  <s id="76">
    <time id="T48S" value="00:05:44,720" />
Britta Jensen, 65, nerslagen bakifrån.
    <time id="T48E" value="00:05:47,996" />
  </s>
  <s id="77">
    <time id="T49S" value="00:05:48,160" />
Vibe Nielsen hyr en lägenhet på första våningen.
    <time id="T49E" value="00:05:53,314" />
  </s>
  <s id="78">
    <time id="T50S" value="00:05:53,480" />
Vibe har känt den döda i många år.
  </s>
  <s id="79">
Hon var som en dotter i huset.
    <time id="T50E" value="00:05:58,873" />
  </s>
  <s id="80">
    <time id="T51S" value="00:05:59,040" />
-Gör hon det för att provocera mig?
  </s>
  <s id="81">
-Vad menar du?
    <time id="T51E" value="00:06:03,272" />
  </s>
  <s id="82">
    <time id="T52S" value="00:06:03,440" />
Ingrid och jag var överens om att Fischer inte skulle med.
    <time id="T52E" value="00:06:08,230" />
  </s>
  <s id="83">
    <time id="T53S" value="00:06:08,400" />
-Nu kan jag inget göra.
  </s>
  <s id="84">
-Hon tycker väl att han skicklig.
    <time id="T53E" value="00:06:13,076" />
  </s>
  <s id="85">
    <time id="T54S" value="00:06:13,240" />
Vi vet båda två att Fischer var säker på att Graff var skyldig.
    <time id="T54E" value="00:06:17,518" />
  </s>
  <s id="86">
    <time id="T55S" value="00:06:17,680" />
Men statsåklagaren hade en annan åsikt och därmed är saken ur världen.
    <time id="T55E" value="00:06:23,437" />
  </s>
  <s id="87">
    <time id="T56S" value="00:06:23,600" />
Jag vill inte ha nåt bråk. 
  </s>
  <s id="88">
Kan inte hon styra honom, får du göra det.
    <time id="T56E" value="00:06:27,593" />
  </s>
  <s id="89">
    <time id="T57S" value="00:06:27,760" />
Förstår du vad jag säger? 
  </s>
  <s id="90">
Jag vill inte ha problem med lokalpolisen.
    <time id="T57E" value="00:06:33,551" />
  </s>
  <s id="91">
    <time id="T58S" value="00:06:33,720" />
Jag kan gå på premiären i ditt ställe.
    <time id="T58E" value="00:06:36,837" />
  </s>
  <s id="92">
    <time id="T59S" value="00:06:37,000" />
-Du gillar väl inte opera?
  </s>
  <s id="93">
-Jag är svag för "La Bohème."
    <time id="T59E" value="00:06:41,278" />
  </s>
  <s id="94">
    <time id="T60S" value="00:06:41,440" />
-"Carmen!" 
  </s>
  <s id="95">
-Ja, den också.
    <time id="T60E" value="00:06:44,079" />
  </s>
  <s id="96">
    <time id="T61S" value="00:06:44,240" />
-Om du inte har nåt emot det.
  </s>
  <s id="97">
-Nej, inte alls.
    <time id="T61E" value="00:06:48,472" />
  </s>
  <s id="98">
    <time id="T62S" value="00:06:48,640" />
Tror du hon provocerar mig medvetet?
    <time id="T62E" value="00:06:51,757" />
  </s>
  <s id="99">
    <time id="T63S" value="00:06:51,920" />
-Varför skulle hon göra det?
  </s>
  <s id="100">
-Kvinnor!
    <time id="T63E" value="00:06:56,869" />
  </s>
  <s id="101">
    <time id="T64S" value="00:07:09,240" />
Nakskovs polisstation
    <time id="T64E" value="00:07:13,074" />
  </s>
  <s id="102">
    <time id="T65S" value="00:07:17,920" />
Kriminalteknikerna från Köpenhamn var på brottsplatsen sju timmar igår.
    <time id="T65E" value="00:07:21,913" />
  </s>
  <s id="103">
    <time id="T66S" value="00:07:22,080" />
Vi får rapport snarast.
    <time id="T66E" value="00:07:24,674" />
  </s>
  <s id="104">
    <time id="T67S" value="00:07:24,840" />
Förlåt att jag är sen.
    <time id="T67E" value="00:07:28,071" />
  </s>
  <s id="105">
    <time id="T68S" value="00:07:30,400" />
Hej igen.
    <time id="T68E" value="00:07:33,278" />
  </s>
  <s id="106">
    <time id="T69S" value="00:07:33,440" />
Vi har haft tur och fått en expert på blodstänk. 
  </s>
  <s id="107">
- Varsågod, Boysen.
    <time id="T69E" value="00:07:39,913" />
  </s>
  <s id="108">
    <time id="T70S" value="00:07:40,080" />
Expert och expert. 
  </s>
  <s id="109">
Det är en passion.
    <time id="T70E" value="00:07:42,389" />
  </s>
  <s id="110">
    <time id="T71S" value="00:07:42,560" />
Jag var med om ett experiment med en gris som blev slagen i huvudet.
    <time id="T71E" value="00:07:46,917" />
  </s>
  <s id="111">
    <time id="T72S" value="00:07:47,080" />
-Det intressanta...
  </s>
  <s id="112">
-Tack, Boysen.
    <time id="T72E" value="00:07:49,435" />
  </s>
  <s id="113">
    <time id="T73S" value="00:07:49,600" />
Jag ska ta det så kort så att även Gustavsen kan följa med.
    <time id="T73E" value="00:07:52,592" />
  </s>
  <s id="114">
    <time id="T74S" value="00:07:52,760" />
Kan du dra för och sätta på projektorn?
    <time id="T74E" value="00:07:57,356" />
  </s>
  <s id="115">
    <time id="T75S" value="00:08:02,440" />
Jag har gjort ett test. 
  </s>
  <s id="116">
När man blir slagen som vår gamla dam bildar blodet ett sånt här mönster på den som har utdelat slaget.
    <time id="T76E" value="00:08:13,953" />
  </s>
  <s id="117">
    <time id="T77S" value="00:08:14,120" />
Här har vi Vibes morgonrock.
  </s>
  <s id="118">
Vi tittar lite närmare...
    <time id="T77E" value="00:08:19,752" />
  </s>
  <s id="119">
    <time id="T78S" value="00:08:19,920" />
-Fläckarna är nästan identiska.
  </s>
  <s id="120">
-Tack, Boysen.
    <time id="T78E" value="00:08:24,994" />
  </s>
  <s id="121">
    <time id="T79S" value="00:08:25,160" />
Därför har vi gripit Vibe Nielsen, men hon nekar till brottet.
    <time id="T79E" value="00:08:29,790" />
  </s>
  <s id="122">
    <time id="T80S" value="00:08:29,960" />
Vi saknar mordvapen, motiv och teknisk bevisning.
    <time id="T80E" value="00:08:34,715" />
  </s>
  <s id="123">
    <time id="T81S" value="00:08:34,880" />
Så ni blir inte sysslolösa.
    <time id="T81E" value="00:08:37,440" />
  </s>
  <s id="124">
    <time id="T82S" value="00:08:37,600" />
-Hon säger att hon såg en man.
  </s>
  <s id="125">
-Vi förhörde hela gatan.
    <time id="T82E" value="00:08:41,593" />
  </s>
  <s id="126">
    <time id="T83S" value="00:08:41,760" />
Ingen har sett den man som hon beskriver - en narkoman.
    <time id="T83E" value="00:08:47,039" />
  </s>
  <s id="127">
    <time id="T84S" value="00:08:47,200" />
-Två grannar har sett en blå varubil.
  </s>
  <s id="128">
-Vi lägger ingen vikt vid det.
    <time id="T84E" value="00:08:51,716" />
  </s>
  <s id="129">
    <time id="T85S" value="00:08:51,880" />
Det är två äldre människor.
  </s>
  <s id="130">
Den ena såg bilen på morgonen och den andra på eftermiddan.
    <time id="T86E" value="00:08:59,351" />
  </s>
  <s id="131">
    <time id="T87S" value="00:08:59,520" />
-Efterlys bilen.
  </s>
  <s id="132">
-Varför? 
  </s>
  <s id="133">
Saken är ju klar.
    <time id="T87E" value="00:09:03,274" />
  </s>
  <s id="134">
    <time id="T88S" value="00:09:03,440" />
-Jag kan få fram ett erkännande.
  </s>
  <s id="135">
-Ja, om hon överlever.
    <time id="T88E" value="00:09:07,433" />
  </s>
  <s id="136">
    <time id="T89S" value="00:09:07,600" />
Vad säger du?
    <time id="T89E" value="00:09:09,511" />
  </s>
  <s id="137">
    <time id="T90S" value="00:09:11,680" />
-Det var bara nåt till Gaby.
  </s>
  <s id="138">
-Jag gillar också klara fall.
    <time id="T90E" value="00:09:15,355" />
  </s>
  <s id="139">
    <time id="T91S" value="00:09:15,520" />
Men de är så sällsynta.
  </s>
  <s id="140">
Vad talar vi om för mordvapen?
    <time id="T91E" value="00:09:20,389" />
  </s>
  <s id="141">
    <time id="T92S" value="00:09:20,560" />
-Ett trubbigt vapen på 1-5 kilo.
  </s>
  <s id="142">
-Har hon gömt det på en kvart?
    <time id="T92E" value="00:09:25,270" />
  </s>
  <s id="143">
    <time id="T93S" value="00:09:25,440" />
Två hundpatruller har inte kunnat hittat det.
    <time id="T93E" value="00:09:29,035" />
  </s>
  <s id="144">
    <time id="T94S" value="00:09:29,200" />
Och varför ringer Vibe medan Britta fortfarande lever?
    <time id="T94E" value="00:09:34,877" />
  </s>
  <s id="145">
    <time id="T95S" value="00:09:37,080" />
Det ska ju inte vara för lätt.
    <time id="T95E" value="00:09:39,958" />
  </s>
  <s id="146">
    <time id="T96S" value="00:09:40,120" />
Jag säger inte att det inte är hon, men det är inget klart fall.
    <time id="T96E" value="00:09:45,433" />
  </s>
  <s id="147">
    <time id="T97S" value="00:09:46,200" />
Ska vi sätta igång?
  </s>
  <s id="148">
- la Cour tar brottsplatsen.
    <time id="T97E" value="00:09:49,317" />
  </s>
  <s id="149">
    <time id="T98S" value="00:09:49,480" />
-Fischer tar förhören. 
  </s>
  <s id="150">
IP...
  </s>
  <s id="151">
-...tar resten.
    <time id="T98E" value="00:09:53,234" />
  </s>
  <s id="152">
    <time id="T99S" value="00:09:53,400" />
Vad ska jag göra, då?
    <time id="T99E" value="00:09:56,710" />
  </s>
  <s id="153">
    <time id="T100S" value="00:09:56,880" />
-Har du tid två minuter?
  </s>
  <s id="154">
-Självklart.
    <time id="T100E" value="00:10:01,749" />
  </s>
  <s id="155">
    <time id="T101S" value="00:10:01,920" />
-Det gick ju strålande.
  </s>
  <s id="156">
-Ursäkta mig...
    <time id="T101E" value="00:10:05,754" />
  </s>
  <s id="157">
    <time id="T102S" value="00:10:05,920" />
-Jag räckte fram handen.
  </s>
  <s id="158">
-Han tackade bara för senast.
    <time id="T102E" value="00:10:09,799" />
  </s>
  <s id="159">
    <time id="T103S" value="00:10:09,960" />
-Jag satte ju aldrig dit honom.
  </s>
  <s id="160">
-Nej, det gjorde du inte.
    <time id="T103E" value="00:10:16,149" />
  </s>
  <s id="161">
    <time id="T104S" value="00:10:16,320" />
Ska jag bilda en fanclub?
    <time id="T104E" value="00:10:17,912" />
  </s>
  <s id="162">
    <time id="T105S" value="00:10:18,080" />
Graff har gjort ett hästjobb.
  </s>
  <s id="163">
Han var klar först vid midnatt.
    <time id="T105E" value="00:10:22,471" />
  </s>
  <s id="164">
    <time id="T106S" value="00:10:22,640" />
Han förhörde 32 personer.
    <time id="T106E" value="00:10:25,313" />
  </s>
  <s id="165">
    <time id="T107S" value="00:10:25,480" />
-Ska jag be om ursäkt för Fischer?
  </s>
  <s id="166">
-Det här handlar om dig.
    <time id="T107E" value="00:10:30,076" />
  </s>
  <s id="167">
    <time id="T108S" value="00:10:30,240" />
-Mig...?
  </s>
  <s id="168">
-Jag vet inte vad som hänt.
    <time id="T108E" value="00:10:32,629" />
  </s>
  <s id="169">
    <time id="T109S" value="00:10:32,800" />
Men efter den där historien har Graff slitit som en häst. 
  </s>
  <s id="170">
Han bör användas.
    <time id="T109E" value="00:10:37,999" />
  </s>
  <s id="171">
    <time id="T110S" value="00:10:38,160" />
-Det är självklart.
  </s>
  <s id="172">
-Det gläder mig.
    <time id="T110E" value="00:10:41,948" />
  </s>
  <s id="173">
    <time id="T111S" value="00:10:42,120" />
Men jag kommer aldrig att respektera honom.
    <time id="T111E" value="00:10:46,238" />
  </s>
  <s id="174">
    <time id="T112S" value="00:10:47,920" />
Och det gör ju inte du heller.
    <time id="T112E" value="00:10:50,798" />
  </s>
  <s id="175">
    <time id="T113S" value="00:11:17,080" />
-Har du haft en bra semester?
  </s>
  <s id="176">
-Ja, tack.
    <time id="T113E" value="00:11:20,356" />
  </s>
  <s id="177">
    <time id="T114S" value="00:11:20,520" />
-Var har du varit?
  </s>
  <s id="178">
-Åkt skidor i Sverige med mina söner.
    <time id="T114E" value="00:11:25,150" />
  </s>
  <s id="179">
    <time id="T115S" value="00:11:25,320" />
-Och din fru, antar jag.
  </s>
  <s id="180">
-Nej, det skulle ha blivit katastrof.
    <time id="T115E" value="00:11:29,711" />
  </s>
  <s id="181">
    <time id="T116S" value="00:11:32,680" />
De är bara tio och tolv, men de åkte ifrån mig i backen.
    <time id="T116E" value="00:11:36,355" />
  </s>
  <s id="182">
    <time id="T117S" value="00:11:36,520" />
God morgon, Johnny.
  </s>
  <s id="183">
Fint att se dig igen.
    <time id="T117E" value="00:11:39,910" />
  </s>
  <s id="184">
    <time id="T118S" value="00:11:40,080" />
Nu får vi se till att komma igång.
    <time id="T118E" value="00:11:44,392" />
  </s>
  <s id="185">
    <time id="T119S" value="00:11:44,560" />
-Nakskov lockar väl inte?
  </s>
  <s id="186">
-Stan har väl sin charm.
    <time id="T119E" value="00:11:50,351" />
  </s>
  <s id="187">
    <time id="T120S" value="00:11:50,520" />
Men jag har en körning till Hamburg.
    <time id="T120E" value="00:11:53,193" />
  </s>
  <s id="188">
    <time id="T121S" value="00:11:53,360" />
Jag tittar in på hemvägen för att se hur långt ni kommit.
    <time id="T121E" value="00:11:57,672" />
  </s>
  <s id="189">
    <time id="T122S" value="00:11:59,120" />
Det finns kaffe i kannan.
    <time id="T122E" value="00:12:02,396" />
  </s>
  <s id="190">
    <time id="T123S" value="00:12:09,320" />
Ni har ringt till Kirsten och IP.
  </s>
  <s id="191">
Vi är inte hemma just nu...
    <time id="T123E" value="00:12:16,317" />
  </s>
  <s id="192">
    <time id="T124S" value="00:12:16,480" />
Ja, det är bara jag.
    <time id="T124E" value="00:12:20,075" />
  </s>
  <s id="193">
    <time id="T125S" value="00:12:20,240" />
Jag hoppades att du hunnit hem.
  </s>
  <s id="194">
Jag är i Nakskov. 
  </s>
  <s id="195">
Jag hör av mig.
    <time id="T125E" value="00:12:27,237" />
  </s>
  <s id="196">
    <time id="T126S" value="00:12:31,320" />
-Vad säger du om gripandet?
  </s>
  <s id="197">
-De vilar inte på hanen här nere.
    <time id="T126E" value="00:12:37,190" />
  </s>
  <s id="198">
    <time id="T127S" value="00:12:37,360" />
Blodstänket är ju det enda de har att gå på.
    <time id="T127E" value="00:12:40,955" />
  </s>
  <s id="199">
    <time id="T128S" value="00:12:41,120" />
Ska vi höra vad hon har att säga om det?
    <time id="T128E" value="00:12:46,433" />
  </s>
  <s id="200">
    <time id="T129S" value="00:12:46,600" />
Mannen hon säger sig ha sett...
  </s>
  <s id="201">
Kan det vara en tjuv?
    <time id="T129E" value="00:12:50,593" />
  </s>
  <s id="202">
    <time id="T130S" value="00:12:50,760" />
Kan vi inte be nån anhörig att se om det saknas nåt. 
  </s>
  <s id="203">
- Hallå, Gaby!
    <time id="T130E" value="00:12:56,471" />
  </s>
  <s id="204">
    <time id="T131S" value="00:12:56,640" />
-Är allt som det ska?
  </s>
  <s id="205">
-Ja, ja.
    <time id="T131E" value="00:13:00,679" />
  </s>
  <s id="206">
    <time id="T132S" value="00:13:00,840" />
-Vad är det?
  </s>
  <s id="207">
-Vi måste veta om det saknas nåt.
    <time id="T132E" value="00:13:05,470" />
  </s>
  <s id="208">
    <time id="T133S" value="00:13:07,520" />
Brottsplatsen
    <time id="T133E" value="00:13:11,911" />
  </s>
  <s id="209">
    <time id="T134S" value="00:13:17,320" />
Jag ringer ikväll.
    <time id="T134E" value="00:13:20,596" />
  </s>
  <s id="210">
    <time id="T135S" value="00:13:21,600" />
Hon är mycket ensam, va?
  </s>
  <s id="211">
Borde hon inte ha nåt att göra?
    <time id="T135E" value="00:13:24,990" />
  </s>
  <s id="212">
    <time id="T136S" value="00:13:25,160" />
Mille har alltid velat klara allt själv.
    <time id="T136E" value="00:13:29,278" />
  </s>
  <s id="213">
    <time id="T137S" value="00:13:29,440" />
-Varför åker du inte hem ikväll?
  </s>
  <s id="214">
-Nån får ju hålla ett öga på honom.
    <time id="T137E" value="00:13:35,436" />
  </s>
  <s id="215">
    <time id="T138S" value="00:13:35,600" />
-Hittat mordvapnet?
  </s>
  <s id="216">
-Då hade ni fått veta det.
    <time id="T138E" value="00:13:39,229" />
  </s>
  <s id="217">
    <time id="T139S" value="00:13:39,400" />
De två vittnena som såg den blå varubilen står där borta.
    <time id="T139E" value="00:13:45,191" />
  </s>
  <s id="218">
    <time id="T140S" value="00:13:54,360" />
Nakskovs polisstation
    <time id="T140E" value="00:13:58,876" />
  </s>
  <s id="219">
    <time id="T141S" value="00:14:18,440" />
God dag, Vibe.
    <time id="T141E" value="00:14:21,398" />
  </s>
  <s id="220">
    <time id="T142S" value="00:14:21,560" />
Jag heter lP Jørgensen och är vice kriminalkommissarie.
    <time id="T142E" value="00:14:26,031" />
  </s>
  <s id="221">
    <time id="T143S" value="00:14:29,160" />
Förhör av Vibe Nielsen, gripen för mordet på Britta Jensen.
    <time id="T143E" value="00:14:34,996" />
  </s>
  <s id="222">
    <time id="T144S" value="00:14:35,160" />
Det är den 3 februari, klockan är 10.43.
    <time id="T144E" value="00:14:38,835" />
  </s>
  <s id="223">
    <time id="T145S" value="00:14:39,000" />
Förhöret genomförs av lP Jørgensen.
    <time id="T145E" value="00:14:42,436" />
  </s>
  <s id="224">
    <time id="T146S" value="00:14:42,600" />
Jag har inte sovit en blund.
  </s>
  <s id="225">
Kan du ordna så att jag kommer ut?
    <time id="T146E" value="00:14:47,435" />
  </s>
  <s id="226">
    <time id="T147S" value="00:14:47,600" />
Det bestämmer inte jag.
    <time id="T147E" value="00:14:50,194" />
  </s>
  <s id="227">
    <time id="T148S" value="00:14:53,520" />
-Har jag inte sett dig på tv?
  </s>
  <s id="228">
-Det är möjligt.
    <time id="T148E" value="00:14:57,513" />
  </s>
  <s id="229">
    <time id="T149S" value="00:14:57,680" />
Hon som blev mördad i Ringsted...
  </s>
  <s id="230">
Var det inte du som var på tv?
    <time id="T149E" value="00:15:04,233" />
  </s>
  <s id="231">
    <time id="T150S" value="00:15:06,440" />
-Vad är det som är så roligt?
  </s>
  <s id="232">
-Det är ingenting.
    <time id="T150E" value="00:15:10,911" />
  </s>
  <s id="233">
    <time id="T151S" value="00:15:11,080" />
Jag såg det tillsammans med Britta.
    <time id="T151E" value="00:15:15,471" />
  </s>
  <s id="234">
    <time id="T152S" value="00:15:15,640" />
Vi sa att det är sällan man ser en så stilig karl.
    <time id="T152E" value="00:15:21,556" />
  </s>
  <s id="235">
    <time id="T153S" value="00:15:21,720" />
-I din ålder, alltså.
  </s>
  <s id="236">
-Tack ska du ha.
    <time id="T153E" value="00:15:26,555" />
  </s>
  <s id="237">
    <time id="T154S" value="00:15:51,560" />
-Kan jag åka till Köpenhamn nu?
  </s>
  <s id="238">
-Om du är klar.
    <time id="T154E" value="00:15:55,439" />
  </s>
  <s id="239">
    <time id="T155S" value="00:15:55,600" />
Vi kanske skulle äta nåt ikväll...?
    <time id="T155E" value="00:16:00,469" />
  </s>
  <s id="240">
    <time id="T156S" value="00:16:01,760" />
Är du fortfarande gift med han den tråkige?
    <time id="T156E" value="00:16:05,548" />
  </s>
  <s id="241">
    <time id="T157S" value="00:16:12,800" />
Hur hamnade blodet på kläderna?
    <time id="T157E" value="00:16:16,713" />
  </s>
  <s id="242">
    <time id="T158S" value="00:16:17,720" />
Det var när jag kom ner...
    <time id="T158E" value="00:16:21,952" />
  </s>
  <s id="243">
    <time id="T159S" value="00:16:22,120" />
Jag stötte ihop med den där mannen.
  </s>
  <s id="244">
Så låg hon bara där på golvet.
    <time id="T159E" value="00:16:27,433" />
  </s>
  <s id="245">
    <time id="T160S" value="00:16:28,920" />
Jag ville bara hjälpa henne, men jag tappade henne...
    <time id="T160E" value="00:16:33,357" />
  </s>
  <s id="246">
    <time id="T161S" value="00:16:33,520" />
Det var blod över allt.
    <time id="T161E" value="00:16:36,034" />
  </s>
  <s id="247">
    <time id="T162S" value="00:16:36,200" />
-Vad säger du?
  </s>
  <s id="248">
-Högst osannolikt.
    <time id="T162E" value="00:16:40,034" />
  </s>
  <s id="249">
    <time id="T163S" value="00:16:40,200" />
-Men är det omöjligt?
  </s>
  <s id="250">
-Nej, det är det inte.
    <time id="T163E" value="00:16:45,320" />
  </s>
  <s id="251">
    <time id="T164S" value="00:16:45,480" />
-Telefonen ringde hos er.
  </s>
  <s id="252">
-Det ringde utan att Britta svarade.
    <time id="T164E" value="00:16:50,349" />
  </s>
  <s id="253">
    <time id="T165S" value="00:16:50,520" />
Det var därför jag kom ner.
  </s>
  <s id="254">
Det var min kille 
  </s>
  <s id="255">
- Arne.
    <time id="T165E" value="00:16:55,958" />
  </s>
  <s id="256">
    <time id="T166S" value="00:16:56,120" />
Han sa att jag skulle ringa polisen.
    <time id="T166E" value="00:16:59,317" />
  </s>
  <s id="257">
    <time id="T167S" value="00:16:59,480" />
-Arne ringde två gånger.
  </s>
  <s id="258">
-Nej.
    <time id="T167E" value="00:17:03,359" />
  </s>
  <s id="259">
    <time id="T168S" value="00:17:03,520" />
Jo, det står här.
  </s>
  <s id="260">
Utskrift från Tele Danmark.
    <time id="T168E" value="00:17:08,310" />
  </s>
  <s id="261">
    <time id="T169S" value="00:17:12,120" />
Jag är helt färdig.
    <time id="T169E" value="00:17:14,509" />
  </s>
  <s id="262">
    <time id="T170S" value="00:17:14,720" />
-Vad betalade du i hyra hos Britta?
  </s>
  <s id="263">
-Ingenting.
    <time id="T170E" value="00:17:19,555" />
  </s>
  <s id="264">
    <time id="T171S" value="00:17:19,720" />
Hon var min bästa väninna.
    <time id="T171E" value="00:17:22,359" />
  </s>
  <s id="265">
    <time id="T172S" value="00:17:22,520" />
-Och hennes man?
  </s>
  <s id="266">
-Jo, Karl också.
    <time id="T172E" value="00:17:25,830" />
  </s>
  <s id="267">
    <time id="T173S" value="00:17:26,000" />
Det var när han dog som hon frågade om jag ville flytta in.
    <time id="T173E" value="00:17:32,075" />
  </s>
  <s id="268">
    <time id="T174S" value="00:17:32,240" />
Hur lärde du känna henne?
    <time id="T174E" value="00:17:35,596" />
  </s>
  <s id="269">
    <time id="T175S" value="00:17:38,600" />
Jag var deras sommarbarn.
    <time id="T175E" value="00:17:42,070" />
  </s>
  <s id="270">
    <time id="T176S" value="00:17:43,520" />
-Sen när då?
  </s>
  <s id="271">
-Sen jag var sexton.
    <time id="T176E" value="00:17:47,274" />
  </s>
  <s id="272">
    <time id="T177S" value="00:17:47,440" />
Har du bott där sen du var sexton?
    <time id="T177E" value="00:17:51,672" />
  </s>
  <s id="273">
    <time id="T178S" value="00:18:08,280" />
Jan!
    <time id="T178E" value="00:18:10,794" />
  </s>
  <s id="274">
    <time id="T179S" value="00:18:14,040" />
Vi tar in henne på sjukavdelningen.
    <time id="T179E" value="00:18:17,237" />
  </s>
  <s id="275">
    <time id="T180S" value="00:18:17,400" />
Det vore ju ironiskt om vi fick ett dödsfall under ett av era förhör.
    <time id="T180E" value="00:18:22,554" />
  </s>
  <s id="276">
    <time id="T181S" value="00:18:22,720" />
Ligg du bara ner.
    <time id="T181E" value="00:18:25,314" />
  </s>
  <s id="277">
    <time id="T182S" value="00:19:23,160" />
-Kolla märket på tvättmaskinen.
  </s>
  <s id="278">
-Nån har kunnat ta sig in här.
    <time id="T182E" value="00:19:29,872" />
  </s>
  <s id="279">
    <time id="T183S" value="00:19:31,480" />
Det är en AEG.
    <time id="T183E" value="00:19:34,278" />
  </s>
  <s id="280">
    <time id="T184S" value="00:19:34,440" />
Varubilen var en reparatör.
    <time id="T184E" value="00:19:37,273" />
  </s>
  <s id="281">
    <time id="T185S" value="00:19:37,440" />
Kan du be Graff kalla på tekniska avdelningen?
    <time id="T185E" value="00:19:41,831" />
  </s>
  <s id="282">
    <time id="T186S" value="00:19:42,000" />
Graff, la du märke till om fönstret var haspat igår kväll?
    <time id="T186E" value="00:19:48,075" />
  </s>
  <s id="283">
    <time id="T187S" value="00:19:48,240" />
-Det tror jag inte.
  </s>
  <s id="284">
-Synd. 
  </s>
  <s id="285">
Då får du kalla hit tekniska.
    <time id="T187E" value="00:19:53,314" />
  </s>
  <s id="286">
    <time id="T188S" value="00:19:53,480" />
Gaby, det är jag. 
  </s>
  <s id="287">
Kan du kolla upp traktens tvättmaskinsreparatörer.
    <time id="T188E" value="00:19:58,349" />
  </s>
  <s id="288">
    <time id="T189S" value="00:19:58,520" />
AEG - en blå varubil.
    <time id="T189E" value="00:20:01,592" />
  </s>
  <s id="289">
    <time id="T190S" value="00:20:05,520" />
Kommer in där.
    <time id="T190E" value="00:20:08,796" />
  </s>
  <s id="290">
    <time id="T191S" value="00:20:08,960" />
Det finns inget.
    <time id="T191E" value="00:20:11,952" />
  </s>
  <s id="291">
    <time id="T192S" value="00:20:12,120" />
Jag måste upp i huset.
    <time id="T192E" value="00:20:15,476" />
  </s>
  <s id="292">
    <time id="T193S" value="00:20:41,720" />
Jag såg hur hon reste sig.
    <time id="T193E" value="00:20:46,669" />
  </s>
  <s id="293">
    <time id="T194S" value="00:20:50,560" />
Ni ville veta om det saknas nåt.
  </s>
  <s id="294">
Det här är den dödas systerdotter.
    <time id="T194E" value="00:20:54,951" />
  </s>
  <s id="295">
    <time id="T195S" value="00:20:55,120" />
Jag beklagar sorgen.
    <time id="T195E" value="00:20:57,031" />
  </s>
  <s id="296">
    <time id="T196S" value="00:20:57,200" />
Vi skulle ha ätit middag här ikväll.
    <time id="T196E" value="00:21:00,795" />
  </s>
  <s id="297">
    <time id="T197S" value="00:21:07,120" />
Inbrottstjuv - pyttsan.
  </s>
  <s id="298">
Det här är typiskt Vibe.
    <time id="T197E" value="00:21:10,476" />
  </s>
  <s id="299">
    <time id="T198S" value="00:21:10,640" />
-Är det...?
  </s>
  <s id="300">
-Hon är skvatt galen.
    <time id="T198E" value="00:21:14,189" />
  </s>
  <s id="301">
    <time id="T199S" value="00:21:14,360" />
Ibland uppför hon sig som ett barn.
    <time id="T199E" value="00:21:17,750" />
  </s>
  <s id="302">
    <time id="T200S" value="00:21:17,920" />
Hon tyranniserade min moster.
    <time id="T200E" value="00:21:20,559" />
  </s>
  <s id="303">
    <time id="T201S" value="00:21:20,720" />
-Varför bad hon henne inte flytta?
  </s>
  <s id="304">
-Det gjorde hon hundratals gånger.
    <time id="T201E" value="00:21:25,271" />
  </s>
  <s id="305">
    <time id="T202S" value="00:21:25,440" />
Men hon hade det för bra här.
    <time id="T202E" value="00:21:28,238" />
  </s>
  <s id="306">
    <time id="T203S" value="00:21:28,400" />
Så Vibe har kommit hit i många år?
    <time id="T203E" value="00:21:32,279" />
  </s>
  <s id="307">
    <time id="T204S" value="00:21:32,440" />
Det handlar om sex.
    <time id="T204E" value="00:21:35,193" />
  </s>
  <s id="308">
    <time id="T205S" value="00:21:36,240" />
Hon hade ett förhållande med min morbror. 
  </s>
  <s id="309">
Det får ni snart veta.
    <time id="T205E" value="00:21:40,631" />
  </s>
  <s id="310">
    <time id="T206S" value="00:21:40,800" />
Hon lindade honom runt sitt finger.
  </s>
  <s id="311">
En gång fick hon körkort och bil.
    <time id="T206E" value="00:21:46,716" />
  </s>
  <s id="312">
    <time id="T207S" value="00:21:46,880" />
-Kände din moster till det?
  </s>
  <s id="313">
-Alla visste det.
    <time id="T207E" value="00:21:51,795" />
  </s>
  <s id="314">
    <time id="T208S" value="00:21:53,160" />
Hon har alltid äldre män.
    <time id="T208E" value="00:21:56,357" />
  </s>
  <s id="315">
    <time id="T209S" value="00:21:56,520" />
Just nu heter den stora kärleken Arne.
    <time id="T209E" value="00:22:00,559" />
  </s>
  <s id="316">
    <time id="T210S" value="00:22:00,720" />
Före det var det Vagn och Torben.
    <time id="T210E" value="00:22:03,837" />
  </s>
  <s id="317">
    <time id="T211S" value="00:22:04,000" />
Vibe är en sexgalning.
    <time id="T211E" value="00:22:06,468" />
  </s>
  <s id="318">
    <time id="T212S" value="00:22:06,640" />
Men varför svimmar hon? 
  </s>
  <s id="319">
Du hade frågat hur hon lärde känna Britta.
    <time id="T212E" value="00:22:11,236" />
  </s>
  <s id="320">
    <time id="T213S" value="00:22:11,400" />
-Då började hon må dåligt.
  </s>
  <s id="321">
-Och hon har svårt att svara.
    <time id="T213E" value="00:22:16,110" />
  </s>
  <s id="322">
    <time id="T214S" value="00:22:16,280" />
"Jag var deras sommarbarn." Hon tar sig för pannan och blundar.
    <time id="T214E" value="00:22:22,150" />
  </s>
  <s id="323">
    <time id="T215S" value="00:22:22,320" />
-Varför blir man sommarbarn?
  </s>
  <s id="324">
-För att det finns problem i hemmet.
    <time id="T215E" value="00:22:26,518" />
  </s>
  <s id="325">
    <time id="T216S" value="00:22:26,680" />
Kolla om det finns nåt vi inte känner till om hennes sociala liv.
    <time id="T216E" value="00:22:32,198" />
  </s>
  <s id="326">
    <time id="T217S" value="00:22:34,640" />
-Stör jag?
  </s>
  <s id="327">
-Inte alls.
    <time id="T217E" value="00:22:37,632" />
  </s>
  <s id="328">
    <time id="T218S" value="00:22:37,800" />
-Jag är ledsen att du har åkt.
  </s>
  <s id="329">
-Det verkar ha gått bra på radion.
    <time id="T218E" value="00:22:43,557" />
  </s>
  <s id="330">
    <time id="T219S" value="00:22:45,720" />
Ulf ringde. 
  </s>
  <s id="331">
Jag visste inte att han var intresserad av opera.
    <time id="T219E" value="00:22:51,670" />
  </s>
  <s id="332">
    <time id="T220S" value="00:22:51,840" />
Du har väl inte tvingat honom att gå med mig?
    <time id="T220E" value="00:22:56,311" />
  </s>
  <s id="333">
    <time id="T221S" value="00:22:56,480" />
Ring inte ikväll.
  </s>
  <s id="334">
Jag lägger mig direkt.
    <time id="T221E" value="00:23:01,156" />
  </s>
  <s id="335">
    <time id="T222S" value="00:23:07,840" />
Bo Nielsen, Vibes far, dömdes 1978 till tre års fängelse för incest.
    <time id="T222E" value="00:23:14,279" />
  </s>
  <s id="336">
    <time id="T223S" value="00:23:14,440" />
Det började när hon var tio år.
  </s>
  <s id="337">
Vid tretton hyrde han ut henne.
    <time id="T223E" value="00:23:19,958" />
  </s>
  <s id="338">
    <time id="T224S" value="00:23:20,120" />
Modern fick sex månader för delaktighet.
    <time id="T224E" value="00:23:23,271" />
  </s>
  <s id="339">
    <time id="T225S" value="00:23:23,440" />
Strax efter rättegången kom Vibe till Nakskov.
    <time id="T225E" value="00:23:28,036" />
  </s>
  <s id="340">
    <time id="T226S" value="00:23:28,200" />
Britta och hennes man känner familjen.
    <time id="T226E" value="00:23:31,192" />
  </s>
  <s id="341">
    <time id="T227S" value="00:23:31,360" />
-Det kan förklara att hon svimmade.
  </s>
  <s id="342">
-Kan det även förklara ett mord?
    <time id="T227E" value="00:23:35,990" />
  </s>
  <s id="343">
    <time id="T228S" value="00:24:11,120" />
-Vad är det?
  </s>
  <s id="344">
-Vi har hittat den dödas plånbok.
    <time id="T228E" value="00:24:16,114" />
  </s>
  <s id="345">
    <time id="T229S" value="00:24:19,960" />
-Finns det några avtryck?
  </s>
  <s id="346">
-Det tror jag nog.
    <time id="T229E" value="00:24:24,556" />
  </s>
  <s id="347">
    <time id="T230S" value="00:24:24,720" />
Den dödas plånbok.
  </s>
  <s id="348">
Jag skickar den till labbet.
    <time id="T230E" value="00:24:28,759" />
  </s>
  <s id="349">
    <time id="T231S" value="00:24:28,920" />
Det ordnar jag.
    <time id="T231E" value="00:24:32,071" />
  </s>
  <s id="350">
    <time id="T232S" value="00:24:40,960" />
Den dödas plånbok. 
  </s>
  <s id="351">
Du vill väl ta en titt innan vi skickar den vidare?
    <time id="T232E" value="00:24:46,751" />
  </s>
  <s id="352">
    <time id="T233S" value="00:24:48,120" />
Nån har tagit sig in genom ett källarfönster.
    <time id="T233E" value="00:24:53,114" />
  </s>
  <s id="353">
    <time id="T234S" value="00:24:57,520" />
I förrgår fick hon tillbaka 450 kronor, men pengarna är borta.
    <time id="T234E" value="00:25:03,550" />
  </s>
  <s id="354">
    <time id="T235S" value="00:25:03,720" />
-Det kanske var en inbrottstjuv.
  </s>
  <s id="355">
-Jag har talat med systerdottern.
    <time id="T235E" value="00:25:08,111" />
  </s>
  <s id="356">
    <time id="T236S" value="00:25:08,280" />
Hon sa att Britta skulle ha bjudit på middag idag.
    <time id="T236E" value="00:25:12,068" />
  </s>
  <s id="357">
    <time id="T237S" value="00:25:12,240" />
-De skulle ha fått lax.
  </s>
  <s id="358">
-Vibe var ihop med Brittas man.
    <time id="T237E" value="00:25:18,270" />
  </s>
  <s id="359">
    <time id="T238S" value="00:25:18,440" />
Han dog plötsligt förra året.
  </s>
  <s id="360">
Vibes män är alltid äldre.
    <time id="T238E" value="00:25:22,399" />
  </s>
  <s id="361">
    <time id="T239S" value="00:25:22,560" />
Hon har utnyttjats sexuellt sen hon var tio år.
    <time id="T239E" value="00:25:26,348" />
  </s>
  <s id="362">
    <time id="T240S" value="00:25:26,520" />
Jag kollar upp hennes gamla pojkvänner.
    <time id="T240E" value="00:25:29,637" />
  </s>
  <s id="363">
    <time id="T241S" value="00:25:29,800" />
Ta reda på vad Brittas man dog av.
    <time id="T241E" value="00:25:33,156" />
  </s>
  <s id="364">
    <time id="T242S" value="00:25:33,320" />
Det är Fischer - mordkommissionen.
  </s>
  <s id="365">
Är det Henrik Larsen?
    <time id="T242E" value="00:25:38,838" />
  </s>
  <s id="366">
    <time id="T243S" value="00:25:39,000" />
-Kör du den blå skåpbilen?
  </s>
  <s id="367">
-Ja.
    <time id="T243E" value="00:25:42,151" />
  </s>
  <s id="368">
    <time id="T244S" value="00:25:42,320" />
Det är jag som ligger bakom.
  </s>
  <s id="369">
Jag vill ställa några frågor.
    <time id="T244E" value="00:25:48,714" />
  </s>
  <s id="370">
    <time id="T245S" value="00:25:53,760" />
Nakskov - förhör
    <time id="T245E" value="00:25:58,959" />
  </s>
  <s id="371">
    <time id="T246S" value="00:26:04,120" />
Har du lagat en tvättmaskin hemma hos en Britta Jensen?
    <time id="T246E" value="00:26:08,511" />
  </s>
  <s id="372">
    <time id="T247S" value="00:26:10,160" />
Kan du inte stänga av den där skiten?
    <time id="T247E" value="00:26:13,436" />
  </s>
  <s id="373">
    <time id="T248S" value="00:26:13,600" />
-Det har jag alltså inte.
  </s>
  <s id="374">
-Svart?
    <time id="T248E" value="00:26:17,388" />
  </s>
  <s id="375">
    <time id="T249S" value="00:26:17,560" />
Utan att säga nåt till chefen?
    <time id="T249E" value="00:26:21,155" />
  </s>
  <s id="376">
    <time id="T250S" value="00:26:21,320" />
Du sågs där ute i tisdags efter arbetstid.
    <time id="T250E" value="00:26:26,394" />
  </s>
  <s id="377">
    <time id="T251S" value="00:26:36,160" />
Jag skiter i om du jobbar svart, men vad gjorde du där dan därpå.
    <time id="T251E" value="00:26:42,349" />
  </s>
  <s id="378">
    <time id="T252S" value="00:26:51,920" />
Ska jag berätta? 
  </s>
  <s id="379">
På tisdan upptäcker du att hon har en massa pengar.
    <time id="T252E" value="00:26:57,677" />
  </s>
  <s id="380">
    <time id="T253S" value="00:26:57,840" />
Du åker dit för att ta dem, blir upptäckt och slår ner henne.
    <time id="T253E" value="00:27:03,710" />
  </s>
  <s id="381">
    <time id="T254S" value="00:27:03,880" />
-Nej, för fan!
  </s>
  <s id="382">
-Du vet väl att hon är död?
    <time id="T254E" value="00:27:08,158" />
  </s>
  <s id="383">
    <time id="T255S" value="00:27:08,320" />
-Behöver chefen få veta det här?
  </s>
  <s id="384">
-Du har alltså varit där!
    <time id="T255E" value="00:27:13,758" />
  </s>
  <s id="385">
    <time id="T256S" value="00:27:17,000" />
-Vad gjorde du där på morgonen?
  </s>
  <s id="386">
-Jag hade glömt min rörtång.
    <time id="T256E" value="00:27:21,232" />
  </s>
  <s id="387">
    <time id="T257S" value="00:27:21,400" />
-Var då?
  </s>
  <s id="388">
-Vid källartrappan, tror jag.
    <time id="T257E" value="00:27:25,393" />
  </s>
  <s id="389">
    <time id="T258S" value="00:27:25,560" />
Men jag var sen och de hade inte gått upp, så jag körde vidare.
    <time id="T258E" value="00:27:30,031" />
  </s>
  <s id="390">
    <time id="T259S" value="00:27:30,200" />
-Var källarfönstret öppet?
  </s>
  <s id="391">
-Det vet jag inte.
    <time id="T259E" value="00:27:33,954" />
  </s>
  <s id="392">
    <time id="T260S" value="00:27:34,120" />
Jag var aldrig inne i huset.
    <time id="T260E" value="00:27:37,556" />
  </s>
  <s id="393">
    <time id="T261S" value="00:27:37,720" />
-Vad såg du mer?
  </s>
  <s id="394">
-Ingenting.
    <time id="T261E" value="00:27:40,553" />
  </s>
  <s id="395">
    <time id="T262S" value="00:27:40,720" />
Jo, jag stötte på en lodis.
    <time id="T262E" value="00:27:43,234" />
  </s>
  <s id="396">
    <time id="T263S" value="00:27:43,400" />
-Hur såg han ut?
  </s>
  <s id="397">
-Som en typisk knarkare.
    <time id="T263E" value="00:27:47,871" />
  </s>
  <s id="398">
    <time id="T264S" value="00:27:49,720" />
Man får inte parkera här.
  </s>
  <s id="399">
Det vet du väl?
    <time id="T264E" value="00:27:53,838" />
  </s>
  <s id="400">
    <time id="T265S" value="00:27:57,160" />
Här har vi vår tjuv.
    <time id="T265E" value="00:27:59,720" />
  </s>
  <s id="401">
    <time id="T266S" value="00:27:59,880" />
På plånboken fanns Brittas och Finn Andersens fingeravtryck.
    <time id="T266E" value="00:28:03,475" />
  </s>
  <s id="402">
    <time id="T267S" value="00:28:03,640" />
Han är 26 år och har tre domar för stöld och en för misshandel.
    <time id="T267E" value="00:28:10,239" />
  </s>
  <s id="403">
    <time id="T268S" value="00:28:10,400" />
-En lokal knarkare.
  </s>
  <s id="404">
-Hitta några som liknar honom.
    <time id="T268E" value="00:28:15,679" />
  </s>
  <s id="405">
    <time id="T269S" value="00:28:15,840" />
Hur är det med Vibe Nielsen?
    <time id="T269E" value="00:28:19,230" />
  </s>
  <s id="406">
    <time id="T270S" value="00:28:25,680" />
Varsågod och sitt.
    <time id="T270E" value="00:28:28,114" />
  </s>
  <s id="407">
    <time id="T271S" value="00:28:28,280" />
Har ni talat med min pojkvän?
    <time id="T271E" value="00:28:32,558" />
  </s>
  <s id="408">
    <time id="T272S" value="00:28:32,720" />
-Då vet han ju inte var jag är.
  </s>
  <s id="409">
-Jo, det vet han mycket väl.
    <time id="T272E" value="00:28:37,271" />
  </s>
  <s id="410">
    <time id="T273S" value="00:28:37,440" />
Känns det bättre nu?
    <time id="T273E" value="00:28:40,557" />
  </s>
  <s id="411">
    <time id="T274S" value="00:28:40,720" />
Det var nog bara för att jag varken hade sovit eller ätit.
    <time id="T274E" value="00:28:45,475" />
  </s>
  <s id="412">
    <time id="T275S" value="00:28:45,640" />
Mannen som tog sig in huset, var det nån av de här?
    <time id="T275E" value="00:28:52,034" />
  </s>
  <s id="413">
    <time id="T276S" value="00:29:13,400" />
Det är bara så roligt...
    <time id="T276E" value="00:29:16,710" />
  </s>
  <s id="414">
    <time id="T277S" value="00:29:20,720" />
Det var han.
    <time id="T277E" value="00:29:23,188" />
  </s>
  <s id="415">
    <time id="T278S" value="00:29:27,000" />
En gång till.
    <time id="T278E" value="00:29:29,150" />
  </s>
  <s id="416">
    <time id="T279S" value="00:29:29,320" />
Vem?
    <time id="T279E" value="00:29:31,788" />
  </s>
  <s id="417">
    <time id="T280S" value="00:29:33,600" />
Han.
    <time id="T280E" value="00:29:35,989" />
  </s>
  <s id="418">
    <time id="T281S" value="00:29:36,160" />
Han hade ett verktyg i handen.
  </s>
  <s id="419">
En lång rörtång.
    <time id="T281E" value="00:29:40,836" />
  </s>
  <s id="420">
    <time id="T282S" value="00:29:41,000" />
-Var den blodig?
  </s>
  <s id="421">
-Den var full med blod.
    <time id="T282E" value="00:29:45,790" />
  </s>
  <s id="422">
    <time id="T283S" value="00:29:57,480" />
Angående tidigare pojkvänner.
  </s>
  <s id="423">
Torben Melby dog för sex månader sen utan att bli obducerad.
    <time id="T284E" value="00:30:05,353" />
  </s>
  <s id="424">
    <time id="T285S" value="00:30:05,520" />
Vagn Birk är försvunnen och ingen vet var han är.
    <time id="T285E" value="00:30:10,594" />
  </s>
  <s id="425">
    <time id="T286S" value="00:30:14,400" />
-För tillbaka henne.
  </s>
  <s id="426">
-Kände hon igen rätt man?
    <time id="T286E" value="00:30:17,597" />
  </s>
  <s id="427">
    <time id="T287S" value="00:30:17,760" />
Först spelar hon en komedi och sen pekar hon ut knarkaren.
    <time id="T287E" value="00:30:21,753" />
  </s>
  <s id="428">
    <time id="T288S" value="00:30:21,920" />
Jag gillar det inte.
  </s>
  <s id="429">
Jag gillar det inte alls.
    <time id="T288E" value="00:30:26,152" />
  </s>
  <s id="430">
    <time id="T289S" value="00:30:30,160" />
Varför får jag inte åka hem?
  </s>
  <s id="431">
Nu vet ni ju vem som gjorde det.
    <time id="T289E" value="00:30:34,915" />
  </s>
  <s id="432">
    <time id="T290S" value="00:30:35,080" />
Följ bara med.
    <time id="T290E" value="00:30:38,197" />
  </s>
  <s id="433">
    <time id="T291S" value="00:30:55,520" />
Det är Gaby. 
  </s>
  <s id="434">
Ett ögonblick.
    <time id="T291E" value="00:30:59,433" />
  </s>
  <s id="435">
    <time id="T292S" value="00:30:59,600" />
IP, det är Ulf.
    <time id="T292E" value="00:31:03,195" />
  </s>
  <s id="436">
    <time id="T293S" value="00:31:05,880" />
Jag ville bara höra om det är några problem med Fischer och Graff.
    <time id="T293E" value="00:31:10,908" />
  </s>
  <s id="437">
    <time id="T294S" value="00:31:11,080" />
-Och annars?
  </s>
  <s id="438">
-Nielsen har pekat ut en narkoman.
    <time id="T294E" value="00:31:17,030" />
  </s>
  <s id="439">
    <time id="T295S" value="00:31:18,600" />
-Då var det alltså inte så enkelt.
  </s>
  <s id="440">
-Så du ska på teater ikväll?
    <time id="T295E" value="00:31:24,994" />
  </s>
  <s id="441">
    <time id="T296S" value="00:31:25,160" />
Reserverna får ju hoppa in.
    <time id="T296E" value="00:31:28,038" />
  </s>
  <s id="442">
    <time id="T297S" value="00:31:28,200" />
Har du nåt emot att jag tänder en cigarett?
    <time id="T297E" value="00:31:33,797" />
  </s>
  <s id="443">
    <time id="T298S" value="00:31:33,960" />
Fischer säger att rörkillen sett en kille som ser ut som knarkaren.
    <time id="T298E" value="00:31:38,954" />
  </s>
  <s id="444">
    <time id="T299S" value="00:31:39,120" />
Han hade glömt sin rörtång i källaren, men nu är den borta.
    <time id="T299E" value="00:31:43,398" />
  </s>
  <s id="445">
    <time id="T300S" value="00:31:43,560" />
Det stämmer med det hon säger.
    <time id="T300E" value="00:31:45,994" />
  </s>
  <s id="446">
    <time id="T301S" value="00:31:46,160" />
-Jag har ingen lust att släppa henne.
  </s>
  <s id="447">
-Du blir tvungen.
    <time id="T301E" value="00:31:52,156" />
  </s>
  <s id="448">
    <time id="T302S" value="00:31:52,320" />
Inte om vi håller tyst om knarkaren så länge.
    <time id="T302E" value="00:31:56,029" />
  </s>
  <s id="449">
    <time id="T303S" value="00:31:56,200" />
Hon blir häktad på Boysens teori om blodstänket.
    <time id="T303E" value="00:32:01,957" />
  </s>
  <s id="450">
    <time id="T304S" value="00:32:02,120" />
-Får jag tala med Ingrid?
  </s>
  <s id="451">
-Ett ögonblick.
    <time id="T304E" value="00:32:06,796" />
  </s>
  <s id="452">
    <time id="T305S" value="00:32:11,400" />
-Det är Ingrid.
  </s>
  <s id="453">
-Tänker du undanhålla bevis?
    <time id="T305E" value="00:32:16,394" />
  </s>
  <s id="454">
    <time id="T306S" value="00:32:16,560" />
-Jag har bara mina aningar.
  </s>
  <s id="455">
-Ursäkta, men vad för nåt?
    <time id="T306E" value="00:32:20,792" />
  </s>
  <s id="456">
    <time id="T307S" value="00:32:20,960" />
Jag kan inte förklara det, men jag vågar inte släppa henne.
    <time id="T307E" value="00:32:25,556" />
  </s>
  <s id="457">
    <time id="T308S" value="00:32:25,720" />
Åklagaren avgör om hon ska släppas.
  </s>
  <s id="458">
Och du följer hans beslut.
    <time id="T308E" value="00:32:31,511" />
  </s>
  <s id="459">
    <time id="T309S" value="00:32:31,680" />
Och en sak till...
    <time id="T309E" value="00:32:33,796" />
  </s>
  <s id="460">
    <time id="T310S" value="00:32:33,960" />
Du kan väl inte tänka dig att undanhålla nåt för Gustavsen?
    <time id="T310E" value="00:32:38,954" />
  </s>
  <s id="461">
    <time id="T311S" value="00:32:39,120" />
-Nej, jag tänkte bara högt!
  </s>
  <s id="462">
-Tack.
    <time id="T311E" value="00:32:43,033" />
  </s>
  <s id="463">
    <time id="T312S" value="00:32:43,200" />
Ring mig efter häktningsförhandlingarna.
    <time id="T312E" value="00:32:46,510" />
  </s>
  <s id="464">
    <time id="T313S" value="00:32:46,680" />
Herregud!
    <time id="T313E" value="00:32:48,272" />
  </s>
  <s id="465">
    <time id="T314S" value="00:32:48,440" />
Herregud!
    <time id="T314E" value="00:32:51,477" />
  </s>
  <s id="466">
    <time id="T315S" value="00:32:59,320" />
Han tar sig in genom fönstret, hittar rörtången hon upptäcker honom och pang!
    <time id="T316E" value="00:33:07,230" />
  </s>
  <s id="467">
    <time id="T317S" value="00:33:07,400" />
Han kallas "Puttefnask". 
  </s>
  <s id="468">
Hvidovre betalade honom för att flytta hit.
    <time id="T317E" value="00:33:11,712" />
  </s>
  <s id="469">
    <time id="T318S" value="00:33:11,880" />
-Kan han ha gjort det?
  </s>
  <s id="470">
-Han skulle kunna döda sin mor.
    <time id="T318E" value="00:33:17,318" />
  </s>
  <s id="471">
    <time id="T319S" value="00:33:17,480" />
Teknikerna säger att han har varit både i källaren och huset.
    <time id="T319E" value="00:33:21,996" />
  </s>
  <s id="472">
    <time id="T320S" value="00:33:22,160" />
Vi kan inte hålla kvar Vibe Nielsen.
    <time id="T320E" value="00:33:26,153" />
  </s>
  <s id="473">
    <time id="T321S" value="00:33:26,320" />
Men blodstänket, då?
  </s>
  <s id="474">
Boysen var ganska säker.
    <time id="T321E" value="00:33:29,869" />
  </s>
  <s id="475">
    <time id="T322S" value="00:33:30,040" />
Han säger att Vibes förklaring är osannolik men inte omöjlig.
    <time id="T322E" value="00:33:34,033" />
  </s>
  <s id="476">
    <time id="T323S" value="00:33:34,200" />
Man måste skilja mellan det osannolika och det omöjliga.
    <time id="T323E" value="00:33:38,796" />
  </s>
  <s id="477">
    <time id="T324S" value="00:33:38,960" />
-Ska vi ta in honom?
  </s>
  <s id="478">
-Du följer med.
    <time id="T324E" value="00:33:42,430" />
  </s>
  <s id="479">
    <time id="T325S" value="00:33:42,600" />
Vi håller fast vid anklagelsen mot Vibe.
    <time id="T325E" value="00:33:46,513" />
  </s>
  <s id="480">
    <time id="T326S" value="00:33:46,680" />
Vad säger jag till Puttefnask?
  </s>
  <s id="481">
"Du är också gripen för mordet!"?
    <time id="T326E" value="00:33:51,435" />
  </s>
  <s id="482">
    <time id="T327S" value="00:33:51,600" />
-Säg att vi vill snacka med honom.
  </s>
  <s id="483">
-Han kan sina rättigheter.
    <time id="T327E" value="00:33:56,594" />
  </s>
  <s id="484">
    <time id="T328S" value="00:33:56,760" />
Vi släpper Vibe.
    <time id="T328E" value="00:34:00,309" />
  </s>
  <s id="485">
    <time id="T329S" value="00:34:01,480" />
-Blev det en pojke eller flicka?
  </s>
  <s id="486">
-En pojke, tack.
    <time id="T329E" value="00:34:06,270" />
  </s>
  <s id="487">
    <time id="T330S" value="00:34:07,920" />
Han är snart ett år.
    <time id="T330E" value="00:34:10,912" />
  </s>
  <s id="488">
    <time id="T331S" value="00:34:11,080" />
Jag har tänkt på saken och du gjorde bara din plikt.
    <time id="T331E" value="00:34:16,393" />
  </s>
  <s id="489">
    <time id="T332S" value="00:34:19,400" />
-No hard feelings?
  </s>
  <s id="490">
-Nej.
    <time id="T332E" value="00:34:23,279" />
  </s>
  <s id="491">
    <time id="T333S" value="00:34:34,320" />
la Cour...
    <time id="T333E" value="00:34:37,073" />
  </s>
  <s id="492">
    <time id="T334S" value="00:34:38,240" />
Du fortsätter med Vibespåret.
    <time id="T334E" value="00:34:40,629" />
  </s>
  <s id="493">
    <time id="T335S" value="00:34:40,800" />
Kolla hennes ekonomi, exkillarna och hennes nuvarande förhållande.
    <time id="T335E" value="00:34:47,558" />
  </s>
  <s id="494">
    <time id="T336S" value="00:35:11,640" />
Vibe, vad jag har saknat dig!
    <time id="T336E" value="00:35:15,394" />
  </s>
  <s id="495">
    <time id="T337S" value="00:35:27,320" />
Det är ingen vacker syn.
  </s>
  <s id="496">
Nio av tio kommer från Köpenhamn.
    <time id="T337E" value="00:35:32,348" />
  </s>
  <s id="497">
    <time id="T338S" value="00:35:32,520" />
-De vet hur man utnyttjar systemet.
  </s>
  <s id="498">
-Du borde bli politiker.
    <time id="T338E" value="00:35:38,197" />
  </s>
  <s id="499">
    <time id="T339S" value="00:35:38,360" />
Vi kollar Perlestikkergade.
    <time id="T339E" value="00:35:40,999" />
  </s>
  <s id="500">
    <time id="T340S" value="00:35:43,920" />
Vore det inte för din frus födsel, hade jag erkänt nåt jag inte gjort.
    <time id="T340E" value="00:35:49,119" />
  </s>
  <s id="501">
    <time id="T341S" value="00:35:49,280" />
-Du tyckte han förtjänade att dö.
  </s>
  <s id="502">
-Han hade mosat tjejen.
    <time id="T341E" value="00:35:52,875" />
  </s>
  <s id="503">
    <time id="T342S" value="00:35:53,040" />
Han förtjänade ändå rättegång.
    <time id="T342E" value="00:35:57,113" />
  </s>
  <s id="504">
    <time id="T343S" value="00:36:07,520" />
-Släpp mig!
  </s>
  <s id="505">
-Det här är Puttefnasks tjej.
    <time id="T343E" value="00:36:12,355" />
  </s>
  <s id="506">
    <time id="T344S" value="00:36:12,520" />
-Har du sett honom nyligen?
  </s>
  <s id="507">
-Jag vet inget. 
  </s>
  <s id="508">
Han ringer inte ens.
    <time id="T344E" value="00:36:18,390" />
  </s>
  <s id="509">
    <time id="T345S" value="00:36:18,560" />
-Var är han?
  </s>
  <s id="510">
-Jag vet inte!
    <time id="T345E" value="00:36:20,790" />
  </s>
  <s id="511">
    <time id="T346S" value="00:36:20,960" />
-Vad har han för nummer?
  </s>
  <s id="512">
-Vi har bara den här.
    <time id="T346E" value="00:36:24,794" />
  </s>
  <s id="513">
    <time id="T347S" value="00:36:24,960" />
Ge mig ditt nummer, så ringer jag när vi hittat honom.
    <time id="T347E" value="00:36:30,273" />
  </s>
  <s id="514">
    <time id="T348S" value="00:36:30,440" />
Vad har du för nummer?
    <time id="T348E" value="00:36:32,476" />
  </s>
  <s id="515">
    <time id="T349S" value="00:37:07,480" />
-Jag trodde jag var fri.
  </s>
  <s id="516">
-Jag vill bara ställa några frågor.
    <time id="T349E" value="00:37:11,871" />
  </s>
  <s id="517">
    <time id="T350S" value="00:37:12,040" />
Om du inte har nåt emot det?
    <time id="T350E" value="00:37:15,555" />
  </s>
  <s id="518">
    <time id="T351S" value="00:37:15,720" />
Den sista månaden har det försvunnit hundra tusen från Brittas bankkonto.
    <time id="T351E" value="00:37:19,952" />
  </s>
  <s id="519">
    <time id="T352S" value="00:37:20,120" />
-Du har satt in samma belopp.
  </s>
  <s id="520">
-Hon gav mig pengarna.
    <time id="T352E" value="00:37:24,238" />
  </s>
  <s id="521">
    <time id="T353S" value="00:37:24,400" />
-För vadå?
  </s>
  <s id="522">
-Inget särskilt.
    <time id="T353E" value="00:37:29,155" />
  </s>
  <s id="523">
    <time id="T354S" value="00:37:29,320" />
Det är mycket pengar för "inget särskilt".
    <time id="T354E" value="00:37:32,710" />
  </s>
  <s id="524">
    <time id="T355S" value="00:37:32,880" />
Hon ville att jag skulle köpa ett hus.
    <time id="T355E" value="00:37:36,156" />
  </s>
  <s id="525">
    <time id="T356S" value="00:37:36,320" />
Först ville hon att jag skulle ärva hennes hus, men jag sa nej.
    <time id="T356E" value="00:37:41,110" />
  </s>
  <s id="526">
    <time id="T357S" value="00:37:41,280" />
-Det är ju hennes systerdotters.
  </s>
  <s id="527">
-Varför väcker du mig inte?
    <time id="T357E" value="00:37:46,798" />
  </s>
  <s id="528">
    <time id="T358S" value="00:37:46,960" />
-Arne städar dass.
  </s>
  <s id="529">
-Jag sitter i maskinrummet.
    <time id="T358E" value="00:37:50,077" />
  </s>
  <s id="530">
    <time id="T359S" value="00:37:50,240" />
Du luktar som om du städar dass.
  </s>
  <s id="531">
Vill du ha kaffe?
    <time id="T359E" value="00:37:55,678" />
  </s>
  <s id="532">
    <time id="T360S" value="00:37:58,720" />
Hon har humor.
    <time id="T360E" value="00:38:00,836" />
  </s>
  <s id="533">
    <time id="T361S" value="00:38:02,120" />
Lämna henne i fred. 
  </s>
  <s id="534">
Jag vet att ni gör ert jobb, men alla kan ta miste.
    <time id="T361E" value="00:38:07,877" />
  </s>
  <s id="535">
    <time id="T362S" value="00:38:08,040" />
Nu får det vara nog.
  </s>
  <s id="536">
Hon blir nervös av alla frågor.
    <time id="T362E" value="00:38:12,670" />
  </s>
  <s id="537">
    <time id="T363S" value="00:38:12,840" />
Hon är en fin tös.
  </s>
  <s id="538">
Det bästa som hänt mig.
    <time id="T363E" value="00:38:17,960" />
  </s>
  <s id="539">
    <time id="T364S" value="00:38:18,120" />
Hon verkar inte förälskad i honom, men han är helt betagen.
    <time id="T364E" value="00:38:23,990" />
  </s>
  <s id="540">
    <time id="T365S" value="00:38:24,160" />
Den har man ju hört förr.
    <time id="T365E" value="00:38:27,516" />
  </s>
  <s id="541">
    <time id="T366S" value="00:38:27,680" />
-Hur går det med Puttefnask?
  </s>
  <s id="542">
-Jag har letat hela dan. 
  </s>
  <s id="543">
Försvunnen.
    <time id="T366E" value="00:38:33,118" />
  </s>
  <s id="544">
    <time id="T367S" value="00:38:33,280" />
-Men jag har tjejens mobilnummer.
  </s>
  <s id="545">
-Se till att avlyssna den, då.
    <time id="T367E" value="00:38:37,193" />
  </s>
  <s id="546">
    <time id="T368S" value="00:38:37,360" />
-Det är redan ordnat.
  </s>
  <s id="547">
-Utan tillstånd?
    <time id="T368E" value="00:38:41,148" />
  </s>
  <s id="548">
    <time id="T369S" value="00:38:41,320" />
-Du är så naiv.
  </s>
  <s id="549">
-Är lagen bara vägledande?
    <time id="T369E" value="00:38:44,835" />
  </s>
  <s id="550">
    <time id="T370S" value="00:38:45,000" />
-Vi får ett tillstånd imorgon.
  </s>
  <s id="551">
-Brittas man dog av förgiftning.
    <time id="T370E" value="00:38:49,596" />
  </s>
  <s id="552">
    <time id="T371S" value="00:38:49,760" />
"Matförgiftning och dåligt hjärta."
    <time id="T371E" value="00:38:52,957" />
  </s>
  <s id="553">
    <time id="T372S" value="00:38:53,120" />
-Blev han obducerad?
  </s>
  <s id="554">
-Det kan betyda vad som helst.
    <time id="T372E" value="00:38:57,238" />
  </s>
  <s id="555">
    <time id="T373S" value="00:38:57,400" />
-Alltifrån ostron till råttgift.
  </s>
  <s id="556">
-Du tror att det är Vibe.
    <time id="T373E" value="00:39:01,473" />
  </s>
  <s id="557">
    <time id="T374S" value="00:39:01,640" />
Hon är schizofren och blev utnyttjad som barn.
    <time id="T374E" value="00:39:05,872" />
  </s>
  <s id="558">
    <time id="T375S" value="00:39:06,040" />
Hon dödar äldre män för att hämnas på fadern.
    <time id="T375E" value="00:39:09,715" />
  </s>
  <s id="559">
    <time id="T376S" value="00:39:09,880" />
Hon dödade Britta för att hämnas på modern som blundade för det.
    <time id="T376E" value="00:39:14,954" />
  </s>
  <s id="560">
    <time id="T377S" value="00:39:19,680" />
Søren!
    <time id="T377E" value="00:39:22,274" />
  </s>
  <s id="561">
    <time id="T378S" value="00:39:22,440" />
-Stör jag?
  </s>
  <s id="562">
-Vi är klara för idag. 
  </s>
  <s id="563">
Har du ringt?
    <time id="T378E" value="00:39:27,719" />
  </s>
  <s id="564">
    <time id="T379S" value="00:39:27,880" />
Plötsligt saknade jag min fru.
    <time id="T379E" value="00:39:31,555" />
  </s>
  <s id="565">
    <time id="T380S" value="00:39:31,720" />
-Hej, Jan!
  </s>
  <s id="566">
-God dag, Søren.
    <time id="T380E" value="00:39:34,871" />
  </s>
  <s id="567">
    <time id="T381S" value="00:39:35,040" />
-Jag ska tillbaka till Köpenhamn.
  </s>
  <s id="568">
-Vi ska ju ut och äta.
    <time id="T381E" value="00:39:39,033" />
  </s>
  <s id="569">
    <time id="T382S" value="00:39:39,200" />
-Han vill inte äta med mig.
  </s>
  <s id="570">
-Det vore trevligt.
    <time id="T382E" value="00:39:41,998" />
  </s>
  <s id="571">
    <time id="T383S" value="00:39:42,160" />
Vi går ute allesammans. 
  </s>
  <s id="572">
Vi bjuder!
    <time id="T383E" value="00:39:45,516" />
  </s>
  <s id="573">
    <time id="T384S" value="00:39:45,680" />
-Tack, men nej tack.
  </s>
  <s id="574">
-Søren är klar med sin bok.
    <time id="T384E" value="00:39:48,877" />
  </s>
  <s id="575">
    <time id="T385S" value="00:39:49,040" />
IP, du behöver lite sällskap.
    <time id="T385E" value="00:39:52,396" />
  </s>
  <s id="576">
    <time id="T386S" value="00:39:52,560" />
Men det finns ett villkor.
  </s>
  <s id="577">
Inget tal om jobbet.
    <time id="T386E" value="00:39:57,031" />
  </s>
  <s id="578">
    <time id="T387S" value="00:39:57,200" />
-"Knarkaren eller Vibe...?" 
  </s>
  <s id="579">
-Det är såna vi är!
    <time id="T387E" value="00:40:02,320" />
  </s>
  <s id="580">
    <time id="T388S" value="00:40:02,480" />
-Du pratade med Jan.
  </s>
  <s id="581">
-Läkare gillar att man frågar om råd.
    <time id="T388E" value="00:40:09,318" />
  </s>
  <s id="582">
    <time id="T389S" value="00:40:09,480" />
Pratade ni om din huvudvärk?
  </s>
  <s id="583">
Vad sa han?
    <time id="T389E" value="00:40:12,870" />
  </s>
  <s id="584">
    <time id="T390S" value="00:40:13,040" />
-"Tala med din läkare." 
  </s>
  <s id="585">
-Den här gången gör du väl det?
    <time id="T390E" value="00:40:19,593" />
  </s>
  <s id="586">
    <time id="T391S" value="00:40:22,120" />
Polisen säger att de hittat bilen som körde på mig.
    <time id="T391E" value="00:40:26,511" />
  </s>
  <s id="587">
    <time id="T392S" value="00:40:26,680" />
Ägaren hade varit på resa och inte anmält bilen stulen.
    <time id="T392E" value="00:40:30,673" />
  </s>
  <s id="588">
    <time id="T393S" value="00:40:30,840" />
Jag bryr mig inte så mycket, men Tobias var till sig i trasorna...
    <time id="T393E" value="00:40:36,153" />
  </s>
  <s id="589">
    <time id="T394S" value="00:40:36,320" />
-Varför kom du egentligen?
  </s>
  <s id="590">
-För att jag saknar dig.
    <time id="T394E" value="00:40:40,916" />
  </s>
  <s id="591">
    <time id="T395S" value="00:40:41,080" />
Vad är det du har så svårt att säga?
    <time id="T395E" value="00:40:45,358" />
  </s>
  <s id="592">
    <time id="T396S" value="00:40:50,520" />
Vi har känt varann i sex år.
  </s>
  <s id="593">
Du har aldrig kommit utan att ringa.
    <time id="T396E" value="00:40:55,674" />
  </s>
  <s id="594">
    <time id="T397S" value="00:41:00,200" />
-Har du träffat nån annan?
  </s>
  <s id="595">
-Hur kan du tro det?
    <time id="T397E" value="00:41:03,590" />
  </s>
  <s id="596">
    <time id="T398S" value="00:41:03,760" />
Jag borde inte ha kommit.
  </s>
  <s id="597">
Du får förlåta mig.
    <time id="T398E" value="00:41:08,276" />
  </s>
  <s id="598">
    <time id="T399S" value="00:41:08,440" />
-Vad är det, då?
  </s>
  <s id="599">
-Jag fick en vansinnig tanke.
    <time id="T399E" value="00:41:13,639" />
  </s>
  <s id="600">
    <time id="T400S" value="00:41:13,800" />
-Vadå?
  </s>
  <s id="601">
-Att jag aldrig skulle få se dig mer.
    <time id="T400E" value="00:41:17,713" />
  </s>
  <s id="602">
    <time id="T401S" value="00:41:17,880" />
Tobias och Gry och hela världen...
  </s>
  <s id="603">
Plötsligt satt jag bara i bilen.
    <time id="T401E" value="00:41:23,512" />
  </s>
  <s id="604">
    <time id="T402S" value="00:41:28,520" />
Hur länge jobbade du i natt?
  </s>
  <s id="605">
Till klockan fyra?
    <time id="T402E" value="00:41:33,196" />
  </s>
  <s id="606">
    <time id="T403S" value="00:41:33,360" />
Kom...
    <time id="T403E" value="00:41:35,715" />
  </s>
  <s id="607">
    <time id="T404S" value="00:41:41,520" />
Ditt psykfall...
    <time id="T404E" value="00:41:44,910" />
  </s>
  <s id="608">
    <time id="T405S" value="00:42:18,240" />
Ulf, jag ska upp tidigt imorgon.
  </s>
  <s id="609">
Tack för ikväll.
    <time id="T405E" value="00:42:23,712" />
  </s>
  <s id="610">
    <time id="T406S" value="00:42:25,720" />
Tänker du aldrig på mig?
    <time id="T406E" value="00:42:29,554" />
  </s>
  <s id="611">
    <time id="T407S" value="00:42:36,600" />
Ulf...
    <time id="T407E" value="00:42:38,830" />
  </s>
  <s id="612">
    <time id="T408S" value="00:43:25,280" />
God morgon.
    <time id="T408E" value="00:43:27,840" />
  </s>
  <s id="613">
    <time id="T409S" value="00:43:28,000" />
-Har du lirat boll?
  </s>
  <s id="614">
-Nej, det var en kyckling.
    <time id="T409E" value="00:43:31,834" />
  </s>
  <s id="615">
    <time id="T410S" value="00:43:32,000" />
-En vad för nåt?
  </s>
  <s id="616">
-Jag körde frysta kycklingar.
    <time id="T410E" value="00:43:36,198" />
  </s>
  <s id="617">
    <time id="T411S" value="00:43:36,360" />
Jag hjälpte till att lossa och fick en på foten. 
  </s>
  <s id="618">
Tacklad av en kyckling!
    <time id="T411E" value="00:43:41,753" />
  </s>
  <s id="619">
    <time id="T412S" value="00:43:43,120" />
-Hur går det för er?
  </s>
  <s id="620">
-Bra.
    <time id="T412E" value="00:43:47,272" />
  </s>
  <s id="621">
    <time id="T413S" value="00:43:47,440" />
Tack.
    <time id="T413E" value="00:43:49,749" />
  </s>
  <s id="622">
    <time id="T414S" value="00:43:55,720" />
Hur var det i Hamburg?
    <time id="T414E" value="00:43:58,518" />
  </s>
  <s id="623">
    <time id="T415S" value="00:43:58,680" />
-Har du varit i slagsmål?
  </s>
  <s id="624">
-Jag kanske skulle börja spela igen.
    <time id="T415E" value="00:44:02,673" />
  </s>
  <s id="625">
    <time id="T416S" value="00:44:02,840" />
Jag har aldrig fått så många skador som efter jag slutade.
    <time id="T416E" value="00:44:06,435" />
  </s>
  <s id="626">
    <time id="T417S" value="00:44:06,600" />
-Ska du åka igen?
  </s>
  <s id="627">
-Nej, ni verkar ju snart klara här.
    <time id="T417E" value="00:44:12,550" />
  </s>
  <s id="628">
    <time id="T418S" value="00:44:12,720" />
Varför vore det så hemskt att åka på semester med sin fru?
    <time id="T418E" value="00:44:17,430" />
  </s>
  <s id="629">
    <time id="T419S" value="00:44:20,120" />
Vi håller på att skiljas.
    <time id="T419E" value="00:44:23,795" />
  </s>
  <s id="630">
    <time id="T420S" value="00:44:25,480" />
-Vad säger barnen om det?
  </s>
  <s id="631">
-De är ju inte själaglada.
    <time id="T420E" value="00:44:30,190" />
  </s>
  <s id="632">
    <time id="T421S" value="00:44:31,880" />
Men det funkar inte så det är väl bättre att de får två glada föräldrar.
    <time id="T422E" value="00:44:39,155" />
  </s>
  <s id="633">
    <time id="T423S" value="00:44:39,320" />
Hur har du det? 
  </s>
  <s id="634">
Vad säger din kille om att du aldrig är hemma?
    <time id="T423E" value="00:44:44,792" />
  </s>
  <s id="635">
    <time id="T424S" value="00:44:44,960" />
Jag har ingen kille.
    <time id="T424E" value="00:44:48,839" />
  </s>
  <s id="636">
    <time id="T425S" value="00:44:49,000" />
-Vem har inbillat dig det?
  </s>
  <s id="637">
-God morgon.
    <time id="T425E" value="00:44:52,310" />
  </s>
  <s id="638">
    <time id="T426S" value="00:44:52,480" />
Puttefnask har ringt Jennys mobil.
    <time id="T426E" value="00:44:55,313" />
  </s>
  <s id="639">
    <time id="T427S" value="00:44:55,480" />
Han ville att hon skulle fixa en sil.
    <time id="T427E" value="00:44:58,278" />
  </s>
  <s id="640">
    <time id="T428S" value="00:44:58,440" />
Men hon sa bara nej och stängde av telefonen.
    <time id="T428E" value="00:45:04,072" />
  </s>
  <s id="641">
    <time id="T429S" value="00:45:05,080" />
-Graff har åkt ut till henne.
  </s>
  <s id="642">
-Har Graff åkt ut?
    <time id="T429E" value="00:45:10,074" />
  </s>
  <s id="643">
    <time id="T430S" value="00:45:10,240" />
-God morgon.
  </s>
  <s id="644">
-Jag har hittat Vagn Birk. 
  </s>
  <s id="645">
Vibes ex.
    <time id="T430E" value="00:45:13,949" />
  </s>
  <s id="646">
    <time id="T431S" value="00:45:14,120" />
-Var då nånstans?
  </s>
  <s id="647">
-Han ligger på Rødby sjukhus.
    <time id="T431E" value="00:45:19,274" />
  </s>
  <s id="648">
    <time id="T432S" value="00:45:19,440" />
-Då gör jag ett sjukbesök.
  </s>
  <s id="649">
-Va...?
    <time id="T432E" value="00:45:22,557" />
  </s>
  <s id="650">
    <time id="T433S" value="00:45:22,720" />
Vibes ex ligger inne med förgiftning.
    <time id="T433E" value="00:45:26,269" />
  </s>
  <s id="651">
    <time id="T434S" value="00:45:55,520" />
-Ska du inte lägga dig?
  </s>
  <s id="652">
-Jo...
    <time id="T434E" value="00:45:59,593" />
  </s>
  <s id="653">
    <time id="T435S" value="00:46:04,120" />
Men först...
    <time id="T435E" value="00:46:06,350" />
  </s>
  <s id="654">
    <time id="T436S" value="00:46:09,720" />
Inte nu.
    <time id="T436E" value="00:46:11,790" />
  </s>
  <s id="655">
    <time id="T437S" value="00:46:26,120" />
-Vad hände med Graff?
  </s>
  <s id="656">
-Det blev aldrig nåt.
    <time id="T437E" value="00:46:31,478" />
  </s>
  <s id="657">
    <time id="T438S" value="00:46:31,640" />
-Vad handlade det om?
  </s>
  <s id="658">
-En kille dog under Graffs förhör.
    <time id="T438E" value="00:46:36,077" />
  </s>
  <s id="659">
    <time id="T439S" value="00:46:36,240" />
-Graff gjorde inte ett skit.
  </s>
  <s id="660">
-Lät han bara killen dö?
    <time id="T439E" value="00:46:41,598" />
  </s>
  <s id="661">
    <time id="T440S" value="00:46:41,760" />
Han sa att en död knarkare var en samhällsekonomisk vinst.
    <time id="T440E" value="00:46:48,074" />
  </s>
  <s id="662">
    <time id="T441S" value="00:46:49,920" />
-Och sen?
  </s>
  <s id="663">
-Fischer gick hem. 
  </s>
  <s id="664">
Mille skulle föda.
    <time id="T441E" value="00:46:54,914" />
  </s>
  <s id="665">
    <time id="T442S" value="00:46:55,080" />
När han kom tillbaka sa Graff inte ett ljud och utredningen lades ner.
    <time id="T442E" value="00:47:00,313" />
  </s>
  <s id="666">
    <time id="T443S" value="00:47:13,080" />
Förhör av vittne
    <time id="T443E" value="00:47:17,631" />
  </s>
  <s id="667">
    <time id="T444S" value="00:47:38,360" />
-Vad har hänt här?
  </s>
  <s id="668">
-Ingenting.
    <time id="T444E" value="00:47:42,638" />
  </s>
  <s id="669">
    <time id="T445S" value="00:47:42,800" />
Har nån slagit dig...?
  </s>
  <s id="670">
Lugn - jag ska inte göra dig illa.
    <time id="T445E" value="00:47:48,318" />
  </s>
  <s id="671">
    <time id="T446S" value="00:47:48,480" />
-Vem är det som har slagit dig?
  </s>
  <s id="672">
-Ingen.
    <time id="T446E" value="00:47:52,393" />
  </s>
  <s id="673">
    <time id="T447S" value="00:47:54,320" />
Har Graff varit här?
    <time id="T447E" value="00:47:56,959" />
  </s>
  <s id="674">
    <time id="T448S" value="00:47:57,120" />
Stick!
    <time id="T448E" value="00:47:59,315" />
  </s>
  <s id="675">
    <time id="T449S" value="00:48:06,120" />
Janni, du vet mycket väl var Puttefnask håller hus.
    <time id="T449E" value="00:48:11,114" />
  </s>
  <s id="676">
    <time id="T450S" value="00:48:14,320" />
Och det har du berättat för Graff.
    <time id="T450E" value="00:48:18,108" />
  </s>
  <s id="677">
    <time id="T451S" value="00:48:20,120" />
Om du har sagt det till honom, ska du säga det till mig med.
    <time id="T451E" value="00:48:25,319" />
  </s>
  <s id="678">
    <time id="T452S" value="00:48:25,480" />
Han ska helst inte vara ensam med Puttefnask.
    <time id="T452E" value="00:48:30,349" />
  </s>
  <s id="679">
    <time id="T453S" value="00:48:30,520" />
I mammas sommarstuga.
    <time id="T453E" value="00:48:33,751" />
  </s>
  <s id="680">
    <time id="T454S" value="00:48:33,920" />
Han spöade faktiskt upp mig!
    <time id="T454E" value="00:48:38,471" />
  </s>
  <s id="681">
    <time id="T455S" value="00:49:16,480" />
Nu får du fanimej skärpa dig!
    <time id="T455E" value="00:49:19,472" />
  </s>
  <s id="682">
    <time id="T456S" value="00:49:19,640" />
Svara mig! 
  </s>
  <s id="683">
Gjorde du det?
  </s>
  <s id="684">
!
    <time id="T456E" value="00:49:22,552" />
  </s>
  <s id="685">
    <time id="T457S" value="00:49:26,080" />
Du dödade henne med den här!
  </s>
  <s id="686">
Hur många gånger slog du henne?
    <time id="T457E" value="00:49:31,074" />
  </s>
  <s id="687">
    <time id="T458S" value="00:49:31,240" />
Jag minns inte.
    <time id="T458E" value="00:49:34,676" />
  </s>
  <s id="688">
    <time id="T459S" value="00:49:34,840" />
-Jag måste ha nåt.
  </s>
  <s id="689">
-Det ska vi ordna.
    <time id="T459E" value="00:49:38,833" />
  </s>
  <s id="690">
    <time id="T460S" value="00:49:39,000" />
Skicka en läkare till Blåbærvej 7.
  </s>
  <s id="691">
Puttefnask har megaabstinens.
    <time id="T460E" value="00:49:44,677" />
  </s>
  <s id="692">
    <time id="T461S" value="00:49:44,840" />
-Han skulle ju just erkänna!
  </s>
  <s id="693">
-Vad fan sysslar du med?
    <time id="T461E" value="00:49:48,879" />
  </s>
  <s id="694">
    <time id="T462S" value="00:49:49,040" />
I hans tillstånd skulle han erkänna mordet på Olof Palme.
    <time id="T462E" value="00:49:52,919" />
  </s>
  <s id="695">
    <time id="T463S" value="00:49:53,080" />
-Och vad gjorde du med Janni?
  </s>
  <s id="696">
-Nu får du ge dig!
    <time id="T463E" value="00:49:58,359" />
  </s>
  <s id="697">
    <time id="T464S" value="00:49:58,520" />
Nej, inte den här gången.
    <time id="T464E" value="00:50:01,080" />
  </s>
  <s id="698">
    <time id="T465S" value="00:50:04,520" />
-Hej!
  </s>
  <s id="699">
-Gillar ni ostron?
    <time id="T465E" value="00:50:08,229" />
  </s>
  <s id="700">
    <time id="T466S" value="00:50:08,400" />
-Va...?
  </s>
  <s id="701">
-Minns ni inte den serien?
    <time id="T466E" value="00:50:11,597" />
  </s>
  <s id="702">
    <time id="T467S" value="00:50:11,760" />
Eller vad säger ni om "Johnnys kyckling"?
    <time id="T467E" value="00:50:15,799" />
  </s>
  <s id="703">
    <time id="T468S" value="00:50:15,960" />
Britta köpte nyligen en hel frusen lax.
    <time id="T468E" value="00:50:20,715" />
  </s>
  <s id="704">
    <time id="T469S" value="00:50:20,880" />
Men det finns ingen lax i huset, varken i frysen eller i kylskåpet.
    <time id="T469E" value="00:50:25,908" />
  </s>
  <s id="705">
    <time id="T470S" value="00:50:27,120" />
Så jag köpte den här på vägen.
    <time id="T470E" value="00:50:30,157" />
  </s>
  <s id="706">
    <time id="T471S" value="00:50:35,720" />
-Du menar att Vibe...
  </s>
  <s id="707">
-Det är det perfekta mordvapnet.
    <time id="T471E" value="00:50:39,713" />
  </s>
  <s id="708">
    <time id="T472S" value="00:50:39,880" />
Sen är det bara att äta upp den.
    <time id="T472E" value="00:50:43,475" />
  </s>
  <s id="709">
    <time id="T473S" value="00:50:43,640" />
Om hon slängt ut den genom fönstret, hade den lockat till sig varenda räv.
    <time id="T473E" value="00:50:49,829" />
  </s>
  <s id="710">
    <time id="T474S" value="00:50:51,240" />
IP, nu är Puttefnask klar.
  </s>
  <s id="711">
Han har fått nåt lugnande.
    <time id="T474E" value="00:50:56,598" />
  </s>
  <s id="712">
    <time id="T475S" value="00:51:30,040" />
Du sa ju till Graff att du slog tanten. 
  </s>
  <s id="713">
Var det med den där?
    <time id="T475E" value="00:51:35,034" />
  </s>
  <s id="714">
    <time id="T476S" value="00:51:35,200" />
Jag rörde henne inte!
    <time id="T476E" value="00:51:36,952" />
  </s>
  <s id="715">
    <time id="T477S" value="00:51:37,120" />
-Vad skulle du då med tången till?
  </s>
  <s id="716">
-Jag var bara ute efter en sil.
    <time id="T477E" value="00:51:43,150" />
  </s>
  <s id="717">
    <time id="T478S" value="00:51:43,320" />
Och källarfönstret stod ju öppet.
    <time id="T478E" value="00:51:46,915" />
  </s>
  <s id="718">
    <time id="T479S" value="00:51:47,080" />
Jag var på väg upp i huset.
    <time id="T479E" value="00:51:49,958" />
  </s>
  <s id="719">
    <time id="T480S" value="00:51:50,120" />
Men plötsligt hör jag nån som gnäller.
    <time id="T480E" value="00:51:54,352" />
  </s>
  <s id="720">
    <time id="T481S" value="00:51:54,520" />
Jag blir rädd och plockar upp den där.
    <time id="T481E" value="00:51:57,910" />
  </s>
  <s id="721">
    <time id="T482S" value="00:51:58,080" />
Sen går jag upp och då ligger den gamla där - döende.
    <time id="T482E" value="00:52:02,073" />
  </s>
  <s id="722">
    <time id="T483S" value="00:52:02,240" />
Den unga satt bara i stolen och tittade på henne.
    <time id="T483E" value="00:52:06,631" />
  </s>
  <s id="723">
    <time id="T484S" value="00:52:06,800" />
Så får hon syn på mig och ler.
    <time id="T484E" value="00:52:09,872" />
  </s>
  <s id="724">
    <time id="T485S" value="00:52:10,040" />
Hon ler som en galning.
    <time id="T485E" value="00:52:12,474" />
  </s>
  <s id="725">
    <time id="T486S" value="00:52:24,360" />
Vi har en anmälan om mordförsök.
    <time id="T486E" value="00:52:27,272" />
  </s>
  <s id="726">
    <time id="T487S" value="00:52:27,440" />
Vagn Birk ligger på sjukhuset.
  </s>
  <s id="727">
Vibe har troligen förgiftat honom.
    <time id="T487E" value="00:52:32,230" />
  </s>
  <s id="728">
    <time id="T488S" value="00:52:32,400" />
Hon tittade bara på medan han blödde.
    <time id="T488E" value="00:52:35,392" />
  </s>
  <s id="729">
    <time id="T489S" value="00:52:35,560" />
-Varför har han inte anmält tidigare?
  </s>
  <s id="730">
-Läkarna trodde det var råttgift.
    <time id="T489E" value="00:52:40,315" />
  </s>
  <s id="731">
    <time id="T490S" value="00:52:40,480" />
Men sen visade det sig vara blodförtunnande medicin.
    <time id="T490E" value="00:52:44,632" />
  </s>
  <s id="732">
    <time id="T491S" value="00:53:06,000" />
Vi tar in henne.
  </s>
  <s id="733">
Hon är skvatt galen.
    <time id="T491E" value="00:53:09,390" />
  </s>
  <s id="734">
    <time id="T492S" value="00:53:49,720" />
Jag har dödat henne!
    <time id="T492E" value="00:53:52,757" />
  </s>
  <s id="735">
    <time id="T493S" value="00:54:03,520" />
-Jag ringer efter ambulans.
  </s>
  <s id="736">
-Vibe, nu är det slut.
    <time id="T493E" value="00:54:07,638" />
  </s>
  <s id="737">
    <time id="T494S" value="00:54:09,360" />
-Vem ska nu ta hand om mig?
  </s>
  <s id="738">
-Det gör jag.
    <time id="T494E" value="00:54:14,639" />
  </s>
  <s id="739">
    <time id="T495S" value="00:54:14,800" />
-Gör du?
  </s>
  <s id="740">
-Ja.
    <time id="T495E" value="00:54:17,519" />
  </s>
  <s id="741">
    <time id="T496S" value="00:54:55,560" />
Mamma sa att jag skulle flytta hem till Arne.
    <time id="T496E" value="00:54:58,950" />
  </s>
  <s id="742">
    <time id="T497S" value="00:54:59,120" />
-Du menar väl Britta?
  </s>
  <s id="743">
-Mamma sa att jag skulle gå till far.
    <time id="T497E" value="00:55:03,511" />
  </s>
  <s id="744">
    <time id="T498S" value="00:55:03,680" />
Hon tittade inte ens på mig.
    <time id="T498E" value="00:55:06,752" />
  </s>
  <s id="745">
    <time id="T499S" value="00:55:06,920" />
En dag låg en av hans vänner där inne. 
  </s>
  <s id="746">
Han var den förste.
    <time id="T499E" value="00:55:12,995" />
  </s>
  <s id="747">
    <time id="T500S" value="00:55:14,000" />
Far sa att jag gillade det.
    <time id="T500E" value="00:55:17,436" />
  </s>
  <s id="748">
    <time id="T501S" value="00:55:39,480" />
-Är du okej?
  </s>
  <s id="749">
-Slå ihjäl mig då!
    <time id="T501E" value="00:55:44,110" />
  </s>
  <s id="750">
    <time id="T502S" value="00:55:49,520" />
Jag vill bara tacka för hjälpen.
    <time id="T502E" value="00:55:53,274" />
  </s>
  <s id="751">
    <time id="T503S" value="00:55:53,440" />
Det var nära ögat för dig och lP.
    <time id="T503E" value="00:55:56,955" />
  </s>
  <s id="752">
    <time id="T504S" value="00:55:57,120" />
För en sekund tänkte man att nu är det tack och farväl.
    <time id="T504E" value="00:56:01,830" />
  </s>
  <s id="753">
    <time id="T505S" value="00:56:02,000" />
Kan vi inte dra ett streck över episoden med Puttefnasks tjej?
    <time id="T505E" value="00:56:06,471" />
  </s>
  <s id="754">
    <time id="T506S" value="00:56:06,640" />
Det är inte upp till mig.
  </s>
  <s id="755">
Saken är anmäld.
    <time id="T506E" value="00:56:09,473" />
  </s>
  <s id="756">
    <time id="T507S" value="00:56:09,640" />
Graff är ju skicklig.
  </s>
  <s id="757">
Han visste genast vem det var.
    <time id="T507E" value="00:56:13,633" />
  </s>
  <s id="758">
    <time id="T508S" value="00:56:13,800" />
Det är ju tankeväckande.
    <time id="T508E" value="00:56:16,678" />
  </s>
  <s id="759">
    <time id="T509S" value="00:56:17,680" />
Vad menar du?
    <time id="T509E" value="00:56:19,671" />
  </s>
  <s id="760">
    <time id="T510S" value="00:56:19,840" />
Han kanske var på plats och såg en människa dö utan att ingripa.
    <time id="T510E" value="00:56:25,358" />
  </s>
  <s id="761">
    <time id="T511S" value="00:56:25,520" />
Om jag var som du skulle jag låta saken bli prövad.
    <time id="T511E" value="00:56:29,513" />
  </s>
  <s id="762">
    <time id="T512S" value="00:56:38,320" />
-Ingrid och jag åker hem nu.
  </s>
  <s id="763">
-Ja, det är klart.
    <time id="T512E" value="00:56:42,074" />
  </s>
  <s id="764">
    <time id="T513S" value="00:56:42,240" />
Ni två skriver rapport.
  </s>
  <s id="765">
- Du låser och hittar ett tåg.
    <time id="T513E" value="00:56:47,553" />
  </s>
  <s id="766">
    <time id="T514S" value="00:56:47,720" />
Jag åker med Johnny, om det är okej.
    <time id="T514E" value="00:56:51,679" />
  </s>
  <s id="767">
    <time id="T515S" value="00:56:52,800" />
IP, nu kör du försiktigt.
    <time id="T515E" value="00:56:55,792" />
  </s>
  <s id="768">
    <time id="T516S" value="00:56:55,960" />
Folk tror att du är aspackad, om du kör omkring så där.
    <time id="T516E" value="00:57:01,273" />
  </s>
  <s id="769">
    <time id="T517S" value="00:57:12,640" />
Vibe Nielsen erkände morden på Karl och Britta Jensen samt mordförsök på Vagn Birk och Arne Kjeldsen.
    <time id="T518E" value="00:57:22,794" />
  </s>
  <s id="770">
    <time id="T519S" value="00:57:22,960" />
Hon lyckades ta sitt liv med en överdos medicin i cellen.
    <time id="T519E" value="00:57:27,431" />
  </s>
  <s id="771">
    <time id="T520S" value="00:57:32,920" />
Översättning: 
  </s>
  <s id="772">
Jim Wahlgren SDl Media
    <time id="T520E" value="00:57:37,311" />
  </s>
  <s id="773">
    <time id="T521S" value="00:57:37,480" />
Ansvarig utgivare:
  </s>
  <s id="774">
Pia Grünler
    <time id="T521E" value="00:57:39,869" />
  </s>
  <meta>
    <subtitle>
      <rating>0.0</rating>
      <language>Swedish</language>
      <version>0</version>
      <confidence>1.0</confidence>
      <machine_translated>0</machine_translated>
      <date>2012-05-12</date>
      <blocks>521</blocks>
      <duration>00:57:39,869</duration>
    </subtitle>
    <conversion>
      <tokens>5493</tokens>
      <encoding>windows-1252</encoding>
      <unknown_words>18</unknown_words>
      <ignored_blocks>0</ignored_blocks>
      <sentences>774</sentences>
      <truecased_words>0</truecased_words>
      <corrected_words>3</corrected_words>
    </conversion>
    <source>
      <HD>0</HD>
      <cds>1/1</cds>
      <country>Denmark, Sweden</country>
      <original>Danish, English</original>
      <year>2000</year>
      <genre>Action,Crime,Drama</genre>
      <duration>75</duration>
    </source>
  </meta>
</document>
