<?xml version="1.0" encoding="utf-8"?>
<document id="146416">
  <s id="1">
    <time id="T2S" value="00:01:04,882" />
- Har du sett Francis på sistone?
  </s>
  <s id="2">
- Nej.
    <time id="T2E" value="00:01:08,113" />
  </s>
  <s id="3">
    <time id="T3S" value="00:01:08,322" />
Det var väl ett bra tag sen nu?
    <time id="T3E" value="00:01:11,120" />
  </s>
  <s id="4">
    <time id="T4S" value="00:01:26,722" />
- Socialarbetaren vill att du tittar förbi.
  </s>
  <s id="5">
- Lägg av! 
  </s>
  <s id="6">
Jag får inga bidrag.
    <time id="T4E" value="00:01:33,321" />
  </s>
  <s id="7">
    <time id="T5S" value="00:01:33,522" />
Du har fått post. 
  </s>
  <s id="8">
Vill du ha den?
    <time id="T5E" value="00:01:36,400" />
  </s>
  <s id="9">
    <time id="T6S" value="00:01:40,842" />
Fem dar sen du var hemma...
  </s>
  <s id="10">
Säg till om du vill separera.
    <time id="T6E" value="00:01:45,233" />
  </s>
  <s id="11">
    <time id="T7S" value="00:01:45,442" />
Att jag festar betyder inte att jag flyttar. 
  </s>
  <s id="12">
Låt mig vara i fred!
    <time id="T7E" value="00:01:49,754" />
  </s>
  <s id="13">
    <time id="T8S" value="00:01:49,962" />
Jag bjuder på ett glas.
  </s>
  <s id="14">
Det var länge sen vi snackade.
    <time id="T8E" value="00:01:53,398" />
  </s>
  <s id="15">
    <time id="T9S" value="00:01:54,482" />
- Har du stålar?
  </s>
  <s id="16">
- Visst, jag bjuder...
    <time id="T9E" value="00:01:58,475" />
  </s>
  <s id="17">
    <time id="T10S" value="00:01:58,682" />
Ge hit, så kör jag ett parti till.
    <time id="T10E" value="00:02:00,195" />
  </s>
  <s id="18">
    <time id="T11S" value="00:02:12,482" />
- Känner du henne?
  </s>
  <s id="19">
- Fena på avsugningar!
    <time id="T11E" value="00:02:15,679" />
  </s>
  <s id="20">
    <time id="T12S" value="00:02:15,882" />
Nej! 
  </s>
  <s id="21">
Jag säger då inte nej...
    <time id="T12E" value="00:02:19,192" />
  </s>
  <s id="22">
    <time id="T13S" value="00:02:19,402" />
Du skulle ju kunna presentera mig.
    <time id="T13E" value="00:02:22,553" />
  </s>
  <s id="23">
    <time id="T14S" value="00:02:28,122" />
Nadine, telefon. 
  </s>
  <s id="24">
Det är Francis.
    <time id="T14E" value="00:02:31,671" />
  </s>
  <s id="25">
    <time id="T15S" value="00:02:32,242" />
Hallå?
    <time id="T15E" value="00:02:33,994" />
  </s>
  <s id="26">
    <time id="T16S" value="00:02:42,602" />
Stå inte där, jag blir distraherad.
  </s>
  <s id="27">
Vi snackar i kväll.
    <time id="T16E" value="00:02:47,437" />
  </s>
  <s id="28">
    <time id="T17S" value="00:02:47,642" />
- Kommer du hem sent i kväll?
  </s>
  <s id="29">
- Det kan jag fan inte veta.
    <time id="T17E" value="00:02:51,874" />
  </s>
  <s id="30">
    <time id="T18S" value="00:03:15,002" />
Det är ingen här!
    <time id="T18E" value="00:03:17,596" />
  </s>
  <s id="31">
    <time id="T19S" value="00:03:23,962" />
Manu, kom hit! 
  </s>
  <s id="32">
Var är Radouan?
    <time id="T19E" value="00:03:26,795" />
  </s>
  <s id="33">
    <time id="T20S" value="00:03:27,802" />
Vart har Radouan tagit vägen?
    <time id="T20E" value="00:03:30,441" />
  </s>
  <s id="34">
    <time id="T21S" value="00:03:45,322" />
Kollar du snuskrulle nu igen?
    <time id="T21E" value="00:03:48,678" />
  </s>
  <s id="35">
    <time id="T22S" value="00:03:52,122" />
- Så du käkar hemma i dag?
  </s>
  <s id="36">
- Stäng av teven.
    <time id="T22E" value="00:03:56,240" />
  </s>
  <s id="37">
    <time id="T23S" value="00:03:57,322" />
Du är sjuk. 
  </s>
  <s id="38">
Jag skulle fatta om du var en kille...
    <time id="T23E" value="00:04:02,237" />
  </s>
  <s id="39">
    <time id="T24S" value="00:04:02,442" />
Gå in i köket. 
  </s>
  <s id="40">
Jag är trött på att onanera inne i mitt rum.
    <time id="T24E" value="00:04:07,516" />
  </s>
  <s id="41">
    <time id="T25S" value="00:04:11,082" />
- Var är papperna?
  </s>
  <s id="42">
- I korgen.
    <time id="T25E" value="00:04:13,801" />
  </s>
  <s id="43">
    <time id="T26S" value="00:04:15,522" />
- Röker du nu?
  </s>
  <s id="44">
- Nej. 
  </s>
  <s id="45">
Till dig från King Radouan.
    <time id="T26E" value="00:04:20,550" />
  </s>
  <s id="46">
    <time id="T27S" value="00:04:20,762" />
Dilar Radouan som brorsan nu?
    <time id="T27E" value="00:04:23,560" />
  </s>
  <s id="47">
    <time id="T28S" value="00:04:23,762" />
- Oroa dig inte. 
  </s>
  <s id="48">
Jag har koll.
  </s>
  <s id="49">
- Jag oroar mig inte.
    <time id="T28E" value="00:04:27,641" />
  </s>
  <s id="50">
    <time id="T29S" value="00:04:27,842" />
Men alla i kvarteret snackar om dina affärer. 
  </s>
  <s id="51">
Snutarna tar dig på nolltid.
    <time id="T29E" value="00:04:34,395" />
  </s>
  <s id="52">
    <time id="T30S" value="00:04:36,482" />
Han ligger inte med vem som helst.
  </s>
  <s id="53">
Det tände till mellan oss.
    <time id="T30E" value="00:04:41,761" />
  </s>
  <s id="54">
    <time id="T31S" value="00:04:41,962" />
Jag brukar inte ligga första kvällen men det föll sig så naturligt.
    <time id="T31E" value="00:04:46,319" />
  </s>
  <s id="55">
    <time id="T32S" value="00:04:46,522" />
Varför ringer han inte?
  </s>
  <s id="56">
Jag skrämmer honom säkert.
    <time id="T32E" value="00:04:50,640" />
  </s>
  <s id="57">
    <time id="T33S" value="00:04:50,842" />
Tjej med karaktär skrämmer killarna.
  </s>
  <s id="58">
Tar knäcken på deras manlighet.
    <time id="T33E" value="00:04:55,597" />
  </s>
  <s id="59">
    <time id="T34S" value="00:04:58,082" />
Hur som helst är de bögar allihop.
    <time id="T34E" value="00:05:01,631" />
  </s>
  <s id="60">
    <time id="T35S" value="00:05:04,202" />
Manu, kom hit!
    <time id="T35E" value="00:05:07,319" />
  </s>
  <s id="61">
    <time id="T36S" value="00:05:08,362" />
- Har du sett Radouan?
  </s>
  <s id="62">
- Nej, jag bor inte med honom.
    <time id="T36E" value="00:05:12,037" />
  </s>
  <s id="63">
    <time id="T37S" value="00:05:12,282" />
- Säg att vi ska döda honom.
  </s>
  <s id="64">
- Vad har han gjort?
    <time id="T37E" value="00:05:17,037" />
  </s>
  <s id="65">
    <time id="T38S" value="00:05:17,242" />
Hälsa den jäveln att vi tänker döda honom.
    <time id="T38E" value="00:05:20,598" />
  </s>
  <s id="66">
    <time id="T39S" value="00:05:20,802" />
- Fattar du?
  </s>
  <s id="67">
- Visst, för fan!
    <time id="T39E" value="00:05:23,191" />
  </s>
  <s id="68">
    <time id="T40S" value="00:05:23,402" />
Passa dina ord annars får du stryk.
  </s>
  <s id="69">
Han är ju jämt hos dig, så passa dig!
    <time id="T40E" value="00:05:28,556" />
  </s>
  <s id="70">
    <time id="T41S" value="00:05:28,762" />
Annars tar vi dig.
  </s>
  <s id="71">
Stick nu. 
  </s>
  <s id="72">
Stick!
    <time id="T41E" value="00:05:32,994" />
  </s>
  <s id="73">
    <time id="T42S" value="00:05:36,162" />
- Har du nåt kvar?
  </s>
  <s id="74">
- Har du rökt allt? 
  </s>
  <s id="75">
Fan för dig!
    <time id="T42E" value="00:05:42,510" />
  </s>
  <s id="76">
    <time id="T43S" value="00:06:09,082" />
- Vill du ha ett glas?
  </s>
  <s id="77">
- Kan du betala?
    <time id="T43E" value="00:06:13,678" />
  </s>
  <s id="78">
    <time id="T44S" value="00:06:13,882" />
- Du har tur, fick just understödet.
  </s>
  <s id="79">
- Är du fransk nog för att få det?
    <time id="T44E" value="00:06:18,876" />
  </s>
  <s id="80">
    <time id="T45S" value="00:06:19,082" />
- Ja.
  </s>
  <s id="81">
- Jag ska hälsa på brorsan.
    <time id="T45E" value="00:06:21,516" />
  </s>
  <s id="82">
    <time id="T46S" value="00:06:21,722" />
- Inte jag! 
  </s>
  <s id="83">
Jag köper cigg. 
  </s>
  <s id="84">
Vi ses sen.
  </s>
  <s id="85">
- Jag kommer strax.
    <time id="T46E" value="00:06:25,840" />
  </s>
  <s id="86">
    <time id="T47S" value="00:06:34,922" />
Vad gör du med det där jävla knarkarfnasket?
    <time id="T47E" value="00:06:39,200" />
  </s>
  <s id="87">
    <time id="T48S" value="00:06:39,402" />
- Du kastar för fan bort ditt liv.
  </s>
  <s id="88">
- Det ska du skita i!
    <time id="T48E" value="00:06:43,759" />
  </s>
  <s id="89">
    <time id="T49S" value="00:06:57,602" />
- Du sabbar jämt allt. 
  </s>
  <s id="90">
Rena giftet!
  </s>
  <s id="91">
- Ge mig.
    <time id="T49E" value="00:07:03,438" />
  </s>
  <s id="92">
    <time id="T50S" value="00:07:03,642" />
- Inget skrämmer dig.
  </s>
  <s id="93">
- Kom igen.
    <time id="T50E" value="00:07:08,158" />
  </s>
  <s id="94">
    <time id="T51S" value="00:07:13,162" />
- Arbete. 
  </s>
  <s id="95">
Hört talas om det?
  </s>
  <s id="96">
- Det finns inga i Frankrike!
    <time id="T51E" value="00:07:17,838" />
  </s>
  <s id="97">
    <time id="T52S" value="00:07:19,962" />
Tack.
    <time id="T52E" value="00:07:21,475" />
  </s>
  <s id="98">
    <time id="T53S" value="00:07:25,922" />
- Vi drar!
  </s>
  <s id="99">
- Vänta! 
  </s>
  <s id="100">
Klappade han till dig?
    <time id="T53E" value="00:07:29,312" />
  </s>
  <s id="101">
    <time id="T54S" value="00:07:29,522" />
- Du har ögonen med dig.
  </s>
  <s id="102">
- Du borde ha mosat den jäveln.
    <time id="T54E" value="00:07:33,640" />
  </s>
  <s id="103">
    <time id="T55S" value="00:07:33,842" />
- Jag skulle ha dragit direkt!
  </s>
  <s id="104">
- Jag tål allt.
    <time id="T55E" value="00:07:37,960" />
  </s>
  <s id="105">
    <time id="T56S" value="00:07:38,282" />
- Vi köper en six-pack.
  </s>
  <s id="106">
- Okej.
    <time id="T56E" value="00:07:41,433" />
  </s>
  <s id="107">
    <time id="T57S" value="00:07:43,082" />
Vill du att jag kommer?
    <time id="T57E" value="00:07:46,472" />
  </s>
  <s id="108">
    <time id="T58S" value="00:07:46,682" />
Ja, det vore fint.
    <time id="T58E" value="00:07:50,800" />
  </s>
  <s id="109">
    <time id="T59S" value="00:07:51,002" />
Det är vissa saker som... 
  </s>
  <s id="110">
Jag måste snacka med dig. 
  </s>
  <s id="111">
Du kan ge mig råd.
    <time id="T59E" value="00:07:58,033" />
  </s>
  <s id="112">
    <time id="T60S" value="00:07:58,802" />
Visst, men... jag ska träffa en nu men jag kollar hur sent tågen går.
    <time id="T60E" value="00:08:06,641" />
  </s>
  <s id="113">
    <time id="T61S" value="00:08:06,842" />
- Och adressen?
  </s>
  <s id="114">
- Vänta lite ...
    <time id="T61E" value="00:08:09,310" />
  </s>
  <s id="115">
    <time id="T62S" value="00:08:09,522" />
- Juvisy. 
  </s>
  <s id="116">
Järnvägshotellet.
  </s>
  <s id="117">
- Okej.
    <time id="T62E" value="00:08:13,231" />
  </s>
  <s id="118">
    <time id="T63S" value="00:08:13,802" />
De har visst sett dig i porrfilmer.
    <time id="T63E" value="00:08:17,158" />
  </s>
  <s id="119">
    <time id="T64S" value="00:08:17,362" />
De kom med saftiga detaljer.
  </s>
  <s id="120">
Så jävla sjukt!
    <time id="T64E" value="00:08:21,992" />
  </s>
  <s id="121">
    <time id="T65S" value="00:08:22,202" />
Du ställer jämt upp och sen får du skit.
    <time id="T65E" value="00:08:26,161" />
  </s>
  <s id="122">
    <time id="T66S" value="00:08:26,362" />
Ville du inte, skulle du inte ha sagt det. 
  </s>
  <s id="123">
Eller hur?
    <time id="T66E" value="00:08:31,436" />
  </s>
  <s id="124">
    <time id="T67S" value="00:08:31,642" />
- Jag ville bara att du skulle veta.
  </s>
  <s id="125">
- Nu vet jag.
    <time id="T67E" value="00:08:34,952" />
  </s>
  <s id="126">
    <time id="T68S" value="00:08:35,162" />
Skiter väl jag i. 
  </s>
  <s id="127">
Jag skiter i alla!
    <time id="T68E" value="00:08:39,360" />
  </s>
  <s id="128">
    <time id="T69S" value="00:08:39,562" />
Ta hit dem en efter en så skiter jag på dem.
    <time id="T69E" value="00:08:44,511" />
  </s>
  <s id="129">
    <time id="T70S" value="00:08:48,162" />
- Langa hit en öl.
  </s>
  <s id="130">
- Okej.
    <time id="T70E" value="00:08:51,711" />
  </s>
  <s id="131">
    <time id="T71S" value="00:09:09,162" />
Vill du ha hårda tag?
  </s>
  <s id="132">
Då ska du få det.
    <time id="T71E" value="00:09:13,792" />
  </s>
  <s id="133">
    <time id="T72S" value="00:09:19,602" />
Fått nog?
    <time id="T72E" value="00:09:21,718" />
  </s>
  <s id="134">
    <time id="T73S" value="00:09:22,082" />
Kvar här!
    <time id="T73E" value="00:09:23,720" />
  </s>
  <s id="135">
    <time id="T74S" value="00:09:24,242" />
Ta ut henne.
    <time id="T74E" value="00:09:26,233" />
  </s>
  <s id="136">
    <time id="T75S" value="00:09:27,922" />
Släpp!
    <time id="T75E" value="00:09:29,753" />
  </s>
  <s id="137">
    <time id="T76S" value="00:09:36,242" />
Av med brallorna!
  </s>
  <s id="138">
Annars tar jag till kniven!
    <time id="T76E" value="00:09:40,599" />
  </s>
  <s id="139">
    <time id="T77S" value="00:10:30,442" />
Lägg av!
    <time id="T77E" value="00:10:32,910" />
  </s>
  <s id="140">
    <time id="T78S" value="00:10:56,002" />
- Ska vi byta?
  </s>
  <s id="141">
- Ja.
    <time id="T78E" value="00:10:58,675" />
  </s>
  <s id="142">
    <time id="T79S" value="00:10:59,842" />
Sluta skrika!
    <time id="T79E" value="00:11:02,072" />
  </s>
  <s id="143">
    <time id="T80S" value="00:11:03,282" />
Ställ dig på knäna.
  </s>
  <s id="144">
Sätt fart!
    <time id="T80E" value="00:11:06,433" />
  </s>
  <s id="145">
    <time id="T81S" value="00:11:33,562" />
För fan som att knulla en zombie!
    <time id="T81E" value="00:11:37,350" />
  </s>
  <s id="146">
    <time id="T82S" value="00:11:41,002" />
Rör häcken, för fan!
    <time id="T82E" value="00:11:44,153" />
  </s>
  <s id="147">
    <time id="T83S" value="00:11:44,402" />
Vad fan tror du att du har mellan benen?
    <time id="T83E" value="00:11:48,680" />
  </s>
  <s id="148">
    <time id="T84S" value="00:11:48,882" />
Glöm det, jävla slampa!
    <time id="T84E" value="00:11:51,112" />
  </s>
  <s id="149">
    <time id="T85S" value="00:12:10,362" />
Hur kunde du låta dem göra det?
    <time id="T85E" value="00:12:14,321" />
  </s>
  <s id="150">
    <time id="T86S" value="00:12:18,842" />
För fan, Manu, hur kunde du?
    <time id="T86E" value="00:12:23,120" />
  </s>
  <s id="151">
    <time id="T87S" value="00:12:23,322" />
Det kunde ha varit värre.
    <time id="T87E" value="00:12:26,598" />
  </s>
  <s id="152">
    <time id="T88S" value="00:12:28,482" />
Vi lever ju än ...
    <time id="T88E" value="00:12:31,394" />
  </s>
  <s id="153">
    <time id="T89S" value="00:12:34,082" />
Hur fan kan du säga så? 
  </s>
  <s id="154">
Va?
  </s>
  <s id="155">
!
    <time id="T89E" value="00:12:38,519" />
  </s>
  <s id="156">
    <time id="T90S" value="00:12:41,922" />
Jag skiter fullständigt i deras runkarkukar. 
  </s>
  <s id="157">
Jag har haft andra i mig.
    <time id="T90E" value="00:12:48,441" />
  </s>
  <s id="158">
    <time id="T91S" value="00:12:48,642" />
Som när man parkerar. 
  </s>
  <s id="159">
Man lämnar inga värdesaker, för någon kan ta sig in.
    <time id="T91E" value="00:12:54,160" />
  </s>
  <s id="160">
    <time id="T92S" value="00:12:55,082" />
Jag lämnar inget värdefullt i fittan åt såna jävlar.
    <time id="T92E" value="00:12:59,394" />
  </s>
  <s id="161">
    <time id="T93S" value="00:12:59,602" />
Bara en kuk! 
  </s>
  <s id="162">
Vi är bara brudar ...
  </s>
  <s id="163">
Allt ordnar sig.
    <time id="T93E" value="00:13:04,722" />
  </s>
  <s id="164">
    <time id="T94S" value="00:13:06,642" />
Helvete!
    <time id="T94E" value="00:13:09,554" />
  </s>
  <s id="165">
    <time id="T95S" value="00:14:52,202" />
Vänd dig.
  </s>
  <s id="166">
Jag ska se till att det går för dig.
    <time id="T95E" value="00:14:56,639" />
  </s>
  <s id="167">
    <time id="T96S" value="00:15:42,362" />
Om du tar min whisky så ställ tillbaks den!
    <time id="T96E" value="00:15:46,594" />
  </s>
  <s id="168">
    <time id="T97S" value="00:15:46,802" />
Jag drack inte allt.
    <time id="T97E" value="00:15:48,520" />
  </s>
  <s id="169">
    <time id="T98S" value="00:15:50,522" />
Jämt samma sak. 
  </s>
  <s id="170">
Du kommer med löjligt svar. 
  </s>
  <s id="171">
Du kan inte föra en dialog.
    <time id="T98E" value="00:15:55,801" />
  </s>
  <s id="172">
    <time id="T99S" value="00:15:56,002" />
Dela våning betyder snacka och visa lite respekt. 
  </s>
  <s id="173">
Inget du klarar.
    <time id="T99E" value="00:16:02,840" />
  </s>
  <s id="174">
    <time id="T100S" value="00:16:09,802" />
Säkert att du inte har lite gräs?
    <time id="T100E" value="00:16:13,112" />
  </s>
  <s id="175">
    <time id="T101S" value="00:16:36,162" />
Vad är det med dig?
    <time id="T101E" value="00:16:38,801" />
  </s>
  <s id="176">
    <time id="T102S" value="00:16:39,042" />
Sluta sura!
    <time id="T102E" value="00:16:41,556" />
  </s>
  <s id="177">
    <time id="T103S" value="00:16:44,042" />
Får jag en?
    <time id="T103E" value="00:16:46,192" />
  </s>
  <s id="178">
    <time id="T104S" value="00:16:46,402" />
- Nej!
  </s>
  <s id="179">
- Kom igen ...
    <time id="T104E" value="00:16:49,200" />
  </s>
  <s id="180">
    <time id="T105S" value="00:17:01,482" />
Här, prinsessan.
    <time id="T105E" value="00:17:03,677" />
  </s>
  <s id="181">
    <time id="T106S" value="00:17:09,762" />
- Din jävel!
  </s>
  <s id="182">
- Ta honom!
    <time id="T106E" value="00:17:12,560" />
  </s>
  <s id="183">
    <time id="T107S" value="00:17:24,562" />
Knulla honom! 
  </s>
  <s id="184">
Döda honom!
    <time id="T107E" value="00:17:29,158" />
  </s>
  <s id="185">
    <time id="T108S" value="00:17:29,402" />
- Släpp, det är ju en grabb!
  </s>
  <s id="186">
- Lägg dig inte i!
    <time id="T108E" value="00:17:33,236" />
  </s>
  <s id="187">
    <time id="T109S" value="00:17:33,442" />
- För fan, en liten grabb!
  </s>
  <s id="188">
- Lägg av!
    <time id="T109E" value="00:17:37,151" />
  </s>
  <s id="189">
    <time id="T110S" value="00:17:37,482" />
Är det din kille?
  </s>
  <s id="190">
Ska vi fixa dig också, jävla fitta?
    <time id="T110E" value="00:17:41,111" />
  </s>
  <s id="191">
    <time id="T111S" value="00:17:41,322" />
Släpp henne!
    <time id="T111E" value="00:17:43,278" />
  </s>
  <s id="192">
    <time id="T112S" value="00:17:43,482" />
Släpp, sa jag! 
  </s>
  <s id="193">
Okej?
    <time id="T112E" value="00:17:46,758" />
  </s>
  <s id="194">
    <time id="T113S" value="00:17:48,242" />
- Kom igen.
  </s>
  <s id="195">
- De dödar honom.
    <time id="T113E" value="00:17:50,437" />
  </s>
  <s id="196">
    <time id="T114S" value="00:17:50,642" />
Lugna ner dig! 
  </s>
  <s id="197">
Sätt fart!
    <time id="T114E" value="00:17:54,920" />
  </s>
  <s id="198">
    <time id="T115S" value="00:17:55,122" />
Sätt fart, sa jag!
    <time id="T115E" value="00:17:58,080" />
  </s>
  <s id="199">
    <time id="T116S" value="00:17:59,842" />
Förresten, din gode vän Francis ringde.
  </s>
  <s id="200">
Vad ser du i den knarkaren?
    <time id="T116E" value="00:18:06,554" />
  </s>
  <s id="201">
    <time id="T117S" value="00:18:06,762" />
- Vad sa han?
  </s>
  <s id="202">
- Han var totalt väck.
    <time id="T117E" value="00:18:09,560" />
  </s>
  <s id="203">
    <time id="T118S" value="00:18:09,762" />
- Jag vill inte se honom här igen.
  </s>
  <s id="204">
- Ingen risk.
    <time id="T118E" value="00:18:13,755" />
  </s>
  <s id="205">
    <time id="T119S" value="00:18:13,962" />
- När ringde han?
  </s>
  <s id="206">
- Han kvartar här i veckor!
    <time id="T119E" value="00:18:17,921" />
  </s>
  <s id="207">
    <time id="T120S" value="00:18:18,122" />
Tömmer kylen ... kan inte dricka kaffe utan att spilla ut hälften.
    <time id="T120E" value="00:18:22,354" />
  </s>
  <s id="208">
    <time id="T121S" value="00:18:22,562" />
Dessutom klankar han på mig! 
  </s>
  <s id="209">
Sist för att jag hade kastat hans "bomull".
    <time id="T121E" value="00:18:27,682" />
  </s>
  <s id="210">
    <time id="T122S" value="00:18:27,962" />
Hur skulle jag kunna veta att han filtrerar en andra gång?
    <time id="T122E" value="00:18:32,194" />
  </s>
  <s id="211">
    <time id="T123S" value="00:18:32,402" />
En jävla typ jag inte vill se igen.
    <time id="T123E" value="00:18:34,870" />
  </s>
  <s id="212">
    <time id="T124S" value="00:18:35,082" />
Lugna ner dig.
    <time id="T124E" value="00:18:38,199" />
  </s>
  <s id="213">
    <time id="T125S" value="00:18:38,402" />
Lugn!
    <time id="T125E" value="00:18:41,200" />
  </s>
  <s id="214">
    <time id="T126S" value="00:18:41,402" />
Du är för jävlig!
    <time id="T126E" value="00:18:44,519" />
  </s>
  <s id="215">
    <time id="T127S" value="00:18:51,282" />
Vad är det för blåmärken?
  </s>
  <s id="216">
Vem har gjort dem?
    <time id="T127E" value="00:18:55,275" />
  </s>
  <s id="217">
    <time id="T128S" value="00:18:59,482" />
Några jävlar som liksom du måste slåss, för att känna att de lever.
    <time id="T128E" value="00:19:05,637" />
  </s>
  <s id="218">
    <time id="T129S" value="00:19:05,842" />
Blivit knullad igen?
  </s>
  <s id="219">
Det blir du jämt.
    <time id="T129E" value="00:19:11,121" />
  </s>
  <s id="220">
    <time id="T130S" value="00:19:18,682" />
Blev du våldtagen? 
  </s>
  <s id="221">
Blev du det?
    <time id="T130E" value="00:19:22,834" />
  </s>
  <s id="222">
    <time id="T131S" value="00:19:29,722" />
Av vem?
    <time id="T131E" value="00:19:31,075" />
  </s>
  <s id="223">
    <time id="T132S" value="00:19:31,282" />
- En stor jävla skit!
  </s>
  <s id="224">
- Min bästa polare, så håll käften!
    <time id="T132E" value="00:19:35,798" />
  </s>
  <s id="225">
    <time id="T133S" value="00:19:36,002" />
Bästa polare?
  </s>
  <s id="226">
! 
  </s>
  <s id="227">
Du är hans slav och gör allt han säger.
    <time id="T133E" value="00:19:40,518" />
  </s>
  <s id="228">
    <time id="T134S" value="00:19:40,722" />
Men han skiter i dig, din "bästa polare" ...
    <time id="T134E" value="00:19:44,192" />
  </s>
  <s id="229">
    <time id="T135S" value="00:19:49,362" />
Vem var det?
  </s>
  <s id="230">
Vem gjorde det där?
    <time id="T135E" value="00:19:53,321" />
  </s>
  <s id="231">
    <time id="T136S" value="00:19:53,522" />
Fan för dig!
  </s>
  <s id="232">
Du frågar inte ens hur jag mår.
    <time id="T136E" value="00:19:59,233" />
  </s>
  <s id="233">
    <time id="T137S" value="00:19:59,442" />
Så jävla dum att jag vill spy!
    <time id="T137E" value="00:20:02,354" />
  </s>
  <s id="234">
    <time id="T138S" value="00:20:10,482" />
Du ser inte särskilt berörd ut.
  </s>
  <s id="235">
Du äcklar mig.
    <time id="T138E" value="00:20:16,000" />
  </s>
  <s id="236">
    <time id="T139S" value="00:20:16,202" />
Slampa!
    <time id="T139E" value="00:20:18,352" />
  </s>
  <s id="237">
    <time id="T140S" value="00:21:00,642" />
- Vilket rum har herr Godot?
  </s>
  <s id="238">
- Rum 26, på andra våningen.
    <time id="T140E" value="00:21:07,593" />
  </s>
  <s id="239">
    <time id="T141S" value="00:21:09,082" />
- Ursäkta, han betalade bara för en.
  </s>
  <s id="240">
- Jag ska bara suga av honom.
    <time id="T141E" value="00:21:14,998" />
  </s>
  <s id="241">
    <time id="T142S" value="00:21:17,602" />
- Hur är det?
  </s>
  <s id="242">
- Förresten ... inga Subutex kvar ...
    <time id="T142E" value="00:21:21,675" />
  </s>
  <s id="243">
    <time id="T143S" value="00:21:21,882" />
Kan du skriva ut ett recept med din fina handstil?
    <time id="T143E" value="00:21:27,673" />
  </s>
  <s id="244">
    <time id="T144S" value="00:21:27,882" />
Ge hit!
    <time id="T144E" value="00:21:30,157" />
  </s>
  <s id="245">
    <time id="T145S" value="00:21:32,922" />
Högst upp, till höger, tre askar med åtta.
    <time id="T145E" value="00:21:36,710" />
  </s>
  <s id="246">
    <time id="T146S" value="00:21:36,922" />
Lägg av! 
  </s>
  <s id="247">
Jag klarar det själv.
    <time id="T146E" value="00:21:40,437" />
  </s>
  <s id="248">
    <time id="T147S" value="00:21:43,002" />
Är inte det lite för mycket?
  </s>
  <s id="249">
Du kan få problem.
    <time id="T147E" value="00:21:46,790" />
  </s>
  <s id="250">
    <time id="T148S" value="00:21:47,002" />
Du ska fan inte jävlas nu.
    <time id="T148E" value="00:21:51,518" />
  </s>
  <s id="251">
    <time id="T149S" value="00:21:56,442" />
Förresten, jag höll på att glömma.
  </s>
  <s id="252">
Minns du Noëlle?
    <time id="T149E" value="00:22:01,357" />
  </s>
  <s id="253">
    <time id="T150S" value="00:22:01,562" />
Du vet vad hon gör ... cyklar över gränsen, med LSD och allt.
    <time id="T150E" value="00:22:06,477" />
  </s>
  <s id="254">
    <time id="T151S" value="00:22:06,682" />
Hon måste få falska ID-papper.
  </s>
  <s id="255">
Jag kan inte lämna dem.
    <time id="T151E" value="00:22:11,472" />
  </s>
  <s id="256">
    <time id="T152S" value="00:22:11,682" />
Kl. 12 den 13:e måste jag vara i järnvägsbaren i Luxeuil.
    <time id="T152E" value="00:22:17,359" />
  </s>
  <s id="257">
    <time id="T153S" value="00:22:17,562" />
- Var är det?
  </s>
  <s id="258">
- I Vosges.
    <time id="T153E" value="00:22:19,951" />
  </s>
  <s id="259">
    <time id="T154S" value="00:22:20,162" />
Så du fattar, ju.
  </s>
  <s id="260">
Ge papperna åt henne.
    <time id="T154E" value="00:22:26,032" />
  </s>
  <s id="261">
    <time id="T155S" value="00:22:26,282" />
Hon cyklar över gränserna med LSD och hela skiten.
    <time id="T155E" value="00:22:31,310" />
  </s>
  <s id="262">
    <time id="T156S" value="00:22:31,522" />
Du måste göra det.
  </s>
  <s id="263">
Flera ligger jävligt illa till.
    <time id="T156E" value="00:22:36,312" />
  </s>
  <s id="264">
    <time id="T157S" value="00:22:36,522" />
- Räkna med mig.
  </s>
  <s id="265">
- Då så ... 
  </s>
  <s id="266">
Jag går ner.
    <time id="T157E" value="00:22:41,198" />
  </s>
  <s id="267">
    <time id="T158S" value="00:22:42,962" />
Tack.
    <time id="T158E" value="00:22:44,554" />
  </s>
  <s id="268">
    <time id="T159S" value="00:22:45,722" />
- Tack för att du kom.
  </s>
  <s id="269">
- Det var så lite.
    <time id="T159E" value="00:22:49,397" />
  </s>
  <s id="270">
    <time id="T160S" value="00:22:52,962" />
Förresten ...
    <time id="T160E" value="00:22:55,078" />
  </s>
  <s id="271">
    <time id="T161S" value="00:22:55,282" />
Såg du? 
  </s>
  <s id="272">
Ett apotek precis intill.
    <time id="T161E" value="00:23:00,561" />
  </s>
  <s id="273">
    <time id="T162S" value="00:23:00,762" />
Ja, du kan ju konsten att välja rätt hotell.
    <time id="T162E" value="00:23:04,198" />
  </s>
  <s id="274">
    <time id="T163S" value="00:24:25,202" />
Va?
    <time id="T163E" value="00:24:27,318" />
  </s>
  <s id="275">
    <time id="T164S" value="00:24:27,522" />
Vet inte.
    <time id="T164E" value="00:24:29,672" />
  </s>
  <s id="276">
    <time id="T165S" value="00:24:33,842" />
Sista tåget har gått.
    <time id="T165E" value="00:24:36,402" />
  </s>
  <s id="277">
    <time id="T166S" value="00:24:36,602" />
- För jävligt!
  </s>
  <s id="278">
- Du blir kvar här i natt.
    <time id="T166E" value="00:24:41,073" />
  </s>
  <s id="279">
    <time id="T167S" value="00:24:43,442" />
Fan, tåg först i morgon bitti!
    <time id="T167E" value="00:24:46,957" />
  </s>
  <s id="280">
    <time id="T168S" value="00:24:47,162" />
Fan, vad du snackar!
    <time id="T168E" value="00:24:50,199" />
  </s>
  <s id="281">
    <time id="T169S" value="00:24:50,402" />
Vart ska du?
    <time id="T169E" value="00:24:53,200" />
  </s>
  <s id="282">
    <time id="T170S" value="00:24:53,402" />
Paris, tror jag.
    <time id="T170E" value="00:24:56,200" />
  </s>
  <s id="283">
    <time id="T171S" value="00:24:56,402" />
Paris?
    <time id="T171E" value="00:24:58,870" />
  </s>
  <s id="284">
    <time id="T172S" value="00:24:59,082" />
Kan du köra?
    <time id="T172E" value="00:25:01,437" />
  </s>
  <s id="285">
    <time id="T173S" value="00:25:01,642" />
Ja.
    <time id="T173E" value="00:25:03,792" />
  </s>
  <s id="286">
    <time id="T174S" value="00:25:05,522" />
Du kan köra och jag har en kärra.
    <time id="T174E" value="00:25:09,720" />
  </s>
  <s id="287">
    <time id="T175S" value="00:25:09,922" />
Och jag vill åka till Paris.
    <time id="T175E" value="00:25:12,880" />
  </s>
  <s id="288">
    <time id="T176S" value="00:25:39,402" />
- Är du väntad i Paris?
  </s>
  <s id="289">
- Nej.
    <time id="T176E" value="00:25:43,156" />
  </s>
  <s id="290">
    <time id="T177S" value="00:25:48,842" />
Perfekt.
    <time id="T177E" value="00:25:51,595" />
  </s>
  <s id="291">
    <time id="T178S" value="00:25:51,802" />
Verkligen perfekt.
    <time id="T178E" value="00:25:54,475" />
  </s>
  <s id="292">
    <time id="T179S" value="00:25:55,722" />
Jag ligger jävligt illa till.
    <time id="T179E" value="00:25:59,556" />
  </s>
  <s id="293">
    <time id="T180S" value="00:25:59,762" />
Visst, synd det skulle bli du ...
    <time id="T180E" value="00:26:03,801" />
  </s>
  <s id="294">
    <time id="T181S" value="00:26:04,002" />
Jag vill se havet.
  </s>
  <s id="295">
Skjutsa mig dit!
    <time id="T181E" value="00:26:07,233" />
  </s>
  <s id="296">
    <time id="T182S" value="00:26:07,442" />
Sen får du behålla kärran, med full tank ...
    <time id="T182E" value="00:26:10,673" />
  </s>
  <s id="297">
    <time id="T183S" value="00:26:10,882" />
Schysst!
    <time id="T183E" value="00:26:12,759" />
  </s>
  <s id="298">
    <time id="T184S" value="00:26:37,202" />
- Får jag fråga en sak?
  </s>
  <s id="299">
- Vadå?
    <time id="T184E" value="00:26:40,877" />
  </s>
  <s id="300">
    <time id="T185S" value="00:26:41,082" />
Har du inte varit med i porrfilmer?
  </s>
  <s id="301">
Uppriktigt?
    <time id="T185E" value="00:26:45,121" />
  </s>
  <s id="302">
    <time id="T186S" value="00:26:46,482" />
Jo, hur visste du det?
  </s>
  <s id="303">
Kollar din kille?
    <time id="T186E" value="00:26:50,953" />
  </s>
  <s id="304">
    <time id="T187S" value="00:26:51,162" />
Jag har ingen. 
  </s>
  <s id="305">
Jag kollar själv.
    <time id="T187E" value="00:26:54,757" />
  </s>
  <s id="306">
    <time id="T188S" value="00:26:56,402" />
Jaha, än sen?
    <time id="T188E" value="00:26:59,121" />
  </s>
  <s id="307">
    <time id="T189S" value="00:27:00,842" />
Fan, jag är törstig.
  </s>
  <s id="308">
Stanna, så jag får dricka.
    <time id="T189E" value="00:27:06,439" />
  </s>
  <s id="309">
    <time id="T190S" value="00:27:06,642" />
Vi kommer snart till en bensinstation.
    <time id="T190E" value="00:27:09,793" />
  </s>
  <s id="310">
    <time id="T191S" value="00:27:11,882" />
Perfekt.
  </s>
  <s id="311">
Men försök inget när vi är där.
    <time id="T191E" value="00:27:17,115" />
  </s>
  <s id="312">
    <time id="T192S" value="00:27:17,322" />
Ingen risk, tanken slår mig inte ens.
    <time id="T192E" value="00:27:21,156" />
  </s>
  <s id="313">
    <time id="T193S" value="00:28:38,682" />
Ta kärran och försvinn om du vill.
    <time id="T193E" value="00:28:42,436" />
  </s>
  <s id="314">
    <time id="T194S" value="00:28:50,082" />
Jag ska äta frukost. 
  </s>
  <s id="315">
Och du?
    <time id="T194E" value="00:28:53,040" />
  </s>
  <s id="316">
    <time id="T195S" value="00:28:54,722" />
Vet inte. 
  </s>
  <s id="317">
Jag äter med dig.
    <time id="T195E" value="00:28:58,192" />
  </s>
  <s id="318">
    <time id="T196S" value="00:29:08,722" />
Underligt att vi möttes så här.
    <time id="T196E" value="00:29:11,680" />
  </s>
  <s id="319">
    <time id="T197S" value="00:29:13,562" />
Inte alls. 
  </s>
  <s id="320">
Det var nu eller aldrig.
    <time id="T197E" value="00:29:17,874" />
  </s>
  <s id="321">
    <time id="T198S" value="00:29:19,762" />
Så kan man ju se det.
    <time id="T198E" value="00:29:21,832" />
  </s>
  <s id="322">
    <time id="T199S" value="00:29:22,042" />
- Vi skulle kunna åka nånstans.
  </s>
  <s id="323">
- Med dina 10 000?
    <time id="T199E" value="00:29:26,877" />
  </s>
  <s id="324">
    <time id="T200S" value="00:29:27,082" />
Inget ställe lockar mig.
  </s>
  <s id="325">
Jag lovade vara i Vosges den 13:e.
    <time id="T200E" value="00:29:32,952" />
  </s>
  <s id="326">
    <time id="T201S" value="00:29:33,162" />
Jag vill inte svika Noëlle.
  </s>
  <s id="327">
Hon verkar schysst.
    <time id="T201E" value="00:29:36,996" />
  </s>
  <s id="328">
    <time id="T202S" value="00:29:38,722" />
Vi håller ihop till dess, då.
    <time id="T202E" value="00:29:41,680" />
  </s>
  <s id="329">
    <time id="T203S" value="00:31:31,162" />
- Synd om henne.
  </s>
  <s id="330">
- Jag är skiträdd.
    <time id="T203E" value="00:31:35,440" />
  </s>
  <s id="331">
    <time id="T204S" value="00:32:39,082" />
Fan, vad underligt!
    <time id="T204E" value="00:32:40,720" />
  </s>
  <s id="332">
    <time id="T205S" value="00:32:43,762" />
Det går så fort.
    <time id="T205E" value="00:32:46,276" />
  </s>
  <s id="333">
    <time id="T206S" value="00:32:47,442" />
Du stod för nära henne.
  </s>
  <s id="334">
Jag hade kunnat träffa din arm.
    <time id="T206E" value="00:32:51,117" />
  </s>
  <s id="335">
    <time id="T207S" value="00:32:51,642" />
Var försiktig.
    <time id="T207E" value="00:32:53,678" />
  </s>
  <s id="336">
    <time id="T208S" value="00:32:53,882" />
Vi lär oss allt eftersom ...
    <time id="T208E" value="00:32:56,715" />
  </s>
  <s id="337">
    <time id="T209S" value="00:32:56,922" />
Hur kändes det?
    <time id="T209E" value="00:32:58,753" />
  </s>
  <s id="338">
    <time id="T210S" value="00:33:00,402" />
Först kändes det för jävligt.
  </s>
  <s id="339">
Verkligen!
    <time id="T210E" value="00:33:04,361" />
  </s>
  <s id="340">
    <time id="T211S" value="00:33:04,562" />
Jag ville gråta.
  </s>
  <s id="341">
Som om jorden gått under ...
    <time id="T211E" value="00:33:09,317" />
  </s>
  <s id="342">
    <time id="T212S" value="00:33:09,522" />
Men nu ...
    <time id="T212E" value="00:33:11,672" />
  </s>
  <s id="343">
    <time id="T213S" value="00:33:11,882" />
- Jag mår skitbra! 
  </s>
  <s id="344">
Skulle gärna ...
  </s>
  <s id="345">
- ... göra om det.
    <time id="T213E" value="00:33:17,752" />
  </s>
  <s id="346">
    <time id="T214S" value="00:33:24,122" />
Vi vet inte om vi är efterlysta.
    <time id="T214E" value="00:33:28,354" />
  </s>
  <s id="347">
    <time id="T215S" value="00:33:28,562" />
Snutar är i regel idioter.
    <time id="T215E" value="00:33:32,316" />
  </s>
  <s id="348">
    <time id="T216S" value="00:33:32,522" />
Men de jobbar hårt och vi har ju lämnat spår.
    <time id="T216E" value="00:33:36,595" />
  </s>
  <s id="349">
    <time id="T217S" value="00:33:42,442" />
Vi super till.
    <time id="T217E" value="00:33:45,514" />
  </s>
  <s id="350">
    <time id="T218S" value="00:33:45,722" />
Från och med nu dricker vi rejält.
  </s>
  <s id="351">
Vi ska ha kul ...
    <time id="T218E" value="00:33:51,638" />
  </s>
  <s id="352">
    <time id="T219S" value="00:33:53,282" />
Ju mer man knullar, desto mindre tänker man, desto bättre sover man.
    <time id="T219E" value="00:33:58,561" />
  </s>
  <s id="353">
    <time id="T220S" value="00:36:09,202" />
Det skulle sitta fint med en 69:a ...
    <time id="T220E" value="00:36:14,435" />
  </s>
  <s id="354">
    <time id="T221S" value="00:36:20,522" />
Försvinn!
    <time id="T221E" value="00:36:23,036" />
  </s>
  <s id="355">
    <time id="T222S" value="00:37:19,242" />
Det kylde av den jäveln!
  </s>
  <s id="356">
Skitstövel i kostym ...
    <time id="T222E" value="00:37:22,996" />
  </s>
  <s id="357">
    <time id="T223S" value="00:37:23,202" />
Hej! 
  </s>
  <s id="358">
Pang!
    <time id="T223E" value="00:37:25,762" />
  </s>
  <s id="359">
    <time id="T224S" value="00:37:25,962" />
- Såg du hans min?
  </s>
  <s id="360">
- Jävla as!
    <time id="T224E" value="00:37:30,035" />
  </s>
  <s id="361">
    <time id="T225S" value="00:37:32,962" />
- Vart nu?
  </s>
  <s id="362">
- Vet inte.
    <time id="T225E" value="00:37:36,034" />
  </s>
  <s id="363">
    <time id="T226S" value="00:37:36,242" />
Vi följer vår stjärna och låter skitstövlarna falla allt eftersom.
    <time id="T226E" value="00:37:43,398" />
  </s>
  <s id="364">
    <time id="T227S" value="00:37:46,442" />
- Jag har skurit mig överallt.
  </s>
  <s id="365">
- Ser löjligt ut!
    <time id="T227E" value="00:37:50,515" />
  </s>
  <s id="366">
    <time id="T228S" value="00:37:50,722" />
Du fattar noll. 
  </s>
  <s id="367">
Det är coolt.
    <time id="T228E" value="00:37:53,998" />
  </s>
  <s id="368">
    <time id="T229S" value="00:37:55,242" />
Vi får dra på om vi ska hinna till Vosges till den 13:e.
    <time id="T229E" value="00:37:59,315" />
  </s>
  <s id="369">
    <time id="T230S" value="00:37:59,522" />
Vad ska vi göra där? 
  </s>
  <s id="370">
Långt härifrån, kallt och visst fult också.
    <time id="T230E" value="00:38:04,038" />
  </s>
  <s id="371">
    <time id="T231S" value="00:38:04,242" />
- Är du tokig? 
  </s>
  <s id="372">
Vi ska träffa Noëlle.
  </s>
  <s id="373">
- Henne hade jag glömt.
    <time id="T231E" value="00:38:10,033" />
  </s>
  <s id="374">
    <time id="T232S" value="00:38:13,562" />
Beretta, 92F ... med Pachmayr-grepp. 
  </s>
  <s id="375">
Rostfri.
    <time id="T232E" value="00:38:19,080" />
  </s>
  <s id="376">
    <time id="T233S" value="00:38:19,282" />
För mig personligen, ett favoritvapen.
  </s>
  <s id="377">
Mycket maskulint. 
  </s>
  <s id="378">
Jag gillar det.
    <time id="T233E" value="00:38:26,233" />
  </s>
  <s id="379">
    <time id="T234S" value="00:38:31,242" />
Ta magasinet och sätt in det.
    <time id="T234E" value="00:38:34,279" />
  </s>
  <s id="380">
    <time id="T235S" value="00:38:34,482" />
Dra sen bakåt, säkringen är här.
  </s>
  <s id="381">
Nu är det skjutklart. 
  </s>
  <s id="382">
En gång till?
    <time id="T235E" value="00:38:41,194" />
  </s>
  <s id="383">
    <time id="T236S" value="00:38:41,402" />
Kom ihåg att köra in hela magasinet, precis hela vägen in.
    <time id="T236E" value="00:38:46,999" />
  </s>
  <s id="384">
    <time id="T237S" value="00:38:47,202" />
Tillbaka, säkringen, så var det klart.
    <time id="T237E" value="00:38:50,239" />
  </s>
  <s id="385">
    <time id="T238S" value="00:38:50,442" />
- Så där, om er man ...
  </s>
  <s id="386">
- Och om det är frun som gillar vapen?
    <time id="T238E" value="00:38:56,119" />
  </s>
  <s id="387">
    <time id="T239S" value="00:39:03,482" />
Fan, vi är hopplösa.
  </s>
  <s id="388">
Aldrig rätt replik!
    <time id="T239E" value="00:39:08,397" />
  </s>
  <s id="389">
    <time id="T240S" value="00:39:09,922" />
Men rätt gester! 
  </s>
  <s id="390">
Alltid nåt!
    <time id="T240E" value="00:39:13,232" />
  </s>
  <s id="391">
    <time id="T241S" value="00:39:13,762" />
Vi gör rätt bra ifrån oss.
    <time id="T241E" value="00:39:17,152" />
  </s>
  <s id="392">
    <time id="T242S" value="00:39:17,362" />
Folk dör ju.
  </s>
  <s id="393">
Dialogen måste hålla samma klass.
    <time id="T242E" value="00:39:23,881" />
  </s>
  <s id="394">
    <time id="T243S" value="00:39:24,082" />
På pricken, för fan!
    <time id="T243E" value="00:39:27,154" />
  </s>
  <s id="395">
    <time id="T244S" value="00:39:27,362" />
Vi kan ju inte skriva i förväg.
    <time id="T244E" value="00:39:29,922" />
  </s>
  <s id="396">
    <time id="T245S" value="00:39:30,122" />
Så klart inte ... det vore oetiskt.
    <time id="T245E" value="00:39:34,161" />
  </s>
  <s id="397">
    <time id="T246S" value="00:39:35,722" />
Vi måste köpa dricka.
    <time id="T246E" value="00:39:38,794" />
  </s>
  <s id="398">
    <time id="T247S" value="00:39:45,602" />
Har du dricka med dig? 
  </s>
  <s id="399">
Perfekt.
    <time id="T247E" value="00:39:49,117" />
  </s>
  <s id="400">
    <time id="T248S" value="00:39:53,242" />
Jag fläckade ner överallt för att jävlas med morsan.
    <time id="T248E" value="00:39:57,076" />
  </s>
  <s id="401">
    <time id="T249S" value="00:39:57,282" />
Hon blev vansinnig.
  </s>
  <s id="402">
Jag får lust att knulla.
    <time id="T249E" value="00:40:02,151" />
  </s>
  <s id="403">
    <time id="T250S" value="00:40:43,842" />
Tack.
    <time id="T250E" value="00:40:45,833" />
  </s>
  <s id="404">
    <time id="T251S" value="00:40:55,322" />
Spelar du inte?
    <time id="T251E" value="00:40:58,041" />
  </s>
  <s id="405">
    <time id="T252S" value="00:40:58,242" />
Vill du spela?
    <time id="T252E" value="00:41:00,710" />
  </s>
  <s id="406">
    <time id="T253S" value="00:41:00,922" />
Vill du ha en?
    <time id="T253E" value="00:41:03,994" />
  </s>
  <s id="407">
    <time id="T254S" value="00:41:04,202" />
Ni ska ge mig tur.
    <time id="T254E" value="00:41:06,716" />
  </s>
  <s id="408">
    <time id="T255S" value="00:42:00,482" />
- Bara din kuk, utan nåt på ...
  </s>
  <s id="409">
- Vansinnigt att inte skydda sig.
    <time id="T255E" value="00:42:05,875" />
  </s>
  <s id="410">
    <time id="T256S" value="00:42:06,122" />
Du är tokig.
  </s>
  <s id="411">
Det är emot mina principer.
    <time id="T256E" value="00:42:11,913" />
  </s>
  <s id="412">
    <time id="T257S" value="00:42:18,762" />
Du får ju inte upp den.
  </s>
  <s id="413">
Bortkastad tid!
    <time id="T257E" value="00:42:22,516" />
  </s>
  <s id="414">
    <time id="T258S" value="00:42:27,162" />
Jag vet inte vad det är med mig.
    <time id="T258E" value="00:42:30,757" />
  </s>
  <s id="415">
    <time id="T259S" value="00:42:30,962" />
Du kanske kan ta munnen till hjälp?
    <time id="T259E" value="00:42:35,638" />
  </s>
  <s id="416">
    <time id="T260S" value="00:42:38,802" />
Var glad att jag är en riktig kvinna.
    <time id="T260E" value="00:42:42,590" />
  </s>
  <s id="417">
    <time id="T261S" value="00:43:14,562" />
Jävla slampa!
    <time id="T261E" value="00:43:17,838" />
  </s>
  <s id="418">
    <time id="T262S" value="00:43:28,002" />
Vad är det som är så kul? 
  </s>
  <s id="419">
Jävlar!
    <time id="T262E" value="00:43:31,756" />
  </s>
  <s id="420">
    <time id="T263S" value="00:43:32,642" />
Jag satte i halsen!
    <time id="T263E" value="00:43:35,110" />
  </s>
  <s id="421">
    <time id="T264S" value="00:43:39,882" />
Jävla slampor!
    <time id="T264E" value="00:43:42,032" />
  </s>
  <s id="422">
    <time id="T265S" value="00:43:45,602" />
Ynkliga skitfittor!
    <time id="T265E" value="00:43:48,070" />
  </s>
  <s id="423">
    <time id="T266S" value="00:43:50,042" />
Du ska inte gå.
    <time id="T266E" value="00:43:52,715" />
  </s>
  <s id="424">
    <time id="T267S" value="00:43:56,842" />
Det vi ogillar hos dig är kondomen.
    <time id="T267E" value="00:44:01,154" />
  </s>
  <s id="425">
    <time id="T268S" value="00:44:01,442" />
Vi vet vem du är ... 
  </s>
  <s id="426">
En kondomskit!
    <time id="T268E" value="00:44:05,276" />
  </s>
  <s id="427">
    <time id="T269S" value="00:44:06,082" />
Man följer inte med vem som helst.
    <time id="T269E" value="00:44:08,994" />
  </s>
  <s id="428">
    <time id="T270S" value="00:44:09,202" />
Gissa vilka du hamnade hos denna gång?
    <time id="T270E" value="00:44:13,161" />
  </s>
  <s id="429">
    <time id="T271S" value="00:44:14,242" />
Brudarna som dödar kondomskitar!
    <time id="T271E" value="00:44:17,712" />
  </s>
  <s id="430">
    <time id="T272S" value="00:46:07,322" />
- Rena paniken i stan!
  </s>
  <s id="431">
- Bilder av oss?
    <time id="T272E" value="00:46:11,520" />
  </s>
  <s id="432">
    <time id="T273S" value="00:46:14,642" />
Ingen känner igen oss utifrån de där.
    <time id="T273E" value="00:46:18,078" />
  </s>
  <s id="433">
    <time id="T274S" value="00:46:18,282" />
De vet bara att det är två brudar, en lite längre ...
    <time id="T274E" value="00:46:22,116" />
  </s>
  <s id="434">
    <time id="T275S" value="00:46:33,722" />
Vill du inte känna ballarna slå mot häcken?
    <time id="T275E" value="00:46:38,034" />
  </s>
  <s id="435">
    <time id="T276S" value="00:46:49,762" />
Skithög!
    <time id="T276E" value="00:46:51,275" />
  </s>
  <s id="436">
    <time id="T277S" value="00:46:56,122" />
Hur kör man mot Biarritz?
    <time id="T277E" value="00:46:58,955" />
  </s>
  <s id="437">
    <time id="T278S" value="00:46:59,162" />
Ingen aning. 
  </s>
  <s id="438">
Jag ser inte ens skyltarna. 
  </s>
  <s id="439">
Du får säga allt eftersom.
    <time id="T278E" value="00:47:03,633" />
  </s>
  <s id="440">
    <time id="T279S" value="00:47:03,842" />
Va?
    <time id="T279E" value="00:47:04,797" />
  </s>
  <s id="441">
    <time id="T280S" value="00:47:05,002" />
Är du knäpp? 
  </s>
  <s id="442">
Kör på bara.
  </s>
  <s id="443">
Skulle jag visa vägen?
  </s>
  <s id="444">
!
    <time id="T280E" value="00:47:09,712" />
  </s>
  <s id="445">
    <time id="T281S" value="00:47:09,922" />
Ingen hjälp där, inte!
    <time id="T281E" value="00:47:12,800" />
  </s>
  <s id="446">
    <time id="T282S" value="00:47:21,402" />
Ett rum, tack.
    <time id="T282E" value="00:47:24,121" />
  </s>
  <s id="447">
    <time id="T283S" value="00:47:24,322" />
- Hej.
  </s>
  <s id="448">
- Det med mest klass.
    <time id="T283E" value="00:47:27,041" />
  </s>
  <s id="449">
    <time id="T284S" value="00:47:27,242" />
Med mest klass ...
  </s>
  <s id="450">
Mer klass har vi inte.
    <time id="T284E" value="00:47:31,554" />
  </s>
  <s id="451">
    <time id="T285S" value="00:47:31,802" />
- Finns det sprit på rummen?
  </s>
  <s id="452">
- Nej, men här nere.
    <time id="T285E" value="00:47:35,158" />
  </s>
  <s id="453">
    <time id="T286S" value="00:47:35,362" />
Det är klass.
    <time id="T286E" value="00:47:37,193" />
  </s>
  <s id="454">
    <time id="T287S" value="00:47:40,082" />
- Priset ... ?
  </s>
  <s id="455">
- För rum med klass? 
  </s>
  <s id="456">
800 franc.
    <time id="T287E" value="00:47:43,870" />
  </s>
  <s id="457">
    <time id="T288S" value="00:47:57,202" />
Fint hotell. 
  </s>
  <s id="458">
Jag gillar det.
    <time id="T288E" value="00:48:00,672" />
  </s>
  <s id="459">
    <time id="T289S" value="00:48:07,962" />
Vi kanske ses senare.
    <time id="T289E" value="00:48:10,430" />
  </s>
  <s id="460">
    <time id="T290S" value="00:48:45,442" />
Känns mysko när inget händer.
    <time id="T290E" value="00:48:48,559" />
  </s>
  <s id="461">
    <time id="T291S" value="00:48:50,442" />
Då är det du som är mysko.
    <time id="T291E" value="00:48:53,673" />
  </s>
  <s id="462">
    <time id="T292S" value="00:48:59,962" />
Här är vi på ett hotell efter allt det där ...
    <time id="T292E" value="00:49:04,080" />
  </s>
  <s id="463">
    <time id="T293S" value="00:49:05,322" />
Som om allt vore tillåtet.
    <time id="T293E" value="00:49:08,473" />
  </s>
  <s id="464">
    <time id="T294S" value="00:49:10,482" />
Taktiskt sett ... får vi inte tänka så.
    <time id="T294E" value="00:49:13,838" />
  </s>
  <s id="465">
    <time id="T295S" value="00:49:14,042" />
- Vi måste tänka positivt.
  </s>
  <s id="466">
- Förstör inte whiskyn med cola.
    <time id="T295E" value="00:49:19,116" />
  </s>
  <s id="467">
    <time id="T296S" value="00:49:21,402" />
Vill jag det, så ...
    <time id="T296E" value="00:49:23,358" />
  </s>
  <s id="468">
    <time id="T297S" value="00:49:27,802" />
Ursäkta ... 
  </s>
  <s id="469">
Jag är törstig.
    <time id="T297E" value="00:49:31,112" />
  </s>
  <s id="470">
    <time id="T298S" value="00:49:31,322" />
- Är du? 
  </s>
  <s id="471">
Vill du ha en öl?
  </s>
  <s id="472">
- Ja, tack.
    <time id="T298E" value="00:49:34,951" />
  </s>
  <s id="473">
    <time id="T299S" value="00:49:55,002" />
En öl, tack.
    <time id="T299E" value="00:49:57,357" />
  </s>
  <s id="474">
    <time id="T300S" value="00:50:30,002" />
Vart ska du?
    <time id="T300E" value="00:50:31,958" />
  </s>
  <s id="475">
    <time id="T301S" value="00:50:32,162" />
- Till klubben.
  </s>
  <s id="476">
- Jag följer med.
    <time id="T301E" value="00:50:35,598" />
  </s>
  <s id="477">
    <time id="T302S" value="00:52:25,962" />
Tack. 
  </s>
  <s id="478">
Hej då.
    <time id="T302E" value="00:52:27,918" />
  </s>
  <s id="479">
    <time id="T303S" value="00:52:45,362" />
Helvete!
    <time id="T303E" value="00:52:46,875" />
  </s>
  <s id="480">
    <time id="T304S" value="00:52:52,562" />
Synd om dem.
    <time id="T304E" value="00:52:54,996" />
  </s>
  <s id="481">
    <time id="T305S" value="00:53:05,322" />
Polis. 
  </s>
  <s id="482">
Papperna på bilen, tack.
    <time id="T305E" value="00:53:08,473" />
  </s>
  <s id="483">
    <time id="T306S" value="00:53:08,682" />
Javisst.
    <time id="T306E" value="00:53:10,673" />
  </s>
  <s id="484">
    <time id="T307S" value="00:53:10,882" />
Få se ... kanske i väskan.
    <time id="T307E" value="00:53:13,919" />
  </s>
  <s id="485">
    <time id="T308S" value="00:53:27,722" />
Beklagar ...
    <time id="T308E" value="00:53:29,713" />
  </s>
  <s id="486">
    <time id="T309S" value="00:53:33,202" />
Ni kan inte lämna mig här.
  </s>
  <s id="487">
Jag vet vilka ni är.
    <time id="T309E" value="00:53:37,957" />
  </s>
  <s id="488">
    <time id="T310S" value="00:54:05,442" />
För tjejer på flykt är ni rätt lugna.
    <time id="T310E" value="00:54:09,640" />
  </s>
  <s id="489">
    <time id="T311S" value="00:54:10,642" />
- För vi har ingen fantasi.
  </s>
  <s id="490">
- Skitsnack.
    <time id="T311E" value="00:54:15,477" />
  </s>
  <s id="491">
    <time id="T312S" value="00:54:15,682" />
Alla är rädda för att dö eller åka in på livstid.
    <time id="T312E" value="00:54:19,311" />
  </s>
  <s id="492">
    <time id="T313S" value="00:54:19,522" />
Men så blir det, ingen kommer undan.
  </s>
  <s id="493">
Fast jag dömer inte.
    <time id="T313E" value="00:54:24,721" />
  </s>
  <s id="494">
    <time id="T314S" value="00:54:24,922" />
På TV sa de att ni skjutit familjefar och en kvinna, utan anledning.
    <time id="T314E" value="00:54:30,280" />
  </s>
  <s id="495">
    <time id="T315S" value="00:54:30,482" />
Mer moraliskt om vi stal också?
    <time id="T315E" value="00:54:34,270" />
  </s>
  <s id="496">
    <time id="T316S" value="00:54:34,482" />
Det finns inga förmildrande omständigheter!
    <time id="T316E" value="00:54:37,918" />
  </s>
  <s id="497">
    <time id="T317S" value="00:54:41,882" />
Om vi stött ihop på bussen hade jag aldrig anat ...
    <time id="T317E" value="00:54:45,795" />
  </s>
  <s id="498">
    <time id="T318S" value="00:54:46,002" />
Poängen med det hela!
    <time id="T318E" value="00:54:49,074" />
  </s>
  <s id="499">
    <time id="T319S" value="00:54:53,922" />
Syrran ... ska vi dra?
    <time id="T319E" value="00:54:57,153" />
  </s>
  <s id="500">
    <time id="T320S" value="00:54:57,362" />
Ska vi lägga oss?
    <time id="T320E" value="00:54:59,318" />
  </s>
  <s id="501">
    <time id="T321S" value="00:55:00,882" />
Kommer du?
    <time id="T321E" value="00:55:02,838" />
  </s>
  <s id="502">
    <time id="T322S" value="00:55:08,562" />
Ska vi lägga oss?
    <time id="T322E" value="00:55:10,871" />
  </s>
  <s id="503">
    <time id="T323S" value="00:55:11,082" />
Då så ...
    <time id="T323E" value="00:55:12,595" />
  </s>
  <s id="504">
    <time id="T324S" value="00:55:12,802" />
- God natt.
  </s>
  <s id="505">
- Vi ses i morgon.
    <time id="T324E" value="00:55:15,953" />
  </s>
  <s id="506">
    <time id="T325S" value="00:55:24,082" />
Han påminner om min brorsa.
    <time id="T325E" value="00:55:27,119" />
  </s>
  <s id="507">
    <time id="T326S" value="00:55:31,802" />
Jag blir påmind om hemmet vi aldrig får ...
    <time id="T326E" value="00:55:35,954" />
  </s>
  <s id="508">
    <time id="T327S" value="00:55:44,962" />
- Här.
  </s>
  <s id="509">
- Tack.
    <time id="T327E" value="00:55:47,556" />
  </s>
  <s id="510">
    <time id="T328S" value="00:55:47,762" />
Vill du ha?
    <time id="T328E" value="00:55:49,673" />
  </s>
  <s id="511">
    <time id="T329S" value="00:55:53,762" />
Varför lämnar ni inte landet?
    <time id="T329E" value="00:55:56,993" />
  </s>
  <s id="512">
    <time id="T330S" value="00:55:57,202" />
Vad fan skulle vi göra någon annanstans?
    <time id="T330E" value="00:56:01,957" />
  </s>
  <s id="513">
    <time id="T331S" value="00:56:04,682" />
Skulle inte funka!
    <time id="T331E" value="00:56:07,116" />
  </s>
  <s id="514">
    <time id="T332S" value="00:56:07,322" />
Man kan ju inte bara vänta på att åka fast.
    <time id="T332E" value="00:56:11,315" />
  </s>
  <s id="515">
    <time id="T333S" value="00:56:12,402" />
Vi kan det.
    <time id="T333E" value="00:56:13,596" />
  </s>
  <s id="516">
    <time id="T334S" value="00:56:13,802" />
Jag håller inte med.
  </s>
  <s id="517">
Ni kan inte bara vänta ...
    <time id="T334E" value="00:56:17,511" />
  </s>
  <s id="518">
    <time id="T335S" value="00:56:30,562" />
Jag tvekar mellan hopp ut i luften eller brännas ihjäl levande ...
    <time id="T335E" value="00:56:34,999" />
  </s>
  <s id="519">
    <time id="T336S" value="00:56:35,202" />
Men självmord som fackla är lite väl pretentiöst.
    <time id="T336E" value="00:56:38,751" />
  </s>
  <s id="520">
    <time id="T337S" value="00:56:38,962" />
Efter Vosges, röstar jag på hopp utan lina ...
    <time id="T337E" value="00:56:43,911" />
  </s>
  <s id="521">
    <time id="T338S" value="00:56:45,522" />
Ett mirakel att vi ännu är fria.
    <time id="T338E" value="00:56:49,481" />
  </s>
  <s id="522">
    <time id="T339S" value="00:56:49,682" />
Bara det slutar lika bra som det började.
    <time id="T339E" value="00:56:53,118" />
  </s>
  <s id="523">
    <time id="T340S" value="00:56:53,322" />
Med en rejäl slutkläm!
    <time id="T340E" value="00:56:56,553" />
  </s>
  <s id="524">
    <time id="T341S" value="00:56:58,202" />
Du får knuffa mig.
  </s>
  <s id="525">
Jag skulle aldrig våga.
    <time id="T341E" value="00:57:02,639" />
  </s>
  <s id="526">
    <time id="T342S" value="00:57:02,842" />
Jag vet inte riktigt.
    <time id="T342E" value="00:57:05,515" />
  </s>
  <s id="527">
    <time id="T343S" value="00:57:06,842" />
Lugn, jag knuffar dig.
    <time id="T343E" value="00:57:09,595" />
  </s>
  <s id="528">
    <time id="T344S" value="00:57:11,642" />
Vi måste ge pressen nåt.
  </s>
  <s id="529">
"De hoppade utan lina."
    <time id="T344E" value="00:57:17,478" />
  </s>
  <s id="530">
    <time id="T345S" value="00:57:17,682" />
- De får inte dra till med vadsomhelst.
  </s>
  <s id="531">
- Exakt, kommunikationen är viktig.
    <time id="T345E" value="00:57:23,234" />
  </s>
  <s id="532">
    <time id="T346S" value="00:57:24,162" />
- Vi ska inte snacka om det hela dan.
  </s>
  <s id="533">
- Det kom utanför!
    <time id="T346E" value="00:57:28,713" />
  </s>
  <s id="534">
    <time id="T347S" value="00:57:30,562" />
Koncentrera dig!
    <time id="T347E" value="00:57:33,520" />
  </s>
  <s id="535">
    <time id="T348S" value="00:57:33,722" />
En annan ton, tack!
    <time id="T348E" value="00:57:36,236" />
  </s>
  <s id="536">
    <time id="T349S" value="00:57:36,442" />
Du är lång, du!
    <time id="T349E" value="00:57:38,717" />
  </s>
  <s id="537">
    <time id="T350S" value="00:57:40,162" />
Hur är snubben?
    <time id="T350E" value="00:57:41,515" />
  </s>
  <s id="538">
    <time id="T351S" value="00:57:41,722" />
En jävla skithög!
  </s>
  <s id="539">
Bra att ni tittar hem till honom.
    <time id="T351E" value="00:57:45,510" />
  </s>
  <s id="540">
    <time id="T352S" value="00:57:45,722" />
- Har han svikit dig?
  </s>
  <s id="541">
- Ja. 
  </s>
  <s id="542">
Irriterat mig till max!
    <time id="T352E" value="00:57:49,237" />
  </s>
  <s id="543">
    <time id="T353S" value="00:57:49,442" />
Jag vill då inte irritera dig.
    <time id="T353E" value="00:57:52,240" />
  </s>
  <s id="544">
    <time id="T354S" value="00:57:53,442" />
Kassaskåpet står där.
    <time id="T354E" value="00:57:56,036" />
  </s>
  <s id="545">
    <time id="T355S" value="00:58:39,322" />
Schysst ställe den jäveln har.
    <time id="T355E" value="00:58:42,280" />
  </s>
  <s id="546">
    <time id="T356S" value="00:58:45,482" />
- Vad kan jag hjälpa till med?
  </s>
  <s id="547">
- Vi är från IPSOS opinionsmätningar.
    <time id="T356E" value="00:58:51,512" />
  </s>
  <s id="548">
    <time id="T357S" value="00:58:51,722" />
Vill ni svara på några frågor om folks kulturvanor?
    <time id="T357E" value="00:58:56,159" />
  </s>
  <s id="549">
    <time id="T358S" value="00:58:56,362" />
Så gärna. 
  </s>
  <s id="550">
Kom in!
    <time id="T358E" value="00:58:58,796" />
  </s>
  <s id="551">
    <time id="T359S" value="00:59:01,162" />
Så där, ja!
    <time id="T359E" value="00:59:03,915" />
  </s>
  <s id="552">
    <time id="T360S" value="00:59:04,122" />
Jag är beredd.
    <time id="T360E" value="00:59:06,920" />
  </s>
  <s id="553">
    <time id="T361S" value="00:59:07,122" />
Då kanske vi kan börja.
    <time id="T361E" value="00:59:10,080" />
  </s>
  <s id="554">
    <time id="T362S" value="00:59:21,882" />
Jag har ingen TV, men jag har hört talas om er.
    <time id="T362E" value="00:59:26,080" />
  </s>
  <s id="555">
    <time id="T363S" value="00:59:26,282" />
- Framåt.
  </s>
  <s id="556">
- Jag var   konfunderad.
    <time id="T364E" value="00:59:30,838" />
  </s>
  <s id="557">
    <time id="T365S" value="00:59:32,282" />
Inte den bild jag hade av er.
    <time id="T365E" value="00:59:35,274" />
  </s>
  <s id="558">
    <time id="T366S" value="00:59:35,482" />
Hade ingen alls, trodde inte jag skulle träffa er ...
    <time id="T366E" value="00:59:39,953" />
  </s>
  <s id="559">
    <time id="T367S" value="00:59:40,162" />
Jag frågar inte hur ni hört om mig.
    <time id="T367E" value="00:59:42,232" />
  </s>
  <s id="560">
    <time id="T368S" value="00:59:42,442" />
- Passar sig inte ...
  </s>
  <s id="561">
- Nej, det gör det inte.
    <time id="T368E" value="00:59:46,401" />
  </s>
  <s id="562">
    <time id="T369S" value="00:59:48,242" />
Jag känner ingen som er.
    <time id="T369E" value="00:59:51,075" />
  </s>
  <s id="563">
    <time id="T370S" value="00:59:51,282" />
Ni är väl inte som andra.
    <time id="T370E" value="00:59:54,558" />
  </s>
  <s id="564">
    <time id="T371S" value="00:59:57,202" />
Det ni gör är   fruktansvärt våldsamt.
    <time id="T372E" value="01:00:03,319" />
  </s>
  <s id="565">
    <time id="T373S" value="01:00:03,522" />
Ni måste ha lidit för att ha nått hit.
    <time id="T373E" value="01:00:07,720" />
  </s>
  <s id="566">
    <time id="T374S" value="01:00:12,762" />
Jag vet inte vad ni har gått igenom och jag vet inte varför jag känner att jag kan lita på er.
    <time id="T375E" value="01:00:20,995" />
  </s>
  <s id="567">
    <time id="T376S" value="01:00:21,202" />
Öppna kassaskåpet nu!
    <time id="T376E" value="01:00:23,238" />
  </s>
  <s id="568">
    <time id="T377S" value="01:00:23,442" />
Jag läser er som en öppen bok.
  </s>
  <s id="569">
Jag kommer gärna överens med er.
    <time id="T377E" value="01:00:29,153" />
  </s>
  <s id="570">
    <time id="T378S" value="01:00:31,642" />
Ur vägen, skithög!
    <time id="T378E" value="01:00:34,110" />
  </s>
  <s id="571">
    <time id="T379S" value="01:00:35,882" />
Fan, han öppnade utan att jävlas och ha sig! 
  </s>
  <s id="572">
- Inte sant, ditt arsel?
    <time id="T379E" value="01:00:42,594" />
  </s>
  <s id="573">
    <time id="T380S" value="01:00:47,842" />
Inte lika styv i korken nu, va?
    <time id="T380E" value="01:00:51,152" />
  </s>
  <s id="574">
    <time id="T381S" value="01:01:07,322" />
- Jag ska inte döda dig.
  </s>
  <s id="575">
- Tack ...
    <time id="T381E" value="01:01:10,632" />
  </s>
  <s id="576">
    <time id="T382S" value="01:01:12,282" />
Öh, du ... knäpp den jäveln!
    <time id="T382E" value="01:01:15,797" />
  </s>
  <s id="577">
    <time id="T383S" value="01:02:00,202" />
Libertin-klubben
    <time id="T383E" value="01:02:02,857" />
  </s>
  <s id="578">
    <time id="T384S" value="01:02:17,202" />
- Champagne, tack.
  </s>
  <s id="579">
- Ska bli ...
    <time id="T384E" value="01:02:20,035" />
  </s>
  <s id="580">
    <time id="T385S" value="01:02:27,642" />
- Jag kollar runt.
  </s>
  <s id="581">
- Här.
    <time id="T385E" value="01:02:30,714" />
  </s>
  <s id="582">
    <time id="T386S" value="01:03:25,922" />
Åt helvete, ditt as!
  </s>
  <s id="583">
Du ger fan i att tafsa på mig!
    <time id="T386E" value="01:03:30,393" />
  </s>
  <s id="584">
    <time id="T387S" value="01:03:30,602" />
På den här klubben knullar man.
  </s>
  <s id="585">
Det är ingen moské.
    <time id="T387E" value="01:03:34,675" />
  </s>
  <s id="586">
    <time id="T388S" value="01:04:41,962" />
Grymta, din jävel!
    <time id="T388E" value="01:04:44,396" />
  </s>
  <s id="587">
    <time id="T389S" value="01:04:45,802" />
Grymta!
    <time id="T389E" value="01:04:47,918" />
  </s>
  <s id="588">
    <time id="T390S" value="01:04:52,602" />
Ner med brallorna!
    <time id="T390E" value="01:04:55,196" />
  </s>
  <s id="589">
    <time id="T391S" value="01:05:30,202" />
De har säkert kaffe här.
  </s>
  <s id="590">
Kanske mackor med, om vi har tur.
    <time id="T391E" value="01:05:35,640" />
  </s>
  <s id="591">
    <time id="T392S" value="01:08:17,282" />
Vi håller ihop till dess.
    <time id="T392E" value="01:08:20,001" />
  </s>
  <s id="592">
    <time id="T393S" value="01:08:27,922" />
Inte läge att deppa ihop nu.
  </s>
  <s id="593">
Till vad nytta?
    <time id="T393E" value="01:08:32,473" />
  </s>
  <s id="594">
    <time id="T394S" value="01:10:51,202" />
Stilla! 
  </s>
  <s id="595">
- Sätt fart!
    <time id="T394E" value="01:10:54,319" />
  </s>
  <s id="596">
    <time id="T395S" value="01:10:57,882" />
Tillbaka ...
    <time id="T395E" value="01:11:00,840" />
  </s>
  <s id="597">
    <time id="T396S" value="01:11:08,922" />
Jävla slampa! 
  </s>
  <s id="598">
Stilla! 
  </s>
  <s id="599">
Var är hon?
  </s>
  <s id="600">
Var är den andra slampan?
    <time id="T396E" value="01:11:13,200" />
  </s>
  <meta>
    <conversion>
      <ignored_blocks>1</ignored_blocks>
      <corrected_words>0</corrected_words>
      <unknown_words>16</unknown_words>
      <encoding>windows-1252</encoding>
      <truecased_words>1</truecased_words>
      <tokens>3504</tokens>
      <sentences>600</sentences>
    </conversion>
    <subtitle>
      <rating>0.0</rating>
      <date>2005-10-09</date>
      <blocks>396</blocks>
      <confidence>1.0</confidence>
      <machine_translated>0</machine_translated>
      <language>Swedish</language>
      <version>0</version>
      <duration>01:11:13,200</duration>
    </subtitle>
    <source>
      <HD>0</HD>
      <genre>Crime,Drama,Thriller</genre>
      <cds>1/1</cds>
      <year>2000</year>
      <country>France</country>
      <original>French</original>
      <duration>77</duration>
    </source>
  </meta>
</document>
