<?xml version="1.0" encoding="utf-8"?>
<document id="4546326">
  <s id="1">
    <time id="T1S" value="00:00:03,000" />
Begäran om assistans
    <time id="T1E" value="00:00:05,878" />
  </s>
  <s id="2">
    <time id="T2S" value="00:00:11,200" />
Hej.
    <time id="T2E" value="00:00:13,191" />
  </s>
  <s id="3">
    <time id="T3S" value="00:00:32,480" />
-Hej, Torben.
  </s>
  <s id="4">
-Vem har vi här?
    <time id="T3E" value="00:00:35,153" />
  </s>
  <s id="5">
    <time id="T4S" value="00:00:35,320" />
-Är inte ni i Haderslev?
  </s>
  <s id="6">
-Vi fick ge upp.
    <time id="T4E" value="00:00:39,313" />
  </s>
  <s id="7">
    <time id="T5S" value="00:00:39,480" />
När vi stöter på en begåvad mördare, sitter vi på pottkanten.
    <time id="T5E" value="00:00:44,190" />
  </s>
  <s id="8">
    <time id="T6S" value="00:00:44,360" />
Han dillar. 
  </s>
  <s id="9">
De knäckte honom i eftermiddags.
    <time id="T6E" value="00:00:49,593" />
  </s>
  <s id="10">
    <time id="T7S" value="00:00:49,760" />
Det blev fart på grejerna när jag kom dit.
    <time id="T7E" value="00:00:53,116" />
  </s>
  <s id="11">
    <time id="T8S" value="00:00:53,280" />
-Det var en imponerande insats.
  </s>
  <s id="12">
-Ge inte Torben för mycket beröm.
    <time id="T8E" value="00:00:58,957" />
  </s>
  <s id="13">
    <time id="T9S" value="00:00:59,120" />
-Han lider av storhetsvansinne.
  </s>
  <s id="14">
-Gå du och fila naglarna.
    <time id="T9E" value="00:01:03,352" />
  </s>
  <s id="15">
    <time id="T10S" value="00:01:03,520" />
Vem ska då reda ut er skit?
    <time id="T10E" value="00:01:07,069" />
  </s>
  <s id="16">
    <time id="T11S" value="00:01:07,240" />
Fram med champagnen.
  </s>
  <s id="17">
Jag ska hem och se landskampen.
    <time id="T11E" value="00:01:10,357" />
  </s>
  <s id="18">
    <time id="T12S" value="00:01:10,520" />
-Du har inte sett frun på tre veckor.
  </s>
  <s id="19">
-Hon älskar när jag ser på fotboll.
    <time id="T12E" value="00:01:14,911" />
  </s>
  <s id="20">
    <time id="T13S" value="00:01:15,080" />
Det säger en del om ditt äktenskap.
    <time id="T13E" value="00:01:19,312" />
  </s>
  <s id="21">
    <time id="T14S" value="00:01:19,480" />
-Följer du med och tar ett glas?
  </s>
  <s id="22">
-Jag ska ut på ett förhör.
    <time id="T14E" value="00:01:23,473" />
  </s>
  <s id="23">
    <time id="T15S" value="00:01:23,640" />
Jesper Olesen är en upptagen man.
    <time id="T15E" value="00:01:26,473" />
  </s>
  <s id="24">
    <time id="T16S" value="00:01:26,640" />
-Ger vi oss på våra bästa nu också?
  </s>
  <s id="25">
-Han blev erbjuden ett parti heroin.
    <time id="T16E" value="00:01:30,713" />
  </s>
  <s id="26">
    <time id="T17S" value="00:01:30,880" />
Då bad han om ett prov.
  </s>
  <s id="27">
Vi är tvungna att ta honom i örat.
    <time id="T17E" value="00:01:35,874" />
  </s>
  <s id="28">
    <time id="T18S" value="00:01:36,040" />
-Det kan vara mer komplicerat.
  </s>
  <s id="29">
-Gör det inte för komplicerat bara.
    <time id="T18E" value="00:01:40,795" />
  </s>
  <s id="30">
    <time id="T19S" value="00:01:40,960" />
Som du brukar...
  </s>
  <s id="31">
Tio poäng för ihärdighet.
    <time id="T19E" value="00:01:44,953" />
  </s>
  <s id="32">
    <time id="T20S" value="00:01:45,120" />
Och för polisens snyggaste häck.
    <time id="T20E" value="00:01:48,874" />
  </s>
  <s id="33">
    <time id="T21S" value="00:01:55,440" />
Förhör av kriminalassistent Jesper Olesen
    <time id="T21E" value="00:01:59,991" />
  </s>
  <s id="34">
    <time id="T22S" value="00:02:06,560" />
Du får ursäkta mig.
  </s>
  <s id="35">
Tiden bara rann iväg.
    <time id="T22E" value="00:02:10,519" />
  </s>
  <s id="36">
    <time id="T23S" value="00:02:10,680" />
För att vara helt ärlig, så sprang jag på en landskamp.
    <time id="T23E" value="00:02:15,708" />
  </s>
  <s id="37">
    <time id="T24S" value="00:02:15,880" />
Nu ska du få se.
  </s>
  <s id="38">
Jag har ett papper här.
    <time id="T24E" value="00:02:20,158" />
  </s>
  <s id="39">
    <time id="T25S" value="00:02:20,320" />
Jag ringde din boss och han bad mig göra en sakframställan.
    <time id="T25E" value="00:02:25,235" />
  </s>
  <s id="40">
    <time id="T26S" value="00:02:25,400" />
Om du godkänner grammatiken, så hinner vi hem till andra halvlek.
    <time id="T26E" value="00:02:30,520" />
  </s>
  <s id="41">
    <time id="T27S" value="00:02:30,680" />
Jag föredrar att vi tar det från början. 
  </s>
  <s id="42">
Varsågod och sitt.
    <time id="T27E" value="00:02:34,753" />
  </s>
  <s id="43">
    <time id="T28S" value="00:02:34,920" />
Den 17 juni klockan 19.33.
  </s>
  <s id="44">
Närvarande är Jesper Olesen och vice kriminalkommissarie lngrid Dahl.
    <time id="T29E" value="00:02:43,793" />
  </s>
  <s id="45">
    <time id="T30S" value="00:02:43,960" />
Jag får ett erbjudande om 14 kilo.
  </s>
  <s id="46">
Jag ber att få se ett prov sen ringer jag stationen som beslagtar hela partiet.
    <time id="T31E" value="00:02:52,110" />
  </s>
  <s id="47">
    <time id="T32S" value="00:02:52,280" />
Jag vet att jag bröt mot reglerna när jag bad om det. 
  </s>
  <s id="48">
Bla, bla, bla...
    <time id="T32E" value="00:02:59,038" />
  </s>
  <s id="49">
    <time id="T33S" value="00:02:59,200" />
Men hade jag inte gjort så, hade vi aldrig kunnat ta det. 
  </s>
  <s id="50">
Är vi färdiga?
    <time id="T33E" value="00:03:04,513" />
  </s>
  <s id="51">
    <time id="T34S" value="00:03:04,680" />
Vi är färdiga när jag säger det.
    <time id="T34E" value="00:03:08,992" />
  </s>
  <s id="52">
    <time id="T35S" value="00:03:16,280" />
-Hej, Monty!
  </s>
  <s id="53">
-Hemma igen, Torben?
    <time id="T35E" value="00:03:19,989" />
  </s>
  <s id="54">
    <time id="T36S" value="00:03:20,160" />
Så länge det nu varar.
    <time id="T36E" value="00:03:23,357" />
  </s>
  <s id="55">
    <time id="T37S" value="00:03:23,520" />
Kom, Monty! 
  </s>
  <s id="56">
Nu ska vi hem.
    <time id="T37E" value="00:03:26,398" />
  </s>
  <s id="57">
    <time id="T38S" value="00:03:29,920" />
Under dina 18 månader på roteln har man gjort fyra tillslag efter dina tips.
    <time id="T39E" value="00:03:37,399" />
  </s>
  <s id="58">
    <time id="T40S" value="00:03:37,560" />
-Så nu vill du ge mig en medalj?
  </s>
  <s id="59">
-Vem är din informatör?
    <time id="T40E" value="00:03:42,509" />
  </s>
  <s id="60">
    <time id="T41S" value="00:03:42,680" />
-Roteln säger att det är Birko.
  </s>
  <s id="61">
-Varför frågar du, då?
    <time id="T41E" value="00:03:45,797" />
  </s>
  <s id="62">
    <time id="T42S" value="00:03:45,960" />
-Varifrån får Birko sina uppgifter?
  </s>
  <s id="63">
-Varför spiller vi tid på det här?
    <time id="T42E" value="00:03:50,192" />
  </s>
  <s id="64">
    <time id="T43S" value="00:03:50,360" />
Han sägs vara en storlangare, så när han ger dig tips röjer du konkurrenterna ur vägen.
    <time id="T44E" value="00:03:58,194" />
  </s>
  <s id="65">
    <time id="T45S" value="00:03:58,360" />
Tack vare mig har vi tagit mer knark än på fem år.
    <time id="T45E" value="00:04:03,195" />
  </s>
  <s id="66">
    <time id="T46S" value="00:04:03,360" />
-Vi samarbetar inte med kriminella.
  </s>
  <s id="67">
-Det gör vi hela tiden.
    <time id="T46E" value="00:04:07,433" />
  </s>
  <s id="68">
    <time id="T47S" value="00:04:07,600" />
Och vet du vad fördelen är?
  </s>
  <s id="69">
Nu vet vi att Birko är ensam.
    <time id="T47E" value="00:04:13,755" />
  </s>
  <s id="70">
    <time id="T48S" value="00:04:13,920" />
På sistone har man gjort två razzior utan att hitta nåt.
    <time id="T48E" value="00:04:18,516" />
  </s>
  <s id="71">
    <time id="T49S" value="00:04:18,680" />
-Man kan inte ha samma tur jämt.
  </s>
  <s id="72">
-Man kan ju tro att någon har tipsat honom.
    <time id="T50E" value="00:04:25,957" />
  </s>
  <s id="73">
    <time id="T51S" value="00:04:26,120" />
Nu åker jag hem och ser matchen.
    <time id="T51E" value="00:04:28,588" />
  </s>
  <s id="74">
    <time id="T52S" value="00:04:28,760" />
Du var i London med din flickvän för ett tag sen.
    <time id="T52E" value="00:04:33,197" />
  </s>
  <s id="75">
    <time id="T53S" value="00:04:33,360" />
-Var det en bra resa?
  </s>
  <s id="76">
-Ja.
    <time id="T53E" value="00:04:36,989" />
  </s>
  <s id="77">
    <time id="T54S" value="00:04:37,160" />
Vi knullade dygnet runt.
  </s>
  <s id="78">
Har du provat på det?
    <time id="T54E" value="00:04:40,391" />
  </s>
  <s id="79">
    <time id="T55S" value="00:04:40,560" />
Ni flög business class och bodde på Hotel Savoy.
    <time id="T55E" value="00:04:44,553" />
  </s>
  <s id="80">
    <time id="T56S" value="00:04:44,720" />
Jag har ditt kontobesked. 
  </s>
  <s id="81">
Du har fått stora belopp av din flickvän.
    <time id="T56E" value="00:04:49,510" />
  </s>
  <s id="82">
    <time id="T57S" value="00:04:49,680" />
-Hon är en generös flicka.
  </s>
  <s id="83">
-Hon jobbar på varuhus.
    <time id="T57E" value="00:04:54,470" />
  </s>
  <s id="84">
    <time id="T58S" value="00:04:55,480" />
Hon har fått stora belopp från en firma som Birko kontrollerar.
    <time id="T58E" value="00:05:00,190" />
  </s>
  <s id="85">
    <time id="T59S" value="00:05:00,360" />
Hon har gjort nåt jobb för dem.
  </s>
  <s id="86">
Jag har inte med det att göra.
    <time id="T59E" value="00:05:04,956" />
  </s>
  <s id="87">
    <time id="T60S" value="00:05:05,120" />
Stämmer det att du aldrig talat i telefon med Birko? 
  </s>
  <s id="88">
Svara tydligt.
    <time id="T60E" value="00:05:10,240" />
  </s>
  <s id="89">
    <time id="T61S" value="00:05:10,400" />
-Ja, det stämmer.
  </s>
  <s id="90">
-Då ber jag dig att förklara det här.
    <time id="T61E" value="00:05:14,837" />
  </s>
  <s id="91">
    <time id="T62S" value="00:05:15,000" />
På Tele Danmarks utskrift framgår att du ringt honom två gånger.
    <time id="T62E" value="00:05:19,596" />
  </s>
  <s id="92">
    <time id="T63S" value="00:05:19,760" />
Direkt efter att din rotel beslutat att göra razzia hos honom.
    <time id="T63E" value="00:05:25,949" />
  </s>
  <s id="93">
    <time id="T64S" value="00:05:26,120" />
Du fick pengar för att varna honom.
    <time id="T64E" value="00:05:30,159" />
  </s>
  <s id="94">
    <time id="T65S" value="00:05:30,320" />
-Har du nåt att tillägga?
  </s>
  <s id="95">
-Ja...
    <time id="T65E" value="00:05:33,153" />
  </s>
  <s id="96">
    <time id="T66S" value="00:05:33,320" />
Ta mig i röven!
    <time id="T66E" value="00:05:36,676" />
  </s>
  <s id="97">
    <time id="T67S" value="00:05:45,160" />
Monty...!
    <time id="T67E" value="00:05:47,435" />
  </s>
  <s id="98">
    <time id="T68S" value="00:05:54,600" />
Monty, kom här!
    <time id="T68E" value="00:05:56,716" />
  </s>
  <s id="99">
    <time id="T69S" value="00:05:56,880" />
Var du inne hos Torben?
  </s>
  <s id="100">
Har du saknat honom så mycket?
    <time id="T69E" value="00:06:01,874" />
  </s>
  <s id="101">
    <time id="T70S" value="00:07:00,000" />
Jag satt hos statsåklagaren som en skolpojke utan att veta att min egen rotel utreder en av våra bästa killar!
    <time id="T71E" value="00:07:09,711" />
  </s>
  <s id="102">
    <time id="T72S" value="00:07:09,880" />
-Du borde ha informerat mig.
  </s>
  <s id="103">
-Jag har försökt.
    <time id="T72E" value="00:07:13,475" />
  </s>
  <s id="104">
    <time id="T73S" value="00:07:13,640" />
-Inte så att jag har förstått det!
  </s>
  <s id="105">
-Du var upptagen med Haderslev.
    <time id="T73E" value="00:07:17,633" />
  </s>
  <s id="106">
    <time id="T74S" value="00:07:17,800" />
Var ska det sluta om vi inte kan kommunicera inbördes?
    <time id="T74E" value="00:07:21,509" />
  </s>
  <s id="107">
    <time id="T75S" value="00:07:21,680" />
Jag är helt överens med dig.
  </s>
  <s id="108">
Vi skulle nog ha talat om det...
    <time id="T75E" value="00:07:26,117" />
  </s>
  <s id="109">
    <time id="T76S" value="00:07:26,280" />
Ulf Thomsen.
    <time id="T76E" value="00:07:28,350" />
  </s>
  <s id="110">
    <time id="T77S" value="00:07:28,520" />
Lysberg...? 
  </s>
  <s id="111">
Vad gäller saken?
    <time id="T77E" value="00:07:31,751" />
  </s>
  <s id="112">
    <time id="T78S" value="00:07:32,920" />
Vad säger du?
    <time id="T78E" value="00:07:35,036" />
  </s>
  <s id="113">
    <time id="T79S" value="00:07:35,200" />
Hur då...?
    <time id="T79E" value="00:07:37,589" />
  </s>
  <s id="114">
    <time id="T80S" value="00:07:37,760" />
Jag kommer med detsamma.
    <time id="T80E" value="00:07:40,069" />
  </s>
  <s id="115">
    <time id="T81S" value="00:07:41,840" />
Ulf, vad är det?
    <time id="T81E" value="00:07:44,308" />
  </s>
  <s id="116">
    <time id="T82S" value="00:08:27,760" />
Mordoffrets hem
    <time id="T82E" value="00:08:31,435" />
  </s>
  <s id="117">
    <time id="T83S" value="00:08:39,360" />
Hej, Ulf.
    <time id="T83E" value="00:08:42,591" />
  </s>
  <s id="118">
    <time id="T84S" value="00:08:42,760" />
-Förhör samtliga grannar.
  </s>
  <s id="119">
-Vi har redan börjat.
    <time id="T84E" value="00:08:46,992" />
  </s>
  <s id="120">
    <time id="T85S" value="00:08:49,840" />
Ulf, de är inte klara där inne.
    <time id="T85E" value="00:08:54,356" />
  </s>
  <s id="121">
    <time id="T86S" value="00:09:02,160" />
-Du får inte gå in.
  </s>
  <s id="122">
-Du vet mycket väl vem jag är.
    <time id="T86E" value="00:09:07,188" />
  </s>
  <s id="123">
    <time id="T87S" value="00:09:07,360" />
Du får inte gå in förrän vi är klara.
    <time id="T87E" value="00:09:10,636" />
  </s>
  <s id="124">
    <time id="T88S" value="00:09:10,800" />
Torben var inte bara min närmaste man - han har varit min vän i 25 år.
    <time id="T88E" value="00:09:16,989" />
  </s>
  <s id="125">
    <time id="T89S" value="00:09:17,160" />
Ta i alla fall av dig skorna.
    <time id="T89E" value="00:09:20,630" />
  </s>
  <s id="126">
    <time id="T90S" value="00:10:31,320" />
-Vet ni vem det är?
  </s>
  <s id="127">
-Inte än.
    <time id="T90E" value="00:10:35,233" />
  </s>
  <s id="128">
    <time id="T91S" value="00:10:56,320" />
Jag ber naturligtvis om er hjälp.
    <time id="T91E" value="00:11:00,632" />
  </s>
  <s id="129">
    <time id="T92S" value="00:11:00,800" />
Det behöver du inte be om.
    <time id="T92E" value="00:11:03,439" />
  </s>
  <s id="130">
    <time id="T93S" value="00:11:03,600" />
Jag skickar Torbens grupp genast.
    <time id="T93E" value="00:11:06,797" />
  </s>
  <s id="131">
    <time id="T94S" value="00:11:06,960" />
Vad ska vi säga om den andre?
    <time id="T94E" value="00:11:10,919" />
  </s>
  <s id="132">
    <time id="T95S" value="00:11:11,080" />
-Vad menar du?
  </s>
  <s id="133">
-Jag kände inte Torben som du.
    <time id="T95E" value="00:11:16,200" />
  </s>
  <s id="134">
    <time id="T96S" value="00:11:16,360" />
Om du försöker antyda att motivet är homosexuellt, så kan du glömma det.
    <time id="T96E" value="00:11:22,629" />
  </s>
  <s id="135">
    <time id="T97S" value="00:11:36,560" />
Vad är det?
    <time id="T97E" value="00:11:39,597" />
  </s>
  <s id="136">
    <time id="T98S" value="00:11:39,760" />
Torben hittades mördad i sitt hem i Hillerød ikväll.
    <time id="T98E" value="00:11:44,356" />
  </s>
  <s id="137">
    <time id="T99S" value="00:11:44,520" />
Jag måste ha tag i de andra.
  </s>
  <s id="138">
Vi åker genast dit.
    <time id="T99E" value="00:11:49,355" />
  </s>
  <s id="139">
    <time id="T100S" value="00:11:50,960" />
Du leder väl utredningen?
  </s>
  <s id="140">
Det vore rimligt.
    <time id="T100E" value="00:11:55,750" />
  </s>
  <s id="141">
    <time id="T101S" value="00:11:55,920" />
-Kirsten, ärligt talat.
  </s>
  <s id="142">
-Förlåt mig.
    <time id="T101E" value="00:12:01,040" />
  </s>
  <s id="143">
    <time id="T102S" value="00:12:02,720" />
Jag är hemskt ledsen.
    <time id="T102E" value="00:12:04,711" />
  </s>
  <s id="144">
    <time id="T103S" value="00:12:18,520" />
Brottsplatsen
    <time id="T103E" value="00:12:22,513" />
  </s>
  <s id="145">
    <time id="T104S" value="00:12:51,160" />
Vi har knackat på i alla hus.
  </s>
  <s id="146">
Ingen verkar ha sett nåt ovanligt.
    <time id="T104E" value="00:12:55,551" />
  </s>
  <s id="147">
    <time id="T105S" value="00:12:55,720" />
De flesta tittade på landskampen på tv.
    <time id="T105E" value="00:12:59,110" />
  </s>
  <s id="148">
    <time id="T106S" value="00:12:59,280" />
-Vad heter du?
  </s>
  <s id="149">
-Claus.
    <time id="T106E" value="00:13:01,714" />
  </s>
  <s id="150">
    <time id="T107S" value="00:13:01,880" />
Har du frågat om nån har sett nåt ovanligt?
    <time id="T107E" value="00:13:06,237" />
  </s>
  <s id="151">
    <time id="T108S" value="00:13:06,400" />
I vilken skola har du gått?
  </s>
  <s id="152">
Vi vill veta vad folk har sett!
    <time id="T108E" value="00:13:10,518" />
  </s>
  <s id="153">
    <time id="T109S" value="00:13:10,680" />
Sen avgör vi om det är ovanligt!
  </s>
  <s id="154">
Nu gör du om alltihop!
    <time id="T109E" value="00:13:16,391" />
  </s>
  <s id="155">
    <time id="T110S" value="00:13:16,560" />
Fischer!
    <time id="T110E" value="00:13:19,120" />
  </s>
  <s id="156">
    <time id="T111S" value="00:13:20,240" />
Jag gör det själv.
    <time id="T111E" value="00:13:23,277" />
  </s>
  <s id="157">
    <time id="T112S" value="00:13:24,160" />
Tack, Claus.
    <time id="T112E" value="00:13:26,151" />
  </s>
  <s id="158">
    <time id="T113S" value="00:13:26,320" />
Kom ihåg att ge mig rapporterna innan ni går hem.
    <time id="T113E" value="00:13:31,997" />
  </s>
  <s id="159">
    <time id="T114S" value="00:13:48,960" />
Du har fått vykort från pappa.
    <time id="T114E" value="00:13:52,077" />
  </s>
  <s id="160">
    <time id="T115S" value="00:13:53,120" />
Häftig strand.
    <time id="T115E" value="00:13:55,554" />
  </s>
  <s id="161">
    <time id="T116S" value="00:13:59,960" />
-Jag är klar.
  </s>
  <s id="162">
-Jag stoppade ju nyss om dig.
    <time id="T116E" value="00:14:03,111" />
  </s>
  <s id="163">
    <time id="T117S" value="00:14:03,280" />
-Jag kan inte sova.
  </s>
  <s id="164">
-Du har ju varit uppe hela natten.
    <time id="T117E" value="00:14:07,592" />
  </s>
  <s id="165">
    <time id="T118S" value="00:14:07,760" />
-Varför var du uppe hela natten?
  </s>
  <s id="166">
-Jag rättade skrivningar.
    <time id="T118E" value="00:14:13,039" />
  </s>
  <s id="167">
    <time id="T119S" value="00:14:13,200" />
Anna i min klass ska också till Norge.
    <time id="T119E" value="00:14:16,954" />
  </s>
  <s id="168">
    <time id="T120S" value="00:14:17,120" />
-Då kan ni ju träffas.
  </s>
  <s id="169">
-Det vill jag inte.
    <time id="T120E" value="00:14:21,671" />
  </s>
  <s id="170">
    <time id="T121S" value="00:14:21,840" />
-Tobias, din väska.
  </s>
  <s id="171">
-Inte sista dan i skolan.
    <time id="T121E" value="00:14:25,719" />
  </s>
  <s id="172">
    <time id="T122S" value="00:14:28,280" />
-Ska vi bestiga berg tillsammans?
  </s>
  <s id="173">
-Om du behåller det där på.
    <time id="T122E" value="00:14:33,195" />
  </s>
  <s id="174">
    <time id="T123S" value="00:14:33,360" />
Gå och lägg dig nu.
  </s>
  <s id="175">
Jag måste till jobbet.
    <time id="T123E" value="00:14:38,195" />
  </s>
  <s id="176">
    <time id="T124S" value="00:14:41,640" />
Vad är det?
    <time id="T124E" value="00:14:44,154" />
  </s>
  <s id="177">
    <time id="T125S" value="00:14:46,440" />
Polischef mördad
    <time id="T125E" value="00:14:48,032" />
  </s>
  <s id="178">
    <time id="T126S" value="00:14:48,200" />
-Vet ni vem den andre är?
  </s>
  <s id="179">
-Henning Ravn.
    <time id="T126E" value="00:14:53,194" />
  </s>
  <s id="180">
    <time id="T127S" value="00:14:53,360" />
Läkare. 
  </s>
  <s id="181">
Han har bott hos Torben en tid, men vi vet inte varför ännu.
    <time id="T127E" value="00:14:59,708" />
  </s>
  <s id="182">
    <time id="T128S" value="00:14:59,880" />
-Vad säger du om det där?
  </s>
  <s id="183">
-Det är helt absurt!
    <time id="T128E" value="00:15:03,873" />
  </s>
  <s id="184">
    <time id="T129S" value="00:15:04,040" />
Man får intryck av att det är ett homosexuellt svartsjukedrama.
    <time id="T129E" value="00:15:08,477" />
  </s>
  <s id="185">
    <time id="T130S" value="00:15:08,640" />
Bortsett från att det är uteslutet har vi inte hittat mordvapnet.
    <time id="T130E" value="00:15:13,839" />
  </s>
  <s id="186">
    <time id="T131S" value="00:15:14,000" />
Har ni fått tag i de anhöriga?
  </s>
  <s id="187">
Vad har vi då?
    <time id="T131E" value="00:15:17,959" />
  </s>
  <s id="188">
    <time id="T132S" value="00:15:18,120" />
Kommer du ihåg Bruno Gravesen?
  </s>
  <s id="189">
Han dömdes för dråp för åtta år sen.
    <time id="T132E" value="00:15:23,319" />
  </s>
  <s id="190">
    <time id="T133S" value="00:15:23,480" />
Mycket våldsamt. 
  </s>
  <s id="191">
Han hävdade att det var vållande till annans död.
    <time id="T133E" value="00:15:28,235" />
  </s>
  <s id="192">
    <time id="T134S" value="00:15:28,400" />
Men Torben knäckte honom.
    <time id="T134E" value="00:15:30,755" />
  </s>
  <s id="193">
    <time id="T135S" value="00:15:30,920" />
Han hotade att döda Torben när han kom ut. 
  </s>
  <s id="194">
Han släpptes för 14 dar sen.
    <time id="T135E" value="00:15:36,517" />
  </s>
  <s id="195">
    <time id="T136S" value="00:15:36,680" />
-Intressant.
  </s>
  <s id="196">
-Hans tjej har inte sett till honom.
    <time id="T136E" value="00:15:40,673" />
  </s>
  <s id="197">
    <time id="T137S" value="00:15:40,840" />
Vi har dragit igång hela maskineriet.
    <time id="T137E" value="00:15:43,957" />
  </s>
  <s id="198">
    <time id="T138S" value="00:15:44,120" />
Har du tänkt på vem som ska efterträda Torben?
    <time id="T138E" value="00:15:48,989" />
  </s>
  <s id="199">
    <time id="T139S" value="00:15:49,160" />
Det mest naturliga vore nog lP, hans närmaste man.
    <time id="T139E" value="00:15:53,278" />
  </s>
  <s id="200">
    <time id="T140S" value="00:15:53,440" />
-Tills vi hittar nån yngre.
  </s>
  <s id="201">
-Det finns en annan möjlighet.
    <time id="T140E" value="00:15:58,912" />
  </s>
  <s id="202">
    <time id="T141S" value="00:15:59,080" />
Chefen för specialärenden.
    <time id="T141E" value="00:16:02,789" />
  </s>
  <s id="203">
    <time id="T142S" value="00:16:02,960" />
-Ingrid Dahl...?
  </s>
  <s id="204">
-Vill du ha en cigarett?
    <time id="T142E" value="00:16:07,511" />
  </s>
  <s id="205">
    <time id="T143S" value="00:16:09,560" />
Statsåklagaren berömmer hennes utredning om Jesper Olesen.
    <time id="T143E" value="00:16:13,633" />
  </s>
  <s id="206">
    <time id="T144S" value="00:16:13,800" />
-Visst är hon duktig...
  </s>
  <s id="207">
-Hon är upplärd på din rotel.
    <time id="T144E" value="00:16:18,430" />
  </s>
  <s id="208">
    <time id="T145S" value="00:16:18,600" />
Men mordkommissionschef! 
  </s>
  <s id="209">
Vi har aldrig haft en kvinna på den posten.
    <time id="T145E" value="00:16:22,912" />
  </s>
  <s id="210">
    <time id="T146S" value="00:16:23,080" />
Missförstå mig inte nu...
    <time id="T146E" value="00:16:25,992" />
  </s>
  <s id="211">
    <time id="T147S" value="00:16:26,160" />
Jobbet kräver att man är mycket hemifrån och Ingrid har småbarn.
    <time id="T147E" value="00:16:30,278" />
  </s>
  <s id="212">
    <time id="T148S" value="00:16:30,440" />
En son på elva år.
    <time id="T148E" value="00:16:31,953" />
  </s>
  <s id="213">
    <time id="T149S" value="00:16:32,120" />
-Vad gör vi när han får mässlingen?
  </s>
  <s id="214">
-Hon har en man också.
    <time id="T149E" value="00:16:37,399" />
  </s>
  <s id="215">
    <time id="T150S" value="00:16:37,560" />
Med all respekt för intressanta experiment...
    <time id="T150E" value="00:16:40,438" />
  </s>
  <s id="216">
    <time id="T151S" value="00:16:40,600" />
Ingrid har varit vid mordroteln.
    <time id="T151E" value="00:16:43,558" />
  </s>
  <s id="217">
    <time id="T152S" value="00:16:43,720" />
Hon har gått igenom alla kurser med toppbetyg.
    <time id="T152E" value="00:16:47,235" />
  </s>
  <s id="218">
    <time id="T153S" value="00:16:47,400" />
Med all respekt för manligt vanetänkande men jag ser inte riktigt hur du ska kunna gå förbi henne.
    <time id="T154E" value="00:16:56,949" />
  </s>
  <s id="219">
    <time id="T155S" value="00:16:57,120" />
Det kan inte vara sant!
  </s>
  <s id="220">
Folk kan inte bara försvinna!
    <time id="T155E" value="00:17:02,797" />
  </s>
  <s id="221">
    <time id="T156S" value="00:17:02,960" />
Vi är i Danmark.
    <time id="T156E" value="00:17:05,474" />
  </s>
  <s id="222">
    <time id="T157S" value="00:17:06,480" />
Gå hårdare åt flickvännen.
  </s>
  <s id="223">
Hon vet nog var han håller hus.
    <time id="T157E" value="00:17:11,554" />
  </s>
  <s id="224">
    <time id="T158S" value="00:17:11,720" />
Hör av dig.
    <time id="T158E" value="00:17:14,598" />
  </s>
  <s id="225">
    <time id="T159S" value="00:17:14,760" />
Fortfarande inte fått tag i Bruno?
    <time id="T159E" value="00:17:18,514" />
  </s>
  <s id="226">
    <time id="T160S" value="00:17:24,040" />
Fina killar, va? 
  </s>
  <s id="227">
FBl-kursen 1995.
    <time id="T160E" value="00:17:28,192" />
  </s>
  <s id="228">
    <time id="T161S" value="00:17:28,360" />
Torben var naturligtvis bäst. 
  </s>
  <s id="229">
Jag var rädd att de skulle behålla honom.
    <time id="T161E" value="00:17:33,036" />
  </s>
  <s id="230">
    <time id="T162S" value="00:17:35,880" />
Jag ska bespara dig sentimentalt tjafs.
    <time id="T162E" value="00:17:38,474" />
  </s>
  <s id="231">
    <time id="T163S" value="00:17:38,640" />
-Vem är hon?
  </s>
  <s id="232">
-Det är Signe.
    <time id="T163E" value="00:17:43,156" />
  </s>
  <s id="233">
    <time id="T164S" value="00:17:43,320" />
-Torbens dotter.
  </s>
  <s id="234">
-Visste inte att han hade en dotter.
    <time id="T164E" value="00:17:47,199" />
  </s>
  <s id="235">
    <time id="T165S" value="00:17:47,360" />
Hon flyttade till England med sin mor. 
  </s>
  <s id="236">
Gaby försöker leta upp dem.
    <time id="T165E" value="00:17:52,354" />
  </s>
  <s id="237">
    <time id="T166S" value="00:17:52,520" />
Jag har fattat ett beslut.
    <time id="T166E" value="00:17:57,196" />
  </s>
  <s id="238">
    <time id="T167S" value="00:17:57,360" />
Vad skulle du säga om att leda utredningen?
    <time id="T167E" value="00:18:01,194" />
  </s>
  <s id="239">
    <time id="T168S" value="00:18:01,360" />
Tillförordnad chef för mordkommissionen från idag.
    <time id="T168E" value="00:18:05,273" />
  </s>
  <s id="240">
    <time id="T169S" value="00:18:06,360" />
-Uttrycker jag mig inte klart nog?
  </s>
  <s id="241">
-Jo, mer än klart.
    <time id="T169E" value="00:18:10,876" />
  </s>
  <s id="242">
    <time id="T170S" value="00:18:11,040" />
-Har lP blivit underrättad?
  </s>
  <s id="243">
-Naturligtvis.
    <time id="T170E" value="00:18:15,989" />
  </s>
  <s id="244">
    <time id="T171S" value="00:18:16,160" />
-Och han accepterar det?
  </s>
  <s id="245">
-Det har jag inte frågat honom.
    <time id="T171E" value="00:18:20,438" />
  </s>
  <s id="246">
    <time id="T172S" value="00:18:20,600" />
När jag blev kommissarie gick jag förbi 300 man.
    <time id="T172E" value="00:18:24,149" />
  </s>
  <s id="247">
    <time id="T173S" value="00:18:24,320" />
Då var jag inte så populär.
  </s>
  <s id="248">
Man måste ha förtjänat det.
    <time id="T173E" value="00:18:28,836" />
  </s>
  <s id="249">
    <time id="T174S" value="00:18:29,000" />
Det är påfrestande för familjen.
  </s>
  <s id="250">
Man missar semestrar och helgdagar.
    <time id="T174E" value="00:18:35,917" />
  </s>
  <s id="251">
    <time id="T175S" value="00:18:36,080" />
Och aftnar. 
  </s>
  <s id="252">
Är man inte beredd på det, ska man tacka nej.
    <time id="T175E" value="00:18:40,039" />
  </s>
  <s id="253">
    <time id="T176S" value="00:18:40,200" />
Och det tycker du att jag ska göra?
  </s>
  <s id="254">
Det känns som du vill skrämma mig.
    <time id="T176E" value="00:18:46,719" />
  </s>
  <s id="255">
    <time id="T177S" value="00:18:46,880" />
Det är just det jag har så svårt med när det gäller dig.
    <time id="T177E" value="00:18:51,476" />
  </s>
  <s id="256">
    <time id="T178S" value="00:18:51,640" />
-Jag beskriver bara verkligheten.
  </s>
  <s id="257">
-Den känner jag till.
    <time id="T178E" value="00:18:55,633" />
  </s>
  <s id="258">
    <time id="T179S" value="00:18:55,800" />
-Jag tar jobbet.
  </s>
  <s id="259">
-Bra.
    <time id="T179E" value="00:18:58,598" />
  </s>
  <s id="260">
    <time id="T180S" value="00:18:58,760" />
De väntar på dig i Hillerød.
    <time id="T180E" value="00:19:01,752" />
  </s>
  <s id="261">
    <time id="T181S" value="00:19:01,920" />
En sak till.
  </s>
  <s id="262">
Om du får jobbet permanent beror helt på hur du klarar det här.
    <time id="T182E" value="00:19:10,475" />
  </s>
  <s id="263">
    <time id="T183S" value="00:19:10,640" />
-Jag vill bli underrättad om allt.
  </s>
  <s id="264">
-Naturligtvis.
    <time id="T183E" value="00:19:16,715" />
  </s>
  <s id="265">
    <time id="T184S" value="00:19:16,880" />
Gå nu ut och hitta honom åt mig.
    <time id="T184E" value="00:19:20,873" />
  </s>
  <s id="266">
    <time id="T185S" value="00:19:25,760" />
Hej, Søren! 
  </s>
  <s id="267">
Jag vet att du sover, men jag vill berätta en sak.
    <time id="T185E" value="00:19:30,311" />
  </s>
  <s id="268">
    <time id="T186S" value="00:19:30,480" />
Jag är på väg till Hillerød.
  </s>
  <s id="269">
Jag ska leda utredningen.
    <time id="T186E" value="00:19:34,234" />
  </s>
  <s id="270">
    <time id="T187S" value="00:19:34,400" />
Det kan bli problem med semestern, men det får vi prata om ikväll.
    <time id="T187E" value="00:19:39,554" />
  </s>
  <s id="271">
    <time id="T188S" value="00:19:39,720" />
Hej då, älskling.
    <time id="T188E" value="00:19:41,517" />
  </s>
  <s id="272">
    <time id="T189S" value="00:19:44,560" />
Hillerøds polisstation
    <time id="T189E" value="00:19:48,872" />
  </s>
  <s id="273">
    <time id="T190S" value="00:19:53,120" />
-Var sitter mordkommissionen?
  </s>
  <s id="274">
-Vad gäller saken?
    <time id="T190E" value="00:19:58,035" />
  </s>
  <s id="275">
    <time id="T191S" value="00:19:58,200" />
Nere i källaren.
    <time id="T191E" value="00:20:00,270" />
  </s>
  <s id="276">
    <time id="T193S" value="00:20:05,360" />
-Hittar du vägen?
  </s>
  <s id="277">
-Hej, Fischer.
    <time id="T193E" value="00:20:09,035" />
  </s>
  <s id="278">
    <time id="T194S" value="00:20:13,800" />
-Vad är det?
  </s>
  <s id="279">
-Jag har rapporten här.
    <time id="T194E" value="00:20:18,476" />
  </s>
  <s id="280">
    <time id="T195S" value="00:20:18,640" />
Vi ska ha original och tre kopior.
  </s>
  <s id="281">
Tror du att du hinner med det?
    <time id="T195E" value="00:20:23,077" />
  </s>
  <s id="282">
    <time id="T196S" value="00:20:23,240" />
Jag ska visa våra flotta lokaler.
    <time id="T196E" value="00:20:25,959" />
  </s>
  <s id="283">
    <time id="T197S" value="00:20:26,120" />
Hon ljög förut och kan ljuga igen.
  </s>
  <s id="284">
Vad skulle Bruno göra i Jylland?
    <time id="T197E" value="00:20:31,148" />
  </s>
  <s id="285">
    <time id="T198S" value="00:20:31,320" />
Då var vi alltså framme.
    <time id="T198E" value="00:20:34,517" />
  </s>
  <s id="286">
    <time id="T199S" value="00:20:34,680" />
Imponerande, va? 
  </s>
  <s id="287">
Det tog två timmar att få igång datorerna.
    <time id="T199E" value="00:20:39,913" />
  </s>
  <s id="288">
    <time id="T200S" value="00:20:40,080" />
Det bättre än den nerlagda butiken i Haderslev.
    <time id="T200E" value="00:20:44,392" />
  </s>
  <s id="289">
    <time id="T201S" value="00:20:44,560" />
-Hej, lP!
  </s>
  <s id="290">
-Hej, Ingrid. 
  </s>
  <s id="291">
Välkommen.
    <time id="T201E" value="00:20:48,314" />
  </s>
  <s id="292">
    <time id="T202S" value="00:20:52,880" />
Ska vi sätta igång?
    <time id="T202E" value="00:20:56,270" />
  </s>
  <s id="293">
    <time id="T203S" value="00:20:56,440" />
-Vi har varit igång sen igår kväll.
  </s>
  <s id="294">
-Naturligtvis...
    <time id="T203E" value="00:21:01,230" />
  </s>
  <s id="295">
    <time id="T204S" value="00:21:02,360" />
-Hur går det med Bruno?
  </s>
  <s id="296">
-Vi har talat allvar med flickvännen.
    <time id="T204E" value="00:21:08,310" />
  </s>
  <s id="297">
    <time id="T205S" value="00:21:08,480" />
Nu minns hon var han varit sen han frigavs.
    <time id="T205E" value="00:21:11,677" />
  </s>
  <s id="298">
    <time id="T206S" value="00:21:11,840" />
-Och det är fjorton dar sen?
  </s>
  <s id="299">
-Han är i Jylland nånstans.
    <time id="T206E" value="00:21:15,958" />
  </s>
  <s id="300">
    <time id="T207S" value="00:21:16,120" />
Hon blev rädd när hon fick höra varför vi letar efter honom.
    <time id="T207E" value="00:21:22,355" />
  </s>
  <s id="301">
    <time id="T208S" value="00:21:22,520" />
-Menar du att det är vår man?
  </s>
  <s id="302">
-Det är i alla fall vårt bästa bud.
    <time id="T208E" value="00:21:28,277" />
  </s>
  <s id="303">
    <time id="T209S" value="00:21:31,720" />
motiv=HÄMND
    <time id="T209E" value="00:21:33,711" />
  </s>
  <s id="304">
    <time id="T210S" value="00:21:34,880" />
Har vi några andra möjligheter?
    <time id="T210E" value="00:21:37,997" />
  </s>
  <s id="305">
    <time id="T211S" value="00:21:52,160" />
STJÄRTGOSSE?
    <time id="T211E" value="00:21:54,833" />
  </s>
  <s id="306">
    <time id="T212S" value="00:21:56,200" />
-Du skämtar, va?
  </s>
  <s id="307">
-Det är en möjlighet.
    <time id="T212E" value="00:21:58,714" />
  </s>
  <s id="308">
    <time id="T213S" value="00:21:58,880" />
-Glöm det.
  </s>
  <s id="309">
-Två män bodde ihop.
    <time id="T213E" value="00:22:02,350" />
  </s>
  <s id="310">
    <time id="T214S" value="00:22:02,520" />
-Båda mördade. 
  </s>
  <s id="311">
En låg i sängen...
  </s>
  <s id="312">
-...och den andre hette Torben.
    <time id="T214E" value="00:22:06,513" />
  </s>
  <s id="313">
    <time id="T215S" value="00:22:06,680" />
Vad vet du om hans liv? 
  </s>
  <s id="314">
Sa han ens att han hade en inneboende?
    <time id="T215E" value="00:22:11,071" />
  </s>
  <s id="315">
    <time id="T216S" value="00:22:11,240" />
Vännen var nyskild och bodde där medan man byggde om hans hus.
    <time id="T216E" value="00:22:16,234" />
  </s>
  <s id="316">
    <time id="T217S" value="00:22:16,400" />
Vet du vad Torben sa varje gång vi kom till en ny stad?
    <time id="T217E" value="00:22:21,428" />
  </s>
  <s id="317">
    <time id="T218S" value="00:22:21,600" />
"Ny stad, nya fittor."
    <time id="T218E" value="00:22:23,955" />
  </s>
  <s id="318">
    <time id="T219S" value="00:22:24,120" />
Har du sett honom göra nåt?
    <time id="T219E" value="00:22:27,078" />
  </s>
  <s id="319">
    <time id="T220S" value="00:22:27,240" />
Du får kolla alla bögställen här, i Helsingør och Köpenhamn.
    <time id="T220E" value="00:22:33,315" />
  </s>
  <s id="320">
    <time id="T221S" value="00:22:33,480" />
-Du kan inte mena allvar.
  </s>
  <s id="321">
-Kolla om Torben är känd där.
    <time id="T221E" value="00:22:39,112" />
  </s>
  <s id="322">
    <time id="T222S" value="00:22:43,040" />
Ingrid har rätt. 
  </s>
  <s id="323">
Vi måste naturligtvis undersöka saken.
    <time id="T222E" value="00:22:47,955" />
  </s>
  <s id="324">
    <time id="T223S" value="00:22:56,280" />
Jag åker ut till la Cour.
    <time id="T223E" value="00:22:59,716" />
  </s>
  <s id="325">
    <time id="T224S" value="00:23:06,560" />
Du jobbade väl med henne på specialärenden?
    <time id="T224E" value="00:23:10,235" />
  </s>
  <s id="326">
    <time id="T225S" value="00:23:10,400" />
Då var hon assistent och nu är hon snart kommissarie. 
  </s>
  <s id="327">
Det går undan.
    <time id="T225E" value="00:23:15,155" />
  </s>
  <s id="328">
    <time id="T226S" value="00:23:15,320" />
Du borde också sätta lite fart.
    <time id="T226E" value="00:23:19,074" />
  </s>
  <s id="329">
    <time id="T227S" value="00:23:21,880" />
Brottsplatsen
    <time id="T227E" value="00:23:25,236" />
  </s>
  <s id="330">
    <time id="T228S" value="00:23:27,240" />
Hej, la Cour.
    <time id="T228E" value="00:23:30,596" />
  </s>
  <s id="331">
    <time id="T229S" value="00:23:35,200" />
Vad tror du?
    <time id="T229E" value="00:23:37,270" />
  </s>
  <s id="332">
    <time id="T230S" value="00:23:37,440" />
Jag vet inte.
    <time id="T230E" value="00:23:39,749" />
  </s>
  <s id="333">
    <time id="T231S" value="00:23:39,920" />
Jag har varit här sen igår kväll men hittar ingen logik i det.
    <time id="T231E" value="00:23:46,155" />
  </s>
  <s id="334">
    <time id="T232S" value="00:23:46,320" />
Har du varit här hela natten?
    <time id="T232E" value="00:23:49,232" />
  </s>
  <s id="335">
    <time id="T233S" value="00:23:49,400" />
Teknikerna tror att Torben och Henning Ravn tittade på matchen.
    <time id="T233E" value="00:23:55,157" />
  </s>
  <s id="336">
    <time id="T234S" value="00:23:55,320" />
När Ravn går och lägger sig, ringer det på dörren och Torben öppnar.
    <time id="T234E" value="00:24:00,075" />
  </s>
  <s id="337">
    <time id="T235S" value="00:24:00,240" />
Gärningsmannen går in och sticker ner Torben där.
    <time id="T235E" value="00:24:05,030" />
  </s>
  <s id="338">
    <time id="T236S" value="00:24:05,200" />
Han springer hit och blir nerstucken igen.
    <time id="T236E" value="00:24:08,795" />
  </s>
  <s id="339">
    <time id="T237S" value="00:24:08,960" />
Ravn vaknar. 
  </s>
  <s id="340">
Gärningsmannen får panik - han trodde Torben var ensam.
    <time id="T237E" value="00:24:14,557" />
  </s>
  <s id="341">
    <time id="T238S" value="00:24:14,720" />
Han sticker Henning som flyr in i sovrummet.
    <time id="T238E" value="00:24:18,315" />
  </s>
  <s id="342">
    <time id="T239S" value="00:24:18,480" />
Gärningsmannen följer efter och fullbordar det hela.
    <time id="T239E" value="00:24:23,349" />
  </s>
  <s id="343">
    <time id="T240S" value="00:24:24,960" />
Skulle Torben släppa in Bruno i huset?
    <time id="T240E" value="00:24:30,796" />
  </s>
  <s id="344">
    <time id="T241S" value="00:24:31,800" />
En man som hotat att döda honom?
  </s>
  <s id="345">
Och varför lät han sig besegras?
    <time id="T241E" value="00:24:38,592" />
  </s>
  <s id="346">
    <time id="T242S" value="00:24:38,760" />
Berätta lite om Torben.
    <time id="T242E" value="00:24:41,035" />
  </s>
  <s id="347">
    <time id="T243S" value="00:24:41,200" />
Han var en av de bästa poliser jag någonsin har känt.
    <time id="T243E" value="00:24:47,594" />
  </s>
  <s id="348">
    <time id="T244S" value="00:24:51,360" />
Men det är första gången jag är hemma hos honom.
    <time id="T244E" value="00:24:55,273" />
  </s>
  <s id="349">
    <time id="T245S" value="00:24:57,160" />
Ingrid.
    <time id="T245E" value="00:25:00,311" />
  </s>
  <s id="350">
    <time id="T246S" value="00:25:00,480" />
Jag vill ha nåt skriftligt så fort det går. 
  </s>
  <s id="351">
Tack för hjälpen.
    <time id="T246E" value="00:25:05,998" />
  </s>
  <s id="352">
    <time id="T247S" value="00:25:07,000" />
Det var rättsmedicin. 
  </s>
  <s id="353">
Både Henning och Torben hade alkohol i blodet.
    <time id="T247E" value="00:25:11,152" />
  </s>
  <s id="354">
    <time id="T248S" value="00:25:11,320" />
Ni drack ju champagne på Ulfs rum.
  </s>
  <s id="355">
Hur mycket drack han?
    <time id="T248E" value="00:25:16,917" />
  </s>
  <s id="356">
    <time id="T249S" value="00:25:17,080" />
Tillräckligt för att ta taxi.
    <time id="T249E" value="00:25:19,469" />
  </s>
  <s id="357">
    <time id="T250S" value="00:25:19,640" />
Kan berusning och trötthet förklara att han inte kunde försvara sig?
    <time id="T250E" value="00:25:25,192" />
  </s>
  <s id="358">
    <time id="T251S" value="00:25:25,360" />
Jag vet inte.
    <time id="T251E" value="00:25:28,272" />
  </s>
  <s id="359">
    <time id="T252S" value="00:25:30,760" />
Torben var fixerad vid detaljer.
  </s>
  <s id="360">
Han sa de var nyckeln till brottet.
    <time id="T252E" value="00:25:36,949" />
  </s>
  <s id="361">
    <time id="T253S" value="00:25:37,120" />
-Känner man händelseförloppet...
  </s>
  <s id="362">
-Du har jobbat i 30 timmar.
    <time id="T253E" value="00:25:41,352" />
  </s>
  <s id="363">
    <time id="T254S" value="00:25:41,520" />
Gör mig en tjänst.
  </s>
  <s id="364">
Gå hem och sov.
    <time id="T254E" value="00:25:45,354" />
  </s>
  <s id="365">
    <time id="T255S" value="00:25:46,360" />
Vi hittade den här. 
  </s>
  <s id="366">
Där finns nog adressen till Torbens dotter.
    <time id="T255E" value="00:25:53,038" />
  </s>
  <s id="367">
    <time id="T256S" value="00:26:07,360" />
Hon verkar ha flyttat till Irland.
  </s>
  <s id="368">
Se vad du kan få ut av det här.
    <time id="T256E" value="00:26:13,469" />
  </s>
  <s id="369">
    <time id="T257S" value="00:26:14,480" />
Bruno har använt sin mobil i Aalborg.
    <time id="T257E" value="00:26:18,439" />
  </s>
  <s id="370">
    <time id="T258S" value="00:26:18,600" />
För nån vecka sen. 
  </s>
  <s id="371">
Vi försöker ta reda på vem han känner i stan.
    <time id="T258E" value="00:26:23,913" />
  </s>
  <s id="372">
    <time id="T259S" value="00:26:24,080" />
Vi har en man som erkänner.
    <time id="T259E" value="00:26:27,516" />
  </s>
  <s id="373">
    <time id="T260S" value="00:26:28,880" />
Den där polisen ringde efter mig, men när jag kom dit var de två.
    <time id="T260E" value="00:26:34,750" />
  </s>
  <s id="374">
    <time id="T261S" value="00:26:34,920" />
Inte för att det gjorde nåt.
  </s>
  <s id="375">
Då tar jag bara lite mer.
    <time id="T261E" value="00:26:40,040" />
  </s>
  <s id="376">
    <time id="T262S" value="00:26:40,200" />
De sa att det var helt okej.
    <time id="T262E" value="00:26:42,953" />
  </s>
  <s id="377">
    <time id="T263S" value="00:26:43,120" />
Jag sög av den ene medan den andre satte på mig.
    <time id="T263E" value="00:26:48,069" />
  </s>
  <s id="378">
    <time id="T264S" value="00:26:48,240" />
Men efteråt ville de inte betala.
  </s>
  <s id="379">
De sa att jag kunde dra åt helvete.
    <time id="T264E" value="00:26:52,791" />
  </s>
  <s id="380">
    <time id="T265S" value="00:26:52,960" />
-Vad gjorde du då?
  </s>
  <s id="381">
-Jag sköt dem.
    <time id="T266E" value="00:27:01,194" />
  </s>
  <s id="382">
    <time id="T267S" value="00:27:03,560" />
Victor, varför anmäler du dig?
    <time id="T267E" value="00:27:07,189" />
  </s>
  <s id="383">
    <time id="T268S" value="00:27:13,840" />
-De sa att jag skulle göra det.
  </s>
  <s id="384">
-Vilka då?
    <time id="T268E" value="00:27:16,877" />
  </s>
  <s id="385">
    <time id="T269S" value="00:27:17,040" />
-Rösterna.
  </s>
  <s id="386">
-För att du skulle bli förlåten?
    <time id="T269E" value="00:27:23,639" />
  </s>
  <s id="387">
    <time id="T270S" value="00:27:23,800" />
Nu har du blivit förlåten och kan gå hem.
    <time id="T270E" value="00:27:27,793" />
  </s>
  <s id="388">
    <time id="T271S" value="00:27:29,640" />
Tack.
    <time id="T271E" value="00:27:32,200" />
  </s>
  <s id="389">
    <time id="T272S" value="00:27:32,360" />
Du måste vara lngrid.
  </s>
  <s id="390">
Hans Lysberg - stationschef.
    <time id="T272E" value="00:27:35,432" />
  </s>
  <s id="391">
    <time id="T273S" value="00:27:35,600" />
Säg bara till om ni behöver hjälp med nåt.
    <time id="T273E" value="00:27:39,593" />
  </s>
  <s id="392">
    <time id="T274S" value="00:27:39,760" />
Det vore fint om vi slapp de värsta tokstollarna.
    <time id="T274E" value="00:27:45,232" />
  </s>
  <s id="393">
    <time id="T275S" value="00:27:47,360" />
Vi har hittat Brunos bekanta i Aalborg, men de var inte hemma.
    <time id="T275E" value="00:27:53,071" />
  </s>
  <s id="394">
    <time id="T276S" value="00:27:53,240" />
Kollegerna väntar.
    <time id="T276E" value="00:27:56,437" />
  </s>
  <s id="395">
    <time id="T277S" value="00:27:57,960" />
Jag har hittat numret till Torbens dotter. 
  </s>
  <s id="396">
Ska du eller jag...?
    <time id="T277E" value="00:28:02,317" />
  </s>
  <s id="397">
    <time id="T278S" value="00:28:09,240" />
Signe Rønne...? 
  </s>
  <s id="398">
Det här är Ingrid Dahl från polisen i Köpenhamn.
    <time id="T278E" value="00:28:15,349" />
  </s>
  <s id="399">
    <time id="T279S" value="00:28:15,520" />
Jag är kollega till din far.
    <time id="T279E" value="00:28:18,910" />
  </s>
  <s id="400">
    <time id="T280S" value="00:28:19,080" />
Jag har ett mycket tråkigt besked. 
  </s>
  <s id="401">
Hallå...?
    <time id="T280E" value="00:28:24,074" />
  </s>
  <s id="402">
    <time id="T281S" value="00:28:24,960" />
-Vad fan är det som händer?
  </s>
  <s id="403">
-Telefonerna har krånglat tidigare.
    <time id="T281E" value="00:28:29,238" />
  </s>
  <s id="404">
    <time id="T282S" value="00:28:29,400" />
Det måste fixas!
  </s>
  <s id="405">
Jag sitter ju mitt i...
    <time id="T282E" value="00:28:32,915" />
  </s>
  <s id="406">
    <time id="T283S" value="00:28:38,440" />
Signe? 
  </s>
  <s id="407">
Du får ursäkta att vi har problem med telefonerna.
    <time id="T283E" value="00:28:43,594" />
  </s>
  <s id="408">
    <time id="T284S" value="00:28:43,760" />
Ja, han är död. 
  </s>
  <s id="409">
Igår natt.
    <time id="T284E" value="00:28:48,595" />
  </s>
  <s id="410">
    <time id="T285S" value="00:28:48,760" />
Signe...?
    <time id="T285E" value="00:28:51,228" />
  </s>
  <s id="411">
    <time id="T286S" value="00:28:51,400" />
Har du nån hos dig?
    <time id="T286E" value="00:28:55,154" />
  </s>
  <s id="412">
    <time id="T287S" value="00:28:56,120" />
Torbens dotter.
    <time id="T287E" value="00:28:59,032" />
  </s>
  <s id="413">
    <time id="T288S" value="00:28:59,200" />
-Fick du några fräcka inviter?
  </s>
  <s id="414">
-Visst, men jag var för trött.
    <time id="T288E" value="00:29:04,877" />
  </s>
  <s id="415">
    <time id="T289S" value="00:29:05,040" />
-Hur går det här?
  </s>
  <s id="416">
-Åt skogen.
    <time id="T289E" value="00:29:08,999" />
  </s>
  <s id="417">
    <time id="T290S" value="00:29:11,800" />
Bruno...?
    <time id="T290E" value="00:29:14,598" />
  </s>
  <s id="418">
    <time id="T291S" value="00:29:16,960" />
Hur tog hon det?
    <time id="T291E" value="00:29:18,951" />
  </s>
  <s id="419">
    <time id="T292S" value="00:29:19,120" />
-Vad fick du fram?
  </s>
  <s id="420">
-Ingenting.
    <time id="T292E" value="00:29:21,873" />
  </s>
  <s id="421">
    <time id="T293S" value="00:29:22,040" />
Det finns inte ett bögställe som känner till Torben eller Henning.
    <time id="T293E" value="00:29:26,352" />
  </s>
  <s id="422">
    <time id="T294S" value="00:29:26,520" />
Det är tvärtom med Henning.
    <time id="T294E" value="00:29:29,717" />
  </s>
  <s id="423">
    <time id="T295S" value="00:29:29,880" />
Han är Signes gudfar och en riktig kvinnokarl.
    <time id="T295E" value="00:29:33,475" />
  </s>
  <s id="424">
    <time id="T296S" value="00:29:33,640" />
Vi får ju inte fram ett skit!
  </s>
  <s id="425">
Vad ska vi göra?
    <time id="T296E" value="00:29:38,350" />
  </s>
  <s id="426">
    <time id="T297S" value="00:29:38,520" />
-Ingrid, har du nåt förslag?
  </s>
  <s id="427">
-Jag tycker du ska gå hem och sova.
    <time id="T297E" value="00:29:42,752" />
  </s>
  <s id="428">
    <time id="T298S" value="00:29:42,920" />
-Jag ska fan inte sova nu!
  </s>
  <s id="429">
-God natt, Fischer.
    <time id="T298E" value="00:29:46,913" />
  </s>
  <s id="430">
    <time id="T299S" value="00:29:47,080" />
-Jag har väl rätt att...
  </s>
  <s id="431">
-Vi behöver en utvilad man imorgon.
    <time id="T299E" value="00:29:53,076" />
  </s>
  <s id="432">
    <time id="T300S" value="00:29:55,240" />
-God natt, då.
  </s>
  <s id="433">
-God natt.
    <time id="T300E" value="00:29:58,789" />
  </s>
  <s id="434">
    <time id="T301S" value="00:30:18,080" />
-Är det nån som vill ha nåt?
  </s>
  <s id="435">
-Jag tar gärna lite kaffe.
    <time id="T301E" value="00:30:22,358" />
  </s>
  <s id="436">
    <time id="T302S" value="00:30:22,520" />
IP...?
    <time id="T302E" value="00:30:24,317" />
  </s>
  <s id="437">
    <time id="T303S" value="00:30:31,160" />
Får jag säga en sak?
    <time id="T303E" value="00:30:33,833" />
  </s>
  <s id="438">
    <time id="T304S" value="00:30:34,000" />
-Du borde inte ha kört hem Fischer.
  </s>
  <s id="439">
-Han har varit igång sen igår morse.
    <time id="T304E" value="00:30:38,710" />
  </s>
  <s id="440">
    <time id="T305S" value="00:30:38,880" />
Han kan ändå inte sova.
  </s>
  <s id="441">
Det kan ingen av oss.
    <time id="T305E" value="00:30:42,873" />
  </s>
  <s id="442">
    <time id="T306S" value="00:30:43,040" />
Interpol har spårat Bruno.
  </s>
  <s id="443">
Han sitter häktad i Rotterdam.
    <time id="T306E" value="00:30:46,112" />
  </s>
  <s id="444">
    <time id="T307S" value="00:30:46,280" />
Men han är inte vår man.
  </s>
  <s id="445">
Han har suttit där en vecka.
    <time id="T307E" value="00:30:52,389" />
  </s>
  <s id="446">
    <time id="T308S" value="00:30:52,560" />
Då kan vi stänga butiken för idag.
    <time id="T308E" value="00:30:56,394" />
  </s>
  <s id="447">
    <time id="T309S" value="00:31:00,120" />
-Tack för idag.
  </s>
  <s id="448">
-Tack, själv.
    <time id="T309E" value="00:31:04,318" />
  </s>
  <s id="449">
    <time id="T310S" value="00:31:04,480" />
Tack för samarbetet.
  </s>
  <s id="450">
Jag vet att du hade räknat med...
    <time id="T310E" value="00:31:10,237" />
  </s>
  <s id="451">
    <time id="T311S" value="00:31:10,400" />
Det kommer tio år för sent och du har ju längtat efter det här jobbet.
    <time id="T311E" value="00:31:15,394" />
  </s>
  <s id="452">
    <time id="T312S" value="00:31:15,560" />
-Hur vet du det?
  </s>
  <s id="453">
-Jag har hållit ett öga på dig.
    <time id="T312E" value="00:31:19,792" />
  </s>
  <s id="454">
    <time id="T313S" value="00:31:19,960" />
-Torben hade väl löst fallet nu?
  </s>
  <s id="455">
-Det har knappt gått ett dygn.
    <time id="T313E" value="00:31:24,272" />
  </s>
  <s id="456">
    <time id="T314S" value="00:31:24,440" />
Haderslev tog Torben tre veckor.
  </s>
  <s id="457">
Du klarar dig bra.
    <time id="T314E" value="00:31:28,149" />
  </s>
  <s id="458">
    <time id="T315S" value="00:31:28,320" />
-Tack för förtroendet.
  </s>
  <s id="459">
-Vi ses imorgon.
    <time id="T315E" value="00:31:32,518" />
  </s>
  <s id="460">
    <time id="T316S" value="00:31:46,520" />
Skål för Danmarks första kvinnliga mordrotelchef!
    <time id="T316E" value="00:31:50,399" />
  </s>
  <s id="461">
    <time id="T317S" value="00:31:50,560" />
Bara om jag löser det här fallet och det finns inget som tyder på det.
    <time id="T317E" value="00:31:54,553" />
  </s>
  <s id="462">
    <time id="T318S" value="00:31:54,720" />
-Jag visste att Ulf var svag för dig.
  </s>
  <s id="463">
-Det har inget med honom att göra.
    <time id="T318E" value="00:31:59,111" />
  </s>
  <s id="464">
    <time id="T319S" value="00:31:59,280" />
Det är rikspolischefen som drar i trådarna.
    <time id="T319E" value="00:32:02,716" />
  </s>
  <s id="465">
    <time id="T320S" value="00:32:02,880" />
-Du ska alltid klaga på nåt.
  </s>
  <s id="466">
-Jag vill inte väljas för mitt kön.
    <time id="T320E" value="00:32:08,113" />
  </s>
  <s id="467">
    <time id="T321S" value="00:32:08,280" />
Jag valde ju dig på grund av ditt kön. 
  </s>
  <s id="468">
Söker du din fars erkännande?
    <time id="T321E" value="00:32:13,195" />
  </s>
  <s id="469">
    <time id="T322S" value="00:32:13,360" />
Jag vill inte bli analyserad nu.
  </s>
  <s id="470">
Hur gör vi med semestern?
    <time id="T322E" value="00:32:17,512" />
  </s>
  <s id="471">
    <time id="T323S" value="00:32:17,680" />
-Den är inställd.
  </s>
  <s id="472">
-Vad sa Tobias?
    <time id="T323E" value="00:32:22,310" />
  </s>
  <s id="473">
    <time id="T324S" value="00:32:22,480" />
-Vad tror du?
  </s>
  <s id="474">
-Det är okej.
    <time id="T324E" value="00:32:25,040" />
  </s>
  <s id="475">
    <time id="T325S" value="00:32:25,200" />
Du kan ju inte åka på semester när en polismördare går lös.
    <time id="T325E" value="00:32:30,479" />
  </s>
  <s id="476">
    <time id="T326S" value="00:32:33,000" />
Jag är mitt i ett spel.
  </s>
  <s id="477">
Grattis till jobbet.
    <time id="T326E" value="00:32:37,391" />
  </s>
  <s id="478">
    <time id="T327S" value="00:32:37,560" />
-Han artar sig riktigt bra.
  </s>
  <s id="479">
-Får jag säga nåt om det?
    <time id="T327E" value="00:32:43,715" />
  </s>
  <s id="480">
    <time id="T328S" value="00:32:43,880" />
Du är mycket duktig i jobbet men du är inget vidare på att förstå din son.
    <time id="T329E" value="00:32:52,149" />
  </s>
  <s id="481">
    <time id="T330S" value="00:32:52,320" />
-Han blev ledsen för semestern.
  </s>
  <s id="482">
-Nej då.
    <time id="T330E" value="00:32:55,710" />
  </s>
  <s id="483">
    <time id="T331S" value="00:32:55,880" />
-Han vill verka vuxen inför mamma.
  </s>
  <s id="484">
-Nu blir jag ledsen.
    <time id="T331E" value="00:33:00,795" />
  </s>
  <s id="485">
    <time id="T332S" value="00:33:00,960" />
Det är inte därför jag säger det.
    <time id="T332E" value="00:33:04,635" />
  </s>
  <s id="486">
    <time id="T333S" value="00:33:06,440" />
-Så var det när det bara var vi två.
  </s>
  <s id="487">
-Det är inte så farligt.
    <time id="T333E" value="00:33:11,560" />
  </s>
  <s id="488">
    <time id="T334S" value="00:33:11,720" />
-Ska jag tacka nej till jobbet?
  </s>
  <s id="489">
-Nej.
    <time id="T334E" value="00:33:14,280" />
  </s>
  <s id="490">
    <time id="T335S" value="00:33:14,440" />
Jag funderade på om han och jag skulle åka på semester.
    <time id="T335E" value="00:33:19,150" />
  </s>
  <s id="491">
    <time id="T336S" value="00:33:19,320" />
-Jag kan ta med min dotter också.
  </s>
  <s id="492">
-Det är en bra idé. 
  </s>
  <s id="493">
Du är så snäll.
    <time id="T336E" value="00:33:24,519" />
  </s>
  <s id="494">
    <time id="T337S" value="00:33:24,680" />
Jag är bara egoistisk. 
  </s>
  <s id="495">
Mina kängor behöver bestiga ett eller annat berg.
    <time id="T337E" value="00:33:31,199" />
  </s>
  <s id="496">
    <time id="T338S" value="00:33:31,360" />
Tycker du att det är rätt?
    <time id="T338E" value="00:33:34,557" />
  </s>
  <s id="497">
    <time id="T339S" value="00:33:34,720" />
-Typiskt dig. 
  </s>
  <s id="498">
Du finner dig i allt.
  </s>
  <s id="499">
-Du har säkert rätt.
    <time id="T339E" value="00:33:38,713" />
  </s>
  <s id="500">
    <time id="T340S" value="00:33:38,880" />
Man kan inte ens gräla med dig längre.
    <time id="T340E" value="00:33:41,872" />
  </s>
  <s id="501">
    <time id="T341S" value="00:33:42,040" />
-Skulle jag ha krävt att få jobbet?
  </s>
  <s id="502">
-Det vore en intressant förändring.
    <time id="T341E" value="00:33:49,799" />
  </s>
  <s id="503">
    <time id="T342S" value="00:33:49,960" />
Och om han hade sagt nej?
  </s>
  <s id="504">
Skulle jag ha sagt upp mig då?
    <time id="T342E" value="00:33:53,999" />
  </s>
  <s id="505">
    <time id="T343S" value="00:33:54,160" />
-Det hade de förtjänat.
  </s>
  <s id="506">
-Vad skulle vi då leva på?
    <time id="T343E" value="00:33:58,119" />
  </s>
  <s id="507">
    <time id="T344S" value="00:33:58,280" />
Dina småroller på teatern?
    <time id="T344E" value="00:34:02,239" />
  </s>
  <s id="508">
    <time id="T345S" value="00:34:02,400" />
-Det var du som ville gräla.
  </s>
  <s id="509">
-Låta sig passeras av en 37-åring!
    <time id="T345E" value="00:34:06,757" />
  </s>
  <s id="510">
    <time id="T346S" value="00:34:06,920" />
-Du kanske vill ha en kvinnlig chef.
  </s>
  <s id="511">
-Jag är ju van hemifrån.
    <time id="T346E" value="00:34:12,597" />
  </s>
  <s id="512">
    <time id="T347S" value="00:34:47,080" />
God morgon.
    <time id="T347E" value="00:34:49,196" />
  </s>
  <s id="513">
    <time id="T348S" value="00:34:52,400" />
Kan vi ha tagit fel från början?
    <time id="T348E" value="00:34:54,789" />
  </s>
  <s id="514">
    <time id="T349S" value="00:34:54,960" />
Det kanske inte handlar om Torben utan hans vän 
  </s>
  <s id="515">
- Henning Ravn.
    <time id="T349E" value="00:34:59,431" />
  </s>
  <s id="516">
    <time id="T350S" value="00:35:01,800" />
Här har vi Torbens vardagsrummet och här ligger sovrummet.
    <time id="T350E" value="00:35:06,078" />
  </s>
  <s id="517">
    <time id="T351S" value="00:35:06,240" />
Torben hittades här och Henning här.
    <time id="T351E" value="00:35:09,516" />
  </s>
  <s id="518">
    <time id="T352S" value="00:35:09,680" />
Vi har utgått från att Torben dödades först och sen Henning.
    <time id="T352E" value="00:35:14,470" />
  </s>
  <s id="519">
    <time id="T353S" value="00:35:14,640" />
Tänk om det är tvärtom och att mördaren var ute efter Henning.
    <time id="T353E" value="00:35:19,760" />
  </s>
  <s id="520">
    <time id="T354S" value="00:35:19,920" />
Torben kanske kommer hem, överraskas och sticks ner.
    <time id="T354E" value="00:35:24,391" />
  </s>
  <s id="521">
    <time id="T355S" value="00:35:24,560" />
Intressant teori, men felaktig.
    <time id="T355E" value="00:35:28,075" />
  </s>
  <s id="522">
    <time id="T356S" value="00:35:28,240" />
Torben tittade på tv och drack öl innan mördaren kom.
    <time id="T356E" value="00:35:33,030" />
  </s>
  <s id="523">
    <time id="T357S" value="00:35:33,200" />
Det trodde jag med tills jag läste den här.
    <time id="T357E" value="00:35:36,112" />
  </s>
  <s id="524">
    <time id="T358S" value="00:35:36,280" />
I halvlek var Torben nere på macken och köpte cigaretter.
    <time id="T358E" value="00:35:40,717" />
  </s>
  <s id="525">
    <time id="T359S" value="00:35:40,880" />
Han var borta 15-20 minuter och då kan Henning ha fått besök.
    <time id="T359E" value="00:35:46,273" />
  </s>
  <s id="526">
    <time id="T360S" value="00:35:47,640" />
Vilket geni har skrivit rapporten utan att underrätta oss?
    <time id="T360E" value="00:35:51,713" />
  </s>
  <s id="527">
    <time id="T361S" value="00:35:51,880" />
Lugn - inga fler mord.
    <time id="T361E" value="00:35:54,553" />
  </s>
  <s id="528">
    <time id="T362S" value="00:35:54,720" />
-Vilket är motivet?
  </s>
  <s id="529">
-Vad vet vi om Henning?
    <time id="T362E" value="00:35:58,030" />
  </s>
  <s id="530">
    <time id="T363S" value="00:35:58,200" />
Läkare, ensam, många kvinnor.
    <time id="T363E" value="00:36:01,351" />
  </s>
  <s id="531">
    <time id="T364S" value="00:36:01,520" />
Torbens dotter sa att Henning hade ett förhållande med en kvinna...
    <time id="T364E" value="00:36:05,911" />
  </s>
  <s id="532">
    <time id="T365S" value="00:36:06,080" />
Ida Friis.
    <time id="T365E" value="00:36:08,913" />
  </s>
  <s id="533">
    <time id="T366S" value="00:36:09,080" />
Okej, henne letar jag upp.
    <time id="T366E" value="00:36:12,152" />
  </s>
  <s id="534">
    <time id="T367S" value="00:36:12,960" />
-Ingrid...
  </s>
  <s id="535">
-Hej, Lysberg.
    <time id="T367E" value="00:36:15,952" />
  </s>
  <s id="536">
    <time id="T368S" value="00:36:16,120" />
I natt tog vi in en gammal bekant av en annan anledning.
    <time id="T368E" value="00:36:20,716" />
  </s>
  <s id="537">
    <time id="T369S" value="00:36:20,880" />
Han säger sig veta nåt men talar bara med utredningsledaren.
    <time id="T369E" value="00:36:25,078" />
  </s>
  <s id="538">
    <time id="T370S" value="00:36:25,240" />
Du ska nog tala med honom.
    <time id="T370E" value="00:36:27,959" />
  </s>
  <s id="539">
    <time id="T371S" value="00:36:41,640" />
-Jag talar bara med chefen.
  </s>
  <s id="540">
-Ja, det är jag.
    <time id="T371E" value="00:36:45,633" />
  </s>
  <s id="541">
    <time id="T372S" value="00:36:46,760" />
Jag säger inget så länge han är kvar.
    <time id="T372E" value="00:36:49,911" />
  </s>
  <s id="542">
    <time id="T373S" value="00:37:00,360" />
-Jag vet något om morden.
  </s>
  <s id="543">
-Det vill jag gärna höra.
    <time id="T373E" value="00:37:06,071" />
  </s>
  <s id="544">
    <time id="T374S" value="00:37:06,240" />
Det kostar. 
  </s>
  <s id="545">
Jag har en dom sen tidigare och har blivit gripen igen.
    <time id="T374E" value="00:37:11,633" />
  </s>
  <s id="546">
    <time id="T375S" value="00:37:11,800" />
-Jag trivs inte i fängelse.
  </s>
  <s id="547">
-Det är just det som är tanken.
    <time id="T375E" value="00:37:16,191" />
  </s>
  <s id="548">
    <time id="T376S" value="00:37:16,360" />
En snut med humor!
    <time id="T376E" value="00:37:18,920" />
  </s>
  <s id="549">
    <time id="T377S" value="00:37:20,680" />
Jag vet vem som gjorde det och varför.
    <time id="T377E" value="00:37:24,355" />
  </s>
  <s id="550">
    <time id="T378S" value="00:37:24,520" />
-Du är skyldig att säga vad du vet.
  </s>
  <s id="551">
-Jag vet ingenting.
    <time id="T378E" value="00:37:29,719" />
  </s>
  <s id="552">
    <time id="T379S" value="00:37:29,880" />
Vi är inte i USA utan i Danmark.
    <time id="T379E" value="00:37:32,474" />
  </s>
  <s id="553">
    <time id="T380S" value="00:37:32,640" />
I Danmark kan man inte förhandla sig till lindrigare straff.
    <time id="T380E" value="00:37:38,158" />
  </s>
  <s id="554">
    <time id="T381S" value="00:37:41,160" />
Var i huset hittade man kropparna?
    <time id="T381E" value="00:37:45,472" />
  </s>
  <s id="555">
    <time id="T382S" value="00:37:48,480" />
Den ene i sovrummet, polisen i vardagsrummet.
    <time id="T382E" value="00:37:52,234" />
  </s>
  <s id="556">
    <time id="T383S" value="00:38:05,080" />
Jag ringer igen. 
  </s>
  <s id="557">
Hej så länge.
    <time id="T383E" value="00:38:08,231" />
  </s>
  <s id="558">
    <time id="T384S" value="00:38:08,400" />
Ida Friis tog livet av sig för två veckor sen. 
  </s>
  <s id="559">
Jag söker hennes son.
    <time id="T384E" value="00:38:13,838" />
  </s>
  <s id="560">
    <time id="T385S" value="00:38:14,000" />
Rikspolischefen har ringt.
  </s>
  <s id="561">
Hon vill gärna träffa dig.
    <time id="T385E" value="00:38:20,109" />
  </s>
  <s id="562">
    <time id="T386S" value="00:38:20,280" />
-Hade han nåt användbart?
  </s>
  <s id="563">
-Han vet vem som har gjort det.
    <time id="T386E" value="00:38:25,115" />
  </s>
  <s id="564">
    <time id="T387S" value="00:38:25,280" />
Vet han vem som dödade Torben?
    <time id="T387E" value="00:38:28,158" />
  </s>
  <s id="565">
    <time id="T388S" value="00:38:28,320" />
-Han vill ha lindrigare straff.
  </s>
  <s id="566">
-Uteslutet.
    <time id="T388E" value="00:38:32,029" />
  </s>
  <s id="567">
    <time id="T389S" value="00:38:32,200" />
Varifrån har han fått uppgifterna?
  </s>
  <s id="568">
Tala med bekanta, familj och vänner.
    <time id="T389E" value="00:38:36,830" />
  </s>
  <s id="569">
    <time id="T390S" value="00:38:37,000" />
-Det kan ju ta dagar eller veckor.
  </s>
  <s id="570">
-Ska vi förhandla med en brottsling?
    <time id="T390E" value="00:38:43,189" />
  </s>
  <s id="571">
    <time id="T391S" value="00:38:44,400" />
Jag håller med Ingrid Dahl. 
  </s>
  <s id="572">
Det här är force majeure - ett polismord!
    <time id="T391E" value="00:38:51,238" />
  </s>
  <s id="573">
    <time id="T392S" value="00:38:51,400" />
Strunta nu i paragraferna och tänk lite kreativt för en gångs skull.
    <time id="T392E" value="00:38:57,589" />
  </s>
  <s id="574">
    <time id="T393S" value="00:38:59,760" />
Tack ska du ha.
    <time id="T393E" value="00:39:02,513" />
  </s>
  <s id="575">
    <time id="T394S" value="00:39:02,680" />
-Statsåklagaren ringer strax.
  </s>
  <s id="576">
-Han lät inte direkt begeistrad.
    <time id="T394E" value="00:39:07,879" />
  </s>
  <s id="577">
    <time id="T395S" value="00:39:08,040" />
Han är skyldig mig några tjänster.
    <time id="T395E" value="00:39:11,430" />
  </s>
  <s id="578">
    <time id="T396S" value="00:39:11,600" />
Har du blivit bra installerad?
    <time id="T396E" value="00:39:14,512" />
  </s>
  <s id="579">
    <time id="T397S" value="00:39:14,680" />
Vi sitter i en mörk källare.
    <time id="T397E" value="00:39:17,353" />
  </s>
  <s id="580">
    <time id="T398S" value="00:39:17,520" />
Har du inte hört om min fixa idé?
  </s>
  <s id="581">
Vi borde ha ett mobilt kontor.
    <time id="T398E" value="00:39:24,198" />
  </s>
  <s id="582">
    <time id="T399S" value="00:39:24,360" />
-Ett mobilkontor...?
  </s>
  <s id="583">
-Får jag rita på den här?
    <time id="T399E" value="00:39:27,750" />
  </s>
  <s id="584">
    <time id="T400S" value="00:39:30,760" />
Jag hade tänkt berätta att Torben var nere vid bensinstationen men sen glömde jag bort det.
  </s>
  <s id="585">
Jag är ledsen.
    <time id="T401E" value="00:39:39,909" />
  </s>
  <s id="586">
    <time id="T402S" value="00:39:40,080" />
Det här ska nog muntra upp dig.
    <time id="T402E" value="00:39:43,868" />
  </s>
  <s id="587">
    <time id="T403S" value="00:39:44,040" />
Henning Ravn hade magasinerat sina saker medan huset renoveras.
    <time id="T403E" value="00:39:50,354" />
  </s>
  <s id="588">
    <time id="T404S" value="00:39:50,520" />
Vi vill ha tag i hans privata papper som säkert ligger här nånstans.
    <time id="T404E" value="00:39:55,355" />
  </s>
  <s id="589">
    <time id="T405S" value="00:39:56,960" />
Det är bara att sätta igång.
    <time id="T405E" value="00:40:00,669" />
  </s>
  <s id="590">
    <time id="T406S" value="00:40:00,840" />
Ha det så trevligt.
    <time id="T406E" value="00:40:02,831" />
  </s>
  <s id="591">
    <time id="T407S" value="00:40:03,000" />
Då slipper vi montera upp och ner utrustningen.
    <time id="T407E" value="00:40:08,279" />
  </s>
  <s id="592">
    <time id="T408S" value="00:40:10,560" />
Vad tycker du? 
  </s>
  <s id="593">
Nej, det är klart.
    <time id="T408E" value="00:40:14,189" />
  </s>
  <s id="594">
    <time id="T409S" value="00:40:14,360" />
Du kan inte gå förbi honom.
  </s>
  <s id="595">
Tack för det.
    <time id="T409E" value="00:40:20,276" />
  </s>
  <s id="596">
    <time id="T410S" value="00:40:20,440" />
Statsåklagaren godkänner det, men han vill tala med distriktsåklagaren.
    <time id="T410E" value="00:40:25,355" />
  </s>
  <s id="597">
    <time id="T411S" value="00:40:25,520" />
Han ringer direkt till dig.
    <time id="T411E" value="00:40:28,114" />
  </s>
  <s id="598">
    <time id="T412S" value="00:40:28,280" />
Ska vi ta en bit mat?
    <time id="T412E" value="00:40:30,794" />
  </s>
  <s id="599">
    <time id="T413S" value="00:40:30,960" />
Vi flickor i ledande ställning bör ju luncha ibland.
    <time id="T413E" value="00:40:37,195" />
  </s>
  <s id="600">
    <time id="T414S" value="00:40:37,360" />
Det är inte riktigt min sak...
  </s>
  <s id="601">
Jag vill bara vara en bra polis.
    <time id="T414E" value="00:40:43,515" />
  </s>
  <s id="602">
    <time id="T415S" value="00:40:50,000" />
Stämmer det att vi har en man som vet vem som dödade Torben?
    <time id="T415E" value="00:40:54,198" />
  </s>
  <s id="603">
    <time id="T416S" value="00:40:54,360" />
-Jag går och snackar med honom.
  </s>
  <s id="604">
-Nej, stanna här! 
  </s>
  <s id="605">
Fischer...!
    <time id="T416E" value="00:40:59,559" />
  </s>
  <s id="606">
    <time id="T417S" value="00:40:59,720" />
Du kanske inte bryr dig om Torben, men det gör vi andra.
    <time id="T417E" value="00:41:04,032" />
  </s>
  <s id="607">
    <time id="T418S" value="00:41:04,200" />
-Han får inte röras.
  </s>
  <s id="608">
-Vet du vad han ska få?
  </s>
  <s id="609">
!
    <time id="T418E" value="00:41:07,078" />
  </s>
  <s id="610">
    <time id="T419S" value="00:41:07,240" />
-Lugna ner dig.
  </s>
  <s id="611">
-Jag tror inte mina öron.
    <time id="T419E" value="00:41:10,835" />
  </s>
  <s id="612">
    <time id="T420S" value="00:41:11,000" />
Det är Ingrid Dahl.
  </s>
  <s id="613">
Det var roligt att höra.
    <time id="T420E" value="00:41:15,994" />
  </s>
  <s id="614">
    <time id="T421S" value="00:41:16,160" />
Kan du faxa det till mig?
    <time id="T421E" value="00:41:19,197" />
  </s>
  <s id="615">
    <time id="T422S" value="00:41:25,320" />
Du kommer bara att kunna få villkorlig dom.
    <time id="T422E" value="00:41:30,269" />
  </s>
  <s id="616">
    <time id="T423S" value="00:41:39,920" />
Tack, men det behåller jag.
    <time id="T423E" value="00:41:43,708" />
  </s>
  <s id="617">
    <time id="T424S" value="00:41:50,720" />
Det jag har att säga stannar mellan oss.
    <time id="T424E" value="00:41:54,998" />
  </s>
  <s id="618">
    <time id="T425S" value="00:41:58,520" />
-Nu vill jag ha ett namn.
  </s>
  <s id="619">
-Dennis...
    <time id="T425E" value="00:42:01,910" />
  </s>
  <s id="620">
    <time id="T426S" value="00:42:02,080" />
Dennis Friis.
    <time id="T426E" value="00:42:05,038" />
  </s>
  <s id="621">
    <time id="T427S" value="00:42:05,200" />
-Hans mor var ihop med Ravn.
  </s>
  <s id="622">
-Det är just vad det handlar om.
    <time id="T427E" value="00:42:09,796" />
  </s>
  <s id="623">
    <time id="T428S" value="00:42:09,960" />
Dennis mötte honom av en slump efter många år.
    <time id="T428E" value="00:42:13,953" />
  </s>
  <s id="624">
    <time id="T429S" value="00:42:14,120" />
Han berättar då att hans mor tagit livet av sig.
    <time id="T429E" value="00:42:19,194" />
  </s>
  <s id="625">
    <time id="T430S" value="00:42:19,360" />
Då säger Henning nåt nedsättande om henne och Dennis blir vansinnig.
    <time id="T430E" value="00:42:23,478" />
  </s>
  <s id="626">
    <time id="T431S" value="00:42:23,640" />
På kvällen åker han ut till honom och...
    <time id="T431E" value="00:42:27,918" />
  </s>
  <s id="627">
    <time id="T432S" value="00:42:28,080" />
-Hur vet du det?
  </s>
  <s id="628">
-Vi jobbar ihop på gymet.
    <time id="T432E" value="00:42:31,595" />
  </s>
  <s id="629">
    <time id="T433S" value="00:42:31,760" />
Efter landskampen hittade jag Dennis kräkande på toaletten.
    <time id="T433E" value="00:42:36,197" />
  </s>
  <s id="630">
    <time id="T434S" value="00:42:36,360" />
Och då berättar han att han har dödat två män.
    <time id="T434E" value="00:42:41,957" />
  </s>
  <s id="631">
    <time id="T435S" value="00:42:48,200" />
Dennis Friis...?
  </s>
  <s id="632">
Får jag störa en stund?
    <time id="T435E" value="00:42:52,751" />
  </s>
  <s id="633">
    <time id="T436S" value="00:42:54,520" />
Gäller det Henning?
  </s>
  <s id="634">
Jag läste om det i tidningen.
    <time id="T436E" value="00:42:59,355" />
  </s>
  <s id="635">
    <time id="T437S" value="00:42:59,520" />
-Han har bott med dig och din mor?
  </s>
  <s id="636">
-Ja, men det gick inte.
    <time id="T437E" value="00:43:03,798" />
  </s>
  <s id="637">
    <time id="T438S" value="00:43:03,960" />
Min mor var ganska svår.
    <time id="T438E" value="00:43:05,951" />
  </s>
  <s id="638">
    <time id="T439S" value="00:43:06,120" />
-Och han?
  </s>
  <s id="639">
-Han var okej.
    <time id="T439E" value="00:43:09,032" />
  </s>
  <s id="640">
    <time id="T440S" value="00:43:09,200" />
Jag har inte sett honom på flera år, men det är tråkigt att han är död.
    <time id="T440E" value="00:43:12,909" />
  </s>
  <s id="641">
    <time id="T441S" value="00:43:13,080" />
Har du inte sett honom på flera år?
  </s>
  <s id="642">
Ni har inte stött på varann?
    <time id="T441E" value="00:43:20,031" />
  </s>
  <s id="643">
    <time id="T442S" value="00:43:20,200" />
-Vad gör du för nåt?
  </s>
  <s id="644">
-Försöker få upp 300 kilo.
    <time id="T442E" value="00:43:24,910" />
  </s>
  <s id="645">
    <time id="T443S" value="00:43:25,080" />
Jag jobbar extra här.
    <time id="T443E" value="00:43:27,674" />
  </s>
  <s id="646">
    <time id="T444S" value="00:43:27,840" />
-I förrgår också?
  </s>
  <s id="647">
-Ja, vi såg landskampen ihop.
    <time id="T444E" value="00:43:33,312" />
  </s>
  <s id="648">
    <time id="T445S" value="00:43:35,400" />
Så det gjorde ni?
    <time id="T445E" value="00:43:38,358" />
  </s>
  <s id="649">
    <time id="T446S" value="00:43:39,160" />
Tio personer såg honom titta på matchen på gymet!
    <time id="T446E" value="00:43:45,156" />
  </s>
  <s id="650">
    <time id="T447S" value="00:43:45,320" />
Han gick iväg mitt i matchen.
    <time id="T447E" value="00:43:47,675" />
  </s>
  <s id="651">
    <time id="T448S" value="00:43:47,840" />
-Utan att nån la märke till det?
  </s>
  <s id="652">
-Jag gjorde det.
    <time id="T448E" value="00:43:51,355" />
  </s>
  <s id="653">
    <time id="T449S" value="00:43:51,520" />
Och när han kom tillbaka, hade han bytt kläder.
    <time id="T449E" value="00:43:55,991" />
  </s>
  <s id="654">
    <time id="T450S" value="00:43:59,280" />
-Säger han det för att slippa straff?
  </s>
  <s id="655">
-Det tror jag inte.
    <time id="T450E" value="00:44:03,876" />
  </s>
  <s id="656">
    <time id="T451S" value="00:44:04,040" />
Du har varit på gymet. 
  </s>
  <s id="657">
Kan han ha gått utan att nån såg det?
    <time id="T451E" value="00:44:09,114" />
  </s>
  <s id="658">
    <time id="T452S" value="00:44:09,280" />
-Kanske - rent teoretiskt.
  </s>
  <s id="659">
-Det räcker. 
  </s>
  <s id="660">
Han har motiv.
    <time id="T452E" value="00:44:14,115" />
  </s>
  <s id="661">
    <time id="T453S" value="00:44:14,280" />
-Hämnd.
  </s>
  <s id="662">
-Vi har bara en brottslings utsaga.
    <time id="T453E" value="00:44:17,875" />
  </s>
  <s id="663">
    <time id="T454S" value="00:44:18,040" />
Vi måste hitta kniven.
  </s>
  <s id="664">
Han bytte kläder i hemmet.
    <time id="T454E" value="00:44:21,112" />
  </s>
  <s id="665">
    <time id="T455S" value="00:44:21,280" />
-Ska vi göra ett litet besök?
  </s>
  <s id="666">
-Vi får aldrig nån rannsakningsorder.
    <time id="T455E" value="00:44:25,910" />
  </s>
  <s id="667">
    <time id="T456S" value="00:44:26,080" />
Vi kan göra det när han inte är hemma.
    <time id="T456E" value="00:44:29,197" />
  </s>
  <s id="668">
    <time id="T457S" value="00:44:34,800" />
-Låt oss få det överstökat.
  </s>
  <s id="669">
-Varför inte, nu när vi är igång?
    <time id="T457E" value="00:44:40,557" />
  </s>
  <s id="670">
    <time id="T458S" value="00:45:25,120" />
Titta här. 
  </s>
  <s id="671">
Från moderns begravning.
    <time id="T458E" value="00:45:28,874" />
  </s>
  <s id="672">
    <time id="T459S" value="00:45:31,640" />
-Lägger man inte dem på graven?
  </s>
  <s id="673">
-Jo, men inte vår man.
    <time id="T459E" value="00:45:36,919" />
  </s>
  <s id="674">
    <time id="T460S" value="00:45:41,000" />
Då sätter vi igång.
    <time id="T460E" value="00:45:43,958" />
  </s>
  <s id="675">
    <time id="T461S" value="00:45:46,520" />
Du har gått till statsåklagaren bakom min rygg!
    <time id="T461E" value="00:45:50,354" />
  </s>
  <s id="676">
    <time id="T462S" value="00:45:50,520" />
-Jag trodde att du skulle instämma.
  </s>
  <s id="677">
-Jag ska underrättas!
    <time id="T462E" value="00:45:56,709" />
  </s>
  <s id="678">
    <time id="T463S" value="00:45:56,880" />
Och så passade du på att ta upp den gamla frågan om det mobila kontoret!
    <time id="T463E" value="00:46:03,194" />
  </s>
  <s id="679">
    <time id="T464S" value="00:46:03,360" />
Såna ansökningar ska gå genom mig!
    <time id="T464E" value="00:46:06,670" />
  </s>
  <s id="680">
    <time id="T465S" value="00:46:06,840" />
Vi pratade bara om det.
  </s>
  <s id="681">
Det var ingen ansökan.
    <time id="T465E" value="00:46:10,389" />
  </s>
  <s id="682">
    <time id="T466S" value="00:46:10,560" />
Men det var så det uppfattades.
    <time id="T466E" value="00:46:14,519" />
  </s>
  <s id="683">
    <time id="T467S" value="00:46:14,680" />
Inget mordvapen i Dennis lägenhet.
  </s>
  <s id="684">
- Hej, Ulf.
    <time id="T467E" value="00:46:20,357" />
  </s>
  <s id="685">
    <time id="T468S" value="00:46:25,640" />
Sakta i backarna nu...
  </s>
  <s id="686">
Vad är det för husrannsakan?
    <time id="T468E" value="00:46:30,919" />
  </s>
  <s id="687">
    <time id="T469S" value="00:46:31,080" />
Rannsakan och rannsakan...
    <time id="T469E" value="00:46:34,231" />
  </s>
  <s id="688">
    <time id="T470S" value="00:46:35,360" />
-Ingen rannsakningsorder, alltså.
  </s>
  <s id="689">
-Vi hade inget val.
    <time id="T470E" value="00:46:39,672" />
  </s>
  <s id="690">
    <time id="T471S" value="00:46:39,840" />
Ingrid, det här har jag aldrig hört.
    <time id="T471E" value="00:46:42,195" />
  </s>
  <s id="691">
    <time id="T472S" value="00:46:42,360" />
Teknikerna har hittat metallrester och kan identifiera kniven.
    <time id="T472E" value="00:46:47,639" />
  </s>
  <s id="692">
    <time id="T473S" value="00:46:48,720" />
Ulf, nu kan du göra utredningen en mycket stor tjänst.
    <time id="T473E" value="00:46:53,191" />
  </s>
  <s id="693">
    <time id="T474S" value="00:46:53,360" />
Hur då?
    <time id="T474E" value="00:46:55,078" />
  </s>
  <s id="694">
    <time id="T475S" value="00:46:55,240" />
Polisen lär ha hittat mordvapnet.
  </s>
  <s id="695">
Jag står här med Ulf Thomsen.
    <time id="T475E" value="00:47:01,475" />
  </s>
  <s id="696">
    <time id="T476S" value="00:47:01,640" />
Betraktar ni fyndet av kniven som ett avgörande genombrott?
    <time id="T476E" value="00:47:06,634" />
  </s>
  <s id="697">
    <time id="T477S" value="00:47:06,800" />
Det är för tidigt att säga ännu. 
  </s>
  <s id="698">
Vi får vänta på teknikernas rapport.
    <time id="T477E" value="00:47:11,794" />
  </s>
  <s id="699">
    <time id="T478S" value="00:47:11,960" />
Det är fantastiskt vad de kan idag.
    <time id="T478E" value="00:47:16,078" />
  </s>
  <s id="700">
    <time id="T479S" value="00:47:16,240" />
Om inte Dennis hämtar kniven nu, så har vi fel man.
    <time id="T479E" value="00:47:20,870" />
  </s>
  <s id="701">
    <time id="T480S" value="00:47:21,840" />
Övervakning av den misstänkte
    <time id="T480E" value="00:47:26,675" />
  </s>
  <s id="702">
    <time id="T481S" value="00:47:28,960" />
Det händer inte mycket, va?
    <time id="T481E" value="00:47:33,033" />
  </s>
  <s id="703">
    <time id="T482S" value="00:47:36,160" />
-Vad gör vi om det inte är han?
  </s>
  <s id="704">
-Du såg ju blommorna.
    <time id="T482E" value="00:47:40,756" />
  </s>
  <s id="705">
    <time id="T483S" value="00:47:40,920" />
Han gillade sin mor, men det gör ju honom inte till mördare.
    <time id="T483E" value="00:47:46,392" />
  </s>
  <s id="706">
    <time id="T484S" value="00:47:48,120" />
Tänk om det inte är han.
  </s>
  <s id="707">
Då är Ingrids plan oerhört genial.
    <time id="T484E" value="00:47:52,113" />
  </s>
  <s id="708">
    <time id="T485S" value="00:47:52,280" />
-Din optimism smittar.
  </s>
  <s id="709">
-Jag är bara realist.
    <time id="T485E" value="00:47:55,477" />
  </s>
  <s id="710">
    <time id="T486S" value="00:47:55,640" />
Är det inte han, löser mördaren upp kniven i syra i denna stund.
    <time id="T486E" value="00:48:01,988" />
  </s>
  <s id="711">
    <time id="T487S" value="00:48:02,160" />
-Kul sagt.
  </s>
  <s id="712">
-Tack ska du ha.
    <time id="T487E" value="00:48:05,311" />
  </s>
  <s id="713">
    <time id="T488S" value="00:48:15,040" />
-För sent?
  </s>
  <s id="714">
-Jag tror att de har åkt.
    <time id="T488E" value="00:48:19,192" />
  </s>
  <s id="715">
    <time id="T489S" value="00:48:19,360" />
Nu har man hela huset för sig själv.
    <time id="T489E" value="00:48:22,511" />
  </s>
  <s id="716">
    <time id="T490S" value="00:48:40,320" />
"Die Fülle führt zur Klarheit, im Abgrund wohnt die Warheit."
    <time id="T490E" value="00:48:46,350" />
  </s>
  <s id="717">
    <time id="T491S" value="00:48:47,520" />
Varifrån kommer det?
    <time id="T491E" value="00:48:51,069" />
  </s>
  <s id="718">
    <time id="T492S" value="00:48:51,240" />
Det är ett av Torbens älsklingscitat. 
  </s>
  <s id="719">
Schiller.
    <time id="T492E" value="00:48:55,518" />
  </s>
  <s id="720">
    <time id="T493S" value="00:48:55,680" />
Jag förstod aldrig riktigt vad det betyder.
    <time id="T493E" value="00:48:59,195" />
  </s>
  <s id="721">
    <time id="T494S" value="00:48:59,360" />
"Mängden av detaljer ger klarhet, men sanningen bor i avgrunden."
    <time id="T494E" value="00:49:04,309" />
  </s>
  <s id="722">
    <time id="T495S" value="00:49:04,480" />
Det har jag förstått, men vad menade han med det?
    <time id="T495E" value="00:49:08,075" />
  </s>
  <s id="723">
    <time id="T496S" value="00:49:09,760" />
Först tar vi reda på alla detaljer, sen studerar vi människans avgrund.
    <time id="T496E" value="00:49:15,551" />
  </s>
  <s id="724">
    <time id="T497S" value="00:49:16,960" />
Vet du vad vi studerar? 
  </s>
  <s id="725">
En man som ligger hemma och runkar.
    <time id="T497E" value="00:49:23,308" />
  </s>
  <s id="726">
    <time id="T498S" value="00:49:28,480" />
-Nu har det gått två timmar.
  </s>
  <s id="727">
-Han kommer!
    <time id="T498E" value="00:49:32,712" />
  </s>
  <s id="728">
    <time id="T499S" value="00:49:34,360" />
Tack, Gaby. 
  </s>
  <s id="729">
Är du fortfarande tillsammans med Rasmus?
    <time id="T499E" value="00:49:40,037" />
  </s>
  <s id="730">
    <time id="T500S" value="00:49:40,200" />
I det här jobbet träffar man bara snutar och kriminella.
    <time id="T500E" value="00:49:44,352" />
  </s>
  <s id="731">
    <time id="T501S" value="00:49:44,520" />
Så som vi uppför oss är det snart samma sak.
    <time id="T501E" value="00:49:48,354" />
  </s>
  <s id="732">
    <time id="T502S" value="00:49:48,520" />
-Vad är det?
  </s>
  <s id="733">
-Hennings privata papper.
    <time id="T502E" value="00:49:52,195" />
  </s>
  <s id="734">
    <time id="T503S" value="00:49:52,360" />
Var det inte det ni ville ha? 
  </s>
  <s id="735">
Brev, deklarationer, försäkringar och sånt.
    <time id="T503E" value="00:49:57,992" />
  </s>
  <s id="736">
    <time id="T504S" value="00:49:58,160" />
-Tack för det, Claus.
  </s>
  <s id="737">
-Nu rör han på sig.
    <time id="T504E" value="00:50:02,199" />
  </s>
  <s id="738">
    <time id="T505S" value="00:50:47,360" />
-Ska han bara träna?
  </s>
  <s id="739">
-Det är en märklig tidpunkt.
    <time id="T505E" value="00:50:51,876" />
  </s>
  <s id="740">
    <time id="T506S" value="00:50:56,160" />
Fischer, du har ju varit här.
  </s>
  <s id="741">
Vad finns det där inne?
    <time id="T506E" value="00:51:00,950" />
  </s>
  <s id="742">
    <time id="T507S" value="00:51:01,760" />
Toaletten, tror jag.
    <time id="T507E" value="00:51:05,389" />
  </s>
  <s id="743">
    <time id="T508S" value="00:51:05,560" />
För helvete - han stod där och spydde!
    <time id="T508E" value="00:51:10,076" />
  </s>
  <s id="744">
    <time id="T509S" value="00:51:53,280" />
Är det bara ni?
  </s>
  <s id="745">
Jag trodde det var inbrott.
    <time id="T509E" value="00:51:57,319" />
  </s>
  <s id="746">
    <time id="T510S" value="00:51:59,120" />
Jag har ju sagt att jag arbetar här!
  </s>
  <s id="747">
Jag städar på natten!
    <time id="T510E" value="00:52:04,433" />
  </s>
  <s id="748">
    <time id="T511S" value="00:52:05,760" />
Dennis Friis, klockan är 23.31 och du är anhållen.
    <time id="T511E" value="00:52:11,039" />
  </s>
  <s id="749">
    <time id="T512S" value="00:52:15,440" />
Förhör med den misstänkte
    <time id="T512E" value="00:52:19,353" />
  </s>
  <s id="750">
    <time id="T513S" value="00:52:20,680" />
Du behöver inte säga nåt för vår skull.
    <time id="T513E" value="00:52:24,195" />
  </s>
  <s id="751">
    <time id="T514S" value="00:52:24,360" />
Vi har din kniv och teknikerna hittar alltid nåt.
    <time id="T514E" value="00:52:29,195" />
  </s>
  <s id="752">
    <time id="T515S" value="00:52:29,360" />
I huset har du lämnat tusentals spår efter kläder, skor och hår du tappat.
    <time id="T515E" value="00:52:36,357" />
  </s>
  <s id="753">
    <time id="T516S" value="00:52:37,360" />
Vill du ha en Cola?
    <time id="T516E" value="00:52:39,476" />
  </s>
  <s id="754">
    <time id="T517S" value="00:52:47,840" />
Jag hämtar den.
    <time id="T517E" value="00:52:50,559" />
  </s>
  <s id="755">
    <time id="T518S" value="00:52:55,360" />
Du har nyligen förlorat din mor.
    <time id="T518E" value="00:52:59,433" />
  </s>
  <s id="756">
    <time id="T519S" value="00:52:59,600" />
Det måste ha varit svårt för dig.
    <time id="T519E" value="00:53:02,956" />
  </s>
  <s id="757">
    <time id="T520S" value="00:53:03,120" />
Vi har varit i lägenheten och sett alla blommor från begravningen.
    <time id="T520E" value="00:53:08,831" />
  </s>
  <s id="758">
    <time id="T521S" value="00:53:12,680" />
Du träffade Henning av en slump på gågatan för två dar sen.
    <time id="T521E" value="00:53:17,959" />
  </s>
  <s id="759">
    <time id="T522S" value="00:53:19,760" />
Blev han glad att se dig?
    <time id="T522E" value="00:53:22,433" />
  </s>
  <s id="760">
    <time id="T523S" value="00:53:24,160" />
Du tyckte väl bra om Henning?
    <time id="T523E" value="00:53:28,358" />
  </s>
  <s id="761">
    <time id="T524S" value="00:53:28,520" />
Vi har hittat några brev du har skrivit till honom.
    <time id="T524E" value="00:53:32,195" />
  </s>
  <s id="762">
    <time id="T525S" value="00:53:32,360" />
"Käre far..." Kallade du honom så?
    <time id="T525E" value="00:53:36,911" />
  </s>
  <s id="763">
    <time id="T526S" value="00:53:37,920" />
Eller var det han som ville det?
    <time id="T526E" value="00:53:40,718" />
  </s>
  <s id="764">
    <time id="T527S" value="00:53:43,160" />
"När kommer du och hälsar på oss?
  </s>
  <s id="765">
Jag saknar dig."
    <time id="T527E" value="00:53:47,472" />
  </s>
  <s id="766">
    <time id="T528S" value="00:53:47,640" />
Du var femton när du skrev det.
    <time id="T528E" value="00:53:51,189" />
  </s>
  <s id="767">
    <time id="T529S" value="00:53:51,360" />
Sen har vi det här...
    <time id="T529E" value="00:53:54,033" />
  </s>
  <s id="768">
    <time id="T530S" value="00:53:54,200" />
"Käre far, jag har två sittplats- biljetter till matchen på Parken."
    <time id="T530E" value="00:53:58,193" />
  </s>
  <s id="769">
    <time id="T531S" value="00:53:58,360" />
"Du ska ha den ena."
    <time id="T531E" value="00:54:01,397" />
  </s>
  <s id="770">
    <time id="T532S" value="00:54:01,560" />
Kom han?
    <time id="T532E" value="00:54:04,552" />
  </s>
  <s id="771">
    <time id="T533S" value="00:54:04,720" />
Eller satt du bredvid en tom plats hela matchen?
    <time id="T533E" value="00:54:09,635" />
  </s>
  <s id="772">
    <time id="T534S" value="00:54:12,640" />
När du träffade Henning, berättade du då att din mor var död?
    <time id="T534E" value="00:54:18,237" />
  </s>
  <s id="773">
    <time id="T535S" value="00:54:20,760" />
Blev han ledsen eller brydde han sig inte?
    <time id="T535E" value="00:54:24,673" />
  </s>
  <s id="774">
    <time id="T536S" value="00:54:24,840" />
-Då förstår jag om du blev arg.
  </s>
  <s id="775">
-Han sa att mamma...var en bra fitta.
    <time id="T536E" value="00:54:30,676" />
  </s>
  <s id="776">
    <time id="T537S" value="00:54:30,840" />
Men bräcklig.
    <time id="T537E" value="00:54:32,831" />
  </s>
  <s id="777">
    <time id="T538S" value="00:54:33,000" />
Att jag inte hade tagit hand om henne ordentligt.
    <time id="T538E" value="00:54:36,595" />
  </s>
  <s id="778">
    <time id="T539S" value="00:54:36,760" />
Han sa att jag svikit henne.
  </s>
  <s id="779">
Men det var tamejfan han.
    <time id="T539E" value="00:54:41,072" />
  </s>
  <s id="780">
    <time id="T540S" value="00:54:41,240" />
Hon hade varit sjuk sen han lämnade henne.
    <time id="T540E" value="00:54:44,596" />
  </s>
  <s id="781">
    <time id="T541S" value="00:54:44,760" />
Det var därför hon tog tabletterna.
    <time id="T541E" value="00:54:49,311" />
  </s>
  <s id="782">
    <time id="T542S" value="00:54:49,480" />
Och det ville du säga till honom.
    <time id="T542E" value="00:54:52,392" />
  </s>
  <s id="783">
    <time id="T543S" value="00:54:52,560" />
Jag ville bara skrämma honom.
    <time id="T543E" value="00:54:55,472" />
  </s>
  <s id="784">
    <time id="T544S" value="00:54:55,640" />
Plötsligt hade jag stuckit ner honom.
    <time id="T544E" value="00:54:58,791" />
  </s>
  <s id="785">
    <time id="T545S" value="00:55:01,400" />
Vad gjorde du då?
    <time id="T545E" value="00:55:03,595" />
  </s>
  <s id="786">
    <time id="T546S" value="00:55:03,760" />
Letade efter nåt att stoppa blodet med.
    <time id="T546E" value="00:55:06,832" />
  </s>
  <s id="787">
    <time id="T547S" value="00:55:07,000" />
Jag ville hjälpa honom.
    <time id="T547E" value="00:55:09,958" />
  </s>
  <s id="788">
    <time id="T548S" value="00:55:11,960" />
När jag kom tillbaka hade han gömt sig i sovrummet.
    <time id="T548E" value="00:55:16,795" />
  </s>
  <s id="789">
    <time id="T549S" value="00:55:17,960" />
Han försökte ringa polisen.
    <time id="T549E" value="00:55:21,714" />
  </s>
  <s id="790">
    <time id="T550S" value="00:55:21,880" />
Då stack jag honom igen.
    <time id="T550E" value="00:55:23,950" />
  </s>
  <s id="791">
    <time id="T551S" value="00:55:27,800" />
Så kom den andre hem.
    <time id="T551E" value="00:55:30,189" />
  </s>
  <s id="792">
    <time id="T552S" value="00:55:32,120" />
Det var inte meningen.
    <time id="T552E" value="00:55:34,111" />
  </s>
  <s id="793">
    <time id="T553S" value="00:55:34,280" />
Han hade inte ett skit med saken att göra.
    <time id="T553E" value="00:55:38,717" />
  </s>
  <s id="794">
    <time id="T554S" value="00:55:50,760" />
Hon är bra.
    <time id="T554E" value="00:55:53,433" />
  </s>
  <s id="795">
    <time id="T555S" value="00:56:05,760" />
Torben ville komma så nära gärningen som möjligt.
    <time id="T555E" value="00:56:09,355" />
  </s>
  <s id="796">
    <time id="T556S" value="00:56:09,520" />
Och det sista han gör i livet är att gå rakt in i den.
    <time id="T556E" value="00:56:13,911" />
  </s>
  <s id="797">
    <time id="T557S" value="00:56:18,080" />
Du hinner fortfarande ta planet till Norge och familjen.
    <time id="T557E" value="00:56:23,279" />
  </s>
  <s id="798">
    <time id="T558S" value="00:56:23,440" />
-Jag måste skriva rapport.
  </s>
  <s id="799">
-Det ordnar jag.
    <time id="T558E" value="00:56:26,830" />
  </s>
  <s id="800">
    <time id="T559S" value="00:56:27,000" />
Kommer aldrig på fråga.
    <time id="T559E" value="00:56:29,116" />
  </s>
  <s id="801">
    <time id="T560S" value="00:56:29,280" />
Jag hade en chef som förstörde sitt äktenskap på grund av jobbet.
    <time id="T560E" value="00:56:34,400" />
  </s>
  <s id="802">
    <time id="T561S" value="00:56:34,560" />
Jag vill inte vara med om det igen.
    <time id="T561E" value="00:56:37,313" />
  </s>
  <s id="803">
    <time id="T562S" value="00:56:48,320" />
Köpenhamns polishus
    <time id="T562E" value="00:56:52,916" />
  </s>
  <s id="804">
    <time id="T563S" value="00:56:57,440" />
RlKSPOLlSEN
    <time id="T563E" value="00:56:59,431" />
  </s>
  <s id="805">
    <time id="T564S" value="00:57:01,840" />
Är det ett kontor eller en container?
    <time id="T564E" value="00:57:05,196" />
  </s>
  <s id="806">
    <time id="T565S" value="00:57:05,360" />
Den var svindyr.
    <time id="T565E" value="00:57:07,237" />
  </s>
  <s id="807">
    <time id="T566S" value="00:57:07,400" />
-Har hon sökt jobbet?
  </s>
  <s id="808">
-Nej.
    <time id="T566E" value="00:57:09,994" />
  </s>
  <s id="809">
    <time id="T567S" value="00:57:10,160" />
-Går inte ansökningstiden ut idag?
  </s>
  <s id="810">
-Jo.
    <time id="T567E" value="00:57:13,835" />
  </s>
  <s id="811">
    <time id="T568S" value="00:57:14,000" />
-Har ni inte varit inne i den ännu?
  </s>
  <s id="812">
-Vi väntade på dig.
    <time id="T568E" value="00:57:17,993" />
  </s>
  <s id="813">
    <time id="T569S" value="00:57:18,160" />
-Ingrid, tiden går ut idag.
  </s>
  <s id="814">
-Det var bra att du sa det.
    <time id="T569E" value="00:57:23,154" />
  </s>
  <s id="815">
    <time id="T570S" value="00:57:23,320" />
Varsågod.
    <time id="T570E" value="00:57:25,914" />
  </s>
  <s id="816">
    <time id="T571S" value="00:57:26,080" />
Kom!
    <time id="T571E" value="00:57:28,435" />
  </s>
  <s id="817">
    <time id="T572S" value="00:57:38,200" />
Dennis Friis fick tio års fängelse för morden på Rønne och Ravn
    <time id="T572E" value="00:57:43,354" />
  </s>
  <s id="818">
    <time id="T573S" value="00:57:44,080" />
Översättning: 
  </s>
  <s id="819">
Jim Wahlgren SDl Media
    <time id="T573E" value="00:57:48,198" />
  </s>
  <s id="820">
    <time id="T574S" value="00:57:48,360" />
Ansvarig utgivare:
  </s>
  <s id="821">
Pia Grünler
    <time id="T574E" value="00:57:50,351" />
  </s>
  <meta>
    <subtitle>
      <rating>0.0</rating>
      <language>Swedish</language>
      <version>0</version>
      <confidence>1.0</confidence>
      <machine_translated>0</machine_translated>
      <date>2012-05-12</date>
      <blocks>574</blocks>
      <duration>00:57:50,351</duration>
    </subtitle>
    <conversion>
      <tokens>5973</tokens>
      <encoding>windows-1252</encoding>
      <unknown_words>21</unknown_words>
      <ignored_blocks>1</ignored_blocks>
      <sentences>821</sentences>
      <truecased_words>2</truecased_words>
      <corrected_words>11</corrected_words>
    </conversion>
    <source>
      <HD>0</HD>
      <cds>1/1</cds>
      <country>Denmark, Sweden</country>
      <original>Danish, English</original>
      <year>2000</year>
      <genre>Action,Crime,Drama</genre>
      <duration>75</duration>
    </source>
  </meta>
</document>
