<?xml version="1.0" encoding="utf-8"?>
<document id="4547145">
  <s id="1">
    <time id="T1S" value="00:00:03,160" />
Begäran om assistans
    <time id="T1E" value="00:00:05,879" />
  </s>
  <s id="2">
    <time id="T2S" value="00:00:19,440" />
God morgon, älskling.
    <time id="T2E" value="00:00:22,512" />
  </s>
  <s id="3">
    <time id="T3S" value="00:00:23,920" />
-Var är mamma?
  </s>
  <s id="4">
-Har hon inte gått upp ännu?
    <time id="T3E" value="00:00:29,119" />
  </s>
  <s id="5">
    <time id="T4S" value="00:00:29,280" />
Då är hon nog hos mormor och morfar.
    <time id="T4E" value="00:00:33,592" />
  </s>
  <s id="6">
    <time id="T5S" value="00:00:33,760" />
Vi kan ringa till henne.
  </s>
  <s id="7">
Ska vi ringa och säga god morgon?
    <time id="T5E" value="00:00:39,471" />
  </s>
  <s id="8">
    <time id="T6S" value="00:00:39,640" />
-Jag vill också prata med henne.
  </s>
  <s id="9">
-Hon kanske inte har gått upp ännu.
    <time id="T6E" value="00:00:45,431" />
  </s>
  <s id="10">
    <time id="T7S" value="00:00:47,560" />
-Hej, morfar!
  </s>
  <s id="11">
-Hej, älskling. 
  </s>
  <s id="12">
Har du sovit gott?
    <time id="T7E" value="00:00:52,031" />
  </s>
  <s id="13">
    <time id="T8S" value="00:00:52,200" />
-Är mamma vaken?
  </s>
  <s id="14">
-Jag vill prata med henne.
    <time id="T8E" value="00:00:56,796" />
  </s>
  <s id="15">
    <time id="T9S" value="00:00:56,960" />
-Men hon är inte här.
  </s>
  <s id="16">
-Jo, det säger pappa.
    <time id="T9E" value="00:01:00,953" />
  </s>
  <s id="17">
    <time id="T10S" value="00:01:01,120" />
Hör nu här... 
  </s>
  <s id="18">
Får jag tala med pappa?
    <time id="T10E" value="00:01:06,638" />
  </s>
  <s id="19">
    <time id="T11S" value="00:01:06,800" />
-Hej, Tom.
  </s>
  <s id="20">
-Tack för igår.
    <time id="T11E" value="00:01:10,554" />
  </s>
  <s id="21">
    <time id="T12S" value="00:01:10,720" />
-Är inte Ulla hemma?
  </s>
  <s id="22">
-Är hon inte hos er?
    <time id="T12E" value="00:01:14,679" />
  </s>
  <s id="23">
    <time id="T13S" value="00:01:14,840" />
-Nej, vi körde henne hem igår.
  </s>
  <s id="24">
-Jag trodde att hon var kvar hos er.
    <time id="T13E" value="00:01:20,437" />
  </s>
  <s id="25">
    <time id="T14S" value="00:01:20,600" />
Hör nu här, Bjørn...
    <time id="T14E" value="00:01:22,989" />
  </s>
  <s id="26">
    <time id="T15S" value="00:01:23,160" />
Alice och jag släppte av henne uppe vid landsvägen vid halv tre-tiden i natt.
    <time id="T16E" value="00:01:33,199" />
  </s>
  <s id="27">
    <time id="T17S" value="00:01:33,360" />
Bjørn...?
    <time id="T17E" value="00:01:35,351" />
  </s>
  <s id="28">
    <time id="T18S" value="00:01:35,520" />
Är du kvar?
    <time id="T18E" value="00:01:38,557" />
  </s>
  <s id="29">
    <time id="T19S" value="00:01:48,360" />
Polisen i Roskilde söker fortfarande efter Ulla Englund som försvann i söndags natt.
    <time id="T20E" value="00:01:55,512" />
  </s>
  <s id="30">
    <time id="T21S" value="00:01:55,680" />
Man vill tala med föraren av en röd bil som setts nära kvinnans hem.
    <time id="T21E" value="00:02:00,879" />
  </s>
  <s id="31">
    <time id="T22S" value="00:02:01,040" />
Man kan vända sig till polisen i Roskilde...
    <time id="T22E" value="00:02:05,033" />
  </s>
  <s id="32">
    <time id="T23S" value="00:03:02,720" />
Det är Gaby.
    <time id="T23E" value="00:03:05,188" />
  </s>
  <s id="33">
    <time id="T24S" value="00:03:05,360" />
Hej, I P.
    <time id="T24E" value="00:03:07,828" />
  </s>
  <s id="34">
    <time id="T25S" value="00:03:13,720" />
Ett ögonblick... 
  </s>
  <s id="35">
Det är bara en hantverkare som sätter upp hyllor.
    <time id="T25E" value="00:03:20,319" />
  </s>
  <s id="36">
    <time id="T26S" value="00:03:20,480" />
Ja, jag ringer Johnny.
  </s>
  <s id="37">
Hej så länge.
    <time id="T26E" value="00:03:24,712" />
  </s>
  <s id="38">
    <time id="T27S" value="00:03:24,880" />
Då var den på plats.
    <time id="T27E" value="00:03:27,394" />
  </s>
  <s id="39">
    <time id="T28S" value="00:03:27,560" />
-Ska ni ut och åka?
  </s>
  <s id="40">
-Ja, vi ska till Roskilde.
    <time id="T28E" value="00:03:32,190" />
  </s>
  <s id="41">
    <time id="T29S" value="00:03:32,360" />
En kvinna har varit försvunnen i sex dar. 
  </s>
  <s id="42">
Lokalpolisen kommer inte längre.
    <time id="T29E" value="00:03:38,196" />
  </s>
  <s id="43">
    <time id="T30S" value="00:03:38,360" />
Skulle jag kunna ta en dusch?
  </s>
  <s id="44">
Jag bor i bilen för tillfället.
    <time id="T30E" value="00:03:44,549" />
  </s>
  <s id="45">
    <time id="T31S" value="00:03:44,720" />
Jag fixar en handduk.
    <time id="T31E" value="00:03:48,190" />
  </s>
  <s id="46">
    <time id="T32S" value="00:03:48,360" />
Varför sa du att du skulle ringa mig när jag ändå var här?
    <time id="T32E" value="00:03:53,354" />
  </s>
  <s id="47">
    <time id="T33S" value="00:03:58,160" />
Hej, Gry. 
  </s>
  <s id="48">
Vilken överraskning!
  </s>
  <s id="49">
Kom in medan jag packar.
    <time id="T33E" value="00:04:04,076" />
  </s>
  <s id="50">
    <time id="T34S" value="00:04:04,240" />
Slå dig ner.
    <time id="T34E" value="00:04:06,595" />
  </s>
  <s id="51">
    <time id="T35S" value="00:04:06,760" />
Hur går det hemma? 
  </s>
  <s id="52">
Jag har försökt ringa, men Ingrid svarar inte.
    <time id="T35E" value="00:04:11,470" />
  </s>
  <s id="53">
    <time id="T36S" value="00:04:11,640" />
Jag bor inte hemma.
  </s>
  <s id="54">
Jag bor hos min mor.
    <time id="T36E" value="00:04:15,633" />
  </s>
  <s id="55">
    <time id="T37S" value="00:04:15,800" />
Och Tobias är hos Lars.
    <time id="T37E" value="00:04:18,951" />
  </s>
  <s id="56">
    <time id="T38S" value="00:04:19,120" />
Hon säger att hon ska städa.
  </s>
  <s id="57">
Det har hon sagt i två veckor nu.
    <time id="T38E" value="00:04:24,194" />
  </s>
  <s id="58">
    <time id="T39S" value="00:04:24,360" />
Ända sen...pappas begravning.
    <time id="T39E" value="00:04:28,512" />
  </s>
  <s id="59">
    <time id="T40S" value="00:04:29,520" />
Tobias saknar henne.
    <time id="T40E" value="00:04:33,718" />
  </s>
  <s id="60">
    <time id="T41S" value="00:04:34,760" />
Du kan väl prata med henne?
    <time id="T41E" value="00:04:36,830" />
  </s>
  <s id="61">
    <time id="T42S" value="00:05:00,360" />
Ingrid...?
    <time id="T42E" value="00:05:02,749" />
  </s>
  <s id="62">
    <time id="T43S" value="00:05:02,920" />
-Hej! 
  </s>
  <s id="63">
Hur kom du in?
  </s>
  <s id="64">
-Dörren var inte låst.
    <time id="T43E" value="00:05:08,438" />
  </s>
  <s id="65">
    <time id="T44S" value="00:05:10,160" />
Jag sorterar Sørens papper.
    <time id="T44E" value="00:05:14,153" />
  </s>
  <s id="66">
    <time id="T45S" value="00:05:14,320" />
Det här är hans dagbok från vår första resa till Toscana.
    <time id="T45E" value="00:05:19,075" />
  </s>
  <s id="67">
    <time id="T46S" value="00:05:19,240" />
Han skriver så fina saker.
    <time id="T46E" value="00:05:22,630" />
  </s>
  <s id="68">
    <time id="T47S" value="00:05:23,680" />
Fast det är nog lite för privat.
    <time id="T47E" value="00:05:27,593" />
  </s>
  <s id="69">
    <time id="T48S" value="00:05:27,760" />
-Jag fick besök av Gry i morse.
  </s>
  <s id="70">
-Varför det?
    <time id="T48E" value="00:05:32,788" />
  </s>
  <s id="71">
    <time id="T49S" value="00:05:32,960" />
Jag tror att dina barn vill komma hem.
    <time id="T49E" value="00:05:37,795" />
  </s>
  <s id="72">
    <time id="T50S" value="00:05:40,360" />
Det kommer.
  </s>
  <s id="73">
Jag ska bara ordna det här.
    <time id="T50E" value="00:05:43,716" />
  </s>
  <s id="74">
    <time id="T51S" value="00:05:43,880" />
Hur går det annars?
    <time id="T51E" value="00:05:47,190" />
  </s>
  <s id="75">
    <time id="T52S" value="00:05:47,360" />
-Vi är på väg till Roskilde.
  </s>
  <s id="76">
-Vi...?
    <time id="T52E" value="00:05:50,158" />
  </s>
  <s id="77">
    <time id="T53S" value="00:05:50,320" />
Jag åker med Johnny.
  </s>
  <s id="78">
Han står och gömmer sig i köket.
    <time id="T53E" value="00:05:55,758" />
  </s>
  <s id="79">
    <time id="T54S" value="00:05:55,920" />
-Kom in!
  </s>
  <s id="80">
-Du vet att det kan dra ut på tiden.
    <time id="T54E" value="00:06:00,596" />
  </s>
  <s id="81">
    <time id="T55S" value="00:06:00,760" />
Jag tänkte att du ville ha fortlöpande information.
    <time id="T55E" value="00:06:04,355" />
  </s>
  <s id="82">
    <time id="T56S" value="00:06:04,520" />
-Det behövs inte.
  </s>
  <s id="83">
-Säg till om du behöver hjälp.
    <time id="T56E" value="00:06:08,399" />
  </s>
  <s id="84">
    <time id="T57S" value="00:06:08,560" />
Det är bara Sørens böcker som ska till universitetet - och lite kläder.
    <time id="T57E" value="00:06:14,157" />
  </s>
  <s id="85">
    <time id="T58S" value="00:06:14,320" />
När jag kört ner mobilkontoret, kan jag hjälpa dig.
    <time id="T58E" value="00:06:18,711" />
  </s>
  <s id="86">
    <time id="T59S" value="00:06:18,880" />
Då har jag att stå i.
    <time id="T59E" value="00:06:22,555" />
  </s>
  <s id="87">
    <time id="T60S" value="00:06:22,720" />
Det var fint av er att komma förbi.
  </s>
  <s id="88">
Hälsa de andra.
    <time id="T60E" value="00:06:28,955" />
  </s>
  <s id="89">
    <time id="T61S" value="00:06:50,200" />
Blommorna!
    <time id="T61E" value="00:06:52,316" />
  </s>
  <s id="90">
    <time id="T62S" value="00:07:15,520" />
Finns det nåt jag kan göra för att hjälpa dig?
    <time id="T62E" value="00:07:19,991" />
  </s>
  <s id="91">
    <time id="T63S" value="00:07:21,360" />
Du kan låta bli att berätta hur jag har det för de andra.
    <time id="T63E" value="00:07:26,559" />
  </s>
  <s id="92">
    <time id="T64S" value="00:07:26,720" />
Jag har det svårt nog som det är.
    <time id="T64E" value="00:07:29,712" />
  </s>
  <s id="93">
    <time id="T65S" value="00:07:29,880" />
Jag klarar inte att de klampar runt i min kvinnliga känslighet.
    <time id="T65E" value="00:07:35,273" />
  </s>
  <s id="94">
    <time id="T66S" value="00:07:36,840" />
Säg framför allt inget till lP.
  </s>
  <s id="95">
Då blir jag aldrig av med honom.
    <time id="T66E" value="00:07:41,960" />
  </s>
  <s id="96">
    <time id="T67S" value="00:07:59,840" />
Roskilde polisstation
    <time id="T67E" value="00:08:04,436" />
  </s>
  <s id="97">
    <time id="T68S" value="00:08:06,960" />
Hej så länge!
    <time id="T68E" value="00:08:09,190" />
  </s>
  <s id="98">
    <time id="T69S" value="00:08:16,560" />
Stationschef Søndergaard.
  </s>
  <s id="99">
- Det här är Gaby.
    <time id="T69E" value="00:08:22,351" />
  </s>
  <s id="100">
    <time id="T70S" value="00:08:22,520" />
Det här är ingen polisstation utan en internatskola.
    <time id="T70E" value="00:08:26,513" />
  </s>
  <s id="101">
    <time id="T71S" value="00:08:26,680" />
Jag märker det. 
  </s>
  <s id="102">
- Får jag sitta här?
    <time id="T71E" value="00:08:30,468" />
  </s>
  <s id="103">
    <time id="T72S" value="00:08:30,640" />
-Var är Fischer?
  </s>
  <s id="104">
-Han är på väg. 
  </s>
  <s id="105">
Problem med bilen.
    <time id="T72E" value="00:08:35,395" />
  </s>
  <s id="106">
    <time id="T73S" value="00:08:35,560" />
Då sätter vi igång.
  </s>
  <s id="107">
- Sørensen, kan du släcka?
    <time id="T73E" value="00:08:40,873" />
  </s>
  <s id="108">
    <time id="T74S" value="00:08:45,160" />
Ulla Englund, lärare, fyllde 30 år i lördags.
    <time id="T74E" value="00:08:48,789" />
  </s>
  <s id="109">
    <time id="T75S" value="00:08:48,960" />
Det firades på restaurang Sagafjord nere i hamnen.
    <time id="T75E" value="00:08:52,953" />
  </s>
  <s id="110">
    <time id="T76S" value="00:08:53,120" />
Vi har talat med alla gäster. 
  </s>
  <s id="111">
Ingen tror att Ulla försvunnit frivilligt.
    <time id="T76E" value="00:08:57,511" />
  </s>
  <s id="112">
    <time id="T77S" value="00:08:57,680" />
Hon är en glad och omtyckt tjej.
    <time id="T77E" value="00:09:01,150" />
  </s>
  <s id="113">
    <time id="T78S" value="00:09:02,160" />
Gift med... 
  </s>
  <s id="114">
Nej.
    <time id="T78E" value="00:09:04,913" />
  </s>
  <s id="115">
    <time id="T79S" value="00:09:05,920" />
Gift med Bjørn.
    <time id="T79E" value="00:09:08,434" />
  </s>
  <s id="116">
    <time id="T80S" value="00:09:08,600" />
Här tillsammans med barnen Emilie och sonen Magnus. 
  </s>
  <s id="117">
Bjørn åker hem med barnen vid tolvtiden.
    <time id="T81E" value="00:09:19,277" />
  </s>
  <s id="118">
    <time id="T82S" value="00:09:19,440" />
Vid tvåtiden kör föräldrarna Ulla hem.
    <time id="T82E" value="00:09:22,352" />
  </s>
  <s id="119">
    <time id="T83S" value="00:09:22,520" />
De släpper av henne 200 meter hemifrån.
    <time id="T83E" value="00:09:25,432" />
  </s>
  <s id="120">
    <time id="T84S" value="00:09:25,600" />
Sen dess har ingen sett henne.
  </s>
  <s id="121">
Det enda vi har att gå på är att föräldrarna såg en röd bil när de släppte av Ulla.
    <time id="T85E" value="00:09:35,958" />
  </s>
  <s id="122">
    <time id="T86S" value="00:09:36,120" />
Den släckte ljuset när de kom.
  </s>
  <s id="123">
De såg inte vilket bilmärke det var.
    <time id="T86E" value="00:09:40,989" />
  </s>
  <s id="124">
    <time id="T87S" value="00:09:41,160" />
Vi har efterlyst bilen i alla medier utan att föraren gett sig tillkänna.
    <time id="T87E" value="00:09:46,314" />
  </s>
  <s id="125">
    <time id="T88S" value="00:09:46,480" />
-Var det inte nåt om nåt örhänge?
  </s>
  <s id="126">
-Det stämmer.
    <time id="T88E" value="00:09:51,679" />
  </s>
  <s id="127">
    <time id="T89S" value="00:09:53,040" />
Här hittade man ett örhänge som Ulla hade på sig på festen.
    <time id="T89E" value="00:09:57,670" />
  </s>
  <s id="128">
    <time id="T90S" value="00:09:57,840" />
Så långt hann hon alltså gå mot hemmet.
    <time id="T90E" value="00:10:01,435" />
  </s>
  <s id="129">
    <time id="T91S" value="00:10:01,600" />
Allt tyder på att vi har att göra med en okänd gärningsman.
    <time id="T91E" value="00:10:08,358" />
  </s>
  <s id="130">
    <time id="T92S" value="00:10:08,520" />
-Då så, lP.
  </s>
  <s id="131">
-Tack.
    <time id="T92E" value="00:10:11,956" />
  </s>
  <s id="132">
    <time id="T93S" value="00:10:12,960" />
Vi hoppas kunna hjälpa er. la Cour undersöker platsen där hon försvann.
    <time id="T93E" value="00:10:17,909" />
  </s>
  <s id="133">
    <time id="T94S" value="00:10:18,080" />
Förhören sköts av Fischer.
    <time id="T94E" value="00:10:20,799" />
  </s>
  <s id="134">
    <time id="T95S" value="00:10:20,960" />
-Vad är det för snack om Rom?
  </s>
  <s id="135">
-Jag behöver komma bort ett tag.
    <time id="T95E" value="00:10:27,354" />
  </s>
  <s id="136">
    <time id="T96S" value="00:10:27,520" />
Helene och jag har pratat om att åka till påsk.
    <time id="T96E" value="00:10:31,718" />
  </s>
  <s id="137">
    <time id="T97S" value="00:10:31,880" />
-Hon tar med sin au pair.
  </s>
  <s id="138">
-Det är smartare om jag följer med.
    <time id="T97E" value="00:10:36,078" />
  </s>
  <s id="139">
    <time id="T98S" value="00:10:36,240" />
Vad menar du med det?
    <time id="T98E" value="00:10:39,038" />
  </s>
  <s id="140">
    <time id="T99S" value="00:10:39,200" />
Ingenting...
    <time id="T99E" value="00:10:41,589" />
  </s>
  <s id="141">
    <time id="T100S" value="00:10:42,960" />
-Du har ju aldrig tid.
  </s>
  <s id="142">
-Ingrid har precis begravt sin man.
    <time id="T100E" value="00:10:47,351" />
  </s>
  <s id="143">
    <time id="T101S" value="00:10:47,520" />
Du menar väl inte att jag ska be om semester mitt uppe i alltihop?
    <time id="T101E" value="00:10:51,593" />
  </s>
  <s id="144">
    <time id="T102S" value="00:10:51,760" />
Sist var det Nødebo, innan dess nåt annat och nu är det Roskilde.
    <time id="T102E" value="00:10:57,232" />
  </s>
  <s id="145">
    <time id="T103S" value="00:11:03,200" />
-Det här är Bjørn.
  </s>
  <s id="146">
-Nåt nytt?
    <time id="T103E" value="00:11:06,590" />
  </s>
  <s id="147">
    <time id="T104S" value="00:11:06,760" />
Finns det nånstans där vi kan...?
    <time id="T104E" value="00:11:10,719" />
  </s>
  <s id="148">
    <time id="T105S" value="00:11:13,960" />
Bjørn, jag måste säga dig en sak.
    <time id="T105E" value="00:11:18,192" />
  </s>
  <s id="149">
    <time id="T106S" value="00:11:18,360" />
Vi är övertygade om att din fru inte har försvunnit frivilligt.
    <time id="T106E" value="00:11:23,753" />
  </s>
  <s id="150">
    <time id="T107S" value="00:11:23,920" />
Vi tror att det begåtts ett brott, och företar en mordutredning.
    <time id="T107E" value="00:11:29,552" />
  </s>
  <s id="151">
    <time id="T108S" value="00:11:29,720" />
-Betyder det att ni tror att...?
  </s>
  <s id="152">
-Alla brottslingar lämnar spår.
    <time id="T108E" value="00:11:35,989" />
  </s>
  <s id="153">
    <time id="T109S" value="00:11:36,160" />
-Du lämnade henne vid tolvtiden?
  </s>
  <s id="154">
-Ja, ungarna var trötta.
    <time id="T109E" value="00:11:42,349" />
  </s>
  <s id="155">
    <time id="T110S" value="00:11:42,520" />
Ulla frågade om jag kunde köra dem hem och det hade jag inget emot.
    <time id="T110E" value="00:11:48,117" />
  </s>
  <s id="156">
    <time id="T111S" value="00:11:48,280" />
Vi hade firat hennes födelsedag sen klockan sju på morgonen.
    <time id="T111E" value="00:11:52,876" />
  </s>
  <s id="157">
    <time id="T112S" value="00:11:53,040" />
Det var en underbar dag...
    <time id="T112E" value="00:11:56,715" />
  </s>
  <s id="158">
    <time id="T113S" value="00:11:58,560" />
Har du med dig videofilmen som du lovade?
    <time id="T113E" value="00:12:03,554" />
  </s>
  <s id="159">
    <time id="T114S" value="00:12:05,040" />
-Bjørn videofilmade festen.
  </s>
  <s id="160">
-Vi turades om.
    <time id="T114E" value="00:12:08,794" />
  </s>
  <s id="161">
    <time id="T115S" value="00:12:08,960" />
-Jag vill gärna ha tillbaka den.
  </s>
  <s id="162">
-Självklart. 
  </s>
  <s id="163">
- Vi gör en kopia.
    <time id="T115E" value="00:12:13,112" />
  </s>
  <s id="164">
    <time id="T116S" value="00:12:21,480" />
Vad ska jag säga till barnen?
    <time id="T116E" value="00:12:24,358" />
  </s>
  <s id="165">
    <time id="T117S" value="00:12:24,520" />
Det första de frågar på morgonen är: "Var är mamma?"
    <time id="T117E" value="00:12:28,513" />
  </s>
  <s id="166">
    <time id="T118S" value="00:12:28,680" />
Det är också det sista de frågar på kvällen.
    <time id="T118E" value="00:12:31,797" />
  </s>
  <s id="167">
    <time id="T119S" value="00:12:31,960" />
Du ska nog börja förebereda dem på att de aldrig får se henne mer.
    <time id="T119E" value="00:12:37,717" />
  </s>
  <s id="168">
    <time id="T120S" value="00:12:41,920" />
Vi behöver bara planera lite.
    <time id="T120E" value="00:12:44,195" />
  </s>
  <s id="169">
    <time id="T121S" value="00:12:44,360" />
Hur planerar man med nån som inte ens hinner älska med sin fru?
    <time id="T121E" value="00:12:49,229" />
  </s>
  <s id="170">
    <time id="T122S" value="00:12:49,400" />
-Vad snackar du om?
  </s>
  <s id="171">
-Vi har inte älskat på sju veckor.
    <time id="T122E" value="00:12:54,679" />
  </s>
  <s id="172">
    <time id="T123S" value="00:12:54,840" />
Räknar du dagarna nu också?
    <time id="T123E" value="00:12:58,116" />
  </s>
  <s id="173">
    <time id="T124S" value="00:13:05,360" />
-Ja, det är Thomsen.
  </s>
  <s id="174">
- Vet du vad?
    <time id="T124E" value="00:13:08,670" />
  </s>
  <s id="175">
    <time id="T125S" value="00:13:08,840" />
Jag ringer för att jag behöver lite semester.
    <time id="T125E" value="00:13:13,470" />
  </s>
  <s id="176">
    <time id="T126S" value="00:13:13,640" />
Vad säger du om USA? 
  </s>
  <s id="177">
Jag tänkte skicka dig på den där FBl-kursen.
    <time id="T126E" value="00:13:20,478" />
  </s>
  <s id="178">
    <time id="T127S" value="00:13:20,640" />
Förhörsteknik - om en månad.
  </s>
  <s id="179">
Det är på tiden att du går vidare.
    <time id="T127E" value="00:13:25,316" />
  </s>
  <s id="180">
    <time id="T128S" value="00:13:25,480" />
Du får försöka tala med din fru.
  </s>
  <s id="181">
Vi måste ju tänka på Ingrid också.
    <time id="T128E" value="00:13:30,918" />
  </s>
  <s id="182">
    <time id="T129S" value="00:13:31,080" />
-Hon är nog snart tillbaka.
  </s>
  <s id="183">
-Det hoppas vi.
    <time id="T129E" value="00:13:34,470" />
  </s>
  <s id="184">
    <time id="T130S" value="00:13:34,640" />
Men vi två har ett avtal. 
  </s>
  <s id="185">
Vi ses.
    <time id="T130E" value="00:13:38,349" />
  </s>
  <s id="186">
    <time id="T131S" value="00:13:46,800" />
Han vill befordra mig.
  </s>
  <s id="187">
Jag kan inte be om semester nu.
    <time id="T131E" value="00:13:51,669" />
  </s>
  <s id="188">
    <time id="T132S" value="00:13:54,160" />
Förlåt mig.
    <time id="T132E" value="00:13:57,550" />
  </s>
  <s id="189">
    <time id="T133S" value="00:13:58,440" />
Vi ses.
    <time id="T133E" value="00:14:01,079" />
  </s>
  <s id="190">
    <time id="T134S" value="00:14:15,200" />
-Söt tjej.
  </s>
  <s id="191">
-Det är min fru.
    <time id="T134E" value="00:14:18,829" />
  </s>
  <s id="192">
    <time id="T135S" value="00:14:19,000" />
-Din lyckost.
  </s>
  <s id="193">
-Vad fan vet du om det?
    <time id="T135E" value="00:14:24,552" />
  </s>
  <s id="194">
    <time id="T136S" value="00:14:34,760" />
-Värst vad han hade bråttom!
  </s>
  <s id="195">
-Han ska hjälpa Ingrid.
    <time id="T136E" value="00:14:39,993" />
  </s>
  <s id="196">
    <time id="T137S" value="00:14:40,160" />
-Vi var där i morse.
  </s>
  <s id="197">
-Hur har hon det?
    <time id="T137E" value="00:14:44,153" />
  </s>
  <s id="198">
    <time id="T138S" value="00:14:44,320" />
Hon går där och packar...
    <time id="T138E" value="00:14:47,949" />
  </s>
  <s id="199">
    <time id="T139S" value="00:14:48,120" />
Hon har ett helvete, men jag lovade att inte säga nåt.
    <time id="T139E" value="00:14:53,911" />
  </s>
  <s id="200">
    <time id="T140S" value="00:14:55,360" />
Men hur fan ska jag kunna jobba utan bil?
    <time id="T140E" value="00:15:00,434" />
  </s>
  <s id="201">
    <time id="T141S" value="00:15:00,600" />
Jag skiter i vilket, bara den går.
    <time id="T141E" value="00:15:04,798" />
  </s>
  <s id="202">
    <time id="T142S" value="00:15:04,960" />
Jag väntar.
    <time id="T142E" value="00:15:07,793" />
  </s>
  <s id="203">
    <time id="T143S" value="00:15:07,960" />
Imorgon...? 
  </s>
  <s id="204">
När då?
  </s>
  <s id="205">
Tack ska du ha.
    <time id="T143E" value="00:15:11,714" />
  </s>
  <s id="206">
    <time id="T144S" value="00:15:11,880" />
Festen videofilmades.
    <time id="T144E" value="00:15:13,359" />
  </s>
  <s id="207">
    <time id="T145S" value="00:15:24,440" />
Platsen för försvinnandet
    <time id="T145E" value="00:15:29,070" />
  </s>
  <s id="208">
    <time id="T146S" value="00:15:48,080" />
Här tappar hon sitt örhänge.
    <time id="T146E" value="00:15:51,595" />
  </s>
  <s id="209">
    <time id="T147S" value="00:15:51,760" />
Det finns inga tecken på strid eller att hon blivit släpad eller legat ner.
    <time id="T148E" value="00:16:00,353" />
  </s>
  <s id="210">
    <time id="T149S" value="00:16:03,960" />
Spåren efter hennes klackar tar slut...där!
    <time id="T149E" value="00:16:08,829" />
  </s>
  <s id="211">
    <time id="T150S" value="00:16:09,000" />
Hon har alltså tagit av sig skorna här.
    <time id="T150E" value="00:16:13,073" />
  </s>
  <s id="212">
    <time id="T151S" value="00:16:17,960" />
Skorna i handen...
    <time id="T151E" value="00:16:20,952" />
  </s>
  <s id="213">
    <time id="T152S" value="00:16:23,480" />
Så går jag tillbaka mot den röda bilen.
    <time id="T152E" value="00:16:27,632" />
  </s>
  <s id="214">
    <time id="T153S" value="00:16:33,560" />
Men varför går jag tillbaka?
    <time id="T153E" value="00:16:37,473" />
  </s>
  <s id="215">
    <time id="T154S" value="00:16:38,480" />
Är det nån jag känner?
    <time id="T154E" value="00:16:41,677" />
  </s>
  <s id="216">
    <time id="T155S" value="00:16:47,960" />
-Är det där Ulla?
  </s>
  <s id="217">
-Ja.
    <time id="T155E" value="00:16:51,350" />
  </s>
  <s id="218">
    <time id="T156S" value="00:16:54,160" />
-Vem fan är strandraggaren?
  </s>
  <s id="219">
-Han är invandrarlärare.
    <time id="T156E" value="00:16:59,359" />
  </s>
  <s id="220">
    <time id="T157S" value="00:16:59,520" />
-Gaby, vad har vi på honom?
  </s>
  <s id="221">
-Han dansar ju som Bud Spencer!
    <time id="T157E" value="00:17:05,914" />
  </s>
  <s id="222">
    <time id="T158S" value="00:17:06,080" />
Han heter Maurice Azoulay.
    <time id="T158E" value="00:17:09,993" />
  </s>
  <s id="223">
    <time id="T159S" value="00:17:11,680" />
Han har franskt pass, är född i Marocko och uppvuxen i Danmark.
    <time id="T159E" value="00:17:16,071" />
  </s>
  <s id="224">
    <time id="T160S" value="00:17:16,240" />
-När lämnade han festen?
  </s>
  <s id="225">
-En kvart före Ulla.
    <time id="T160E" value="00:17:20,074" />
  </s>
  <s id="226">
    <time id="T161S" value="00:17:20,240" />
-Har han nåt alibi?
  </s>
  <s id="227">
-Nej, han säger att han åkte hem.
    <time id="T161E" value="00:17:24,711" />
  </s>
  <s id="228">
    <time id="T162S" value="00:17:36,640" />
-Thomas la Cour, mordkommissionen.
  </s>
  <s id="229">
-Jag är Ullas far 
  </s>
  <s id="230">
- Tom Petersen.
    <time id="T162E" value="00:17:41,760" />
  </s>
  <s id="231">
    <time id="T163S" value="00:17:41,920" />
Jag är glad att du kunde komma.
    <time id="T163E" value="00:17:44,514" />
  </s>
  <s id="232">
    <time id="T164S" value="00:17:44,680" />
-Var det där den röda bilen stod?
  </s>
  <s id="233">
-Ja, och vi släppte av henne där.
    <time id="T164E" value="00:17:50,949" />
  </s>
  <s id="234">
    <time id="T165S" value="00:17:53,160" />
-Varför körde ni inte till huset?
  </s>
  <s id="235">
-Det har jag också frågat mig.
    <time id="T165E" value="00:17:58,359" />
  </s>
  <s id="236">
    <time id="T166S" value="00:17:58,520" />
Men hon envisades med att gå.
  </s>
  <s id="237">
Trots att hon klagade på sin klackar.
    <time id="T166E" value="00:18:04,072" />
  </s>
  <s id="238">
    <time id="T167S" value="00:18:06,160" />
Jag kan bli så förbannad på henne.
    <time id="T167E" value="00:18:09,948" />
  </s>
  <s id="239">
    <time id="T168S" value="00:18:10,120" />
Men också på mig själv för att jag inte körde ända fram.
    <time id="T168E" value="00:18:13,999" />
  </s>
  <s id="240">
    <time id="T169S" value="00:18:14,160" />
Kan hon ha stämt träff med personen i den röda bilen?
    <time id="T169E" value="00:18:19,792" />
  </s>
  <s id="241">
    <time id="T170S" value="00:18:19,960" />
-Varför det?
  </s>
  <s id="242">
-Det är ju sånt som händer.
    <time id="T170E" value="00:18:23,953" />
  </s>
  <s id="243">
    <time id="T171S" value="00:18:24,120" />
-Det kan jag inte tänka mig.
  </s>
  <s id="244">
-Men du sa att hon ville gå av där.
    <time id="T171E" value="00:18:30,195" />
  </s>
  <s id="245">
    <time id="T172S" value="00:18:30,360" />
Nej, nej... 
  </s>
  <s id="246">
Inte Ulla.
  </s>
  <s id="247">
Det är otänkbart.
    <time id="T172E" value="00:18:34,876" />
  </s>
  <s id="248">
    <time id="T173S" value="00:18:35,040" />
-Är vi klara nu?
  </s>
  <s id="249">
-Ja, det är vi.
    <time id="T173E" value="00:18:38,350" />
  </s>
  <s id="250">
    <time id="T174S" value="00:18:46,240" />
-Ja, det är lP.
  </s>
  <s id="251">
-Det är jag.
    <time id="T174E" value="00:18:50,199" />
  </s>
  <s id="252">
    <time id="T175S" value="00:18:50,360" />
Jag tror inte mördaren var okänd.
  </s>
  <s id="253">
Det finns inga tecken på strid.
    <time id="T175E" value="00:18:54,956" />
  </s>
  <s id="254">
    <time id="T176S" value="00:18:55,120" />
Det är nåt intimt med det...
    <time id="T176E" value="00:18:59,671" />
  </s>
  <s id="255">
    <time id="T177S" value="00:18:59,840" />
-Jag tror att det var nån hon kände.
  </s>
  <s id="256">
-Kanske nån hon stämt träff med.
    <time id="T177E" value="00:19:05,039" />
  </s>
  <s id="257">
    <time id="T178S" value="00:19:05,200" />
Hon kanske bara väntade på att föräldrarna skulle köra iväg.
    <time id="T178E" value="00:19:09,512" />
  </s>
  <s id="258">
    <time id="T179S" value="00:19:10,800" />
Kan hon ha stämt träff med honom?
    <time id="T179E" value="00:19:14,509" />
  </s>
  <s id="259">
    <time id="T180S" value="00:19:14,680" />
-Maurice...?
  </s>
  <s id="260">
-De dansade hela kvällen.
    <time id="T180E" value="00:19:18,673" />
  </s>
  <s id="261">
    <time id="T181S" value="00:19:18,840" />
Vi får nog kolla upp honom.
    <time id="T181E" value="00:19:21,434" />
  </s>
  <s id="262">
    <time id="T182S" value="00:19:30,360" />
-Hon var så glad.
  </s>
  <s id="263">
-Det är viktigt att minnas henne så.
    <time id="T182E" value="00:19:34,353" />
  </s>
  <s id="264">
    <time id="T183S" value="00:19:34,520" />
-Hon var glad och dansade med...
  </s>
  <s id="265">
-...
  </s>
  <s id="266">
Maurice.
    <time id="T183E" value="00:19:40,231" />
  </s>
  <s id="267">
    <time id="T184S" value="00:19:43,360" />
Vi andra fick knappt en chans.
    <time id="T184E" value="00:19:47,592" />
  </s>
  <s id="268">
    <time id="T185S" value="00:19:47,760" />
-Hurdan är Maurice?
  </s>
  <s id="269">
-Han är...trevlig.
    <time id="T185E" value="00:19:54,757" />
  </s>
  <s id="270">
    <time id="T186S" value="00:19:54,920" />
-Jag vet inte hur jag ska säga.
  </s>
  <s id="271">
-Han och Ulla är väl kolleger?
    <time id="T186E" value="00:20:01,268" />
  </s>
  <s id="272">
    <time id="T187S" value="00:20:01,440" />
Och goda vänner.
    <time id="T187E" value="00:20:04,193" />
  </s>
  <s id="273">
    <time id="T188S" value="00:20:05,760" />
-Det kanske var mer än vänskap?
  </s>
  <s id="274">
-Nåt sånt skulle hon aldrig göra.
    <time id="T188E" value="00:20:12,677" />
  </s>
  <s id="275">
    <time id="T189S" value="00:20:12,840" />
Aldrig. 
  </s>
  <s id="276">
Inte med tanke på barnen och Bjørn.
    <time id="T189E" value="00:20:17,197" />
  </s>
  <s id="277">
    <time id="T190S" value="00:20:20,160" />
Är du säker på det?
    <time id="T190E" value="00:20:23,596" />
  </s>
  <s id="278">
    <time id="T191S" value="00:20:36,440" />
Vems är den röda bilen där borta?
    <time id="T191E" value="00:20:40,353" />
  </s>
  <s id="279">
    <time id="T192S" value="00:20:42,280" />
Den är Skippers.
  </s>
  <s id="280">
Men han är aldrig här, så...
    <time id="T192E" value="00:20:46,637" />
  </s>
  <s id="281">
    <time id="T193S" value="00:20:48,960" />
Vad tänker du på, Bodil?
  </s>
  <s id="282">
Är det nåt med Maurice?
    <time id="T193E" value="00:20:53,078" />
  </s>
  <s id="283">
    <time id="T194S" value="00:20:53,240" />
Maurice har inte med saken att göra.
  </s>
  <s id="284">
Han är en av de trevligaste jag vet.
    <time id="T194E" value="00:20:58,473" />
  </s>
  <s id="285">
    <time id="T195S" value="00:20:58,640" />
Men...?
    <time id="T195E" value="00:21:00,756" />
  </s>
  <s id="286">
    <time id="T196S" value="00:21:05,600" />
Skippers fru lärde sig danska av Ulla och Maurice.
    <time id="T196E" value="00:21:09,195" />
  </s>
  <s id="287">
    <time id="T197S" value="00:21:09,360" />
Ibland lånade Maurice bilen.
    <time id="T197E" value="00:21:12,591" />
  </s>
  <s id="288">
    <time id="T198S" value="00:21:16,640" />
Men jag säger inte att han lånade den i lördags.
    <time id="T198E" value="00:21:20,394" />
  </s>
  <s id="289">
    <time id="T199S" value="00:21:20,560" />
-Han har alltså nycklar till bilen?
  </s>
  <s id="290">
-Nej, men det har jag.
    <time id="T199E" value="00:21:26,271" />
  </s>
  <s id="291">
    <time id="T200S" value="00:21:28,760" />
Extranyckeln ligger i kassan.
    <time id="T200E" value="00:21:32,070" />
  </s>
  <s id="292">
    <time id="T201S" value="00:21:37,160" />
La du märke till om nycklarna låg här när du stängde i lördags?
    <time id="T201E" value="00:21:42,632" />
  </s>
  <s id="293">
    <time id="T202S" value="00:21:42,800" />
Det gjorde de inte.
    <time id="T202E" value="00:21:45,712" />
  </s>
  <s id="294">
    <time id="T203S" value="00:21:45,880" />
Röd Opel Astra med registrerings- nummer... 
  </s>
  <s id="295">
Har du nåt att skriva med?
    <time id="T203E" value="00:21:51,193" />
  </s>
  <s id="296">
    <time id="T204S" value="00:21:51,360" />
-Numret är OS 96605.
  </s>
  <s id="297">
-Utmärkt.
    <time id="T204E" value="00:21:56,480" />
  </s>
  <s id="298">
    <time id="T205S" value="00:21:56,640" />
Jag tänkte fråga honom hövligt om han har nåt emot att tala med oss.
    <time id="T205E" value="00:22:02,317" />
  </s>
  <s id="299">
    <time id="T206S" value="00:22:03,480" />
Hej, Søndergaard!
  </s>
  <s id="300">
Ta en titt på den här Maurice.
    <time id="T206E" value="00:22:07,996" />
  </s>
  <s id="301">
    <time id="T207S" value="00:22:08,160" />
Han har tillgång till en röd bil som han kan ha lånat i lördags natt.
    <time id="T207E" value="00:22:13,553" />
  </s>
  <s id="302">
    <time id="T208S" value="00:22:13,720" />
Det vore intressant om teknikerna kunde ta en titt på den.
    <time id="T208E" value="00:22:18,840" />
  </s>
  <s id="303">
    <time id="T209S" value="00:22:22,520" />
Jag känner Maurice väl. 
  </s>
  <s id="304">
Han gör ett fint jobb med våra ungdomar.
    <time id="T209E" value="00:22:27,116" />
  </s>
  <s id="305">
    <time id="T210S" value="00:22:27,280" />
-Men vad vet man?
  </s>
  <s id="306">
-Vi gör en rekonstruktion med bilen.
    <time id="T210E" value="00:22:32,593" />
  </s>
  <s id="307">
    <time id="T211S" value="00:22:32,760" />
-Jag må säga att ni är snabba.
  </s>
  <s id="308">
-Vi får väl se.
    <time id="T211E" value="00:22:36,912" />
  </s>
  <s id="309">
    <time id="T212S" value="00:22:37,080" />
-Hur är det med Ingrid?
  </s>
  <s id="310">
-Bra fråga. 
  </s>
  <s id="311">
Jag vet faktiskt inte.
    <time id="T212E" value="00:22:41,949" />
  </s>
  <s id="312">
    <time id="T213S" value="00:22:42,120" />
Jag har ringt och mailat henne, men hon svarar inte.
    <time id="T213E" value="00:22:46,910" />
  </s>
  <s id="313">
    <time id="T214S" value="00:22:47,080" />
Hon kanske har rest bort.
  </s>
  <s id="314">
Ett ögonblick.
    <time id="T214E" value="00:22:51,437" />
  </s>
  <s id="315">
    <time id="T215S" value="00:22:53,400" />
Det är lP. 
  </s>
  <s id="316">
Hej, älskling.
    <time id="T215E" value="00:22:57,552" />
  </s>
  <s id="317">
    <time id="T216S" value="00:22:57,720" />
Nej, jag kommer nog inte hem ikväll.
    <time id="T216E" value="00:23:01,076" />
  </s>
  <s id="318">
    <time id="T217S" value="00:23:21,520" />
Lördagen den 25 mars.
  </s>
  <s id="319">
Klockan är 20.08.
    <time id="T217E" value="00:23:24,717" />
  </s>
  <s id="320">
    <time id="T218S" value="00:23:24,880" />
Förhör av Maurice Azoulay i samband med Ulla Englunds försvinnande.
    <time id="T218E" value="00:23:29,829" />
  </s>
  <s id="321">
    <time id="T219S" value="00:23:30,000" />
Närvarande är assistent Fischer.
    <time id="T219E" value="00:23:32,389" />
  </s>
  <s id="322">
    <time id="T220S" value="00:23:32,560" />
Uttalade jag ditt namn någorlunda rätt?
    <time id="T220E" value="00:23:36,553" />
  </s>
  <s id="323">
    <time id="T221S" value="00:23:39,040" />
Nå...
  </s>
  <s id="324">
Azoulay!
    <time id="T221E" value="00:23:41,952" />
  </s>
  <s id="325">
    <time id="T222S" value="00:23:42,120" />
Ullas väninna Bodil säger att Ulla var mycket förtjust i dig.
    <time id="T222E" value="00:23:47,319" />
  </s>
  <s id="326">
    <time id="T223S" value="00:23:47,480" />
-Hon har besökt dig några gånger?
  </s>
  <s id="327">
-Ja.
    <time id="T223E" value="00:23:51,359" />
  </s>
  <s id="328">
    <time id="T224S" value="00:23:51,520" />
-Hände det ofta?
  </s>
  <s id="329">
-Två-tre gånger.
    <time id="T224E" value="00:23:54,876" />
  </s>
  <s id="330">
    <time id="T225S" value="00:23:55,040" />
-Ensam?
  </s>
  <s id="331">
-Ja, ensam.
    <time id="T225E" value="00:23:58,635" />
  </s>
  <s id="332">
    <time id="T226S" value="00:23:58,800" />
Är det misstänkt att få besök av en kollega?
    <time id="T226E" value="00:24:01,997" />
  </s>
  <s id="333">
    <time id="T227S" value="00:24:02,160" />
Bara om kollegan försvinner spårlöst.
    <time id="T227E" value="00:24:05,914" />
  </s>
  <s id="334">
    <time id="T228S" value="00:24:06,080" />
Har du nån flickvän, Maurice?
    <time id="T228E" value="00:24:08,958" />
  </s>
  <s id="335">
    <time id="T229S" value="00:24:10,320" />
Det har väl inte polisen med att göra?
    <time id="T229E" value="00:24:14,677" />
  </s>
  <s id="336">
    <time id="T230S" value="00:24:14,840" />
När du lämnade festen, så lånade du Skippers bil - en röd bil.
    <time id="T230E" value="00:24:20,597" />
  </s>
  <s id="337">
    <time id="T231S" value="00:24:20,760" />
-Varför har du inte sagt det förut?
  </s>
  <s id="338">
-Jag trodde inte det var viktigt.
    <time id="T231E" value="00:24:25,595" />
  </s>
  <s id="339">
    <time id="T232S" value="00:24:25,760" />
Polisen har efterlyst en röd bil, men du trodde inte det var viktigt?
    <time id="T232E" value="00:24:31,471" />
  </s>
  <s id="340">
    <time id="T233S" value="00:24:31,640" />
Men jag var ju inte där ute.
    <time id="T233E" value="00:24:35,189" />
  </s>
  <s id="341">
    <time id="T234S" value="00:24:35,360" />
-Vad skulle du med bilen till?
  </s>
  <s id="342">
-Jag skulle köra till Köpenhamn.
    <time id="T234E" value="00:24:39,558" />
  </s>
  <s id="343">
    <time id="T235S" value="00:24:39,720" />
Men på lördag natt åkte du direkt hem?
    <time id="T235E" value="00:24:43,918" />
  </s>
  <s id="344">
    <time id="T236S" value="00:24:46,040" />
-Har du nåt emot att svara?
  </s>
  <s id="345">
-På lördag åkte jag direkt hem.
    <time id="T236E" value="00:24:50,830" />
  </s>
  <s id="346">
    <time id="T237S" value="00:24:53,160" />
Polisens rekonstruktion
    <time id="T237E" value="00:24:57,597" />
  </s>
  <s id="347">
    <time id="T238S" value="00:25:00,880" />
God kväll och tack för att ni kom.
    <time id="T238E" value="00:25:03,917" />
  </s>
  <s id="348">
    <time id="T239S" value="00:25:04,080" />
Gaby Andreasen.
  </s>
  <s id="349">
- Alice och Tom Petersen.
    <time id="T239E" value="00:25:07,834" />
  </s>
  <s id="350">
    <time id="T240S" value="00:25:08,000" />
Jag vet att det är obehagligt, men vi vill ha det så korrekt det går.
    <time id="T240E" value="00:25:11,959" />
  </s>
  <s id="351">
    <time id="T241S" value="00:25:12,120" />
Om Gaby får åka med er?
  </s>
  <s id="352">
Hon ska sitta där Ulla satt och ni ska släppa av henne på exakt samma ställe.
    <time id="T242E" value="00:25:21,195" />
  </s>
  <s id="353">
    <time id="T243S" value="00:25:21,360" />
Jag kör fram den andra bilen för vi vill veta om ni känner igen den.
    <time id="T243E" value="00:25:25,751" />
  </s>
  <s id="354">
    <time id="T244S" value="00:25:25,920" />
Sätt dig där bak på andra sidan.
    <time id="T244E" value="00:25:28,195" />
  </s>
  <s id="355">
    <time id="T245S" value="00:25:28,360" />
Du och Ulla lämnade festen ett tag.
    <time id="T245E" value="00:25:31,636" />
  </s>
  <s id="356">
    <time id="T246S" value="00:25:31,800" />
Enligt Bodil var ni borta en halvtimme.
    <time id="T246E" value="00:25:35,998" />
  </s>
  <s id="357">
    <time id="T247S" value="00:25:36,160" />
Vi tog en nypa frisk luft.
    <time id="T247E" value="00:25:38,549" />
  </s>
  <s id="358">
    <time id="T248S" value="00:25:38,720" />
-Var ni fulla?
  </s>
  <s id="359">
-Nej...
    <time id="T248E" value="00:25:41,712" />
  </s>
  <s id="360">
    <time id="T249S" value="00:25:41,880" />
Lite.
    <time id="T249E" value="00:25:44,599" />
  </s>
  <s id="361">
    <time id="T250S" value="00:25:46,960" />
Ni dansar hela natten och sen tar ni lite frisk luft.
    <time id="T250E" value="00:25:51,158" />
  </s>
  <s id="362">
    <time id="T251S" value="00:25:51,320" />
Jag antar att du ville kyssa henne.
    <time id="T251E" value="00:25:54,471" />
  </s>
  <s id="363">
    <time id="T252S" value="00:25:54,640" />
Men så var det inte.
    <time id="T252E" value="00:25:57,359" />
  </s>
  <s id="364">
    <time id="T253S" value="00:25:57,520" />
Ni dansar tryckare.
  </s>
  <s id="365">
Hon gillar det och blir upphetsad...
    <time id="T253E" value="00:26:02,116" />
  </s>
  <s id="366">
    <time id="T254S" value="00:26:02,280" />
-Stämmer ni träff vid avtagsvägen?
  </s>
  <s id="367">
-Nej, jag var inte där.
    <time id="T254E" value="00:26:07,070" />
  </s>
  <s id="368">
    <time id="T255S" value="00:26:10,080" />
Du åker alltså ut på eget bevåg och sitter där och hetsar upp dig?
    <time id="T255E" value="00:26:16,713" />
  </s>
  <s id="369">
    <time id="T256S" value="00:26:16,880" />
När föräldrarna kommer, släcker du ljuset.
    <time id="T256E" value="00:26:21,271" />
  </s>
  <s id="370">
    <time id="T257S" value="00:26:32,160" />
Du ser henne gå nedför vägen.
  </s>
  <s id="371">
Du ropar henne till dig.
    <time id="T257E" value="00:26:37,280" />
  </s>
  <s id="372">
    <time id="T258S" value="00:26:37,440" />
Hon stiger in i bilen men får kalla fötter.
    <time id="T258E" value="00:26:41,035" />
  </s>
  <s id="373">
    <time id="T259S" value="00:26:41,200" />
Hon är ju gift och har barn.
  </s>
  <s id="374">
Du tänker: "Vad fan är det här?"
    <time id="T259E" value="00:26:45,591" />
  </s>
  <s id="375">
    <time id="T260S" value="00:26:45,760" />
"Hon la ut sig hela kvällen, men nu ska hon spela helig."
    <time id="T260E" value="00:26:49,548" />
  </s>
  <s id="376">
    <time id="T261S" value="00:26:49,720" />
Det som sen sker är inte ditt fel, men det går oerhört snabbt.
    <time id="T261E" value="00:26:55,477" />
  </s>
  <s id="377">
    <time id="T262S" value="00:26:55,640" />
Det är inte den bilen.
    <time id="T262E" value="00:26:57,631" />
  </s>
  <s id="378">
    <time id="T263S" value="00:26:57,800" />
När hon steg ur bilen, vände jag mig om och tittade efter henne.
    <time id="T263E" value="00:27:02,715" />
  </s>
  <s id="379">
    <time id="T264S" value="00:27:02,880" />
Men jag kunde inte se henne på grund av bilen som stod där.
    <time id="T264E" value="00:27:07,078" />
  </s>
  <s id="380">
    <time id="T265S" value="00:27:07,240" />
Det kunde jag nu.
  </s>
  <s id="381">
Jag såg henne över bilens tak.
    <time id="T265E" value="00:27:12,792" />
  </s>
  <s id="382">
    <time id="T266S" value="00:27:12,960" />
Det var en mycket större bil.
    <time id="T266E" value="00:27:15,428" />
  </s>
  <s id="383">
    <time id="T267S" value="00:27:15,600" />
-Du får väl mycket fitta?
  </s>
  <s id="384">
-Nu får du sluta.
    <time id="T267E" value="00:27:19,036" />
  </s>
  <s id="385">
    <time id="T268S" value="00:27:19,200" />
-Knullade du henne först...?
  </s>
  <s id="386">
-Sluta!
    <time id="T268E" value="00:27:22,397" />
  </s>
  <s id="387">
    <time id="T269S" value="00:27:22,560" />
Du har väl knullat alla andra tjejer i stan? 
  </s>
  <s id="388">
Men hon ville inte!
    <time id="T269E" value="00:27:26,951" />
  </s>
  <s id="389">
    <time id="T270S" value="00:27:27,120" />
Trots att hon la ut sig hela kvällen.
  </s>
  <s id="390">
Var det därför du blev arg?
    <time id="T270E" value="00:27:31,830" />
  </s>
  <s id="391">
    <time id="T271S" value="00:27:32,000" />
Jag var tillsammans med en kille den kvällen.
    <time id="T271E" value="00:27:37,358" />
  </s>
  <s id="392">
    <time id="T272S" value="00:27:37,520" />
Jag är bög, för helvete!
    <time id="T272E" value="00:27:39,909" />
  </s>
  <s id="393">
    <time id="T273S" value="00:27:40,080" />
Är du nöjd nu?
    <time id="T273E" value="00:27:43,516" />
  </s>
  <s id="394">
    <time id="T274S" value="00:27:45,240" />
Negativ lD på bilen.
    <time id="T274E" value="00:27:47,959" />
  </s>
  <s id="395">
    <time id="T275S" value="00:27:51,560" />
Fan vad det går!
    <time id="T275E" value="00:27:54,996" />
  </s>
  <s id="396">
    <time id="T276S" value="00:27:55,160" />
Klockan är 21.45.
  </s>
  <s id="397">
Förhöret avslutas.
    <time id="T276E" value="00:27:59,870" />
  </s>
  <s id="398">
    <time id="T277S" value="00:28:00,040" />
Vi är klara. 
  </s>
  <s id="399">
Du kan gå nu.
    <time id="T277E" value="00:28:03,032" />
  </s>
  <s id="400">
    <time id="T278S" value="00:28:06,360" />
Vi beklagar omaket.
    <time id="T278E" value="00:28:08,555" />
  </s>
  <s id="401">
    <time id="T279S" value="00:28:08,720" />
Först trakasserar du mig och sen beklagar du omaket!
    <time id="T279E" value="00:28:14,078" />
  </s>
  <s id="402">
    <time id="T280S" value="00:28:14,240" />
Det är mitt jobb.
    <time id="T280E" value="00:28:16,231" />
  </s>
  <s id="403">
    <time id="T281S" value="00:28:16,400" />
-Du gick fram för hårt.
  </s>
  <s id="404">
-Jag vet.
    <time id="T281E" value="00:28:19,995" />
  </s>
  <s id="405">
    <time id="T282S" value="00:28:20,160" />
-Han provocerade mig.
  </s>
  <s id="406">
-För att han är bög?
    <time id="T282E" value="00:28:25,154" />
  </s>
  <s id="407">
    <time id="T283S" value="00:28:25,320" />
-Vad säger du?
  </s>
  <s id="408">
-Du är homofob, Fischer.
    <time id="T283E" value="00:28:29,233" />
  </s>
  <s id="409">
    <time id="T284S" value="00:28:29,400" />
Du tränger undan dina egna böjelser, men vet inte om det själv.
    <time id="T284E" value="00:28:34,110" />
  </s>
  <s id="410">
    <time id="T285S" value="00:28:34,280" />
Är man antisemit bara för att man inte gillar Eddie Skoller?
    <time id="T285E" value="00:28:37,511" />
  </s>
  <s id="411">
    <time id="T286S" value="00:28:37,680" />
Skorna är hundra kronor billigare i Roskilde.
    <time id="T286E" value="00:28:40,877" />
  </s>
  <s id="412">
    <time id="T287S" value="00:28:41,040" />
-Vad ska du med dem till?
  </s>
  <s id="413">
-Jag ska börja springa.
    <time id="T287E" value="00:28:44,510" />
  </s>
  <s id="414">
    <time id="T288S" value="00:28:44,680" />
-Du kan väl inte springa?
  </s>
  <s id="415">
-Hej! 
  </s>
  <s id="416">
Stör jag?
    <time id="T288E" value="00:28:48,912" />
  </s>
  <s id="417">
    <time id="T289S" value="00:28:49,080" />
Jag har varit hos Ingrid.
  </s>
  <s id="418">
Hon är illa däran.
    <time id="T289E" value="00:28:52,834" />
  </s>
  <s id="419">
    <time id="T290S" value="00:28:53,000" />
-Har du varit hos Ingrid?
  </s>
  <s id="420">
!
  </s>
  <s id="421">
-Hon är annorlunda sen i morse.
    <time id="T290E" value="00:28:56,788" />
  </s>
  <s id="422">
    <time id="T291S" value="00:28:56,960" />
-Var ni där i morse också?
  </s>
  <s id="423">
-Du får förlåta mig, lP.
    <time id="T291E" value="00:29:01,158" />
  </s>
  <s id="424">
    <time id="T292S" value="00:29:01,320" />
-Men hon bad mig att vara tyst.
  </s>
  <s id="425">
-Jag har frågat, men du sa ingenting!
    <time id="T292E" value="00:29:07,429" />
  </s>
  <s id="426">
    <time id="T293S" value="00:29:07,600" />
-Vad är det med henne nu?
  </s>
  <s id="427">
-Jag hjälpte henne att kasta saker.
    <time id="T293E" value="00:29:11,991" />
  </s>
  <s id="428">
    <time id="T294S" value="00:29:12,160" />
Så kom en av era kolleger... 
  </s>
  <s id="429">
Madsen.
    <time id="T294E" value="00:29:15,550" />
  </s>
  <s id="430">
    <time id="T295S" value="00:29:15,720" />
Det är han som utreder Sørens olycka.
    <time id="T295E" value="00:29:19,110" />
  </s>
  <s id="431">
    <time id="T296S" value="00:29:19,280" />
Jag åker till henne.
    <time id="T296E" value="00:29:21,919" />
  </s>
  <s id="432">
    <time id="T297S" value="00:29:26,360" />
-Ska du åka med hem till Mille?
  </s>
  <s id="433">
-Nej, det är för sent nu.
    <time id="T297E" value="00:29:30,239" />
  </s>
  <s id="434">
    <time id="T298S" value="00:29:30,400" />
-Säkert?
  </s>
  <s id="435">
-Helt säkert.
    <time id="T298E" value="00:29:33,073" />
  </s>
  <s id="436">
    <time id="T299S" value="00:29:33,240" />
-Varför åker du inte med?
  </s>
  <s id="437">
-Därför att det är för sent.
    <time id="T299E" value="00:29:39,315" />
  </s>
  <s id="438">
    <time id="T300S" value="00:29:51,240" />
Det är typiskt Ulf.
  </s>
  <s id="439">
Han ger dig tjänstledigt men vi får ingen ersättare.
  </s>
  <s id="440">
Fyra får klara fem mans arbete.
    <time id="T301E" value="00:30:00,155" />
  </s>
  <s id="441">
    <time id="T302S" value="00:30:00,320" />
Det är snällt av dig, men du är för lätt att genomskåda.
    <time id="T302E" value="00:30:04,313" />
  </s>
  <s id="442">
    <time id="T303S" value="00:30:04,480" />
Man videofilmade födelsedagen.
    <time id="T303E" value="00:30:08,598" />
  </s>
  <s id="443">
    <time id="T304S" value="00:30:08,760" />
En vanlig, dansk flicka med vänner och familj.
    <time id="T304E" value="00:30:12,355" />
  </s>
  <s id="444">
    <time id="T305S" value="00:30:12,520" />
Mor till två härliga barn.
    <time id="T305E" value="00:30:15,910" />
  </s>
  <s id="445">
    <time id="T306S" value="00:30:16,080" />
Jag lämnar kassetten.
  </s>
  <s id="446">
Du kanske hinner titta på den.
    <time id="T306E" value="00:30:21,074" />
  </s>
  <s id="447">
    <time id="T307S" value="00:30:23,040" />
Vad ville den där Madsen?
    <time id="T307E" value="00:30:26,430" />
  </s>
  <s id="448">
    <time id="T308S" value="00:30:33,480" />
De har hittat mannen som körde på Søren.
    <time id="T308E" value="00:30:37,996" />
  </s>
  <s id="449">
    <time id="T309S" value="00:30:39,960" />
Först erkänner han, men sen tar han tillbaka det.
    <time id="T309E" value="00:30:46,593" />
  </s>
  <s id="450">
    <time id="T310S" value="00:30:46,760" />
De släpper honom i morgon.
  </s>
  <s id="451">
De saknar teknisk bevisning.
    <time id="T310E" value="00:30:52,392" />
  </s>
  <s id="452">
    <time id="T311S" value="00:30:52,560" />
Hur ska jag förklara för Tobias att en skyldig man går fri?
    <time id="T311E" value="00:30:57,588" />
  </s>
  <s id="453">
    <time id="T312S" value="00:30:57,760" />
Varsågod.
    <time id="T312E" value="00:30:59,751" />
  </s>
  <s id="454">
    <time id="T313S" value="00:30:59,920" />
Det får han svårt att förstå.
    <time id="T313E" value="00:31:03,799" />
  </s>
  <s id="455">
    <time id="T314S" value="00:31:14,200" />
Hej, det är jag!
    <time id="T314E" value="00:31:17,590" />
  </s>
  <s id="456">
    <time id="T315S" value="00:31:21,440" />
Hallå...?
    <time id="T315E" value="00:31:23,431" />
  </s>
  <s id="457">
    <time id="T316S" value="00:31:28,960" />
-Kirsten...?
  </s>
  <s id="458">
-Jag trodde du skulle stanna.
    <time id="T316E" value="00:31:33,351" />
  </s>
  <s id="459">
    <time id="T317S" value="00:31:33,520" />
-Jag var tvungen att besöka Ingrid.
  </s>
  <s id="460">
-Hur har hon det?
    <time id="T317E" value="00:31:37,911" />
  </s>
  <s id="461">
    <time id="T318S" value="00:31:38,080" />
-Inget vidare.
  </s>
  <s id="462">
-Nej, det är ju klart.
    <time id="T318E" value="00:31:41,629" />
  </s>
  <s id="463">
    <time id="T319S" value="00:31:41,800" />
-Kan du köpa cigaretter åt mig?
  </s>
  <s id="464">
-Jag trodde att du hade slutat.
    <time id="T319E" value="00:31:46,590" />
  </s>
  <s id="465">
    <time id="T320S" value="00:31:46,760" />
Det har jag, men jag röker lite.
  </s>
  <s id="466">
Har du lust med det?
    <time id="T320E" value="00:31:52,153" />
  </s>
  <s id="467">
    <time id="T321S" value="00:31:52,320" />
Jag ska bara gå på toa.
    <time id="T321E" value="00:31:55,710" />
  </s>
  <s id="468">
    <time id="T322S" value="00:32:10,760" />
IP har kommit hem.
    <time id="T322E" value="00:32:14,435" />
  </s>
  <s id="469">
    <time id="T323S" value="00:32:19,920" />
-Väntar du gäster?
  </s>
  <s id="470">
-Nej.
    <time id="T323E" value="00:32:22,912" />
  </s>
  <s id="471">
    <time id="T324S" value="00:32:23,080" />
-Det står en bricka med vin i köket.
  </s>
  <s id="472">
-Jag hoppades att du skulle komma.
    <time id="T324E" value="00:32:29,792" />
  </s>
  <s id="473">
    <time id="T325S" value="00:32:29,960" />
Vem är det?
    <time id="T325E" value="00:32:32,758" />
  </s>
  <s id="474">
    <time id="T326S" value="00:32:34,160" />
Det är Ulf.
    <time id="T326E" value="00:32:36,993" />
  </s>
  <s id="475">
    <time id="T327S" value="00:32:37,160" />
-Det kunde jag ha räknat ut.
  </s>
  <s id="476">
-Men det är inte som du tror.
    <time id="T327E" value="00:32:41,790" />
  </s>
  <s id="477">
    <time id="T328S" value="00:32:41,960" />
Han ringer jämt och vill prata.
  </s>
  <s id="478">
Han är så ensam.
    <time id="T328E" value="00:32:46,192" />
  </s>
  <s id="479">
    <time id="T329S" value="00:32:46,360" />
Och rädd för pensioneringen.
    <time id="T329E" value="00:32:50,273" />
  </s>
  <s id="480">
    <time id="T330S" value="00:32:50,440" />
Jag är glad att du kom, så att jag slapp honom.
    <time id="T330E" value="00:32:53,830" />
  </s>
  <s id="481">
    <time id="T331S" value="00:32:54,000" />
-Har du ringt Ulf?
  </s>
  <s id="482">
-Ja, när du var på toa.
    <time id="T331E" value="00:32:57,913" />
  </s>
  <s id="483">
    <time id="T332S" value="00:32:58,080" />
Du kan ringa igen och säga att kusten är klar. 
  </s>
  <s id="484">
Jag tar in på hotell.
    <time id="T332E" value="00:33:03,200" />
  </s>
  <s id="485">
    <time id="T333S" value="00:33:13,320" />
T årnby polisstation
    <time id="T333E" value="00:33:17,438" />
  </s>
  <s id="486">
    <time id="T334S" value="00:33:17,600" />
-Hej, Madsen.
  </s>
  <s id="487">
-Jag trodde att du var i Roskilde.
    <time id="T334E" value="00:33:21,036" />
  </s>
  <s id="488">
    <time id="T335S" value="00:33:21,200" />
-Var är smitaren?
  </s>
  <s id="489">
-Han är ute på rastgården.
    <time id="T335E" value="00:33:24,749" />
  </s>
  <s id="490">
    <time id="T336S" value="00:33:24,920" />
-Jag vill prata med honom.
  </s>
  <s id="491">
-Nu när du ändå inte är här.
    <time id="T336E" value="00:33:29,675" />
  </s>
  <s id="492">
    <time id="T337S" value="00:33:43,360" />
Vad är det nu?
  </s>
  <s id="493">
Jag har en timme kvar.
    <time id="T337E" value="00:33:46,477" />
  </s>
  <s id="494">
    <time id="T338S" value="00:33:46,640" />
-Jag kände killen du körde på.
  </s>
  <s id="495">
-Jag hade inget med det att göra.
    <time id="T338E" value="00:33:52,397" />
  </s>
  <s id="496">
    <time id="T339S" value="00:33:52,560" />
Dessvärre för dig var han gift med en kvinna jag värderar högt.
    <time id="T339E" value="00:33:56,758" />
  </s>
  <s id="497">
    <time id="T340S" value="00:33:56,920" />
-Men dig ger jag inte ett skit för!
  </s>
  <s id="498">
-Det skiter väl jag i!
    <time id="T340E" value="00:34:01,277" />
  </s>
  <s id="499">
    <time id="T341S" value="00:34:01,440" />
Det lustiga med våra nya pistoler är att de saknar manuell säkring.
    <time id="T341E" value="00:34:07,993" />
  </s>
  <s id="500">
    <time id="T342S" value="00:34:08,160" />
Det hörs inte ens ett klick.
  </s>
  <s id="501">
Det är inget motstånd alls.
    <time id="T342E" value="00:34:14,349" />
  </s>
  <s id="502">
    <time id="T343S" value="00:34:14,520" />
Nu spänner jag hanen och nästa steg blir... 
  </s>
  <s id="503">
Hoppsan!
    <time id="T343E" value="00:34:20,038" />
  </s>
  <s id="504">
    <time id="T344S" value="00:34:20,200" />
-Att du smetas ut på väggen.
  </s>
  <s id="505">
-Du är ju helt knäpp!
    <time id="T344E" value="00:34:24,796" />
  </s>
  <s id="506">
    <time id="T345S" value="00:34:24,960" />
Jag säger att det var i självförsvar, att du överföll mig.
    <time id="T345E" value="00:34:31,672" />
  </s>
  <s id="507">
    <time id="T346S" value="00:34:31,840" />
Det är ju synd för dig att det är mig de tror på.
    <time id="T346E" value="00:34:35,833" />
  </s>
  <s id="508">
    <time id="T347S" value="00:34:36,000" />
-Är det nåt du vill berätta?
  </s>
  <s id="509">
-Det var jag.
    <time id="T347E" value="00:34:41,518" />
  </s>
  <s id="510">
    <time id="T348S" value="00:34:41,680" />
Det var inte meningen, men plötsligt stod han bara där.
    <time id="T348E" value="00:34:45,798" />
  </s>
  <s id="511">
    <time id="T349S" value="00:34:47,760" />
Om du försöker nåt, så kom ihåg att jag finns där ute.
    <time id="T349E" value="00:34:52,595" />
  </s>
  <s id="512">
    <time id="T350S" value="00:34:52,760" />
Jag kommer tyvärr aldrig att glömma det här.
    <time id="T350E" value="00:34:56,753" />
  </s>
  <s id="513">
    <time id="T351S" value="00:34:56,920" />
Jag arbetar med kvinnan.
    <time id="T351E" value="00:34:59,309" />
  </s>
  <s id="514">
    <time id="T352S" value="00:34:59,480" />
Varenda dag tvingas jag se hur olycklig hon är.
    <time id="T352E" value="00:35:04,634" />
  </s>
  <s id="515">
    <time id="T353S" value="00:35:04,800" />
-Förstår du vad jag menar?
  </s>
  <s id="516">
-Ja.
    <time id="T353E" value="00:35:07,360" />
  </s>
  <s id="517">
    <time id="T354S" value="00:35:07,520" />
Madsen!
    <time id="T354E" value="00:35:10,114" />
  </s>
  <s id="518">
    <time id="T355S" value="00:35:20,480" />
Det var jag, men jag gjorde det inte med flit.
    <time id="T355E" value="00:35:24,598" />
  </s>
  <s id="519">
    <time id="T356S" value="00:35:31,360" />
-Vem var den jävla dåren?
  </s>
  <s id="520">
-Vem då...?
    <time id="T356E" value="00:35:36,275" />
  </s>
  <s id="521">
    <time id="T357S" value="00:35:42,480" />
Søndergaard, du kan inte göra så mot mig. 
  </s>
  <s id="522">
Jag bad om en bil!
    <time id="T357E" value="00:35:47,634" />
  </s>
  <s id="523">
    <time id="T358S" value="00:35:49,960" />
-Den klarar väl inte besiktningen.
  </s>
  <s id="524">
-Den har sett bättre dagar.
    <time id="T358E" value="00:35:54,238" />
  </s>
  <s id="525">
    <time id="T359S" value="00:35:54,400" />
-Ja, före kriget.
  </s>
  <s id="526">
-Det är en nödsituation.
    <time id="T359E" value="00:35:59,428" />
  </s>
  <s id="527">
    <time id="T360S" value="00:35:59,600" />
Kallar du mig nödsituation?
    <time id="T360E" value="00:36:02,319" />
  </s>
  <s id="528">
    <time id="T361S" value="00:36:03,480" />
-Du har varit flitig.
  </s>
  <s id="529">
-Jag har gått igenom de röda bilarna.
    <time id="T361E" value="00:36:07,632" />
  </s>
  <s id="530">
    <time id="T362S" value="00:36:07,800" />
Många har sett en röd skåpbil, bl.a. klockan tre på söndag morgon.
    <time id="T362E" value="00:36:12,396" />
  </s>
  <s id="531">
    <time id="T363S" value="00:36:12,560" />
-Tre kilometer från platsen.
  </s>
  <s id="532">
-Den har holländska skyltar.
    <time id="T363E" value="00:36:17,554" />
  </s>
  <s id="533">
    <time id="T364S" value="00:36:17,720" />
-Nåt signalement på föraren?
  </s>
  <s id="534">
-Det är en man och en kvinna.
    <time id="T364E" value="00:36:22,350" />
  </s>
  <s id="535">
    <time id="T365S" value="00:36:22,520" />
-Kan kvinnan vara Ulla?
  </s>
  <s id="536">
-Det är inte otroligt.
    <time id="T365E" value="00:36:26,308" />
  </s>
  <s id="537">
    <time id="T366S" value="00:36:26,480" />
Vad fan gör polisen?
  </s>
  <s id="538">
Varför har de inte hittat honom?
    <time id="T366E" value="00:36:30,029" />
  </s>
  <s id="539">
    <time id="T367S" value="00:36:30,200" />
-När sågs den senast?
  </s>
  <s id="540">
-Igår - söder om stan.
    <time id="T367E" value="00:36:33,510" />
  </s>
  <s id="541">
    <time id="T368S" value="00:36:33,680" />
Det är helt otroligt.
    <time id="T368E" value="00:36:35,750" />
  </s>
  <s id="542">
    <time id="T369S" value="00:38:01,760" />
Det är bra.
    <time id="T369E" value="00:38:03,432" />
  </s>
  <s id="543">
    <time id="T370S" value="00:38:03,600" />
-Det räcker så.
  </s>
  <s id="544">
-Ett ögonblick.
    <time id="T370E" value="00:38:07,957" />
  </s>
  <s id="545">
    <time id="T371S" value="00:38:10,400" />
-Hej, älskling. 
  </s>
  <s id="546">
Hur går det?
  </s>
  <s id="547">
-Ett ögonblick.
    <time id="T371E" value="00:38:15,838" />
  </s>
  <s id="548">
    <time id="T372S" value="00:38:16,960" />
Jag fick bara en idé. 
  </s>
  <s id="549">
Har du fortfarande lust att resa med mig?
    <time id="T372E" value="00:38:22,512" />
  </s>
  <s id="550">
    <time id="T373S" value="00:38:22,680" />
Viktor och jag kan följa med till New York och bo hos Helene.
    <time id="T373E" value="00:38:27,879" />
  </s>
  <s id="551">
    <time id="T374S" value="00:38:28,040" />
-Är det så klokt?
  </s>
  <s id="552">
-Jag har pratat med henne.
    <time id="T374E" value="00:38:31,476" />
  </s>
  <s id="553">
    <time id="T375S" value="00:38:31,640" />
Jag ringer lite senare.
    <time id="T375E" value="00:38:35,349" />
  </s>
  <s id="554">
    <time id="T376S" value="00:38:53,320" />
Var snäll och öppna dörren.
  </s>
  <s id="555">
Det är polisen.
    <time id="T376E" value="00:38:58,553" />
  </s>
  <s id="556">
    <time id="T377S" value="00:39:09,760" />
Ja, det är I P.
    <time id="T377E" value="00:39:12,752" />
  </s>
  <s id="557">
    <time id="T378S" value="00:39:14,960" />
Vad fan gör lokalpolisen? 
  </s>
  <s id="558">
Fischer såg just en röd bil på torget.
    <time id="T378E" value="00:39:19,556" />
  </s>
  <s id="559">
    <time id="T379S" value="00:39:19,720" />
-Och flickan...?
  </s>
  <s id="560">
-Var definitivt inte Ulla.
    <time id="T379E" value="00:39:23,156" />
  </s>
  <s id="561">
    <time id="T380S" value="00:39:23,320" />
-Ingrid...?
  </s>
  <s id="562">
-Hej.
    <time id="T380E" value="00:39:26,437" />
  </s>
  <s id="563">
    <time id="T381S" value="00:39:28,400" />
-Välkommen tillbaka.
  </s>
  <s id="564">
-Du glömde den här.
    <time id="T381E" value="00:39:32,791" />
  </s>
  <s id="565">
    <time id="T382S" value="00:39:32,960" />
Det var fint att du tog med den.
    <time id="T382E" value="00:39:36,475" />
  </s>
  <s id="566">
    <time id="T383S" value="00:39:39,440" />
Jag har sett den minst fem gånger.
  </s>
  <s id="567">
Det liknar ju en vanlig festvideo.
    <time id="T383E" value="00:39:45,879" />
  </s>
  <s id="568">
    <time id="T384S" value="00:39:46,040" />
Men den är mycket mer än så.
  </s>
  <s id="569">
Kameran verkar ha gått runt.
    <time id="T384E" value="00:39:51,068" />
  </s>
  <s id="570">
    <time id="T385S" value="00:39:51,240" />
Vad är det då som tilldrar sig mannens uppmärksamhet?
    <time id="T385E" value="00:39:57,918" />
  </s>
  <s id="571">
    <time id="T386S" value="00:40:00,560" />
Bjørn har filmat 14,5 minuter när hans fru dansar med nån annan man.
    <time id="T386E" value="00:40:04,678" />
  </s>
  <s id="572">
    <time id="T387S" value="00:40:04,840" />
Vi har att göra med en svartsjuk äkta man.
    <time id="T387E" value="00:40:08,628" />
  </s>
  <s id="573">
    <time id="T388S" value="00:40:08,800" />
-Kan han ha slagit ihjäl henne?
  </s>
  <s id="574">
-Jag kan tänka mig att Ulla kom hem.
    <time id="T388E" value="00:40:15,399" />
  </s>
  <s id="575">
    <time id="T389S" value="00:40:15,560" />
Och att Bjørn väntade på henne.
    <time id="T389E" value="00:40:18,552" />
  </s>
  <s id="576">
    <time id="T390S" value="00:40:30,880" />
Gick hon hela vägen hem i strumplästen?
    <time id="T390E" value="00:40:35,590" />
  </s>
  <s id="577">
    <time id="T391S" value="00:40:35,760" />
Om hon hade nya skor och dansade hela kvällen tar hon av sig skorna och längtar efter ett fotbad.
    <time id="T392E" value="00:40:44,277" />
  </s>
  <s id="578">
    <time id="T393S" value="00:40:45,960" />
-Jösses!
  </s>
  <s id="579">
-De behöver gås in.
    <time id="T393E" value="00:40:50,909" />
  </s>
  <s id="580">
    <time id="T394S" value="00:40:54,520" />
-Nåt nytt om Ulla?
  </s>
  <s id="581">
-Nej, tyvärr.
    <time id="T394E" value="00:40:58,513" />
  </s>
  <s id="582">
    <time id="T395S" value="00:41:00,400" />
Vad är det, då?
    <time id="T395E" value="00:41:03,358" />
  </s>
  <s id="583">
    <time id="T396S" value="00:41:03,520" />
Jag heter Ingrid Dahl och har varit tjänstledig, men nu är jag tillbaka.
    <time id="T396E" value="00:41:09,914" />
  </s>
  <s id="584">
    <time id="T397S" value="00:41:10,080" />
Ja, bara ni vet vad ni gör.
    <time id="T397E" value="00:41:13,914" />
  </s>
  <s id="585">
    <time id="T398S" value="00:41:14,080" />
Fint ställe ni har här.
  </s>
  <s id="586">
Har du rustat upp det själv?
    <time id="T398E" value="00:41:18,358" />
  </s>
  <s id="587">
    <time id="T399S" value="00:41:18,520" />
Tillsammans med Ulla.
    <time id="T399E" value="00:41:20,431" />
  </s>
  <s id="588">
    <time id="T400S" value="00:41:20,600" />
Har du nåt emot att jag ser mig omkring lite?
    <time id="T400E" value="00:41:25,594" />
  </s>
  <s id="589">
    <time id="T401S" value="00:41:27,960" />
Jag har några frågor...
    <time id="T401E" value="00:41:31,191" />
  </s>
  <s id="590">
    <time id="T402S" value="00:41:32,760" />
Sen jag gjorde anmälan har jag svarat på frågor från fyra personer.
    <time id="T402E" value="00:41:37,754" />
  </s>
  <s id="591">
    <time id="T403S" value="00:41:37,920" />
Det gäller just anmälan.
    <time id="T403E" value="00:41:41,469" />
  </s>
  <s id="592">
    <time id="T404S" value="00:41:41,640" />
Du tror att Ulla sover hos sina föräldrar.
    <time id="T404E" value="00:41:44,632" />
  </s>
  <s id="593">
    <time id="T405S" value="00:41:44,800" />
Så ringer du och får höra att hon blev avsläppt här ute mitt i natten.
    <time id="T405E" value="00:41:50,352" />
  </s>
  <s id="594">
    <time id="T406S" value="00:41:50,520" />
Sen ringer du polisen.
  </s>
  <s id="595">
Det är det jag undrar över.
    <time id="T406E" value="00:41:54,957" />
  </s>
  <s id="596">
    <time id="T407S" value="00:41:55,120" />
Hon hade ju inte kommit hem.
    <time id="T407E" value="00:41:57,714" />
  </s>
  <s id="597">
    <time id="T408S" value="00:41:57,880" />
Jag skulle bli rädd att det hänt nåt.
  </s>
  <s id="598">
Hon skulle ju bara gå en kort bit.
    <time id="T408E" value="00:42:03,432" />
  </s>
  <s id="599">
    <time id="T409S" value="00:42:03,600" />
-Att hon låg här ute.
  </s>
  <s id="600">
-Jag gick ut efteråt.
    <time id="T409E" value="00:42:09,436" />
  </s>
  <s id="601">
    <time id="T410S" value="00:42:17,160" />
Badsalt...
    <time id="T410E" value="00:42:19,993" />
  </s>
  <s id="602">
    <time id="T411S" value="00:42:27,960" />
Hon sätter sig här borta.
    <time id="T411E" value="00:42:31,839" />
  </s>
  <s id="603">
    <time id="T412S" value="00:42:33,360" />
Med ryggen mot väggen där.
    <time id="T412E" value="00:42:36,796" />
  </s>
  <s id="604">
    <time id="T413S" value="00:42:42,800" />
Då kunde han komma in utan att hon ser det.
    <time id="T413E" value="00:42:46,031" />
  </s>
  <s id="605">
    <time id="T414S" value="00:42:46,200" />
Din fru dansade mycket med Maurice.
  </s>
  <s id="606">
Ringde du till honom?
    <time id="T414E" value="00:42:51,672" />
  </s>
  <s id="607">
    <time id="T415S" value="00:42:51,840" />
Det slog dig inte att hon kunde ha följt med honom hem?
    <time id="T415E" value="00:42:56,675" />
  </s>
  <s id="608">
    <time id="T416S" value="00:42:56,840" />
-Hon var inte sån.
  </s>
  <s id="609">
-Det var inte min man heller.
    <time id="T416E" value="00:43:01,960" />
  </s>
  <s id="610">
    <time id="T417S" value="00:43:02,960" />
Men om han dansat med en kvinna hela kvällen, skulle jag ringa henne.
    <time id="T417E" value="00:43:08,796" />
  </s>
  <s id="611">
    <time id="T418S" value="00:43:08,960" />
-Men det tyckte inte du behövdes?
  </s>
  <s id="612">
-Nej.
    <time id="T418E" value="00:43:13,431" />
  </s>
  <s id="613">
    <time id="T419S" value="00:43:13,600" />
-Du kanske visste var hon var?
  </s>
  <s id="614">
-Vad fan är det du antyder?
    <time id="T419E" value="00:43:18,799" />
  </s>
  <s id="615">
    <time id="T420S" value="00:43:18,960" />
-Att jag själv skulle ha gjort nåt?
  </s>
  <s id="616">
-Antyder jag det...?
    <time id="T420E" value="00:43:23,192" />
  </s>
  <s id="617">
    <time id="T421S" value="00:43:23,360" />
Jag säger ju det rakt ut.
    <time id="T421E" value="00:43:25,999" />
  </s>
  <s id="618">
    <time id="T422S" value="00:43:35,560" />
-Är du från polisen?
  </s>
  <s id="619">
-Ja, det är jag.
    <time id="T422E" value="00:43:39,030" />
  </s>
  <s id="620">
    <time id="T423S" value="00:43:39,200" />
-Vad gör du?
  </s>
  <s id="621">
-Så du hittade in själv?
    <time id="T423E" value="00:43:44,069" />
  </s>
  <s id="622">
    <time id="T424S" value="00:43:44,240" />
Nu måste jag ta hand om barnen.
  </s>
  <s id="623">
Din kollega väntar utanför.
    <time id="T424E" value="00:43:48,950" />
  </s>
  <s id="624">
    <time id="T425S" value="00:43:50,160" />
Kom, så ser vi vad Magnus gör.
    <time id="T425E" value="00:43:53,835" />
  </s>
  <s id="625">
    <time id="T426S" value="00:43:55,320" />
-Jag tror att du har rätt.
  </s>
  <s id="626">
-Jag gick för hårt fram.
    <time id="T426E" value="00:44:01,429" />
  </s>
  <s id="627">
    <time id="T427S" value="00:44:01,600" />
Det är så dumt.
    <time id="T427E" value="00:44:04,353" />
  </s>
  <s id="628">
    <time id="T428S" value="00:44:06,360" />
Okej, men jag tror du har rätt ändå.
    <time id="T428E" value="00:44:10,273" />
  </s>
  <s id="629">
    <time id="T429S" value="00:44:33,760" />
Roskildepolisen har äntligen lyckats hitta den röda bilen.
    <time id="T429E" value="00:44:39,551" />
  </s>
  <s id="630">
    <time id="T430S" value="00:44:39,720" />
Mannen är holländsk fotograf och kvinnan modell/flickvän.
    <time id="T430E" value="00:44:43,793" />
  </s>
  <s id="631">
    <time id="T431S" value="00:44:43,960" />
När jag pratar med dem visar det sig att de faktiskt talat med Ulla.
    <time id="T431E" value="00:44:48,511" />
  </s>
  <s id="632">
    <time id="T432S" value="00:44:48,680" />
De åker omkring och tar bilder och säljer lite hasch.
    <time id="T432E" value="00:44:52,958" />
  </s>
  <s id="633">
    <time id="T433S" value="00:44:53,120" />
På lördag natt kör de vilse.
    <time id="T433E" value="00:44:56,715" />
  </s>
  <s id="634">
    <time id="T434S" value="00:44:56,880" />
Men när Ulla blir avsläppt, hjälper hon dem. 
  </s>
  <s id="635">
Vet du vad de ser mer?
    <time id="T434E" value="00:45:02,113" />
  </s>
  <s id="636">
    <time id="T435S" value="00:45:02,280" />
De ser hur Ulla går ner längs vägen och in i huset.
    <time id="T435E" value="00:45:06,671" />
  </s>
  <s id="637">
    <time id="T436S" value="00:45:06,840" />
Perfekt!
    <time id="T436E" value="00:45:08,831" />
  </s>
  <s id="638">
    <time id="T437S" value="00:45:09,000" />
-3811...? 
  </s>
  <s id="639">
Vem är det?
  </s>
  <s id="640">
-Det är Bodil - väninnan.
    <time id="T437E" value="00:45:13,710" />
  </s>
  <s id="641">
    <time id="T438S" value="00:45:15,680" />
-Nå, blir du nåt klokare?
  </s>
  <s id="642">
-Vi kollar mobilsamtalen på söndan.
    <time id="T438E" value="00:45:21,198" />
  </s>
  <s id="643">
    <time id="T439S" value="00:45:21,360" />
Han städar på restaurangen och ringer familj och vänner.
    <time id="T439E" value="00:45:26,559" />
  </s>
  <s id="644">
    <time id="T440S" value="00:45:26,720" />
Säkert för att höra om Ulla är där men han ringer inte hem en enda gång.
    <time id="T441E" value="00:45:35,317" />
  </s>
  <s id="645">
    <time id="T442S" value="00:45:35,480" />
Varför ringer han inte och hör om Ulla kommit hem?
    <time id="T442E" value="00:45:40,759" />
  </s>
  <s id="646">
    <time id="T443S" value="00:45:40,920" />
För att han vet att hon inte har gjort det.
    <time id="T443E" value="00:45:45,914" />
  </s>
  <s id="647">
    <time id="T444S" value="00:45:46,080" />
-Inte dåligt.
  </s>
  <s id="648">
-Okej, det leder till nästa fråga.
    <time id="T444E" value="00:45:50,756" />
  </s>
  <s id="649">
    <time id="T445S" value="00:45:50,920" />
-Du kan väl trakten?
  </s>
  <s id="650">
-Jag är född här.
    <time id="T445E" value="00:45:53,912" />
  </s>
  <s id="651">
    <time id="T446S" value="00:45:54,080" />
Var skulle du göra av din fru om du hade slagit ihjäl henne?
    <time id="T446E" value="00:45:57,550" />
  </s>
  <s id="652">
    <time id="T447S" value="00:45:57,720" />
Du har två små barn som sover.
  </s>
  <s id="653">
Du har högst en halvtimme på dig.
    <time id="T447E" value="00:46:03,829" />
  </s>
  <s id="654">
    <time id="T448S" value="00:46:04,000" />
Tack.
    <time id="T448E" value="00:46:05,991" />
  </s>
  <s id="655">
    <time id="T449S" value="00:46:06,160" />
Ute vid slussen. 
  </s>
  <s id="656">
De har just hittat henne vid slussen. 
  </s>
  <s id="657">
Ja, troligen.
    <time id="T449E" value="00:46:11,393" />
  </s>
  <s id="658">
    <time id="T450S" value="00:46:11,560" />
En kvinnokropp i en plastsäck.
    <time id="T450E" value="00:46:14,154" />
  </s>
  <s id="659">
    <time id="T451S" value="00:46:14,320" />
Han kan ha hunnit dit.
    <time id="T451E" value="00:46:16,914" />
  </s>
  <s id="660">
    <time id="T452S" value="00:46:51,760" />
God dag.
    <time id="T452E" value="00:46:54,558" />
  </s>
  <s id="661">
    <time id="T453S" value="00:47:18,280" />
Det är Ulla de har hittat.
  </s>
  <s id="662">
Strypt med sin egen strumpa.
    <time id="T453E" value="00:47:22,273" />
  </s>
  <s id="663">
    <time id="T454S" value="00:47:22,440" />
Vi tar in honom.
    <time id="T454E" value="00:47:24,431" />
  </s>
  <s id="664">
    <time id="T455S" value="00:47:31,160" />
Man kan säga att jag haft tur.
  </s>
  <s id="665">
Först var det den där Azoulay sen får jag en Ford Escort och nu får jag sitta fram.
    <time id="T456E" value="00:47:41,832" />
  </s>
  <s id="666">
    <time id="T457S" value="00:47:42,000" />
-Hur är det fatt?
  </s>
  <s id="667">
-Bilen är borta.
    <time id="T457E" value="00:47:46,391" />
  </s>
  <s id="668">
    <time id="T458S" value="00:47:52,640" />
Jag är rädd att det hänt nåt med min svärson.
    <time id="T458E" value="00:47:57,668" />
  </s>
  <s id="669">
    <time id="T459S" value="00:47:57,840" />
Jag talade med honom i telefon.
  </s>
  <s id="670">
Han var helt osammanhängande.
    <time id="T459E" value="00:48:04,678" />
  </s>
  <s id="671">
    <time id="T460S" value="00:48:04,840" />
Jag skulle hämta barnen, men de är inte här.
    <time id="T460E" value="00:48:09,356" />
  </s>
  <s id="672">
    <time id="T461S" value="00:48:09,520" />
Jag har letat igenom hela huset.
    <time id="T461E" value="00:48:12,830" />
  </s>
  <s id="673">
    <time id="T462S" value="00:48:13,000" />
Vi har hittat Ulla.
    <time id="T462E" value="00:48:15,434" />
  </s>
  <s id="674">
    <time id="T463S" value="00:48:15,600" />
Ja, hon är död.
    <time id="T463E" value="00:48:18,068" />
  </s>
  <s id="675">
    <time id="T464S" value="00:48:24,160" />
Det beskedet hade jag väntat mig.
    <time id="T464E" value="00:48:29,598" />
  </s>
  <s id="676">
    <time id="T465S" value="00:48:29,760" />
Då var det alltså det ni hade berättat för honom.
    <time id="T465E" value="00:48:33,833" />
  </s>
  <s id="677">
    <time id="T466S" value="00:48:34,000" />
Då är det inte konstigt att han var osammanhängande.
    <time id="T466E" value="00:48:38,357" />
  </s>
  <s id="678">
    <time id="T467S" value="00:48:38,520" />
-Han vet inte att vi har hittat Ulla.
  </s>
  <s id="679">
-Varför var ni då här tidigare?
    <time id="T467E" value="00:48:44,595" />
  </s>
  <s id="680">
    <time id="T468S" value="00:48:46,960" />
Ni tror att det är han!
    <time id="T468E" value="00:48:49,554" />
  </s>
  <s id="681">
    <time id="T469S" value="00:48:54,760" />
-Han har barnen med sig...
  </s>
  <s id="682">
-Vet du vart de kan ha åkt?
    <time id="T469E" value="00:49:01,233" />
  </s>
  <s id="683">
    <time id="T470S" value="00:49:05,760" />
Dela de här med Magnus.
    <time id="T470E" value="00:49:09,639" />
  </s>
  <s id="684">
    <time id="T471S" value="00:49:09,800" />
Jag älskar vingummin!
    <time id="T471E" value="00:49:12,758" />
  </s>
  <s id="685">
    <time id="T472S" value="00:49:15,160" />
Här är två!
    <time id="T472E" value="00:49:16,513" />
  </s>
  <s id="686">
    <time id="T473S" value="00:49:29,560" />
Vad gör du, pappa?
    <time id="T473E" value="00:49:31,994" />
  </s>
  <s id="687">
    <time id="T474S" value="00:49:46,160" />
P12, vi behöver assistans vid Boserup skog.
    <time id="T474E" value="00:49:49,994" />
  </s>
  <s id="688">
    <time id="T475S" value="00:49:50,160" />
Vi träffas i korsningen av Blæsbakkevej och...
    <time id="T475E" value="00:49:54,358" />
  </s>
  <s id="689">
    <time id="T476S" value="00:49:54,520" />
Boserupvej.
    <time id="T476E" value="00:49:56,238" />
  </s>
  <s id="690">
    <time id="T477S" value="00:50:03,680" />
Vad ska vi göra?
    <time id="T477E" value="00:50:06,558" />
  </s>
  <s id="691">
    <time id="T478S" value="00:50:06,720" />
Pappa...?
    <time id="T478E" value="00:50:09,109" />
  </s>
  <s id="692">
    <time id="T479S" value="00:50:09,280" />
-Hör du mig?
  </s>
  <s id="693">
-Vi ska bara sitta här lite.
    <time id="T479E" value="00:50:13,273" />
  </s>
  <s id="694">
    <time id="T480S" value="00:50:20,000" />
Pappa, vad väntar vi på?
    <time id="T480E" value="00:50:23,549" />
  </s>
  <s id="695">
    <time id="T481S" value="00:51:10,920" />
-Sluta!
  </s>
  <s id="696">
-Kom igen nu!
    <time id="T481E" value="00:51:14,230" />
  </s>
  <s id="697">
    <time id="T482S" value="00:51:14,400" />
Öppna nu, Bjørn!
    <time id="T482E" value="00:51:17,517" />
  </s>
  <s id="698">
    <time id="T483S" value="00:51:17,680" />
Du sitter bara kvar.
    <time id="T483E" value="00:51:19,750" />
  </s>
  <s id="699">
    <time id="T484S" value="00:51:23,160" />
Kom nu till morfar.
    <time id="T484E" value="00:51:26,152" />
  </s>
  <s id="700">
    <time id="T485S" value="00:51:28,520" />
Förlåt mig, Tom.
    <time id="T485E" value="00:51:31,034" />
  </s>
  <s id="701">
    <time id="T486S" value="00:51:45,160" />
Sättet som hon höll handen om hans nacke...
    <time id="T486E" value="00:51:49,676" />
  </s>
  <s id="702">
    <time id="T487S" value="00:51:52,080" />
Hon hade legat med honom.
    <time id="T487E" value="00:51:55,755" />
  </s>
  <s id="703">
    <time id="T488S" value="00:51:55,920" />
Jag var säker på att hon legat med honom.
    <time id="T488E" value="00:51:59,230" />
  </s>
  <s id="704">
    <time id="T489S" value="00:52:03,880" />
När hon äntligen kom hem...
    <time id="T489E" value="00:52:07,953" />
  </s>
  <s id="705">
    <time id="T490S" value="00:52:08,120" />
Hon tog av sig strumporna.
    <time id="T490E" value="00:52:11,590" />
  </s>
  <s id="706">
    <time id="T491S" value="00:52:11,760" />
Hon tyckte att jag var löjlig.
    <time id="T491E" value="00:52:15,799" />
  </s>
  <s id="707">
    <time id="T492S" value="00:52:17,200" />
Hon satt med ryggen mot mig.
    <time id="T492E" value="00:52:20,749" />
  </s>
  <s id="708">
    <time id="T493S" value="00:52:22,120" />
Så jag tog upp strumporna och...
    <time id="T493E" value="00:52:25,556" />
  </s>
  <s id="709">
    <time id="T494S" value="00:52:28,440" />
Säcken låg i garaget.
    <time id="T494E" value="00:52:31,750" />
  </s>
  <s id="710">
    <time id="T495S" value="00:52:58,120" />
-Hej! 
  </s>
  <s id="711">
Får man åka med?
  </s>
  <s id="712">
-Det går inte. 
  </s>
  <s id="713">
Jag ska till Køge.
    <time id="T495E" value="00:53:03,274" />
  </s>
  <s id="714">
    <time id="T496S" value="00:53:03,440" />
Jag trodde att du hade flyttat hemifrån.
    <time id="T496E" value="00:53:06,830" />
  </s>
  <s id="715">
    <time id="T497S" value="00:53:07,000" />
Jag lovade hjälpa Mette.
    <time id="T497E" value="00:53:09,878" />
  </s>
  <s id="716">
    <time id="T498S" value="00:53:10,040" />
-Tar hon med barnen till England?
  </s>
  <s id="717">
-Nej, hon förstår att det inte går.
    <time id="T498E" value="00:53:14,795" />
  </s>
  <s id="718">
    <time id="T499S" value="00:53:16,240" />
Jag har inte sett pojkarna på en hel vecka.
    <time id="T499E" value="00:53:20,438" />
  </s>
  <s id="719">
    <time id="T500S" value="00:53:23,600" />
-Jag kan släppa av dig på vägen.
  </s>
  <s id="720">
-Det behövs inte. 
  </s>
  <s id="721">
Det ordnar sig.
    <time id="T500E" value="00:53:28,674" />
  </s>
  <s id="722">
    <time id="T501S" value="00:53:28,840" />
-Jag kan titta förbi lite senare.
  </s>
  <s id="723">
-Varför det?
    <time id="T501E" value="00:53:33,118" />
  </s>
  <s id="724">
    <time id="T502S" value="00:53:33,280" />
För att kolla om hyllorna sitter rätt.
    <time id="T502E" value="00:53:37,353" />
  </s>
  <s id="725">
    <time id="T503S" value="00:53:58,360" />
Hej!
    <time id="T503E" value="00:54:01,193" />
  </s>
  <s id="726">
    <time id="T504S" value="00:54:05,960" />
Vi har flyttat hem nu.
  </s>
  <s id="727">
Det är inget att diskutera.
    <time id="T504E" value="00:54:10,954" />
  </s>
  <s id="728">
    <time id="T505S" value="00:54:12,560" />
-Då slipper jag kanske laga mat.
  </s>
  <s id="729">
-Har du nånsin gjort det?
    <time id="T505E" value="00:54:18,590" />
  </s>
  <s id="730">
    <time id="T506S" value="00:54:19,760" />
Hej, älskling!
  </s>
  <s id="731">
Det är fint att ni är tillbaka.
    <time id="T506E" value="00:54:24,709" />
  </s>
  <s id="732">
    <time id="T507S" value="00:54:26,160" />
Det är fint att du har börjat jobba.
    <time id="T507E" value="00:54:29,277" />
  </s>
  <s id="733">
    <time id="T508S" value="00:54:29,440" />
Ibland har jag lust att jobba på en tråkig station mitt i Köpenhamn.
    <time id="T508E" value="00:54:34,275" />
  </s>
  <s id="734">
    <time id="T509S" value="00:54:34,440" />
-Sluta på mordkommissionen, då.
  </s>
  <s id="735">
-Så kan vi vara tillsammans mer.
    <time id="T509E" value="00:54:38,991" />
  </s>
  <s id="736">
    <time id="T510S" value="00:54:39,160" />
Det är du alldeles för tuff för.
  </s>
  <s id="737">
Du är nog världens tuffaste mamma.
    <time id="T510E" value="00:54:45,633" />
  </s>
  <s id="738">
    <time id="T511S" value="00:54:45,800" />
Englund återtog sitt erkännande men åtalades för dråp och dråpförsök.
    <time id="T511E" value="00:54:49,793" />
  </s>
  <s id="739">
    <time id="T512S" value="00:54:49,960" />
På grund av bristfällig bevisning, friades han för mordet på Ulla men fick fem års fängelse för dråpförsök på barnen.
    <time id="T513E" value="00:54:57,430" />
  </s>
  <s id="740">
    <time id="T514S" value="00:54:57,600" />
Översättning: 
  </s>
  <s id="741">
Jim Wahlgren SDl Media
    <time id="T514E" value="00:55:01,991" />
  </s>
  <s id="742">
    <time id="T515S" value="00:55:02,160" />
Ansvarig utgivare:
  </s>
  <s id="743">
Pia Grünler
    <time id="T515E" value="00:55:04,549" />
  </s>
  <meta>
    <subtitle>
      <rating>0.0</rating>
      <language>Swedish</language>
      <version>0</version>
      <confidence>1.0</confidence>
      <machine_translated>0</machine_translated>
      <date>2012-05-13</date>
      <blocks>515</blocks>
      <duration>00:55:04,549</duration>
    </subtitle>
    <conversion>
      <tokens>5382</tokens>
      <encoding>windows-1252</encoding>
      <unknown_words>9</unknown_words>
      <ignored_blocks>0</ignored_blocks>
      <sentences>743</sentences>
      <truecased_words>2</truecased_words>
      <corrected_words>4</corrected_words>
    </conversion>
    <source>
      <HD>0</HD>
      <cds>1/1</cds>
      <country>Denmark, Sweden</country>
      <original>Danish, English</original>
      <year>2000</year>
      <genre>Action,Crime,Drama</genre>
      <duration>75</duration>
    </source>
  </meta>
</document>
